uralex_lang	uralex_mng	variant	status	item	item_alt	item_upa	item_upa_alt	item_ipa	item_ipa_alt	segments	form_set	cogn_set	borr_source	borr_qual	etym_notes	glossing_notes	general_notes	ref_cogn	ref_borr	ref_item
erzya	I	1		mon		mon		mon		m o n	1	a								MordWb
estonian_south	I	1		maq				mɑʔ		m ɑ ʔ	1	a								VESr
estonian_south	I	2		mina				minɑ		m i n ɑ	1	a								VESr
estonian_south	I	3		minno				minːo		m i nː o	1	a								VESr
estonian_standard	I	1		mina	ma	mina		minɑ	mɑ	m i n ɑ	1	a								SVSk
finnish_standard	I	1		minä		minä		minæ		m i n æ	1	a								JL
hungarian	I	1		én		een		eːn		eː n	1	a			Early Ug *mänɜ > ämnɜ?					FMSz
ingrian	I	1		miä		miä		miæ		m i æ	1	a								InkmSk
karelian_proper	I	1		mie				mie		m i e	1	a					"In Olonets Karelian (Livvi), ""minä"""			KKSV
khanty_vakh_vasyugan	I	1		mä		mä		mæ		m æ	1	a								DEWbOstj
komi_permyak	I	1		me		me		me		m e	1	a					"Stem ""men-"""			KoPRSl
komi_zyrian	I	1		me		me		me		m e	1	a								SyrjWsch
livonian_courland	I	1		ma				mɑ		m ɑ	1	a								LivWb
mansi_sosva	I	1		am		am		ɑm		ɑ m	1	a			Early Ug *mänɜ > ämnɜ?					WogWb
mari_hill	I	1		məń		məń		mənʲ		m ə nʲ	1	a						SES, Bereczki2013, UEW		
mari_meadow	I	1		mə̑j		mə̑j		məj		m ə j	1	a								SMSk, TscherWb
moksha	I	1		mon				mon		m o n	1	a						SES, UEW		
nenets_tundra	I	1		məny°				məɲ		m ə ɲ	1	a								JurSWb
nganasan	I	1		mənə		mənə		mənə		m ə n ə	1	a								SlNgaRus
proto_uralic	I	1		*min-				min		m i n	1	a								UEW, Sam88
proto_uralic	I	2		*mun-				mun		m u n	1	a								UEW, Sam88
saami_inari	I	1		mun				mun		m u n	1	a								InsSSk
saami_kildin	I	1		munn		munn		munː		m u nː	1	a								WOLD
saami_north	I	1		mun				mun		m u n	1	a								SSSg
saami_pite	I	1		mån/iv/-iv				mɔn/iv/-iv		m ɔ n / i v / i v	1	a								EZ
saami_skolt	I	1		mon				mon		m o n	1	a								SKosSk
saami_south	I	1		manne				mɑnːe		m ɑ nː e	1	a								NSsNdb
saami_ume	I	1		månna				mɔnːɑ		m ɔ nː ɑ	1	a								WbWlap
selkup_northern	I	1		man		man		mɑn		m ɑ n	1	a								SolkWb
udmurt	I	1		mon		mon		mon		m o n	1	a								WotjWsch
veps	I	1		mińa	mä			minʲɑ		m i nʲ ɑ	1	a								VVS
votic_western	I	1		miä		miä		miæ		m i æ	1	a								VKJMS
erzya	all	1		veśe		veśe		veɕe		v e ɕ e	5	e			From PU *we(ń)ćV?					MordWb
estonian_south	all	1		kõik'				kɤikʲ		k ɤ i kʲ	1	a	baltic	clear					SSA, NES, EES	VESr
estonian_standard	all	1		kõik		kə̑ik		kɤik		k ɤ i k	1	a	baltic	clear					SSA, NES, EES	SVSk
finnish_standard	all	1		kaikki		kaikki		kɑikːi		k ɑ i kː i	1	a	baltic	clear					SSA, NES, EES	JL
hungarian	all	1		mind		mind		mind		m i n d	8	h								FMSz
hungarian	all	2		minden		minden		mindɛn		m i n d ɛ n	8	h								FMSz
hungarian	all	3		összes		össeš		øsːɛʃ		ø sː ɛ ʃ	5	e			From PU *we(ń)ćV?					FMSz
ingrian	all	1		kai		kai		kɑi		k ɑ i	1	a	baltic	clear					SSA, NES, EES	InkmSk
ingrian	all	2		kaiɢ		kaiɢ		kɑiɡ̥		k ɑ i ɡ̥	1	a	baltic	clear					SSA, NES, EES	InkmSk
ingrian	all	3		kaiɢin		kaiɢin		kɑiɡ̥in		k ɑ i ɡ̥ i n	1	a	baltic	clear					SSA, NES, EES	InkmSk
karelian_proper	all	1		kaikki				kɑikːi		k ɑ i kː i	1	a	baltic	clear					SSA, NES, EES	KKSV
khanty_vakh_vasyugan	all	1		əj-săɣi̮t		əj-săɣi̮t		əj-sɑ̆ɣɯt		ə j s ɑ ̆ ɣ ɯ t	10	j				"Comp; ""əj"" 'one'"				DEWbOstj
komi_permyak	all	1		bi̮de̮s		bi̮de̮s		bɯdɤs		b ɯ d ɤ s	7	g								KoPRSl
komi_zyrian	all	1		stav		stav		stɑv		s t ɑ v	11	k	russian	clear		Latter form used with animate referents			KESK, Kalima1911	SyrjWsch
komi_zyrian	all	2		stave̮n		stave̮n		stɑvɤn		s t ɑ v ɤ n	11	k	russian	clear		Latter form used with animate referents			KESK, Kalima1911	SyrjWsch
komi_zyrian	all	3		bi̮d		bi̮d		bɯd		b ɯ d	7	g								
komi_zyrian	all	4		bi̮de̮n		bi̮de̮n		bɯdɤn		b ɯ d ɤ n	7	g								
livonian_courland	all	1		amā				ɑmɑː		ɑ m ɑː	2	b								LivWb
mansi_sosva	all	1		sōχ		sōχ		soːx		s oː x	9	i								WogWb
mari_hill	all	1		cilä				t͡silæ		t͡s i l æ	4	d						SES, UEW		
mari_meadow	all	1		čə̑la		čə̑la		tʃəlɑ		tʃ ə l ɑ	4	d								SMSk, TscherWb
moksha	all	1		śembä				sʲembæ		sʲ e m b æ	16	p			Cognacy reference lacking			MdH		
nenets_tundra	all	1		mal°h				mɑlʔ		m ɑ l ʔ	6	f			"Deriv. from ""mal°"" 'end, top'"					JurSWb
nganasan	all	1		bənsə		bənsə		bənsə		b ə n s ə	5	e					Latter deriv.; from PU *we(ń)ćV?			SlNgaRus
nganasan	all	2		bəńdʹikā		bəńdʹikā		bəɲdʲikɑː		b ə ɲ dʲ i k ɑː	5	e					Latter deriv.; from PU *we(ń)ćV?			SlNgaRus
proto_uralic	all	1	not_reconstructable														PU *we(ń)ćV (UEW) problematic			UEW, Sam88
saami_inari	all	1		puoh				puoh		p u o h	3	c								InsSSk
saami_inari	all	2		viisut				viːsut		v iː s u t	14	n								InsSSk
saami_kildin	all	1		pugk		pugg		puɡː		p u ɡː	3	c								WOLD
saami_north	all	1		buot				puot		p u o t	3	c								SSSg
saami_pite	all	1		gajk				kɑjk		k ɑ j k	1	o	finnic	clear					Lagercrantz1939	EZ
saami_skolt	all	1		puk				puk		p u k	3	c								SKosSk
saami_south	all	1		gaajhke				ɡɑːjhke		ɡ ɑː j h k e	1	o	finnic	clear					Lagercrantz1939	NSsNdb
saami_ume	all	1		gáihka				kɑːihkɑ		k ɑː i h k ɑ	1	o	finnic	clear					Lagercrantz1939	WbWlap
selkup_northern	all	1		muntə		muntə		muntə		m u n t ə	12	l								SolkWb
udmurt	all	1		vańmi̮z		vańmi̮z		vɑɲmɯz		v ɑ ɲ m ɯ z	13	m								WotjWsch
veps	all	1		kaik				kɑik		k ɑ i k	1	a	baltic	clear					SSA, NES, EES	VVS
votic_western	all	1		kõiɢ	kõik	ke̮iɢ	ke̮ik	kɤiɡ̥	kɤik	k ɤ i ɡ̥	1	a	baltic	clear					SSA, NES, EES	VKJMS
erzya	and	1		di	da	di	da	di	dɑ	d i	4	p	russian	clear					MordWb	MordWb
erzya	and	2		i		i		i		i	2	t	russian	clear					MordWb	MordWb
estonian_south	and	1		ja				jɑ		j ɑ	1	o	germanic	clear					LAGLOS, EES	VESr
estonian_standard	and	1		ja		ja		jɑ		j ɑ	1	o	germanic	clear					LAGLOS, EES	SVSk
finnish_standard	and	1		ja		ja		jɑ		j ɑ	1	o	germanic	clear					SSA	JL
hungarian	and	1		és		eeš		eːʃ		eː ʃ	7	g					Latter contraction			FMSz
hungarian	and	2		s		š		ʃ		ʃ	7	g					Latter contraction			FMSz
ingrian	and	1		i		i		i		i	2	w	russian	clear					InkmSk	InkmSk
ingrian	and	2		ja		ja		jɑ		j ɑ	1	o	germanic	clear					LAGLOS, SSA	InkmSk
ingrian	and	3		ta		ta		tɑ		t ɑ	4	x	russian	probable	"Influence of Russian ""da"" on native ""tai""?"				InkmSk	InkmSk
karelian_proper	and	1		i				i		i	2	b	russian	clear					MH	KKSV
karelian_proper	and	2		ta	tai			tɑ		t ɑ	4	c	russian	probable	"Influence of Russian ""da"" on native ""tai""?"				SSA	KKSV
khanty_vakh_vasyugan	and	1		os		os		os		o s	11	k				'And, still, again, also'				DEWbOstj
khanty_vakh_vasyugan	and	2		päni		päni		pæni		p æ n i	9	i				'And, again'				DEWbOstj
komi_permyak	and	1		da		da		dɑ		d ɑ	4	ab	russian	clear					KoPRSl	KoPRSl
komi_permyak	and	2		i		i		i		i	2	ac	russian	clear					KESK	KoPRSl
komi_zyrian	and	1		da		da		dɑ		d ɑ	4	r	russian	clear					Kalima1911	SyrjWsch
komi_zyrian	and	2		i		i		i		i	2	q	russian	clear					KESK	SyrjWsch
livonian_courland	and	1		un				un		u n	21	u						MdH		
livonian_courland	and	2		ja				jɑ		j ɑ	1	o	germanic	clear					LAGLOS, EES	LivWb
mansi_sosva	and	1		i		i		i		i	2	s	russian	clear					Kalman1961	WogWb
mansi_sosva	and	2		ja		ja		jɑ		j ɑ	8	h			Origin unknown, not connected to Fin “ja” (< Ger)					WogWb
mari_hill	and	1		δä				ðæ		ð æ	5	e	chuvash	probable				TscherWb	TscherWb	
mari_hill	and	2		δon				ðon		ð o n	6	f								
mari_meadow	and	1		δa		δa		ðɑ		ð ɑ	5	e	chuvash	probable	"Loan from Chuvash, influenced by Rus ""da"""				TscherWb	SMSk, TscherWb
mari_meadow	and	2		δen		δen		ðen		ð e n	6	f					Coordination of nouns			SMSk, TscherWb
moksha	and	1		äd'i				ædʲi		æ dʲ i	4	z	russian	clear				MordWb	MordWb	
moksha	and	2		i				i		i	2	aa	russian	clear				MordWb	MordWb	
nenets_tundra	and	1	no_equivalent														No freestanding word in general use			JurSWb
nganasan	and	1	form_not_found																	SlNgaRus
proto_uralic	and	1	not_reconstructable																	UEW, Sam88
saami_inari	and	1		já	ja			jæ		j æ	1	n	finnic	clear					SSA	InsSSk
saami_kildin	and	1		ja		ja		jɑ		j ɑ	1	n	finnic	clear					Riessler2009	WOLD
saami_kildin	and	2		a		a		ɑ		ɑ	12	l								
saami_north	and	1		ja				jɑ		j ɑ	1	n	finnic	clear					SSA	SSSg
saami_pite	and	1		ja				jɑ		j ɑ	1	n	finnic	probable					SSA	EZ
saami_skolt	and	1		di	da etc.			di		d i	4	d							SSA	SKosSk
saami_skolt	and	2		ja				jɑ		j ɑ	1	n	finnic	clear						
saami_south	and	1		gon				ɡon		ɡ o n	13	m								NSsNdb
saami_south	and	2		gonnoeh				ɡonːueh		ɡ o nː u e h	13	m								NSsNdb
saami_south	and	3		jïh				jɨh		j ɨ h	1	a	finnic	possible	Poss. direct loan from Scand. instead of through Finnic				Lagercrantz1939	NSsNdb
saami_ume	and	1		ja				jɑ		j ɑ	1	n	finnic	probable	Poss. direct loan from Scand. instead of through Finnic				SSA	WbWlap
saami_ume	and	2		jah				jɑh		j ɑ h	1	n	finnic	probable	Poss. direct loan from Scand. instead of through Finnic				SSA	WbWlap
saami_ume	and	3		jah				jɑh		j ɑ h	1	a	finnic	possible	Poss. direct loan from Scand. instead of through Finnic				SSA	WbWlap
selkup_northern	and	1		aj		aj		ɑj		ɑ j	10	j								SolkWb
udmurt	and	1		no		no		no		n o	20	t			Cognacy reference lacking			MdH		
udmurt	and	2		da		da		dɑ		d ɑ	4	r								
udmurt	and	3		i		i		i		i	2	q								
veps	and	1		da				dɑ		d ɑ	4	c	russian	clear					MH	VVS
votic_western	and	1		i		i		i		i	2	y	russian	clear					VKJMS	VKJMS
votic_western	and	2		ja		ja		jɑ		j ɑ	1	o	germanic	clear					LAGLOS, SSA	VKJMS
erzya	animal	1		rakša		rakša		rɑkʃɑ		r ɑ k ʃ ɑ	7	g								MordWb
estonian_south	animal	1		elläi				elːæi		e lː æ i	1	a			From PU *elä- 'live'					VESr
estonian_standard	animal	1		loom		loom		loːm		l oː m	3	c								SVSk
finnish_standard	animal	1		eläin		eläin		e̞læin		e̞ l æ i n	1	a			From PU *elä- 'live'					JL
hungarian	animal	1		állat		aallat		aːlːɒt		aː lː ɒ t	8	h								FMSz
ingrian	animal	1		eloɢaᴢ		eloɢaᴢ		eloɡ̥ɑz̥		e l o ɡ̥ ɑ z̥	1	a			From PU *elä- 'live'					InkmSk
karelian_proper	animal	1		elävä				elævæ		e l æ v æ	1	a			From PU *elä- 'live'					KKSV
karelian_proper	animal	2		elukka				elukːɑ		e l u kː ɑ	1	a			From PU *elä- 'live'					KKSV
karelian_proper	animal	3		šiivatta				ʃiːvɑtːɑ		ʃ iː v ɑ tː ɑ	2	p	russian	clear					MH	KKSV
khanty_vakh_vasyugan	animal	1		wajəɣ		wajəɣ		wɑjəɣ		w ɑ j ə ɣ	9	i			From PFU ?*wajV 'wild, shy'					DEWbOstj
komi_permyak	animal	1		ve̮rpi		ve̮rpi		vɤrpi		v ɤ r p i	13	m			Historically from compound 'forest boy'					KoPRSl
komi_zyrian	animal	1		peme̮s		peme̮s		pemɤs		p e m ɤ s	11	k								SyrjWsch
livonian_courland	animal	1		lūomõz				luːomɯz		l uː o m ɯ z	3	c								LivWb
mansi_sosva	animal	1		ūj		ūj		uːj		uː j	9	i			From PFU ?*wajV 'wild, shy'					WogWb
mari_hill	animal	1		žiβotnə̑j				ʒiβotnəj		ʒ i β o t n ə j	2	t	russian	clear				SES	MdH	
mari_meadow	animal	1		janlə̑k		janlə̑k		jɑnlək		j ɑ n l ə k	6	f	tatar	clear					Isanbaev1994	SMSk, TscherWb
moksha	animal	1		rakša				rɑkʃɑ		r ɑ k ʃ ɑ	7	g						SES, MordWb		
nenets_tundra	animal	1		sarmyik°				sɑrmʲik		s ɑ r mʲ i k	10	j								JurSWb
nganasan	animal	1		dʹaməδə		dʹaməδə		dʲɑməðə		dʲ ɑ m ə ð ə	16	s								SlNgaRus
proto_uralic	animal	1		*śurmi̮				sʲurmɨ		sʲ u r m ɨ	10	j				'Wild animal'				UEW, Sam88
saami_inari	animal	1		ellee				elːeː		e lː eː	1	a			From PU *elä- 'live'					InsSSk
saami_kildin	animal	1		žɨva		žə̑va		ʒɨvɑ		ʒ ɨ v ɑ	2	b	russian	clear					Riessler2009	WOLD
saami_north	animal	1		ealˈli				eælːi		e æ lː i	1	a			From PU *elä- 'live'					SSSg
saami_pite	animal	1		judos				jutos		j u t o s	15	r								EZ
saami_skolt	animal	1		jieʹlli				jielʲːi		j i e lʲː i	1	a			From PU *elä- 'live'					SKosSk
saami_south	animal	1		vaejsjie				vɑejɕie		v ɑ e j ɕ i e	14	n								NSsNdb
saami_ume	animal	1		tjuura				cuːrɑ		c uː r ɑ	4	o	north germanic	clear					Schlachter1958	WbWlap
selkup_northern	animal	1		sūrəm		sūrəm		suːrəm		s uː r ə m	10	j								SolkWb
udmurt	animal	1		pe̮jšur		pe̮jšur		pɤjʃur		p ɤ j ʃ u r	12	l								WotjWsch
veps	animal	1		živat				ʒivɑt		ʒ i v ɑ t	2	q	russian	clear					MH	NRVS
votic_western	animal	1		eлokõᴢ		eloke̮ᴢ		elokɤz		e l o k ɤ z	1	a			From PU *elä- 'live'					VKJMS
erzya	ant	1		kotkudav		kotkudav		kotkudɑv		k o t k u d ɑ v	3	c								MordWb
estonian_south	ant	1		kuklanõ				kuklɑnɤ		k u k l ɑ n ɤ	3	c								VESr
estonian_south	ant	2		sipõrlanõ				sipɤrlɑnɤ		s i p ɤ r l ɑ n ɤ	2	b								VESr
estonian_standard	ant	1		sipelgas		sippelkas		sipːelkɑs		s i pː e l k ɑ s	2	b								SVSk
finnish_standard	ant	1		muurahainen		muurahainen		muːrɑɦɑinen		m uː r ɑ ɦ ɑ i n e n	1	a	germanic	probable					SSA, NES, LAGLOS, EES	JL
hungarian	ant	1		hangya		hańǵa		hɒɲɟɒ		h ɒ ɲ ɟ ɒ	4	d								FMSz
ingrian	ant	1		mūrahain		mūrahain		muːrɑhɑin		m uː r ɑ h ɑ i n	1	a	germanic	probable					SSA, NES, LAGLOS	InkmSk
karelian_proper	ant	1		muurahaine				muːrɑhɑine		m uː r ɑ h ɑ i n e	1	a	germanic	probable					SSA, NES, LAGLOS	KKSV
khanty_vakh_vasyugan	ant	1		kočŋi̮		kočŋi̮		kotʃŋɯ		k o tʃ ŋ ɯ	5	e			Deriv. of PU *kučV					DEWbOstj
komi_permyak	ant	1		ke̮ʒ́i̮v		ke̮ʒ́i̮v		kɤdʑɯv		k ɤ dʑ ɯ v	4	d								KoPRSl
komi_zyrian	ant	1		koʒ́uv-kot		koʒ́uv-kot		kodʑuv-kot		k o dʑ u v k o t	3	c			Comp. connected based on end part					SyrjWsch
komi_zyrian	ant	2		kot		kot		kot		k o t	3	c			Comp. connected based on end part					SyrjWsch
livonian_courland	ant	1		sipriki				sipriki		s i p r i k i	2	b								LivWb
mansi_sosva	ant	1		χōswoj		χōswoj		xoːsʷoj		x oː sʷ o j	5	e			Deriv. of PU *kučV					WogWb
mari_hill	ant	1		kə̑tkə̑				kətkə		k ə t k ə	3	c								
mari_meadow	ant	1		kutko		kutko		kutko		k u t k o	3	c								SMSk, TscherWb
moksha	ant	1		panžam				pɑnʒɑm		p ɑ n ʒ ɑ m	6	f								
nenets_tundra	ant	1		xudumka				xudumkɑ		x u d u m k ɑ	5	e			Deriv. of PU *kučV					JurSWb
nganasan	ant	1	form_not_found																	SlNgaRus
proto_uralic	ant	1	not_reconstructable														UEW: PU *kučV only in Ug and Sd			UEW, Sam88
saami_inari	ant	1		kutkâ				kutkə		k u t k ə	3	c								InsSSk
saami_kildin	ant	1		kōttk		koottk		koːtːk		k oː tː k	3	c								WOLD
saami_north	ant	1		gotka				kotkɑ		k o t k ɑ	3	c								SSSg
saami_pite	ant	1		gåttkå				kɔtːkɔ		k ɔ tː k ɔ	3	c								JL, EZ
saami_skolt	ant	1		kotkk				kotkː		k o t kː	3	c								SKosSk
saami_south	ant	1		garhke				ɡɑrhke		ɡ ɑ r h k e	3	c								NSsNdb
saami_ume	ant	1		gådhka				kɔthkɑ		k ɔ t h k ɑ	3	c								WbWlap
selkup_northern	ant	1		qi̮ča		qi̮ča		qɯtʃɑ		q ɯ tʃ ɑ	5	e								SolkWb
udmurt	ant	1		kuźilʹi		kuźilʹi		kuʑiʎi		k u ʑ i ʎ i	4	d								WotjWsch
veps	ant	1		murhāńe				murhɑːnʲe		m u r h ɑː nʲ e	1	a	germanic	probable					SSA, NES, LAGLOS	VVS
veps	ant	2		murahaine				murɑhɑine		m u r ɑ h ɑ i n e	1	a	germanic	probable					SSA, NES, LAGLOS	VVS
votic_western	ant	1		sippelikaz		sipplikas, sippelikas		sipːlikɑs		s i pː l i k ɑ s	2	b								VKJMS
erzya	armpit	1		kavalalks		kavalalks		kɑvɑlɑlks		k ɑ v ɑ l ɑ l k s	4	d								MordWb
estonian_south	armpit	1		kangli				kɑŋɡli		k ɑ ŋ ɡ l i	1	a								VESr
estonian_south	armpit	2		kanglialonõ				kɑŋɡliɑlonɤ		k ɑ ŋ ɡ l i ɑ l o n ɤ	1	a								VESr
estonian_standard	armpit	1		kaenlaalune		kaenlaˀalune		kɑenlɑʔɑlune		k ɑ e n l ɑ ʔ ɑ l u n e	1	a					"""Kaenal"" 'armpit' seldom used alone"			SVSk
finnish_standard	armpit	1		kainalo		kainalo		kɑinɑlo̞		k ɑ i n ɑ l o̞	1	a								JL
hungarian	armpit	1		hónalj		hoonaj		hoːnɒj		h oː n ɒ j	1	a								FMSz
ingrian	armpit	1		kaila		kaila		kɑilɑ		k ɑ i l ɑ	1	a								InkmSk
karelian_proper	armpit	1		kainalo				kɑinɑlo		k ɑ i n ɑ l o	1	a								KKSV
khanty_vakh_vasyugan	armpit	1		kunǝŋ-pǝtɜ	kunǝŋ-pǝtä	kunəŋ-pətə	kunəŋ-pətä	kunəŋ-pətə	kunəŋ-pətæ	k u n ə ŋ p ə t ə	7	g								DEWbOstj
komi_permyak	armpit	1		konuvt		konuvt		konuvt		k o n u v t	1	a								KoPRSl
komi_zyrian	armpit	1		ki̮ńa-uv		ki̮ńa-uv		kɯɲɑ-uv		k ɯ ɲ ɑ u v	1	a								SyrjWsch
livonian_courland	armpit	1		kāinal				kɑːinɑl		k ɑː i n ɑ l	1	a								LivWb
mansi_sosva	armpit	1		χanl-patta		χanl-patta		xɑnl-pɑtːɑ		x ɑ n l p ɑ tː ɑ	6	f								WogWb
mansi_sosva	armpit	2		χanl		χanl		xɑnl		x ɑ n l	1	a								WogWb
mansi_sosva	armpit	3		χanl-patta		χanl-patta		xɑnl-pɑtːɑ		x ɑ n l p ɑ tː ɑ	1	a								WogWb
mari_hill	armpit	1		konɣə̑la				konɣəlɑ		k o n ɣ ə l ɑ	1	a								
mari_meadow	armpit	1		koŋlajə̑mal		koŋlajə̑mal		koŋlɑjəmɑl		k o ŋ l ɑ j ə m ɑ l	1	a								SMSk, TscherWb
moksha	armpit	1		kavlal				kɑvlɑl		k ɑ v l ɑ l	4	d								
nenets_tundra	armpit	1		syal°				sʲɑl		sʲ ɑ l	1	a								JurSWb
nganasan	armpit	1	form_not_found																	SlNgaRus
proto_uralic	armpit	1		?*konV				konV		k o n V	1	a					Irregular sound correspondences			UEW, Sam88
saami_inari	armpit	1		käŋŋir				kæŋːir		k æ ŋː i r	1	a								InsSSk
saami_kildin	armpit	1		kajnal		kajnal		kɑjnɑl		k ɑ j n ɑ l	1	a								WOLD
saami_north	armpit	1		gieđavuolli				kieðɑvuolːi		k i e ð ɑ v u o lː i	2	b				Lit. 'hand-under'				SSSg
saami_pite	armpit	1		gárgŋel				kɑːrkŋel		k ɑː r k ŋ e l	1	a								EZ
saami_skolt	armpit	1		kõnnjârvuâlaž				kənːjɐrvuɐlɑʒ		k ə nː j ɐ r v u ɐ l ɑ ʒ	3	c				Lit. 'elbow-under'				SKosSk
saami_south	armpit	1		gaejnele	gaejnjele			ɡɑejnele		ɡ ɑ e j n e l e	1	a								NSsNdb
saami_ume	armpit	1		gàidˈŋjèla				kɑitˈŋjelɑ		k ɑ i tˈ ŋ j e l ɑ	1	a								WbWlap
selkup_northern	armpit	1		qāliń		qāliń		qɑːliɲ		q ɑː l i ɲ	1	a								SolkWb
udmurt	armpit	1		kun-ul		kun-ul		kun-ul		k u n u l	1	a								WotjWsch
veps	armpit	1		kaimol				kɑimol		k ɑ i m o l	1	a								VVS
votic_western	armpit	1		kainalo		kainalo		kɑinɤnːɑluz̥		k ɑ i n ɤ nː ɑ l u z̥	1	a								VKJMS
erzya	arrive	1		pačkodʹems		pačkodʹems		pɑtʃkodʲems		p ɑ tʃ k o dʲ e m s	5	e								MordWb
estonian_south	arrive	1		peräle joudma				peræle joudmɑ		p e r æ l e j o u d m ɑ	15	o								VESr
estonian_standard	arrive	1		saabuda		saaputa		sɑːputɑ		s ɑː p u t ɑ	1	a								SVSk
finnish_standard	arrive	1		saapua		saapua		sɑːpuɑ		s ɑː p u ɑ	1	a								JL
hungarian	arrive	1		megérkezik		megeerkezik		mɛɡeːrkɛzik		m ɛ ɡ eː r k ɛ z i k	8	h	west old turkic	possible					WOT	FMSz
ingrian	arrive	1	form_not_found																	InkmSk
karelian_proper	arrive	1		soaha				soɑhɑ		s o ɑ h ɑ	1	a								KKSV
khanty_vakh_vasyugan	arrive	1		jŏɣǝt-		jŏɣət-		jŏɣət-		j o ̆ ɣ ə t	10	j				'Come, arrive'				DEWbOstj
komi_permyak	arrive	1		lokni̮		lokni̮		loknɯ		l o k n ɯ	7	g				"'Come, arrive'; stem ""lokt-"""				KoPRSl
komi_zyrian	arrive	1		voni̮		voni̮		vonɯ		v o n ɯ	6	f				"Deriv. from ""voni̮"" 'come'"				SyrjWsch
livonian_courland	arrive	1		joudõ				joudɯ		j o u d ɯ	14	n						SSA		
mansi_sosva	arrive	1		joχti		joχti		joxti		j o x t i	10	j								WogWb
mari_hill	arrive	1		šoaš				ʃoɑʃ		ʃ o ɑ ʃ	9	i	indo-iranian	clear	From ’to get, obtain’			Bereczki2013	Holopainen2019, HolopainenJunttila2022	
mari_meadow	arrive	1		šuam		šuam		ʃuɑm		ʃ u ɑ m	9	i	indo-iranian	clear	From ’to get, obtain’				Holopainen2019, HolopainenJunttila2022	SMSk, TscherWb
moksha	arrive	1		sams				sɑms		s ɑ m s	9	i	indo-iranian	clear	From ’to get, obtain’			Bereczki2013	Holopainen2019, HolopainenJunttila2022	
nenets_tundra	arrive	1		tæwə°				tæwə		t æ w ə	11	k				'Reach, arrive, catch, get caught'				JurSWb
nganasan	arrive	1		sohədʹa		sohədʹa		sohədʲɑ		s o h ə dʲ ɑ	13	m				'Fall, arrive'				SlNgaRus
nganasan	arrive	2		sohuaˀtəsa		sohuaˀtəsa		sohuɑʔtəsɑ		s o h u ɑ ʔ t ə s ɑ	13	m				'Fall, arrive'				SlNgaRus
proto_uralic	arrive	1	not_reconstructable																	UEW, Sam88
saami_inari	arrive	1	form_not_found														Cf. pye'vtittiđ 'arrive in time'			InsSSk
saami_kildin	arrive	1		jūvvte		juuvvte		juːvːte		j uː vː t e	3	c	finnic	clear	Cf. Fin “joutu-” 'get into, make it in time'				Riessler2009	WOLD
saami_north	arrive	1		joavdat				joɑvtɑt		j o ɑ v t ɑ t	3	c	finnic	clear	Cf. Fin “joutu-” 'get into, make it in time'				Sammallahti1998	SSSg
saami_pite	arrive	1		hähpedit				hæhpetit		h æ h p e t i t	12	l				'Reach, arrive'				EZ
saami_skolt	arrive	1		dooidâd				doːidɐd		d oː i d ɐ d	4	d	russian	clear					Itkonen1958b	SKosSk
saami_south	arrive	1	form_not_found																	NSsNdb
saami_ume	arrive	1	form_not_found																	WbWlap
selkup_northern	arrive	1	form_not_found																	SolkWb
udmurt	arrive	1		li̮kti̮ni̮		li̮kti̮ni̮		lɯktɯnɯ		l ɯ k t ɯ n ɯ	7	g				'Come, arrive'				WotjWsch
veps	arrive	1	form_not_found																	VVS
votic_western	arrive	1		tulla		tulla		tulɤmɑ		t u l ɤ m ɑ	2	b								VKJMS
erzya	ashes	1		kulov		kulov		kulov		k u l o v	9	i	turkic	probable	cf. Ugric, e.g. Hun “hamu”; separate Turkic borrowings?				Butylov2007	MordWb
estonian_south	ashes	1		tuhk				tuhk		t u h k	1	a	germanic	probable	Cf. OHG “zuscen” 'burn to ashes'				LAGLOS, SSA, NES	VESr
estonian_standard	ashes	1		tuhk		tuhk		tuhk		t u h k	1	a	germanic	probable	Cf. OHG “zuscen” 'burn to ashes'				LAGLOS, SSA, NES	SVSk
finnish_standard	ashes	1		tuhka		tuhka		t̪uxkɑ		t̪ u x k ɑ	1	a	germanic	probable	Cf. OHG “zuscen” 'burn to ashes'				LAGLOS, SSA, NES	JL
hungarian	ashes	1		hamu		hamu		hɒmu		h ɒ m u	4	d	turkic	possible	Unclear if connected to Turkic origin				UEW	FMSz
ingrian	ashes	1		poro		poro		poro		p o r o	2	b								InkmSk
karelian_proper	ashes	1		poro				poro		p o r o	2	b								KKSV
karelian_proper	ashes	2		tuhka				tuhkɑ		t u h k ɑ	1	a	germanic	probable	Cf. OHG “zuscen” 'burn to ashes'				LAGLOS, SSA, NES	KKSV
khanty_vakh_vasyugan	ashes	1		kajəm		kajəm		kɑjəm		k ɑ j ə m	4	d			Unclear if connected to Turkic origin					DEWbOstj
khanty_vakh_vasyugan	ashes	2		pär		pär		pær		p æ r	7	g								DEWbOstj
komi_permyak	ashes	1		pe̮jim		pe̮jim		pɤjim		p ɤ j i m	6	f								KoPRSl
komi_zyrian	ashes	1		pe̮jim		pe̮jim		pɤjim		p ɤ j i m	6	f								SyrjWsch
livonian_courland	ashes	1		tūgõ				tuːɡɯ		t uː ɡ ɯ	1	a	germanic	probable	Cf. OHG “zuscen” 'burn to ashes'				LAGLOS, SSA, NES	LivWb
mansi_sosva	ashes	1		χūlʹəm		χūlʹəm		xuːʎəm		x uː ʎ ə m	4	d			Unclear if connected to Turkic origin					WogWb
mari_hill	ashes	1		lomə̑ž				loməʒ		l o m ə ʒ	5	e								
mari_meadow	ashes	1		lomə̑ž		lomə̑ž		loməʒ		l o m ə ʒ	5	e			Possibly from PFU *lomV 'warmth, flame'					SMSk, TscherWb
moksha	ashes	1		kulu				kulu		k u l u	9	i	turkic	probable					Butylov2007	
nenets_tundra	ashes	1		tuh syibya				tuʔ sʲibʲɑ		t u ʔ sʲ i bʲ ɑ	8	h				Lit. 'fire's dust'				JurSWb
nganasan	ashes	1		tū dʹoəˀ		tū_dʹoəˀ		tuː dʲoəʔ		t uː dʲ o ə ʔ	9	j								SlNgaRus
nganasan	ashes	2		tū dʹoədʹə̄		tū_dʹoədʹə̄		tuː dʲoədʲəː		t uː dʲ o ə dʲ əː	9	j								SlNgaRus
proto_uralic	ashes	1	not_reconstructable														PFU ?*kuδʹmV			UEW, Sam88
saami_inari	ashes	1		kunnâ				kunːə		k u nː ə	3	c	indo-european	probable					Koivulehto2001	InsSSk
saami_kildin	ashes	1		kunn		kunn		kunː		k u nː	3	c	indo-european	probable					Koivulehto2001	WOLD
saami_north	ashes	1		gutna				kutnɑ		k u t n ɑ	3	c	indo-european	probable					Koivulehto2001	SSSg
saami_pite	ashes	1		gudna				kutnɑ		k u t n ɑ	3	c	indo-european	probable					Koivulehto2001	EZ
saami_skolt	ashes	1		kunn				kunː		k u nː	3	c	indo-european	probable					Koivulehto2001	SKosSk
saami_south	ashes	1		govne				ɡovne		ɡ o v n e	3	c	indo-european	probable					Koivulehto2001	NSsNdb
saami_ume	ashes	1		gùdna				kutnɑ		k u t n ɑ	3	c	indo-european	probable					Koivulehto2001	WbWlap
selkup_northern	ashes	1		śīmə		śīmə		ɕiːmə		ɕ iː m ə	8	h								SolkWb
udmurt	ashes	1		peń		peń		peɲ		p e ɲ	6	f								WotjWsch
veps	ashes	1		tuhk				tuxk		t u x k	1	a	germanic	probable	Cf. OHG “zuscen” 'burn to ashes'				LAGLOS, SSA, NES	VVS
votic_western	ashes	1		tuhka		tuhka		tuhk		t u h k	1	a	germanic	probable	Cf. OHG “zuscen” 'burn to ashes'				LAGLOS, SSA, NES	VKJMS
erzya	at	1		kedʹse		kedʹse		kedʲse		k e dʲ s e	5	e								MordWb
estonian_south	at	1		man				mɑn		m ɑ n	16	p								VESr
estonian_standard	at	1		juures		juures		juːres		j uː r e s	3	c								SVSk
finnish_standard	at	1		luona		luona		luo̞nɑ		l u o̞ n ɑ	1	a								JL
hungarian	at	1		(-nál/nél)		(-naal/neel)		(-naːl/neːl)			9	i				Former as suffix, latter 'at him/her'				FMSz
hungarian	at	2		nála		naala		naːlɒ		n aː l ɒ	9	i				Former as suffix, latter 'at him/her'				FMSz
hungarian	at	3		mellett		mellett		mɛlːɛtː		m ɛ lː ɛ tː	10	j								FMSz
ingrian	at	1		lōn		lōn		loːn		l oː n	1	a								InkmSk
karelian_proper	at	1		luona				luonɑ		l u o n ɑ	1	a								KKSV
khanty_vakh_vasyugan	at	1		pŏŋəl		pŏŋəl		pŏŋəl		p o ̆ ŋ ə l	12	l								DEWbOstj
komi_permyak	at	1		di̮ni̮n		di̮ni̮n		dɯnɯn		d ɯ n ɯ n	22	w								KoPRSl
komi_permyak	at	2		saji̮n		saji̮n		sɑjɯn		s ɑ j ɯ n	19	s	iranian	possible					Koivulehto2001, Redei1986	KoPRSl
komi_zyrian	at	1		dori̮n		dori̮n		dorɯn		d o r ɯ n	6	f			From PFU *tarV 'near'					SyrjWsch
komi_zyrian	at	2		ordi̮n		ordi̮n		ordɯn		o r d ɯ n	7	g			Deriv. from PFP *ertä 'side'					SyrjWsch
livonian_courland	at	1		jū(r)s				juːrs		j uː r s	3	c								LivWb
mansi_sosva	at	1		pālt		pālt		pɑːlt		p ɑː l t	11	k								WogWb
mari_hill	at	1		δonə				ðonə		ð o n ə	6	f						SES, UEW		
mari_meadow	at	1		pelen		pelen		pelen		p e l e n	8	h								SMSk, TscherWb
mari_meadow	at	2		δene		δene		ðene		ð e n e	6	f			From PFU *tarV 'near'					SMSk, TscherWb
moksha	at	1		-sa				-sɑ		s ɑ	24	y			Cognacy refernce lacking			MdH		
nenets_tundra	at	1		nyana				ɲɑnɑ		ɲ ɑ n ɑ	14	n								JurSWb
nganasan	at	1		namə̄nu				nɑmə̄nu		n ɑ m ə̄ n u	25	z			Cognacy refernce lacking			MdH		SlNgaRus
proto_uralic	at	1	not_reconstructable																	UEW, Sam88
saami_inari	at	1		keččin				ket͡ʃːin		k e t͡ʃː i n	18	r								InsSSk
saami_inari	at	2		kulen				kulen		k u l e n	17	q								InsSSk
saami_kildin	at	1		al’n		alʹn		ɑlʲn		ɑ lʲ n	15	o								WOLD
saami_north	at	1		luhtte				luhtːe		l u h tː e	1	a								SSSg
saami_pite	at	1		naldne				nɑltne		n ɑ l t n e	23	x								EZ
saami_skolt	at	1		åʹrrn				ɔrʲːn		ɔ rʲː n	4	d								SKosSk
saami_south	at	1		luvnie				luvnie		l u v n i e	1	a								NSsNdb
saami_ume	at	1		lüdˈnee				lytˈneː		l y tˈ n eː	1	a								WbWlap
selkup_northern	at	1		nānə		nānə		nɑːnə		n ɑː n ə	14	n								SolkWb
udmurt	at	1		dori̮n		dori̮n		dorɯn		d o r ɯ n	6	f			From PFU *tarV 'near'					WotjWsch
veps	at	1		kohtas				koxtɑs		k o x t ɑ s	2	b								NRVS
votic_western	at	1		ǟrel̄		ǟrell		æːrelː		æː r e lː	21	u								VKJMS
votic_western	at	2		tüvenn		tüvenn		tyvenː		t y v e nː	20	t								VKJMS
votic_western	at	3		jūrõᴢ		jūre̮ᴢ		juːrɤz		j uː r ɤ z	3	c								VKJMS
erzya	back	1		kutʹmeŕe		kutʹmeŕe		kutʲmerʲe		k u tʲ m e rʲ e	9	i								MordWb
estonian_south	back	1		sälg				sælɡ		s æ l ɡ	1	a								VESr
estonian_standard	back	1		selg		selk		selk		s e l k	1	a								SVSk
finnish_standard	back	1		selkä		selkä		se̞lkæ		s e̞ l k æ	1	a								JL
hungarian	back	1		hát		haat		haːt		h aː t	6	f								FMSz
ingrian	back	1		selɢä		selɢä		selɡ̥æ		s e l ɡ̥ æ	1	a								InkmSk
karelian_proper	back	1		selkä				selkæ		s e l k æ	1	a								KKSV
khanty_vakh_vasyugan	back	1		č̣ö̆ṇč̣		čö̆ṇč		tʃø̆ɳtʃ		tʃ ø ̆ ɳ tʃ	7	g								DEWbOstj
komi_permyak	back	1		mi̮šk		mi̮šk		mɯʃk		m ɯ ʃ k	5	e					Stem “mi̮šk-”			KoPRSl, RB
komi_zyrian	back	1		mi̮š		mi̮š		mɯʃ		m ɯ ʃ	5	e								SyrjWsch
livonian_courland	back	1		sǟlga				sæːlɡɑ		s æː l ɡ ɑ	1	a								LivWb
mansi_sosva	back	1		sis		sis		sis		s i s	7	g								WogWb
mari_hill	back	1		tup				tup		t u p	4	d						SES, UEW		
mari_meadow	back	1		tup		tup		tup		t u p	4	d			Possibly from a PFU *tuppV 'back, spine'					SMSk, TscherWb
moksha	back	1		kopoŕ				koporʲ		k o p o rʲ	3	c						SES, Versinin2004		
moksha	back	2		kopa				kopɑ		k o p ɑ	3	c						SES, Versinin2004		
nenets_tundra	back	1		məxa				məxɑ		m ə x ɑ	8	h								JurSWb
nganasan	back	1		məku		məku		məku		m ə k u	8	h								SlNgaRus
proto_uralic	back	1		*muka				mukɑ		m u k ɑ	8	h					UEW: PU *kuttV; however, only in Ug and Sd; original meaning not clear			UEW, Sam88
saami_inari	back	1		selgi				selɡi		s e l ɡ i	1	k	finnic	clear					Sammallahti1998	InsSSk
saami_kildin	back	1		siell’k		siellʹk		sielːʲk		s i e lːʲ k	1	k	finnic	clear					Riessler2009	WOLD
saami_north	back	1		sealgi				seælki		s e æ l k i	1	k	finnic	clear	Borrowed from Fin selkä 'back, which is cogn. with čielgi				Sammallahti1998	SSSg
saami_pite	back	1	form_not_found																	
saami_skolt	back	1		čiõʹlj				t͡ʃiəlʲj		t͡ʃ i ə lʲ j	1	a								SKosSk
saami_skolt	back	2		seäʹlǧǧ				seælʲɟː		s e æ lʲ ɟː	1	k	finnic	clear					Sammallahti1998	SKosSk
saami_south	back	1		rudtje				rut͡ɕːe		r u t͡ɕː e	10	j	north germanic	clear					Lagercrantz1939	NSsNdb
saami_ume	back	1		tjüvvielge				cyvːielke		c y vː i e l k e	2	b								WbWlap
selkup_northern	back	1		moqə		moqə		moqə		m o q ə	8	h								SolkWb
udmurt	back	1		ti̮bi̮r		ti̮bi̮r		tɯbɯr		t ɯ b ɯ r	4	l			Possibly from a PFU *tuppV 'back, spine'					WotjWsch
veps	back	1		śelʹg				sʲelʲɡ		sʲ e lʲ ɡ	1	a								VVS
votic_western	back	1		seltšä		selčä		seltʃ		s e l tʃ	1	a								VKJMS
erzya	bad	1		beŕań		beŕań		berʲɑɲ		b e rʲ ɑ ɲ	26	aa	tatar	possible					Butylov2007	MordWb
estonian_south	bad	1		halv				hɑlv		h ɑ l v	3	c	germanic	possible					EES, SSA	VESr
estonian_standard	bad	1		halb		halp		hɑlp		h ɑ l p	3	c	germanic	possible					EES, SSA	SVSk
finnish_standard	bad	1		huono		huono		huo̞no̞		h u o̞ n o̞	1	a								JL
finnish_standard	bad	2		paha		huono		huo̞no̞		h u o̞ n o̞	24	x								
hungarian	bad	1		rossz		ross		rosː		r o sː	11	k								FMSz
ingrian	bad	1		hōno		hōno		hoːno		h oː n o	1	a								InkmSk
ingrian	bad	2		paha		paha		pɑhɑ		p ɑ h ɑ	24	x	germanic	probable					EES	InkmSk
karelian_proper	bad	1		huono				huono		h u o n o	1	a								KKSV
khanty_vakh_vasyugan	bad	1		ätəm		ätəm		ætəm		æ t ə m	13	m				'Bad, meager, thin, wrong'				DEWbOstj
komi_permyak	bad	1		ume̮lʹ		ume̮lʹ		umɤʎ		u m ɤ ʎ	9	i								KoPRSl
komi_zyrian	bad	1		ome̮lʹ		ome̮lʹ		omɤʎ		o m ɤ ʎ	9	i								SyrjWsch
livonian_courland	bad	1		slikțõ				slikcɯ		s l i k c ɯ	4	d	low german_or_lithuanian	possible	"Cf. Lith ""slikts"""				Suhonen1973, Winkler2014	LivWb
mansi_sosva	bad	1		lʹūlʹ		lʹūlʹ		ʎuːʎ		ʎ uː ʎ	12	l								WogWb
mari_hill	bad	1		huδa				huðɑ		h u ð ɑ	19	s	russian	probable				TscherWb	TscherWb	
mari_meadow	bad	1		načar		načar		nɑtʃɑr		n ɑ tʃ ɑ r	20	t	tatar	clear					Isanbaev1994	SMSk, TscherWb
mari_meadow	bad	2		uδa		uδa		uðɑ		u ð ɑ	19	s	russian	probable					TscherWb	SMSk, TscherWb
moksha	bad	1		kal'd'av				kɑlʲdʲɑv		k ɑ lʲ dʲ ɑ v	17	q						SES		
nenets_tundra	bad	1		wæwa				wæwɑ		w æ w ɑ	14	n								JurSWb
nganasan	bad	1		bahia		bahia		bɑhiɑ		b ɑ h i ɑ	14	n				'Ugly, bad'	Deriv. from PSd *wəj- 'bad'			SlNgaRus
proto_uralic	bad	1	not_reconstructable																	UEW, Sam88
saami_inari	bad	1		hyeni				hyeni		h y e n i	1	az	finnic	clear					AlguDB	InsSSk
saami_kildin	bad	1		njuess’		ńuessʹ		ɲuesːʲ		ɲ u e sːʲ	16	p								WOLD
saami_north	bad	1		fuotni				fuotni		f u o t n i	1	ax	finnic	clear				SSA	SSA	
saami_north	bad	2		headju				heæɟu		h e æ ɟ u	5	e	finnic	clear	"Cf. Fin ""häijy"" 'mean'"				Aikio2007, SSA	SSSg
saami_north	bad	3		hēittot				heːitːot		h eː i tː o t	8	h	finnic	clear					Lagercrantz1939	SSSg
saami_pite	bad	1		bahá				pɑhɑː		p ɑ h ɑː	24	ab	finnic	clear					SSA	EZ
saami_skolt	bad	1		hueʹnn				huenʲː		h u e nʲː	1	az	finnic	clear					AlguDB	SKosSk
saami_skolt	bad	2		neuʹrr				neurʲː		n e u rʲː	6	f	finnic	clear	Cf. Finnic *nöyrä 'weak'				SSA	SKosSk
saami_south	bad	1		madtan				mɑdtɑn		m ɑ d t ɑ n	22	v	north germanic	clear					Lagercrantz1939	NSsNdb
saami_south	bad	2		nåekies				nɔekies		n ɔ e k i e s	21	u								NSsNdb
saami_ume	bad	1		nä̀yree				næyreː		n æ y r eː	6	f	finnic	clear	Cf. Finnic *nöyrä 'weak'				SSA	WbWlap
selkup_northern	bad	1		qośək		qośək		qoɕək		q o ɕ ə k	15	o								SolkWb
udmurt	bad	1		urod		urod		urod		u r o d	10	j	russian	clear					WotjWsch	WotjWsch
veps	bad	1		hond				hond		h o n d	2	b			From *honto					VVS
votic_western	bad	1		kehno		kehno		kehno		k e h n o	23	w								VKJMS
votic_western	bad	2		paha		paha		pɑhɑ		p ɑ h ɑ	24	x	germanic	probable					EES	VKJMS
erzya	bake	1		panems		panems		pɑnems		p ɑ n e m s	8	h						SES, UEW		
estonian_south	bake	1		küdsämä				kydsæmæ		k y d s æ m æ	4	d								VESr
estonian_standard	bake	1		küpsetada		küppsettata		kypːsetːɑtɑ		k y pː s e tː ɑ t ɑ	4	d								SVSk
finnish_standard	bake	1		paistaa		paistaa		pɑist̪ɑː		p ɑ i s t̪ ɑː	2	b	germanic	clear					LAGLOS, SSA, NES	JL
hungarian	bake	1		süt		šüt		ʃyt		ʃ y t	9	i								FMSz
ingrian	bake	1		paistā		paistā		pɑistɑː		p ɑ i s t ɑː	2	b	germanic	clear		'Prepare by frying'			LAGLOS, SSA, NES	InkmSk
karelian_proper	bake	1		paistoa				pɑistoɑ		p ɑ i s t o ɑ	2	b	germanic	clear					LAGLOS, SSA, NES	KKSV
karelian_proper	bake	2		voalie				voɑlie		v o ɑ l i e	3	c								KKSV
khanty_vakh_vasyugan	bake	1		ter-				ter		t e r	15	u								DEWbOstj
komi_permyak	bake	1		pe̮žavni̮		pe̮žavni̮		pɤʒɑvnɯ		p ɤ ʒ ɑ v n ɯ	6	r	indo-iranian	clear				Holopainen2019	Holopainen2019, Metsaranta2017, Koivulehto1991	KoPRSl
komi_zyrian	bake	1		pe̮ẓ̌avni̮		pe̮žavni̮		pɤʒɑvnɯ		p ɤ ʒ ɑ v n ɯ	6	r	indo-iranian	clear				Holopainen2019	Holopainen2019, Metsaranta2017, Koivulehto1991	SyrjWsch
livonian_courland	bake	1		ūdõ				uːdɯ		uː d ɯ	5	e								LivWb
mansi_sosva	bake	1		sāriti		sāriti		sɑːriti		s ɑː r i t i	10	s	russian	clear		'Fry, bake'			Kalman1961	WogWb
mari_hill	bake	1		küktäš				kyktæʃ		k y k t æ ʃ	13	m				Same root as in Finnic keittää		SES, TscherWb		
mari_meadow	bake	1		puštə̑lanem		puštə̑lanem		puʃtəlɑnem		p u ʃ t ə l ɑ n e m	11	k								SMSk, TscherWb
mari_meadow	bake	2		žaritlem		žaritlem		ʒɑritlem		ʒ ɑ r i t l e m	10	j	russian	clear					MdH	SMSk, TscherWb
moksha	bake	1		pańəms				pɑnʲəms		p ɑ nʲ ə m s	8	h						SES, UEW		
nenets_tundra	bake	1		yabcə°				jɑbt͡sə		j ɑ b t͡s ə	12	l								JurSWb
nganasan	bake	1		hiðibti̮si̮		hiδibti̮si̮		hiðibtɯsɯ		h i ð i b t ɯ s ɯ	13	o								SlNgaRus
nganasan	bake	2		hitiðiśi		hitiδiśi		hitiðiɕi		h i t i ð i ɕ i	13	o								SlNgaRus
proto_uralic	bake	1	not_reconstructable																	UEW, Sam88
saami_inari	bake	1		liäibuđ				liæibuð		l i æ i b u ð	1	a								InsSSk
saami_kildin	bake	1		pāšš’te		paaššʹte		pɑːʃːʲte		p ɑː ʃːʲ t e	2	q	finnic	clear				SSA	SSA	WOLD
saami_north	bake	1		bassit				pɑsːit		p ɑ sː i t	6	f	proto-indo-european	possible					Koivulehto1991	SSSg
saami_pite	bake	1		bähkkut				pæhkːut		p æ h kː u t	7	g	north germanic	clear					Qvigstad1893	EZ
saami_pite	bake	2		basset				pɑsːet		p ɑ sː e t	6	f	proto-indo-european	possible					Koivulehto1991	EZ
saami_skolt	bake	1		päʹštted				pæʃʲtːed		p æ ʃʲ tː e d	2	q	finnic	clear		'Bake, fry, roast'?		SSA	SSA	SKosSk
saami_south	bake	1		bååhkesjidh				boːhkeɕidh		b oː h k e ɕ i d h	7	g	north germanic	clear					Qvigstad1893	NSsNdb
saami_ume	bake	1		bå̀hkat				pɔhkɑt		p ɔ h k ɑ t	7	g	north germanic	clear					Qvigstad1893	WbWlap
selkup_northern	bake	1		pirə-				pirə		p i r ə	14	t								SolkWb
udmurt	bake	1		pi̮ži̮ni̮		pi̮ži̮ni̮		pɯʒɯnɯ		p ɯ ʒ ɯ n ɯ	6	r	indo-iranian	clear		'Bake, fry'		Holopainen2019	Holopainen2019, Metsaranta2017, Koivulehto1991	WotjWsch
veps	bake	1		pašta	paštta			pɑʃtɑ		p ɑ ʃ t ɑ	2	b	germanic	clear					LAGLOS, SSA, NES	VVS
votic_western	bake	1		tšühzettǟ		čühzettǟ		t͡ʃyhzetːæː		t͡ʃ y h z e tː æː	4	d			From 'cook'? A Baltic origin proposed but extremely unlikely			SSA, EES		VKJMS
erzya	bark_n	1		keŕ		keŕ		kerʲ		k e rʲ	6	f								MordWb
estonian_south	bark_n	1		kosk'				koskʲ		k o s kʲ	10	j								VESr
estonian_south	bark_n	2		kuur’				kuːrʲ		k uː rʲ	3	c								SI
estonian_standard	bark_n	1		puukoor		puukoor		puːkoːr		p uː k oː r	3	c				"Comp.; ""puu"" 'tree'"				SVSk
finnish_standard	bark_n	1		kaarna		kaarna		kɑːrnɑ		k ɑː r n ɑ	1	a	germanic_or baltic	possible					Junttila2015, LAGLOS	JL
hungarian	bark_n	1		kéreg		keereg		keːrɛɡ		k eː r ɛ ɡ	6	f					"Deriv.; ""fa"" 'tree'"			FMSz
hungarian	bark_n	2		fakéreg		fakeereg		fɒkeːrɛɡ		f ɒ k eː r ɛ ɡ	6	f					"Deriv.; ""fa"" 'tree'"			FMSz
ingrian	bark_n	1		kōri		kōri		koːri		k oː r i	3	c								InkmSk
karelian_proper	bark_n	1		koarna				koɑrnɑ		k o ɑ r n ɑ	1	a	germanic_or baltic	possible					Junttila2015, LAGLOS	KKSV
karelian_proper	bark_n	2		koja				kojɑ		k o j ɑ	2	b								KKSV
khanty_vakh_vasyugan	bark_n	1		kär		kär		kær		k æ r	6	f								DEWbOstj
komi_permyak	bark_n	1		kać		kać		kɑtɕ		k ɑ tɕ	10	j								KoPRSl
komi_zyrian	bark_n	1		ki̮rś		ki̮rś		kɯrɕ		k ɯ r ɕ	3	c					Deriv.?; vowel correspondence irregular			SyrjWsch
livonian_courland	bark_n	1		kūoŗ				kuːorʲ		k uː o rʲ	3	c								LivWb
mansi_sosva	bark_n	1		jiw-sūl		jiw-sūl		jiw-suːl		j i w s uː l	7	g				"""Jiw"" 'tree'; ""sūl"" possibly loan from Udmurt"				WogWb
mansi_sosva	bark_n	2		kēr		kēr		keːr		k eː r	6	f				Generally 'rind'				WogWb
mari_hill	bark_n	1		karɣə̑ž				kɑrɣəʒ		k ɑ r ɣ ə ʒ	13	m			Cognacy reference lacking	Possible compound.		SES		
mari_meadow	bark_n	1		šüm		šüm		ʃym		ʃ y m	8	h				"Homonymous with ""šüm"" 'heart'"				SMSk, TscherWb
moksha	bark_n	1		ker				ker		k e r	6	f						SES, UEW		
nenets_tundra	bark_n	1		syabt°				sʲɑbt		sʲ ɑ b t	9	i								JurSWb
nganasan	bark_n	1		kasu		kasu		kɑsu		k ɑ s u	10	j								SlNgaRus
nganasan	bark_n	2		kasuə		kasuə		kɑsuə		k ɑ s u ə	10	j								SlNgaRus
proto_uralic	bark_n	1		*keri				keri		k e r i	6	f				'Rind, bark'				UEW, Sam88
proto_uralic	bark_n	2		*końćkV ?				koɲt͡sʲkV		k o ɲ t͡sʲ k V	10	j				'Bast, bark'				UEW, Sam88
saami_inari	bark_n	1		korrâ				korːə		k o rː ə	6	f						SES, Lehtiranta2001		
saami_inari	bark_n	2		párkku				pærkːu		p æ r kː u	5	e								InsSSk
saami_kildin	bark_n	1		kērr		keerr		keːrː		k eː rː	6	f								WOLD
saami_kildin	bark_n	2		pārrhk		paarrk		pɑːr̥ːk		p ɑː r̥ː k	5	e	north germanic	clear					Riessler2009	WOLD
saami_kildin	bark_n	3		pēss’		peessʹ		peːsːʲ		p eː sːʲ	11	k								WOLD
saami_north	bark_n	1		bárku				pɑːrku		p ɑː r k u	5	e	north germanic	clear					SSA	SSSg
saami_pite	bark_n	1		skälla				skælːɑ		s k æ lː ɑ	12	l								EZ
saami_skolt	bark_n	1		kõrr				kərː		k ə rː	6	f								SKosSk
saami_south	bark_n	1		gïrre				ɡɨrːe		ɡ ɨ rː e	6	f						SES, Lehtiranta2001		
saami_south	bark_n	2		baarhkoe				bɑːrhkue		b ɑː r h k u e	5	e	north germanic	clear					SSA	NSsNdb
saami_ume	bark_n	1		bàrˈkoo				pɑrˈkoː		p ɑ rˈ k oː	5	e	north germanic	clear					SSA	WbWlap
selkup_northern	bark_n	1		qāsə		qāsə		qɑːsə		q ɑː s ə	10	j								SolkWb
udmurt	bark_n	1		kur		kur		kur		k u r	6	f								WotjWsch
udmurt	bark_n	2		sul		sul		sul		s u l	7	g								WotjWsch
veps	bark_n	1		korʹ				korʲ		k o rʲ	3	c								NRVS
votic_western	bark_n	1		kōri		kōri		koːri		k oː r i	3	c								VKJMS
erzya	bat	1		kedʹńimilʹav		kedʹńimilʹav		kedʲɲimiʎɑv		k e dʲ ɲ i m i ʎ ɑ v	6	f								MordWb
erzya	bat	2		kedʹnarmuń		kedʹnarmuń		kedʲnɑrmuɲ		k e dʲ n ɑ r m u ɲ	6	f								MordWb
estonian_south	bat	1		nahkhiir'				nɑhkhiːrʲ		n ɑ h k h iː rʲ	3	c				Lit. 'leather-mouse'				VESr
estonian_south	bat	2		üüsisas	üüsisask'			yːsisɑs		yː s i s ɑ s	13	m								VESr
estonian_standard	bat	1		nahkhiir		nahkhiir		nɑhkhiːr		n ɑ h k h iː r	3	c				Lit. 'leather-mouse'				SVSk
finnish_standard	bat	1		lepakko		lepakko		le̞pɑkːo̞		l e̞ p ɑ kː o̞	1	a								JL
hungarian	bat	1		denevér		deneveer		dɛnɛveːr		d ɛ n ɛ v eː r	9	i								FMSz
ingrian	bat	1		lepakko		lepakko		lepɑkːo		l e p ɑ kː o	1	a								InkmSk
karelian_proper	bat	1		lievo	lievoi			lievo		l i e v o	1	a					"Also ""yöliivo(i)"", ""yö"" 'night'"			KKSV
karelian_proper	bat	2		nahkasiipi				nɑhkɑsiːpi		n ɑ h k ɑ s iː p i	18	q				Lit. 'leather-wing'				KKSV
khanty_vakh_vasyugan	bat	1		ńur-păjlaŋ		ńur-păjlaŋ		ɲur-pɑ̆jlɑŋ		ɲ u r p ɑ ̆ j l ɑ ŋ	12	l								DEWbOstj
komi_permyak	bat	1		kušbord		kušbord		kuʃbord		k u ʃ b o r d	17	q				Lit. 'bare-wing'				KoPRSl
komi_zyrian	bat	1		bordja-ši̮r		borda-ši̮r		bordɑ-ʃɯr		b o r d ɑ ʃ ɯ r	8	h				Comp., lit. 'winged-mouse'				SyrjWsch
livonian_courland	bat	1		siks-pārmaz				siks-pɑːrmɑz		s i k s p ɑː r m ɑ z	4	d			"Cf. Latv. ""sikspārnis"" 'bat'"					LivWb
mansi_sosva	bat	1		tōr-towlap		tōr-towlap		toːr-towlɑp		t oː r t o w l ɑ p	11	k								WogWb
mari_hill	bat	1		cäräɣek				t͡særæɣek		t͡s æ r æ ɣ e k	21	u						SES		
mari_hill	bat	2		cäräɣalja				t͡særæɣɑljɑ		t͡s æ r æ ɣ ɑ l j ɑ	21	u						SES		
mari_meadow	bat	1		βoδə̑βə̑čə̑raŋge		βoδə̑βə̑čə̑raŋge		βoðəβətʃərɑŋɡe		β o ð ə β ə tʃ ə r ɑ ŋ ɡ e	7	g								SMSk, TscherWb
moksha	bat	1		vəndŕav				vəndrʲɑv		v ə n d rʲ ɑ v	20	t								
nenets_tundra	bat	1	form_not_found																	JurSWb
nganasan	bat	1	form_not_found																	SlNgaRus
proto_uralic	bat	1	not_reconstructable																	
saami_inari	bat	1	form_not_found																	InsSSk
saami_kildin	bat	1		kɨrr’tej-sāhpliŋk		kə̑rrʹtej-saahpliŋk		kɨrːʲtej-sɑːhpliŋk		k ɨ rːʲ t e j s ɑː h p l i ŋ k	5	e								WOLD
saami_north	bat	1		girdisáhpán				kirtisɑːhpɑːn		k i r t i s ɑː h p ɑː n	5	e								SSSg
saami_north	bat	2		náhkkẹsoadji				nɑːhkːesoɑɟi		n ɑː h kː e s o ɑ ɟ i	18	r	finnic	clear		Lit. 'leather-wing'; “náhkkẹ” loan from Fin			MH	SSSg
saami_pite	bat	1	form_not_found																	EZ
saami_skolt	bat	1		čåuddsuäjj				t͡ʃɔudːsuæjː		t͡ʃ ɔ u dː s u æ jː	20	t								SKosSk
saami_south	bat	1	form_not_found																	NSsNdb
saami_ume	bat	1	form_not_found																	WbWlap
selkup_northern	bat	1	form_not_found																	SolkWb
udmurt	bat	1		urt-ki̮tš		urt-ki̮č		urt-kɯtʃ		u r t k ɯ tʃ	10	j								WotjWsch
veps	bat	1		öläpäk				ølæpæk		ø l æ p æ k	19	s				"Comp.; ""ö"" 'night', ""läpäk"" cf. Fin ""lepakko"" 'bat'"				VVS
votic_western	bat	1		ǖ-лak̄		ǖ-lak̄		yː-lɑkː		yː l ɑ kː	15	o				"Comp.; ""ǖ"" 'night'"				VKJMS
votic_western	bat	2		öölakko				øːlɑkːo		øː l ɑ kː o	15	o				"Comp.; ""ǖ"" 'night'"				VKJMS
erzya	bathe	1		paŕams		paŕams		pɑrʲɑms		p ɑ rʲ ɑ m s	7	g	russian	clear					CygankinMosin2015	MordWb
erzya	bathe	2		šlʹams		šlʹams		ʃʎɑms		ʃ ʎ ɑ m s	8	h								MordWb
estonian_south	bathe	1		tsuklõma				tsuklɤmɑ		t s u k l ɤ m ɑ	14	n								VESr
estonian_standard	bathe	1		supelda		kümmelta		kymːeltɑ		k y mː e l t ɑ	15	p								
estonian_standard	bathe	2		kümmelda		kümmelta		kymːeltɑ		k y mː e l t ɑ	1	a								
finnish_standard	bathe	1		kylpeä		külpeä		kylpe̞æ		k y l p e̞ æ	1	a								JL
hungarian	bathe	1		fürdik		fürdik		fyrdik		f y r d i k	11	k								FMSz
ingrian	bathe	1		külpīssä		külpīssä		kylpiːsːæ		k y l p iː sː æ	1	a								InkmSk
karelian_proper	bathe	1		kylpie				kylpie		k y l p i e	1	a								KKSV
khanty_vakh_vasyugan	bathe	1		pö̭ɣǝl-		pö̭ɣəl-		pø̻ɣəl-		p ø̻ ɣ ə l	10	j								DEWbOstj
komi_permyak	bathe	1		kupajćći̮ni̮		kupajćći̮ni̮		kupɑjtɕːɯnɯ		k u p ɑ j tɕː ɯ n ɯ	2	b	russian	clear					Rogov1869	KoPRSl
komi_permyak	bathe	2		miśśi̮ni̮		miśśi̮ni̮		miɕːɯnɯ		m i ɕː ɯ n ɯ	9	i	proto-indo-european	possible					Koivulehto1971	KoPRSl
komi_zyrian	bathe	1		kupajtči̮ni̮		pi̮lśi̮ni̮		pɯlɕɯnɯ		p ɯ l ɕ ɯ n ɯ	10	j								SyrjWsch
livonian_courland	bathe	1		gilgõ				ɡilɡɯ		ɡ i l ɡ ɯ	1	a				'Bathe in open water'				LivWb
livonian_courland	bathe	2		plūndartõ				pluːndɑrtɯ		p l uː n d ɑ r t ɯ	4	r								
livonian_courland	bathe	3		pluņtšõ				pluɲt͡ʃɯ		p l u ɲ t͡ʃ ɯ	4	r								
mansi_sosva	bathe	1		puwli		puwli		puwli		p u w l i	10	j								WogWb
mari_hill	bathe	1		nüštəläš				nyʃtəlæʃ		n y ʃ t ə l æ ʃ	5	s								
mari_meadow	bathe	1		muškə̑ltam		muškə̑ltam		muʃkəltɑm		m u ʃ k ə l t ɑ m	9	i	proto-indo-european	possible					Koivulehto1971	SMSk, TscherWb
moksha	bathe	1		äšel'ams				æʃelʲɑms		æ ʃ e lʲ ɑ m s	8	h								
nenets_tundra	bathe	1		pədyer-				pədʲer-		p ə dʲ e r	12	l								JurSWb
nganasan	bathe	1	form_not_found																	SlNgaRus
proto_uralic	bathe	1	not_reconstructable																	
saami_inari	bathe	1		lávguđ				lævɡuð		l æ v ɡ u ð	6	f	north germanic	clear					SSA	InsSSk
saami_kildin	bathe	1		vūjnedte		vuujnedde		vuːjnedːe		v uː j n e dː e	3	c								WOLD
saami_north	bathe	1		lávggodit				lɑːvkkotit		l ɑː v k k o t i t	6	f	north germanic	clear					Sammallahti1998, SSA	SSSg
saami_pite	bathe	1		lávgudit	lávvgot			lɑːvkutit		l ɑː v k u t i t	6	f	north germanic	clear					SSA	EZ
saami_skolt	bathe	1		lääuǥõõttäd	laauǥõõttâd			læːuɣəːtːæd		l æː u ɣ əː tː æ d	6	f	north germanic	clear					SSA	SKosSk
saami_skolt	bathe	2		läuggad				læuɡːɑd		l æ u ɡː ɑ d	6	f	north germanic	clear					SSA	SKosSk
saami_south	bathe	1		laavkodh				lɑːvkodh		l ɑː v k o d h	6	f								NSsNdb
saami_ume	bathe	1		vuajadit				vuɑjɑtit		v u ɑ j ɑ t i t	3	c						SES	SSA	WbWlap
saami_ume	bathe	2		lávgguot				lɑːvkkuot		l ɑː v k k u o t	6	f								
selkup_northern	bathe	1		ūr-		ūr-		uːr-		uː r	13	m					"Deriv. from ""ū-"" 'swim'"			SolkWb
udmurt	bathe	1		pi̮laśki̮ni̮		pi̮laśki̮ni̮		pɯlɑɕkɯnɯ		p ɯ l ɑ ɕ k ɯ n ɯ	10	j								WotjWsch
veps	bathe	1		külʹptas				kylʲptɑs		k y lʲ p t ɑ s	1	a								VVS
votic_western	bathe	1		rüvetä		rüvetä		tʃylpemæ		tʃ y l p e m æ	16	o								
erzya	be_hungry	1		vačoči		vačoči		vɑtʃotʃi		v ɑ tʃ o tʃ i	3	c				Noun 'hunger'				MordWb
estonian_south	be_hungry	1		näläne	nälläne			nælæne		n æ l æ n e	1	a								VESr
estonian_standard	be_hungry	1		näljane olla		näljane olla		næljɑne olːɑ		n æ l j ɑ n e o lː ɑ	1	a								SVSk
finnish_standard	be_hungry	1		olla nälkäinen		olla nälkäinen		o̞lːɑ nælkæine̞n		o̞ lː ɑ n æ l k æ i n e̞ n	1	a								JL
hungarian	be_hungry	1		éhesnek lenni		eehešnek lenni		eːɦɛʃnɛk lɛnːi		eː ɦ ɛ ʃ n ɛ k l ɛ nː i	5	e				"""Éhes"" 'hungry'"				FMSz
ingrian	be_hungry	1		nälɢähīn		nälɢähīn		nælɡ̥æhiːn		n æ l ɡ̥ æ h iː n	1	a				Adjective 'hungry'				InkmSk
karelian_proper	be_hungry	1		olla nälkähine				olːɑ nælkæhine		o lː ɑ n æ l k æ h i n e	1	a								KKSV
khanty_vakh_vasyugan	be_hungry	1		lilǝɣ	ilǝɣ	liləɣ	iləɣ	liləɣ	iləɣ	l i l ə ɣ	10	j				"Adjective 'hungry'; deriv. from ""li-"" 'eat'"				DEWbOstj
komi_permyak	be_hungry	1		či̮g		či̮g		tʃɯɡ		tʃ ɯ ɡ	4	d				Adj. 'hungry'				KoPRSl
komi_zyrian	be_hungry	1		č̣i̮g ovni̮		či̮g_ovni̮		tʃɯɡ ovnɯ		t ʃ ɯ ɡ o v n ɯ	4	d				Lit. 'be hungry'				SyrjWsch
livonian_courland	be_hungry	1		nǟlgas vȱlda				næːlɡɑs vɤːldɑ		n æː l ɡ ɑ s v ɤː l d ɑ	1	a				Lit. 'be in hunger'				LivWb
mansi_sosva	be_hungry	1		ētɣalawe		ētɣalawe		eːtɣɑlɑwe		eː t ɣ ɑ l ɑ w e	8	h								WogWb
mari_hill	be_hungry	1		šužaš				ʃuʒɑʃ		ʃ u ʒ ɑ ʃ	6	f			Cognacy reference lacking			SES		
mari_meadow	be_hungry	1		šužem		šužem		ʃuʒem		ʃ u ʒ e m	6	f								SMSk, TscherWb
moksha	be_hungry	1		vačems				vɑt͡ʃems		v ɑ t͡ʃ e m s	3	c			Cognacy reference lacking			SES		
nenets_tundra	be_hungry	1		ŋəworcya-				ŋəwort͡sʲɑ-		ŋ ə w o r t͡sʲ ɑ	12	l			Cognacy reference lacking		Lit.'be without food'	MdH		JurSWb
nganasan	be_hungry	1		honəntuə		honəntuə		honəntuə		h o n ə n t u ə	11	k				"'Hungry', form of ""honedʹa"" 'get hungry'"				SlNgaRus
nganasan	be_hungry	2		ŋamnantuə		ŋamnantuə		ŋɑmnɑntuə		ŋ ɑ m n ɑ n t u ə	9	i				"'Hungry', form of ""ŋamnantusa"" 'be hungry'"				SlNgaRus
proto_uralic	be_hungry	1	not_reconstructable																	UEW, Sam88
saami_inari	be_hungry	1		niälguđ				niælɡuð		n i æ l ɡ u ð	1	a				'Become hungry'				InsSSk
saami_kildin	be_hungry	1		njāllke		ńaallke		ɲɑːlːke		ɲ ɑː lː k e	1	a								WOLD
saami_north	be_hungry	1		leat nealggis				leæt neælkkis		l e æ t n e æ l k k i s	1	a				Lit. 'be hungry'				SSSg
saami_pite	be_hungry	1		nielgen				nielken		n i e l k e n	1	a				'Hungry'				EZ
saami_skolt	be_hungry	1		neälǥlaž				neælɣlɑʒ		n e æ l ɣ l ɑ ʒ	1	a				Adjective 'hungry'				SKosSk
saami_south	be_hungry	1		bårrestovvedh				bɔrːestovːedh		b ɔ rː e s t o vː e d h	2	b					"Deriv. from ""bårredh"" 'eat'"			NSsNdb
saami_south	be_hungry	2		nealkodh				neɑlkodh		n e ɑ l k o d h	1	a								NSsNdb
saami_ume	be_hungry	1		neälˈgoot				neælˈkoːt		n e æ lˈ k oː t	1	a								WbWlap
selkup_northern	be_hungry	1		amnam-		amnam-		ɑmnɑm-		ɑ m n ɑ m	9	i					"Deriv. from ""am-"" 'eat up'"			SolkWb
udmurt	be_hungry	1		śutem uli̮ni̮		śutem		ɕutem		ɕ u t e m	7	g				Adj. 'hungry'				WotjWsch
veps	be_hungry	1		ńälʹktuda				nʲælʲktudɑ		nʲ æ lʲ k t u d ɑ	1	a				Latter lit. 'be in hunger'				VVS
veps	be_hungry	2		olda ńälʹgäs				oldɑ nʲælʲɡæs		o l d ɑ nʲ æ lʲ ɡ æ s	1	a				Latter lit. 'be in hunger'				VVS
votic_western	be_hungry	1		nällez e̮lla		nällez_e̮lla		nælːez ɤlɤmɑ		n æ lː e z ɤ l ɤ m ɑ	1	a				Lit. 'be in hunger'				VKJMS
erzya	because	1		śeks		śeks		ɕeks		ɕ e k s	2	b								MordWb
erzya	because	2		śeks meks		śeks_meks		ɕeks meks		ɕ e k s m e k s	7	g				"""Śeks"" by itself 'because'"				MordWb
estonian_south	because	1		selle				selːe		s e lː e	2	b								VESr
estonian_standard	because	1		sellepärast (et)		sellepärast(et)		selːepærɑst(et)			9	i				"Comp.; “selle pärast” ''because of it'; ""et"" used as subord. conj."				SVSk
finnish_standard	because	1		koska		koska		ko̞skɑ		k o̞ s k ɑ	1	a								JL
hungarian	because	1		mert		mert		mɛrt		m ɛ r t	5	e								FMSz
hungarian	because	2		mivel		mivel		mivɛl		m i v ɛ l	5	e								FMSz
ingrian	because	1		sem peräst		sem_peräst		sem peræst		s e m p e r æ s t	9	i								InkmSk
ingrian	because	2		sentǟ		sentǟ		sentæː		s e n t æː	6	f								InkmSk
ingrian	because	3		sentǟ		sentǟ		sentæː		s e n t æː	2	b								InkmSk
ingrian	because	4		sem peräst		sem_peräst		sem peræst		s e m p e r æ s t	2	b								InkmSk
karelian_proper	because	1		kuin				kuin		k u i n	1	a				Deriv.; subord. conj.				KKSV
karelian_proper	because	2		sentäh(en)				sentæhen		s e n t æ h e n	6	f				"Comp.; ""sen tähen"" 'because of it'"				KKSV
karelian_proper	because	3		siksi (kuin)				siksi kuin		s i k s i k u i n	2	b				"""Kuin"" used as subord. conj."				KKSV
khanty_vakh_vasyugan	because	1		merǝ		merə		merə		m e r ə	12	l				'Because of, during'; postposition				DEWbOstj
komi_permyak	because	1		da		da		dɑ		d ɑ	15	o	russian	clear					KoPRSl	KoPRSl
komi_permyak	because	2		siʒ́ ki̮ʒ́		siʒ́ ki̮ʒ́		sidʑ kɯdʑ		s i d ʑ k ɯ d ʑ	17	q				'So that'; used as conjunction				KoPRSl, RB
komi_zyrian	because	1		si̮ ponda		si̮_ponda		sɯ pondɑ		s ɯ p o n d ɑ	4	d								SyrjWsch
komi_zyrian	because	2		si̮ ve̮sna		si̮_ve̮sna		sɯ vɤsnɑ		s ɯ v ɤ s n ɑ	10	j								SyrjWsch
livonian_courland	because	1		ku				ku		k u	1	a					Subord. conj.			LivWb
livonian_courland	because	2		sīepierāst				siːepierɑːst		s iː e p i e r ɑː s t	9	i				'Because of it'				LivWb
livonian_courland	because	3		sìestõ				siestɯ		s i e s t ɯ	2	b				Latter lit. 'because of it'				LivWb
mansi_sosva	because	1	form_not_found														No freestanding word?			WogWb
mari_hill	because	1		senδon				senðon		s e n ð o n	2	b			Cognacy of seδə- with Mordvin and Finnic forms uncertain			SSA		
mari_hill	because	2		seδənδon				seðənðon		s e ð ə n ð o n	2	b			Cognacy of seδə- with Mordvin and Finnic forms uncertain			SSA		
mari_meadow	because	1		sandene		sandene		sɑndene		s ɑ n d e n e	2	b			"""-dene"" 'at' from PFU *tarɜ 'near'"					SMSk, TscherWb
mari_meadow	because	2		satlan	saδlan	satlan	saδlan	sɑtlɑn	sɑðlɑn	s ɑ t l ɑ n	8	h					"Deriv. from ""sade"" 'that'"			SMSk, TscherWb
moksha	because	1		śas				sʲɑs		sʲ ɑ s	2	b			Cognacy of stem śa-			SSA		
nenets_tundra	because	1		ŋədy°bya-				ŋədʲbʲɑ-		ŋ ə dʲ bʲ ɑ	13	m								JurSWb
nganasan	because	1		ńīðə		ńīδə		ɲiːðə		ɲ iː ð ə	13	m								SlNgaRus
nganasan	because	2		suəbəsi̮		suəbəsi̮		suəbəsɯ		s u ə b ə s ɯ	18	r								SlNgaRus
proto_uralic	because	1	not_reconstructable																	UEW, Sam88
saami_inari	because	1		jo				jo		j o	14	n								InsSSk
saami_inari	because	2		koas	kuás			koɑs		k o ɑ s	1	a								InsSSk
saami_inari	because	3		tondeet	tondiet			tondeːt		t o n d eː t	3	c								InsSSk
saami_kildin	because	1		guejke		guejke		ɡuejke		ɡ u e j k e	1	a								WOLD
saami_north	because	1		danne				tɑnːe		t ɑ nː e	3	c								SSSg
saami_pite	because	1		dajna gu				tɑjnɑ ku		t ɑ j n ɑ k u	3	c			"Cogn. with Fin ""jotta"" '(so) that, in order to'"					EZ
saami_skolt	because	1		tõndiõtt				təndiətː		t ə n d i ə tː	3	c								SKosSk
saami_skolt	because	2		tõʹnt				tənʲt		t ə nʲ t	3	c								SKosSk
saami_south	because	1		jihkie				jihkie		j i h k i e	16	p								NSsNdb
saami_south	because	2		juktie				juktie		j u k t i e	14	n			"Cogn. with Fin ""jotta"" '(so) that, in order to'"					NSsNdb
saami_ume	because	1		diaht(a)				tiɑhtɑ		t i ɑ h t ɑ	3	c								WbWlap
selkup_northern	because	1	form_not_found														No independent word?			SolkWb
udmurt	because	1		mali̮ ke šuono		mali̮_ke_šuono		mɑlɯ ke ʃuono		m ɑ l ɯ k e ʃ u o n o	11	k								WotjWsch
veps	because	1		sikš				sikʃ		s i k ʃ	2	b								VVS
votic_western	because	1		sissi		sissi		sisːi		s i sː i	2	b								VKJMS
erzya	become	1		arams		arams		ɑrɑms		ɑ r ɑ m s	7	g								MordWb
erzya	become	2		tʹejevems		tʹejevems		tʲejevems		tʲ e j e v e m s	2	b								MordWb
estonian_south	become	1		saama				sɑːmɑ		s ɑː m ɑ	3	c	indo-iranian	clear					Holopainen2019, Parpola2010, Koivulehto1999	VESr
estonian_standard	become	1		saada		saata		sɑːtɑ		s ɑː t ɑ	3	c	indo-iranian	clear		'Get, become'			Holopainen2019, Parpola2010, Koivulehto1999	SVSk
estonian_standard	become	2		tulla		tulla		tulːɑ		t u lː ɑ	1	a				'Come, become'				SVSk
finnish_standard	become	1		tulla		tulla		t̪ulːɑ		t̪ u lː ɑ	1	a				'Come, become'				JL
hungarian	become	1		lesz		less		lɛsː		l ɛ sː	4	d			From PFU *le- 'be, become'	Become, be (fut.)'; argument marked with “-vé/vá”				FMSz
hungarian	become	2		válik		vaalik		vaːlik		v aː l i k	14	n				'Become, change'; argument marked with “-vé/vá”				FMSz
ingrian	become	1		sāv̆va		sāv̆va		sɑːv̆vɑ		s ɑː v ̆ v ɑ	3	c								InkmSk
karelian_proper	become	1		tulla				tulːɑ		t u lː ɑ	1	a				'Come, become'				KKSV
khanty_vakh_vasyugan	become	1		jǝ-		jə-		jə-		j ə	13	m				"'Become, begin'; deriv. from ""jö̆-"" 'come'"				DEWbOstj
komi_permyak	become	1		loni̮		loni̮		lonɯ		l o n ɯ	4	d			From PFU *le- 'be, become'					KoPRSl
komi_zyrian	become	1		loni̮		loni̮		lonɯ		l o n ɯ	4	d			From PFU *le- 'be, become'					SyrjWsch
livonian_courland	become	1		līdõ				liːdɯ		l iː d ɯ	4	d			From PFU *le- 'be, become'					LivWb
livonian_courland	become	2		sōdõ				soːdɯ		s oː d ɯ	3	c	indo-iranian	clear					Holopainen2019, Parpola2010, Koivulehto1999	LivWb
mansi_sosva	become	1		taχi		taχi		tɑxi		t ɑ x i	10	j								WogWb
mansi_sosva	become	2		wārχati		wārχati		wɑːrxɑti		w ɑː r x ɑ t i	9	i					"Deriv. from ""wāri"" 'do, make, cause'"			WogWb
mari_hill	become	1		liäš				liæʃ		l i æ ʃ	4	d								
mari_meadow	become	1		lijam		lijam		lijɑm		l i j ɑ m	4	d			From PFU *le- 'be, become'	'Be, can, become'				SMSk, TscherWb
mari_meadow	become	2		šuam		šuam		ʃuɑm		ʃ u ɑ m	3	c	indo-iranian	clear					Holopainen2019, Parpola2010, Koivulehto1999, Bereczki2013	SMSk, TscherWb
moksha	become	1		arams				ɑrɑms		ɑ r ɑ m s	7	g								
nenets_tundra	become	1		xæsy°				xæsʲ		x æ sʲ	11	k				'Leave, depart, become'				JurSWb
nganasan	become	1		koni̮dʹi		koni̮dʹi		konɯdʲi		k o n ɯ dʲ i	15	o								SlNgaRus
nganasan	become	2		iśa koni̮dʹi		iśa_koni̮dʹi		iɕɑ konɯdʲi		i ɕ ɑ k o n ɯ dʲ i	15	o								SlNgaRus
proto_uralic	become	1	not_reconstructable																	
saami_inari	become	1		šoddâđ				ʃodːəð		ʃ o dː ə ð	5	e	finnic	clear	Cf. Fin “süntü-” 'be born'				SSA	InsSSk
saami_kildin	become	1		šēnnte		šeennte		ʃeːnːte		ʃ eː nː t e	5	e	finnic	clear	Cf. Fin “süntü-” 'be born'				Riessler2009	WOLD
saami_north	become	1		boahtit				poɑhtit		p o ɑ h t i t	6	f			Cf. Fin “süntü-” 'be born'					SSSg
saami_north	become	2		šaddat				ʃɑttɑt		ʃ ɑ t t ɑ t	5	e	finnic	clear	Cf. Fin “süntü-” 'be born'				Aikio2007, Sammallahti1998	SSSg
saami_pite	become	1		sjaddat				sjɑttɑt		s j ɑ t t ɑ t	5	e	finnic	clear	Cf. Fin “süntü-” 'be born'	'Grow, become'			SSA	EZ
saami_skolt	become	1		šõddâd				ʃədːɐd		ʃ ə dː ɐ d	5	e	finnic	clear	Cf. Fin “süntü-” 'be born'				SSA	SKosSk
saami_south	become	1		sjïdtedh				ɕɨdtedh		ɕ ɨ d t e d h	5	e	finnic	clear	Cf. Fin “süntü-” 'be born'				SSA	NSsNdb
saami_ume	become	1		sjadˈdat				ɕɑtˈtɑt		ɕ ɑ tˈ t ɑ t	5	e	finnic	clear	Cf. Fin “süntü-” 'be born'	'Grow, become'			SSA	WbWlap
selkup_northern	become	1		esu-		esu-		esu-		e s u	12	l								SolkWb
udmurt	become	1		lui̮ni̮		lui̮ni̮		luɯnɯ		l u ɯ n ɯ	4	d			From PFU *le- 'be, become'	'Become, be, be possible'				WotjWsch
veps	become	1		t́ehtas				tʲextɑs		tʲ e x t ɑ s	2	b			From PFU *teki- 'do'					VVS
votic_western	become	1		tulla		tulla		tulɤmɑ		t u l ɤ m ɑ	1	a								VKJMS
erzya	begin	1		karmams		karmams		kɑrmɑms		k ɑ r m ɑ m s	5	e								MordWb
erzya	begin	2		ušodoms		ušodoms		uʃodoms		u ʃ o d o m s	4	d								MordWb
erzya	begin	3		ustavams		ustavams		ustɑvɑms		u s t ɑ v ɑ m s	6	f								MordWb
estonian_south	begin	1		algnõma				ɑlɡnɤmɑ		ɑ l ɡ n ɤ m ɑ	1	a								VESr
estonian_standard	begin	1		alata		alatta		ɑlɑtːɑ		ɑ l ɑ tː ɑ	1	a								SVSk
finnish_standard	begin	1		alkaa		alkaa		ɑlkɑː		ɑ l k ɑː	1	a								JL
hungarian	begin	1		kezd		kezd		kɛzd		k ɛ z d	9	i								FMSz
hungarian	begin	2		elkezd		elkezd		ɛlkɛzd		ɛ l k ɛ z d	9	i								FMSz
hungarian	begin	3		megkezd		mekkezd		mɛkːɛzd		m ɛ kː ɛ z d	9	i								FMSz
ingrian	begin	1		alkua		alkua		ɑlkuɑ		ɑ l k u ɑ	1	a								InkmSk
karelian_proper	begin	1		alkoa				ɑlkoɑ		ɑ l k o ɑ	1	a								KKSV
khanty_vakh_vasyugan	begin	1		jǝ-		jə-		jə-		j ə	3	c					"Deriv. of ""jö̆-"" 'come, arrive'"			DEWbOstj
komi_permyak	begin	1		ponde̮tći̮ni̮		ponde̮tći̮ni̮		pondɤttɕɯnɯ		p o n d ɤ t tɕ ɯ n ɯ	17	q					"Deriv. from ""pon-"" 'end'"			KoPRSl
komi_permyak	begin	2		ponde̮tni̮		ponde̮tni̮		pondɤtnɯ		p o n d ɤ t n ɯ	17	q					"Deriv. from ""pon-"" 'end'"			KoPRSl
komi_zyrian	begin	1		kutni̮		kutni̮		kutnɯ		k u t n ɯ	7	g				'Hold, own, begin'				SyrjWsch
livonian_courland	begin	1		irgõ				irɡɯ		i r ɡ ɯ	2	b								LivWb
mansi_sosva	begin	1		ōwəltaχti		ōwəltaχti		oːwəltɑxti		oː w ə l t ɑ x t i	11	k					"Deriv. from ""ōwəl"" 'end, beginning, edge'"			WogWb
mansi_sosva	begin	2		pati		pati		pɑti		p ɑ t i	12	l				'Fall, begin, become'				WogWb
mansi_sosva	begin	3		patiɣli		patiɣli		pɑtiɣli		p ɑ t i ɣ l i	12	l				'Fall, begin, become'				WogWb
mari_hill	begin	1		təngäläš				təŋɡælæʃ		t ə ŋ ɡ æ l æ ʃ	10	j								
mari_meadow	begin	1		tüŋalam		tüŋalam		tyŋɑlɑm		t y ŋ ɑ l ɑ m	10	j								SMSk, TscherWb
moksha	begin	1		ušedoms				uʃedoms		u ʃ e d o m s	4	d								
moksha	begin	2		ustavams				ustɑvɑms		u s t ɑ v ɑ m s	6	f								
nenets_tundra	begin	1		pyasy°				pʲɑsʲ		pʲ ɑ sʲ	13	m								JurSWb
nganasan	begin	1		huarudʹa		huarudʹa		huɑrudʲɑ		h u ɑ r u dʲ ɑ	13	m					Deriv. from PSd *pä- 'begin'?			SlNgaRus
proto_uralic	begin	1	not_reconstructable																	
saami_inari	begin	1		riemmâđ				riemːəð		r i e mː ə ð	15	o								InsSSk
saami_kildin	begin	1		all’ke		allʹke		ɑlːʲke		ɑ lːʲ k e	1	r	finnic	probable					Riessler2009	WOLD
saami_north	begin	1		álgit				ɑːlkit		ɑː l k i t	1	r	finnic	clear					Aikio2007, Sammallahti1998	SSSg
saami_pite	begin	1		álgeduvvut				ɑːlketuvːut		ɑː l k e t u vː u t	1	r	finnic	clear					SSA, UEW, Lehtiranta1989	EZ
saami_pite	begin	2		állget				ɑːlːket		ɑː lː k e t	1	r	finnic	clear					SSA, UEW, Lehtiranta1989	EZ
saami_skolt	begin	1		äʹǧǧled				æɟːled		æ ɟː l e d	1	r	finnic	clear					SSA, UEW, Lehtiranta1989	SKosSk
saami_south	begin	1		aelkedh				ɑelkedh		ɑ e l k e d h	1	r	finnic	clear					SSA, UEW, Lehtiranta1989	NSsNdb
saami_ume	begin	1		àlˈgeet				ɑlˈkeːt		ɑ lˈ k eː t	1	r	finnic	clear					SSA, UEW, Lehtiranta1989	WbWlap
saami_ume	begin	2		å̀lˈgat				ɔlˈkɑt		ɔ lˈ k ɑ t	1	r	finnic	clear					SSA, UEW, Lehtiranta1989	WbWlap
selkup_northern	begin	1		laqəkku-		laqəkku-		lɑqəkːu-		l ɑ q ə kː u	14	n					"Derivs. from ""laqə-"" 'move'"			SolkWb
selkup_northern	begin	2		laqalku-	laqolku-	laqalku-	laqolku-	lɑqɑlku-	lɑqolku-	l ɑ q ɑ l k u	14	n					"Derivs. from ""laqə-"" 'move'"			SolkWb
udmurt	begin	1		kutski̮ni̮		kutski̮ni̮		kutskɯnɯ		k u t s k ɯ n ɯ	7	g								WotjWsch
veps	begin	1		augotada				ɑuɡotɑdɑ		ɑ u ɡ o t ɑ d ɑ	1	a								VVS
votic_western	begin	1		alkā		alkā		ɑlkɑː		ɑ l k ɑː	1	a								VKJMS
votic_western	begin	2		nõisa		ne̮isa		nɤisɑ		n ɤ i s ɑ	16	p								VKJMS
erzya	behind	1		udalo		udalo		udɑlo		u d ɑ l o	5	e								MordWb
estonian_south	behind	1		takan	takah ~ takahn			tɑkɑn		t ɑ k ɑ n	1	a								VESr
estonian_standard	behind	1		taga		taka		tɑkɑ		t ɑ k ɑ	1	a								SVSk
finnish_standard	behind	1		takana		takana		t̪ɑkɑnɑ		t̪ ɑ k ɑ n ɑ	1	a								JL
hungarian	behind	1		mögött		mögött		møɡøtː		m ø ɡ ø tː	2	b								FMSz
ingrian	behind	1		tak̆kā		tak̆kā		tɑk̆kɑː		t ɑ k ̆ k ɑː	1	a								InkmSk
karelian_proper	behind	1		takana				tɑkɑnɑ		t ɑ k ɑ n ɑ	1	a								KKSV
khanty_vakh_vasyugan	behind	1		pi̮rnə		pi̮rnə		pɯrnə		p ɯ r n ə	3	c			"From stem ""pi̮r"" 'back', PUgr *purV-"					DEWbOstj
komi_permyak	behind	1		be̮ri̮n		be̮ri̮n		bɤrɯn		b ɤ r ɯ n	8	h								KoPRSl
komi_permyak	behind	2		saji̮n		saji̮n		sɑjɯn		s ɑ j ɯ n	7	g	iranian	possible					Holopainen2019, Koivulehto2001, Redei1986	KoPRSl
komi_zyrian	behind	1		saje̮n		saje̮n		sɑjɤn		s ɑ j ɤ n	7	g	iranian	possible			"From ""sai"" 'backside'"		Holopainen2019, Koivulehto2001, Redei1986	SyrjWsch
livonian_courland	behind	1		tagān				tɑɡɑːn		t ɑ ɡ ɑː n	1	a								LivWb
livonian_courland	behind	2		tagā				tɑɡɑː		t ɑ ɡ ɑː	1	a								LivWb
mansi_sosva	behind	1		sājt		sājt		sɑːjt		s ɑː j t	11	k	komi	clear					Redei1970	WogWb
mari_hill	behind	1		šaiə̑lnə̑				ʃɑiəlnə		ʃ ɑ i ə l n ə	7	g	iranian	possible	Derived from 'back'			Holopainen2019	Holopainen2019, Koivulehto2001, Redei1986	
mari_meadow	behind	1		šeŋgelne		šeŋgelne		ʃeŋɡelne		ʃ e ŋ ɡ e l n e	9	i								SMSk, TscherWb
moksha	behind	1		ftala				ftɑlɑ		f t ɑ l ɑ	5	e			Cognacy reference lacking			SES		
nenets_tundra	behind	1		tyax°na				tʲɑxnɑ		tʲ ɑ x n ɑ	1	a					"Form of stem ""tyaxə-"""			JurSWb
nganasan	behind	1		huə		huə		huə		h u ə	13	m								SlNgaRus
nganasan	behind	2		huənu		huənu		huənu		h u ə n u	13	m								SlNgaRus
nganasan	behind	3		takənu		takənu		tɑkənu		t ɑ k ə n u	1	a								SlNgaRus
proto_uralic	behind	1		*takana				tɑkɑnɑ		t ɑ k ɑ n ɑ	1	a								UEW, Sam88
saami_inari	behind	1		maajeeld				mɑːjeːld		m ɑː j eː l d	2	b								InsSSk
saami_inari	behind	2		tyehin				tyehin		t y e h i n	1	a								InsSSk
saami_kildin	behind	1		maŋ’el’t		maŋʹelʹt		mɑŋʲelʲt		m ɑ ŋʲ e lʲ t	2	b								WOLD
saami_north	behind	1		duohkin				tuohkin		t u o h k i n	1	a								SSSg
saami_pite	behind	1		duogen	duohkaj			tuoken		t u o k e n	1	a								EZ
saami_pite	behind	2		maŋŋelt				mɑŋːelt		m ɑ ŋː e l t	2	b								EZ
saami_skolt	behind	1		tuâǥǥ-				tuɐɣɣ-		t u ɐ ɣ ɣ	1	a								SKosSk
saami_south	behind	1		duekesne				duekesne		d u e k e s n e	1	a								NSsNdb
saami_ume	behind	1		såggèsna				sɔkkesnɑ		s ɔ k k e s n ɑ	4	d								WbWlap
selkup_northern	behind	1		tāk		tāk		tɑːk		t ɑː k	1	a					Locative postposition is an inflected form of this			SolkWb
udmurt	behind	1		śe̮ri̮n		śe̮ri̮n		ɕɤrɯn		ɕ ɤ r ɯ n	10	j								WotjWsch
veps	behind	1		taga				tɑɡɑ		t ɑ ɡ ɑ	1	a								VVS
votic_western	behind	1		takana		takana		tɑkɑnː		t ɑ k ɑ nː	1	a								VKJMS
erzya	belly	1		peke		peke		peke		p e k e	6	f								MordWb
estonian_south	belly	1		kõtt				kɤtː		k ɤ tː	3	c								VESr
estonian_standard	belly	1		kõht		kə̑ht		kɤht		k ɤ h t	3	c								SVSk
finnish_standard	belly	1		vatsa		vatsa		ʋɑt̪sɑ		ʋ ɑ t̪ s ɑ	1	a								JL
hungarian	belly	1		gyomor		ǵomor		ɟomor		ɟ o m o r	10	j	west old turkic	clear					WOT	FMSz
hungarian	belly	2		has		haš		hɒʃ		h ɒ ʃ	9	i								FMSz
ingrian	belly	1		vatsa		vatsa		vɑtsɑ		v ɑ t s ɑ	1	a								InkmSk
karelian_proper	belly	1		vattša				vɑtːʃɑ		v ɑ tː ʃ ɑ	1	a								KKSV
khanty_vakh_vasyugan	belly	1		kŏṇ		kŏṇ		kŏɳ		k o ̆ ɳ	13	m								DEWbOstj
khanty_vakh_vasyugan	belly	2		ont		ont		ont		o n t	14	n	iranian	possible					Korenchy1972	DEWbOstj
khanty_vakh_vasyugan	belly	3		poɣli̮		poɣli̮		poɣlɯ		p o ɣ l ɯ	16	p								DEWbOstj
komi_permyak	belly	1		ki̮ne̮m		ki̮ne̮m		kɯnɤm		k ɯ n ɤ m	17	q								KoPRSl
komi_zyrian	belly	1		ki̮ne̮m		ki̮ne̮m		ruʃ-ku		r u ʃ k u	17	q						SES, KESK		
komi_zyrian	belly	2		ruš-ku		ruš-ku		ruʃ-ku		r u ʃ k u	8	h				"Comp. with ""ku"" 'skin'"				SyrjWsch
livonian_courland	belly	1		mag				mɑɡ		m ɑ ɡ	2	d	germanic	clear					LAGLOS, SSA, NES	LivWb
mansi_sosva	belly	1		sim		sim		sim		s i m	12	l								WogWb
mansi_sosva	belly	2		sōriɣ		sōriɣ		soːriɣ		s oː r i ɣ	11	k								WogWb
mari_hill	belly	1		məškər				məʃkər		m ə ʃ k ə r	7	g						SES, Bereczki2013		
mari_meadow	belly	1		müškə̑r		müškə̑r		myʃkər		m y ʃ k ə r	7	g								SMSk, TscherWb
moksha	belly	1		pekä				pekæ		p e k æ	6	f						SES, Versinin2004		
nenets_tundra	belly	1		tyíw°				tʲiw		tʲ i w	5	e			Irregular correspondence of initial					JurSWb
nganasan	belly	1		čajbə		čajbə		tʃɑjbə		tʃ ɑ j b ə	5	e					Irregular correspondence of initial			SlNgaRus
proto_uralic	belly	1		*ćowja	ćojwa			t͡sʲowjɑ		t͡sʲ o w j ɑ	5	e					Only in Sa and Sd; phonetic correspondence not solid			UEW, Sam88
saami_inari	belly	1		čuávji				t͡ʃuævji		t͡ʃ u æ v j i	5	e								InsSSk
saami_kildin	belly	1		čuejjv		tšuejjv		tʃuejːv		t ʃ u e jː v	5	e								WOLD
saami_north	belly	1		čoavji				t͡ʃoɑvji		t͡ʃ o ɑ v j i	5	e								SSSg
saami_pite	belly	1		tjåjjve				cɔjːve		c ɔ jː v e	5	e								EZ
saami_skolt	belly	1		čåuʹjj				t͡ʃɔujʲː		t͡ʃ ɔ u jʲː	5	e								SKosSk
saami_south	belly	1		tjåejjie				t͡ɕɔejːie		t͡ɕ ɔ e jː i e	5	e								NSsNdb
saami_ume	belly	1		tjåìvee				cɔiveː		c ɔ i v eː	5	e								WbWlap
selkup_northern	belly	1		perkə		perkə		perkə		p e r k ə	15	o								SolkWb
udmurt	belly	1		ke̮t		ke̮t		kɤt		k ɤ t	3	c								WotjWsch
veps	belly	1		koht				koxt		k o x t	3	c								VVS
veps	belly	2		vac				vɑts		v ɑ t s	1	a								VVS
votic_western	belly	1		mako		mako		mɑko		m ɑ k o	2	d	germanic	clear					LAGLOS, SSA, NES	VKJMS
votic_western	belly	2		vattsa		vattsa		vɑtːsɑ		v ɑ tː s ɑ	1	a								VKJMS
erzya	berry	1		maŕ		maŕ		mɑrʲ		m ɑ rʲ	1	a								MordWb
estonian_south	berry	1		mari				mɑri		m ɑ r i	1	a								VESr
estonian_standard	berry	1		mari		mari		mɑri		m ɑ r i	1	a								SVSk
finnish_standard	berry	1		marja		marja		mɑrjɑ		m ɑ r j ɑ	1	a								JL
hungarian	berry	1		bogyó		boǵoo		boɟoː		b o ɟ oː	2	b								FMSz
ingrian	berry	1		marja		marja		mɑrjɑ		m ɑ r j ɑ	1	a								InkmSk
karelian_proper	berry	1		marja				mɑrjɑ		m ɑ r j ɑ	1	a								KKSV
khanty_vakh_vasyugan	berry	1		ul		ul		ul		u l	7	g								DEWbOstj
komi_permyak	berry	1		jage̮d		jage̮d		jɑɡɤd		j ɑ ɡ ɤ d	9	i	russian	clear					KoPRSl	KoPRSl
komi_zyrian	berry	1		tuś		tuś		tuɕ		t u ɕ	5	e	volga bulgar turkic	clear		'Seed, berry'			Csucs2005	SyrjWsch
livonian_courland	berry	1		mōŗa				moːrʲɑ		m oː rʲ ɑ	1	a								LivWb
mansi_sosva	berry	1		pil	pīl	pil	pīl	pil	piːl	p i l	2	b								WogWb
mari_hill	berry	1	form_not_found																	
mari_meadow	berry	1	form_not_found																	
moksha	berry	1		imoš				imoʃ		i m o ʃ	10	j	tatar	clear	An independent Tatar borrowing			Paasonen1897	Paasonen1897	
nenets_tundra	berry	1		ŋodya				ŋodʲɑ		ŋ o dʲ ɑ	7	g								JurSWb
nganasan	berry	1		ŋuta		ŋuta		ŋutɑ		ŋ u t ɑ	7	g								SlNgaRus
proto_uralic	berry	1		*osa				osɑ		o s ɑ	7	g								UEW, Sam88
saami_inari	berry	1		myerji				myerji		m y e r j i	1	a								InsSSk
saami_kildin	berry	1		mūrrj		muurrj		muːrːj		m uː rː j	1	a						Lehtiranta2001		WOLD
saami_north	berry	1		muorji				muorji		m u o r j i	1	a								SSSg
saami_pite	berry	1		muärrje				muærːje		m u æ rː j e	1	a								EZ
saami_skolt	berry	1		mueʹrjj				muerʲjː		m u e rʲ jː	1	a								SKosSk
saami_south	berry	1		muerjie				muerjie		m u e r j i e	1	a								NSsNdb
saami_ume	berry	1		müerˈjee				myerˈjeː		m y e rˈ j eː	1	a								WbWlap
selkup_northern	berry	1		čopər		čopər		tʃopər		tʃ o p ə r	8	h								SolkWb
udmurt	berry	1		uzi̮-bori̮		uzi̮-bori̮		uzɯ-borɯ		u z ɯ b o r ɯ	7	g			Etymological connection based on first part	'Berry'; comp.				WotjWsch
veps	berry	1		bō				boː		b oː	2	b								VVS
veps	berry	2		bolāńe				bolɑːnʲe		b o l ɑː nʲ e	2	b								VVS
votic_western	berry	1		marja		marja		mɑrjɤ		m ɑ r j ɤ	1	a								VKJMS
erzya	beside	1		bokaso		bokaso		bokɑso		b o k ɑ s o	7	g			Connection with similar forms in other languages unclear					MordWb
erzya	beside	2		malaso		malaso		mɑlɑso		m ɑ l ɑ s o	8	h								MordWb
erzya	beside	3		vaksso		vaksso		vɑksːo		v ɑ k sː o	20	t								MordWb
estonian_south	beside	1		kõrval				kɤrvɑl		k ɤ r v ɑ l	4	d								VESr
estonian_standard	beside	1		kõrval		kə̑rval		kɤrvɑl		k ɤ r v ɑ l	4	d								SVSk
finnish_standard	beside	1		vieressä		vieressä		ʋie̞re̞sːæ		ʋ i e̞ r e̞ sː æ	1	a								JL
hungarian	beside	1		mellett		mellett		mɛlːɛtː		m ɛ lː ɛ tː	8	h								FMSz
ingrian	beside	1		jūrez		jūrez		juːrez		j uː r e z	17	q								InkmSk
karelian_proper	beside	1		vieressä				vieresːæ		v i e r e sː æ	1	a								KKSV
khanty_vakh_vasyugan	beside	1		jŏlnǝ		jŏlnə		jŏlnə		j o ̆ l n ə	16	p					"Form of ""jŏl"" 'seam on clothing, break in wood'"			DEWbOstj
komi_permyak	beside	1		boki̮n		boki̮n		bokɯn		b o k ɯ n	19	s			Connection with similar forms in other languages unclear					KoPRSl
komi_zyrian	beside	1		doras		doras		dorɑs		d o r ɑ s	10	j								SyrjWsch
livonian_courland	beside	1		kilgsõ				kilɡsɯ		k i l ɡ s ɯ	5	e				"Lit. 'at side'; cf. Fin ""kylki"" 'side (of body)'"	Form uncertain			LivWb
mansi_sosva	beside	1		pōχan		pōχan		poːxɑn		p oː x ɑ n	13	m								WogWb
mari_hill	beside	1		saɣa				sɑɣɑ		s ɑ ɣ ɑ	9	i			Cognacy reference lacking			SES		
mari_meadow	beside	1		lišne		lišne		liʃne		l i ʃ n e	11	k				'Near, beside'				SMSk, TscherWb
mari_meadow	beside	2		βoktene		βoktene		βoktene		β o k t e n e	9	i			From PFV ?*puktV-	'At, beside'				SMSk, TscherWb
moksha	beside	1		vakssa				vɑksːɑ		v ɑ k sː ɑ	20	t						CygankinMosin2015		
nenets_tundra	beside	1		xæw°xəna				xæwxənɑ		x æ w x ə n ɑ	14	n					"Form of ""xæw°"" 'side'"			JurSWb
nganasan	beside	1		kadʹa		kadʹa		kɑdʲɑ		k ɑ dʲ ɑ	21	u								SlNgaRus
nganasan	beside	2		ńīdʹə		ńīdʹə		ɲiːdʲə		ɲ iː dʲ ə	22	v								SlNgaRus
proto_uralic	beside	1	not_reconstructable																	UEW, Sam88
saami_inari	beside	1		paaldâst				pɑːldəst		p ɑː l d ə s t	6	f	finnic	clear					Lehtiranta1989, SSA	InsSSk
saami_kildin	beside	1		lunn’		lunnʹ		lunːʲ		l u nːʲ	15	o								WOLD
saami_north	beside	1		bálddas				pɑːlttɑs		p ɑː l t t ɑ s	6	f	finnic	clear					Sammallahti1998, Lehtiranta1989, SSA	SSSg
saami_pite	beside	1		balldalugguj				pɑlːtɑlukkuj		p ɑ lː t ɑ l u k k u j	6	f	finnic	clear		First form 'beside each other', latter verb 'move beside, approach the side of'			Lehtiranta1989, SSA	EZ
saami_pite	beside	2		báldast				pɑːltɑst		p ɑː l t ɑ s t	6	f	finnic	clear		First form 'beside each other', latter verb 'move beside, approach the side of'			Lehtiranta1989, SSA	EZ
saami_skolt	beside	1		paaldâst				pɑːldɐst		p ɑː l d ɐ s t	6	f	finnic	clear					SSA	SKosSk
saami_south	beside	1		baaltese				bɑːltese		b ɑː l t e s e	6	f	finnic	clear					Lehtiranta1989, SSA	NSsNdb
saami_ume	beside	1		baaldasna				pɑːltɑsnɑ		p ɑː l t ɑ s n ɑ	6	f	finnic	clear					Lehtiranta1989, SSA	WbWlap
selkup_northern	beside	1		tötol				tøtol		t ø t o l	18	x					"A form of ""qȫ"" 'side' possibly used in this function"			SolkWb
udmurt	beside	1		ve̮zi̮n		ve̮zi̮n		vɤzɯn		v ɤ z ɯ n	12	l								WotjWsch
veps	beside	1		rindal				rindɑl		r i n d ɑ l	2	b								NRVS
veps	beside	2		sires				sires		s i r e s	3	c								NRVS
votic_western	beside	1		ke̮rvaza		ke̮rvaza		kɤrvɑzɑ		k ɤ r v ɑ z ɑ	4	d								VKJMS
erzya	big	1		pokš		pokš		pokʃ		p o k ʃ	8	h								MordWb
estonian_south	big	1		suur'				suːrʲ		s uː rʲ	1	a	germanic	probable					LAGLOS	VESr
estonian_standard	big	1		suur		suur		suːr		s uː r	1	a	germanic	probable					LAGLOS	SVSk
finnish_standard	big	1		iso		iso		iso̞		i s o̞	2	b			Deriv. from isä 'father'					JL
finnish_standard	big	2		suuri		suuri		suːri		s uː r i	1	a	germanic	probable					LAGLOS	JL
hungarian	big	1		nagy		naǵ		nɒɟ		n ɒ ɟ	9	i								FMSz
ingrian	big	1		sūr		sūr		suːr		s uː r	1	a	germanic	probable					LAGLOS	InkmSk
karelian_proper	big	1		suuri				suːri		s uː r i	1	a	germanic	probable					LAGLOS	KKSV
karelian_proper	big	2		topie				topie		t o p i e	3	c								KKSV
khanty_vakh_vasyugan	big	1		lŏɣat		lŏɣat		lŏɣɑt		l o ̆ ɣ ɑ t	10	j								DEWbOstj
komi_permyak	big	1		i̮ǯi̮t		i̮ǯi̮t		ɯdʒɯt		ɯ dʒ ɯ t	7	g								KoPRSl
komi_zyrian	big	1		i̮ǯi̮d		i̮ǯi̮d		ɯdʒɯd		ɯ dʒ ɯ d	7	g								SyrjWsch
livonian_courland	big	1		sūr				suːr		s uː r	1	a	germanic	probable					LAGLOS	LivWb
mansi_sosva	big	1		janiɣ		janiɣ		jɑniɣ		j ɑ n i ɣ	5	e								WogWb
mari_hill	big	1		kogo				koɡo		k o ɡ o	6	f						SES, Bereczki2013		
mari_meadow	big	1		kuɣu		kuɣu		kuɣu		k u ɣ u	6	f			"Cogn. with Fin ""koko"" 'all, entire'"					SMSk, TscherWb
moksha	big	1		oću				ot͡sʲu		o t͡sʲ u	17	q			Cognacy reference lacking			MdH		
nenets_tundra	big	1		ŋarka				ŋɑrkɑ		ŋ ɑ r k ɑ	11	k								JurSWb
nganasan	big	1		aniˀə		aniˀə		ɑniʔə		ɑ n i ʔ ə	13	m			"Not connected with E Khanty ""eṇə"" ~ Fin ""enä-""?"					SlNgaRus
nganasan	big	2		anikaˀa		anikaˀa		ɑnikɑʔɑ		ɑ n i k ɑ ʔ ɑ	13	m			"Not connected with E Khanty ""eṇə"" ~ Fin ""enä-""?"					SlNgaRus
proto_uralic	big	1		*enä				enæ		e n æ	5	e								UEW, Sam88
saami_inari	big	1		styeres				styeres		s t y e r e s	1	o	germanic_or_north_germanic	possible					Koivulehto1988a, Sammallahti1998	InsSSk
saami_kildin	big	1		šūrr		šuurr		ʃuːrː		ʃ uː rː	1	p	karelian	clear					Riessler2009	WOLD
saami_north	big	1		stuoris				stuoris		s t u o r i s	1	o	germanic_or_north_germanic	possible					Koivulehto1988a, Sammallahti1998	SSSg
saami_pite	big	1		stuorra				stuorːɑ		s t u o rː ɑ	1	o	germanic_or_north_germanic	possible					Koivulehto1988a, Sammallahti1998	EZ
saami_skolt	big	1		šurr				ʃurː		ʃ u rː	1	n	finnic	clear					SSA	SKosSk
saami_south	big	1		stoere				stuere		s t u e r e	1	o	germanic_or_north_germanic	possible					Koivulehto1988a, Sammallahti1998	NSsNdb
saami_ume	big	1		stuarra				stuɑrːɑ		s t u ɑ rː ɑ	1	o	germanic_or_north_germanic	possible					Koivulehto1988a, Sammallahti1998	WbWlap
saami_ume	big	2		stüerès				styeres		s t y e r e s	1	o	germanic_or_north_germanic	possible					Koivulehto1988a, Sammallahti1998	WbWlap
selkup_northern	big	1		uə̑rqə		uə̑rqə		uərqə		u ə r q ə	11	k								SolkWb
udmurt	big	1		baʒ́ʒ́i̮m		baʒ́ʒ́i̮m		bɑdʑːɯm		b ɑ dʑː ɯ m	12	l	iranian	probable					Csucs2005	WotjWsch
veps	big	1		suŕ				surʲ		s u rʲ	1	a	germanic	probable					LAGLOS	VVS
votic_western	big	1		sūri		sūri		suːr		s uː r	1	a	germanic	probable					LAGLOS	VKJMS
erzya	bird	1		narmuń		narmuń		nɑrmuɲ		n ɑ r m u ɲ	2	b								MordWb
estonian_south	bird	1		tsirk				tsirk		t s i r k	10	j								VESr
estonian_standard	bird	1		lind		lint		lint		l i n t	1	a			Finnic forms exhibit unexpected vocalism					SVSk
finnish_standard	bird	1		lintu		lintu		lin̪t̪u		l i n̪ t̪ u	1	a			Finnic forms exhibit unexpected vocalism					JL
hungarian	bird	1		madár		madaar		mɒdaːr		m ɒ d aː r	6	f								FMSz
ingrian	bird	1		linᴅu		linᴅu		lind̥u		l i n d̥ u	1	a			Finnic forms exhibit unexpected vocalism					InkmSk
karelian_proper	bird	1		lintu				lintu		l i n t u	1	a			Finnic forms exhibit unexpected vocalism					KKSV
khanty_vakh_vasyugan	bird	1		wajəɣ		wajəɣ		wɑjəɣ		w ɑ j ə ɣ	7	g			From PFU *wajV 'wild, shy'	'Animal, elk, bear, bird'; no other general word for bird?				DEWbOstj
komi_permyak	bird	1		kaj		kaj		kɑj		k ɑ j	3	l								KoPRSl
komi_zyrian	bird	1		lebać		lebać		lebɑtɕ		l e b ɑ tɕ	5	e					"Deriv. from ""lebalni̮"""			SyrjWsch
livonian_courland	bird	1		lind				lind		l i n d	1	a			Finnic forms exhibit unexpected vocalism					LivWb
mansi_sosva	bird	1		towəl-ūj		towəl-ūj		towəl-uːj		t o w ə l uː j	7	g			"""Ūj"" from PFU *wajV 'wild, shy'"	"Comp.; lit. ""feather-animal"""				WogWb
mari_hill	bird	1		kek				kek		k e k	3	c	volga bulgar turkic	clear					TscherWb	
mari_meadow	bird	1		kajə̑k		kajə̑k		kɑjək		k ɑ j ə k	3	c	volga bulgar turkic	clear		Also 'wild animal, wild (a.)'			TscherWb	SMSk, TscherWb
moksha	bird	1		narmoń				nɑrmonʲ		n ɑ r m o nʲ	2	b								
nenets_tundra	bird	1		(tyírtya) sarmyik°				tʲirtʲɑ sɑrmʲik		tʲ i r tʲ ɑ s ɑ r mʲ i k	8	h			"""Sarmyik°"" from PU *śurmi̮ 'wild animal'"	"Lit. ""(flying) animal, (sky animal)"""				JurSWb
nenets_tundra	bird	2		(nuw°h sarmyik°)				nuwʔ sɑrmʲik		n u w ʔ s ɑ r mʲ i k	8	h			"""Sarmyik°"" from PU *śurmi̮ 'wild animal'"	"Lit. ""(flying) animal, (sky animal)"""				JurSWb
nenets_tundra	bird	3		tyírtya sarmyik°				tʲirtʲɑ sɑrmʲik		tʲ i r tʲ ɑ s ɑ r mʲ i k	11	k				Lit. 'flying animal'				JurSWb
nganasan	bird	1		təibə̄		təibə̄		təibəː		t ə i b əː	11	k				"'Flying, bird', also ""təibəə dʹaməδə"" 'flying animal'"				SlNgaRus
proto_uralic	bird	1	not_reconstructable														PFU: *lunta?			UEW, Sam88
saami_inari	bird	1		lodde				lodːe		l o dː e	1	a								InsSSk
saami_kildin	bird	1		loann’t		laannʹt		lɒːnːʲt		l ɒː nːʲ t	1	a								WOLD
saami_north	bird	1		loddi				lotti		l o t t i	1	a								SSSg
saami_pite	bird	1		lådde				lɔtte		l ɔ t t e	1	a								EZ
saami_skolt	bird	1		låʹdd				lɔdʲː		l ɔ dʲː	1	a								SKosSk
saami_south	bird	1		ledtie				ledtie		l e d t i e	1	a								NSsNdb
saami_ume	bird	1		lådˈdee				lɔtˈteː		l ɔ tˈ t eː	1	a								WbWlap
selkup_northern	bird	1		(tilčəti) sūrəm		sūrəm		suːrəm		s uː r ə m	8	h			"""Sūrəm"" from PU *śurmi̮ 'wild animal'"	"Lit. ""(flying) animal"""				SolkWb
selkup_northern	bird	2		tilčəti sūrəm		tilčəti_sūrəm		tiltʃəti suːrəm		t i l t ʃ ə t i s uː r ə m	11	k				Lit. 'flying animal'				SolkWb
udmurt	bird	1		ti̮loburdo		ti̮loburdo		tɯloburdo		t ɯ l o b u r d o	9	i			"First part from ""ti̮li̮"" 'feather'"					WotjWsch
veps	bird	1		lind				lind		l i n d	1	a			Finnic forms exhibit unexpected vocalism					VVS
votic_western	bird	1		lintu		lintu		lintu		l i n t u	1	a			Finnic forms exhibit unexpected vocalism					VKJMS
erzya	bite	1		suskoms		suskoms		suskoms		s u s k o m s	6	f								MordWb
estonian_south	bite	1		purõma				purɤmɑ		p u r ɤ m ɑ	1	a								VESr
estonian_standard	bite	1		hammustada		hammustata		hɑmːustɑtɑ		h ɑ mː u s t ɑ t ɑ	2	b	baltic	clear					EES	SVSk
finnish_standard	bite	1		purra		purra		purːɑ		p u rː ɑ	1	a								JL
hungarian	bite	1		harap		harap		hɒrɒp		h ɒ r ɒ p	7	g								FMSz
ingrian	bite	1		purra		purra		purːɑ		p u rː ɑ	1	a								InkmSk
karelian_proper	bite	1		purra				purːɑ		p u rː ɑ	1	a								KKSV
khanty_vakh_vasyugan	bite	1		pŏr-		pŏr-		pŏr-		p o ̆ r	1	a								DEWbOstj
komi_permyak	bite	1		kurććavni̮		kurććavni̮		kurtɕːɑvnɯ		k u r tɕː ɑ v n ɯ	7	g								KoPRSl
komi_zyrian	bite	1		kurtʹći̮ni̮		kurtʹći̮ni̮		kurtʲtɕɯnɯ		k u r tʲ tɕ ɯ n ɯ	7	g								SyrjWsch
livonian_courland	bite	1		jamstõ				jɑmstɯ		j ɑ m s t ɯ	2	b	baltic	clear					EES	LivWb
mansi_sosva	bite	1		puri		puri		puri		p u r i	1	a								WogWb
mari_hill	bite	1		pə̑raš				pərɑʃ		p ə r ɑ ʃ	1	a						SES, UEW		
mari_meadow	bite	1		puram		puram		purɑm		p u r ɑ m	1	a								SMSk, TscherWb
moksha	bite	1		suskoms				suskoms		s u s k o m s	6	f						SES		
nenets_tundra	bite	1		syakəlcy°				sʲɑkəlt͡sʲ		sʲ ɑ k ə l t͡sʲ	8	h								JurSWb
nganasan	bite	1		sakələsa		sakələsa		sɑkələsɑ		s ɑ k ə l ə s ɑ	8	h								SlNgaRus
proto_uralic	bite	1		*puri̮-				purɨ		p u r ɨ	1	a								UEW, Sam88
proto_uralic	bite	2		*soski̮-				soskɨ		s o s k ɨ	6	f				'Bite, chew'				UEW, Sam88
saami_inari	bite	1		käskiđ				kæskið		k æ s k i ð	3	c								InsSSk
saami_kildin	bite	1		kācc’ke		kaaccʹke		kɑːcːʲke		k ɑː cːʲ k e	3	c								WOLD
saami_north	bite	1		gáskit				kɑːskit		k ɑː s k i t	3	c								SSSg
saami_pite	bite	1		gassket				kɑsːket		k ɑ sː k e t	3	c								EZ
saami_skolt	bite	1		käʹcǩǩed				kæt͡sʲcːed		k æ t͡sʲ cː e d	3	c								SKosSk
saami_south	bite	1		gaetskedh				ɡɑet͡skedh		ɡ ɑ e t͡s k e d h	3	c								NSsNdb
saami_ume	bite	1		gaaskèstit				kɑːskestit		k ɑː s k e s t i t	3	c								WbWlap
saami_ume	bite	2		stǜllat				stylːɑt		s t y lː ɑ t	4	d								WbWlap
selkup_northern	bite	1		sāčə-		sāčə-		sɑːtʃə-		s ɑː tʃ ə	8	h								SolkWb
udmurt	bite	1		kurtći̮ni̮		kurtći̮ni̮		kurttɕɯnɯ		k u r t tɕ ɯ n ɯ	7	g								WotjWsch
veps	bite	1		purda				purdɑ		p u r d ɑ	1	a								VVS
votic_western	bite	1		purra		purra		purːɑ		p u rː ɑ	1	a								VKJMS
erzya	bitter	1		korśańa		korśańa		korɕɑɲɑ		k o r ɕ ɑ ɲ ɑ	14	n								MordWb
estonian_south	bitter	1		mõro				mɤro		m ɤ r o	4	d								VESr
estonian_south	bitter	2		mõrrõv				mɤrːɤv		m ɤ rː ɤ v	4	d								VESr
estonian_standard	bitter	1		kibe		kipe		kipe		k i p e	3	c			"Cogn. with Fin ""kipeä"" 'ill'"					SVSk
estonian_standard	bitter	2		mõru		mə̑ru		mɤru		m ɤ r u	4	d								SVSk
finnish_standard	bitter	1		karvas		karvas		kɑrʋɑs		k ɑ r ʋ ɑ s	5	e								JL
finnish_standard	bitter	2		kitkerä		kitkerä		kit̪ke̞ræ		k i t̪ k e̞ r æ	1	a			"Deriv.; variant of earlier ""katkera"" (now 'emotionally bitter')"					JL
hungarian	bitter	1		keserves		kešerveš		kɛʃɛrvɛʃ		k ɛ ʃ ɛ r v ɛ ʃ	11	k								FMSz
hungarian	bitter	2		kesernyés		kešerńeeš		kɛʃɛrɲeːʃ		k ɛ ʃ ɛ r ɲ eː ʃ	11	k								FMSz
ingrian	bitter	1	form_not_found																	InkmSk
karelian_proper	bitter	1		karkie				kɑrkie		k ɑ r k i e	2	b			"Cogn. with Fin ""karkea"" 'rough'"					KKSV
karelian_proper	bitter	2		katškera	kitškerä			kɑtškerɑ		k ɑ t š k e r ɑ	1	a								KKSV
khanty_vakh_vasyugan	bitter	1		wătʹər		wătʹər		wɑ̆tʲər		w ɑ ̆ tʲ ə r	13	m								DEWbOstj
komi_permyak	bitter	1		kuri̮t		kuri̮t		kurɯt		k u r ɯ t	5	e								KoPRSl
komi_zyrian	bitter	1		kuri̮d		kuri̮d		kurɯd		k u r ɯ d	5	e								SyrjWsch
livonian_courland	bitter	1		kōraz				koːrɑz		k oː r ɑ z	5	e								LivWb
livonian_courland	bitter	2		kibḑi				kibɟi		k i b ɟ i	3	c			"Cogn. with Fin ""kipeä"" 'ill'"					LivWb
mansi_sosva	bitter	1		ośśəŋ etc.		ośśəŋ		oɕːəŋ		o ɕː ə ŋ	12	l					This form in other dialects; no form used in North Mansi found			WogWb
mari_hill	bitter	1		kačə̑				kɑt͡ʃə		k ɑ t͡ʃ ə	1	a						SES, Bereczki2013		
mari_meadow	bitter	1		kočo		kočo		kotʃo		k o tʃ o	1	a								SMSk, TscherWb
moksha	bitter	1		śäpi				sʲæpi		sʲ æ p i	22	i						SES, MordWb		
nenets_tundra	bitter	1		yibcy°da				jibt͡sʲdɑ		j i b t͡sʲ d ɑ	20	t			Cognacy reference lacking		"No simple word in common use; ""yibcyə°, yibcyika"" 'strong taste' usually used for bitter things"	MdH		JurSWb
nganasan	bitter	1		tasəgə̄		tasəgə̄		tɑsəɡəː		t ɑ s ə ɡ əː	18	r				'Bitter, sour'				SlNgaRus
proto_uralic	bitter	1	not_reconstructable																	UEW, Sam88
saami_inari	bitter	1		riičâs				riːt͡ʃəs		r iː t͡ʃ ə s	6	f								InsSSk
saami_kildin	bitter	1		pɨččker		pə̑tššker		pɨtʃːker		p ɨ t ʃː k e r	8	h								WOLD
saami_north	bitter	1		rihča				riht͡ʃɑ		r i h t͡ʃ ɑ	6	f								SSSg
saami_pite	bitter	1		bihtjas				pihcɑs		p i h c ɑ s	17	q								EZ
saami_skolt	bitter	1		peʹčǩǩer				pet͡ʃʲcːer		p e t͡ʃʲ cː e r	8	h								SKosSk
saami_skolt	bitter	2		šuõrš-				ʃuərʃ-		ʃ u ə r ʃ	7	g								SKosSk
saami_south	bitter	1		baetjkies				bɑet͡ɕkies		b ɑ e t͡ɕ k i e s	21	u	north germanic	clear					Lagercrantz1939	NSsNdb
saami_south	bitter	2		bihtseds				biht͡seds		b i h t͡s e d s	17	q								NSsNdb
saami_ume	bitter	1		prihtjas				prihcɑs		p r i h c ɑ s	6	f				'Bitter taste'				WbWlap
selkup_northern	bitter	1		parińi-		parińi-		pɑriɲi-		p ɑ r i ɲ i	15	o				'Be bitter (v.)'				SolkWb
udmurt	bitter	1		kuri̮t		kuri̮t		kurɯt		k u r ɯ t	5	e								WotjWsch
veps	bitter	1		karged				kɑrɡed		k ɑ r ɡ e d	2	b			"Cogn. with Fin ""karkea"" 'rough'"					VVS
votic_western	bitter	1		viha		viha		vihɑ		v i h ɑ	19	s	indo-iranian	possible	Semantic change			Holopainen2019	Holopainen2019	
votic_western	bitter	2		karkõa		karke̮a		kɑrkɤɑ		k ɑ r k ɤ ɑ	2	b								VKJMS
erzya	black	1		raužo		raužo		rɑuʒo		r ɑ u ʒ o	3	c								MordWb
estonian_south	black	1		must				must		m u s t	1	a	germanic	possible					LAGLOS, SSA, NES, EES, Junttila2015	VESr
estonian_standard	black	1		must		must		must		m u s t	1	a	germanic	possible					LAGLOS, SSA, NES, EES, Junttila2015	SVSk
finnish_standard	black	1		musta		musta		mustɑ		m u s t ɑ	1	a	germanic	possible					LAGLOS, SSA, NES, EES, Junttila2015	JL
hungarian	black	1		fekete		fekete		fɛkɛtɛ		f ɛ k ɛ t ɛ	6	f								FMSz
ingrian	black	1		musta		musta		mustɑ		m u s t ɑ	1	a	germanic	possible					LAGLOS, SSA, NES, EES, Junttila2015	InkmSk
karelian_proper	black	1		musta				mustɑ		m u s t ɑ	1	a	germanic	possible					LAGLOS, SSA, NES, EES, Junttila2015	KKSV
khanty_vakh_vasyugan	black	1		pəɣtə		pəɣtə		pəɣtə		p ə ɣ t ə	6	f				'Black, dirty'				DEWbOstj
komi_permyak	black	1		śe̮d		śe̮d		ɕɤd		ɕ ɤ d	5	e								KoPRSl
komi_zyrian	black	1		śe̮d		śe̮d		ɕɤd		ɕ ɤ d	5	e								SyrjWsch
livonian_courland	black	1		mustā				mustɑː		m u s t ɑː	1	a	germanic	possible					LAGLOS, SSA, NES, EES, Junttila2015	LivWb
mansi_sosva	black	1		sēməl		sēməl		seːməl		s eː m ə l	4	d			From PFP *simV 'rust'					WogWb
mari_hill	black	1		šimə				ʃimə		ʃ i m ə	4	d								
mari_meadow	black	1		šeme		šeme		ʃeme		ʃ e m e	4	d					Latter attr.; from PFP *simV 'rust'			SMSk, TscherWb
mari_meadow	black	2		šem		šem		ʃem		ʃ e m	4	d					Latter attr.; from PFP *simV 'rust'			SMSk, TscherWb
moksha	black	1		ravža				rɑvʒɑ		r ɑ v ʒ ɑ	3	c			Cognacy reference lacking			SES, MordWb		
nenets_tundra	black	1		pəryidye°				pərʲidʲe		p ə rʲ i dʲ e	7	g				'Be black (v.)'				JurSWb
nganasan	black	1		tusajkaˀa		tusajkaˀa		tusɑjkɑʔɑ		t u s ɑ j k ɑ ʔ ɑ	9	i								SlNgaRus
proto_uralic	black	1	not_reconstructable																	UEW, Sam88
saami_inari	black	1		čappâd				t͡ʃɑpːəd		t͡ʃ ɑ pː ə d	2	b								InsSSk
saami_kildin	black	1		čoahpe		tšaahpe		tʃɒːhpe		t ʃ ɒː h p e	2	b								WOLD
saami_north	black	1		čáhppat				t͡ʃɑːhpːɑt		t͡ʃ ɑː h pː ɑ t	2	b								SSSg
saami_pite	black	1		tjáhpat				cɑːhpɑt		c ɑː h p ɑ t	2	b								EZ
saami_skolt	black	1		čappâd				t͡ʃɑpːɐd		t͡ʃ ɑ pː ɐ d	2	b								SKosSk
saami_south	black	1		tjeehpes				t͡ɕeːhpes		t͡ɕ eː h p e s	2	b								NSsNdb
saami_ume	black	1		tjååhpada	tjaahpada			cɔːhpɑtɑ		c ɔː h p ɑ t ɑ	2	b								WbWlap
selkup_northern	black	1		sǟqə		sǟqə		sæːqə		s æː q ə	8	h								SolkWb
udmurt	black	1		śe̮d		śe̮d		ɕɤd		ɕ ɤ d	5	e								WotjWsch
veps	black	1		must				must		m u s t	1	a	germanic	possible					LAGLOS, SSA, NES, EES, Junttila2015	VVS
votic_western	black	1		mussa		mus̄a		musː		m u sː	1	a	germanic	possible					LAGLOS, SSA, NES, EES, Junttila2015	VKJMS
erzya	blood	1		veŕ		veŕ		verʲ		v e rʲ	1	a								MordWb
estonian_south	blood	1		veri				veri		v e r i	1	a								VESr
estonian_standard	blood	1		veri		veri		veri		v e r i	1	a								SVSk
finnish_standard	blood	1		veri		veri		ʋe̞ri		ʋ e̞ r i	1	a								JL
hungarian	blood	1		vér		veer		veːr		v eː r	1	a								FMSz
ingrian	blood	1		veri		veri		veri		v e r i	1	a								InkmSk
karelian_proper	blood	1		veri				veri		v e r i	1	a								KKSV
khanty_vakh_vasyugan	blood	1		wər		wər		wər		w ə r	1	a								DEWbOstj
komi_permyak	blood	1		vir		vir		vir		v i r	1	a								KoPRSl
komi_zyrian	blood	1		vir		vir		vir		v i r	1	a								SyrjWsch
livonian_courland	blood	1		ver				ver		v e r	1	a								LivWb
mansi_sosva	blood	1		kēlp		kēlp		keːlp		k eː l p	2	b								WogWb
mari_hill	blood	1		βər		βər		βər		β ə r	1	a						SES, Bereczki2013		
mari_meadow	blood	1		βür		βür		βyr		β y r	1	a								SMSk, TscherWb
moksha	blood	1		ver				ver		v e r	1	a						SES, UEW		
nenets_tundra	blood	1		weya				wejɑ		w e j ɑ	4	d								JurSWb
nganasan	blood	1		kam		kam		kɑm		k ɑ m	3	c								SlNgaRus
proto_uralic	blood	1		*weri				weri		w e r i	1	a					PFU: *wiri			UEW, Sam88
saami_inari	blood	1		vorrâ				vorːə		v o rː ə	1	a								InsSSk
saami_kildin	blood	1		vērr		veerr		veːrː		v eː rː	1	a								WOLD
saami_north	blood	1		varra				vɑrːɑ		v ɑ rː ɑ	1	a								SSSg
saami_pite	blood	1		varra				vɑrːɑ		v ɑ rː ɑ	1	a								EZ
saami_skolt	blood	1		võrr				vərː		v ə rː	1	a								SKosSk
saami_south	blood	1		vïrre				vɨrːe		v ɨ rː e	1	a								NSsNdb
saami_ume	blood	1		varra				vɑrːɑ		v ɑ rː ɑ	1	a								WbWlap
selkup_northern	blood	1		ke̮m		ke̮m		kɤm		k ɤ m	3	c								SolkWb
udmurt	blood	1		vir		vir		vir		v i r	1	a								WotjWsch
veps	blood	1		veŕi				verʲi		v e rʲ i	1	a								VVS
votic_western	blood	1		veri		veri		veri		v e r i	1	a								VKJMS
erzya	blow	1		puvams		puvams		puvɑms		p u v ɑ m s	2	b								MordWb
estonian_south	blow	1		puhkma				puhkmɑ		p u h k m ɑ	1	a								VESr
estonian_standard	blow	1		puhuda		puhuta		puhutɑ		p u h u t ɑ	1	a								SVSk
finnish_standard	blow	1		puhaltaa		puhaltaa		puɦɑltɑː		p u ɦ ɑ l t ɑː	1	a								JL
hungarian	blow	1		fúj		fuuj		fuːj		f uː j	2	b								FMSz
ingrian	blow	1		puhaᴅa		puhaᴅa		puhɑd̥ɑ		p u h ɑ d̥ ɑ	1	a								InkmSk
ingrian	blow	2		puh̆hūa		puh̆hūa		puh̆huːɑ		p u h ̆ h uː ɑ	1	a								InkmSk
karelian_proper	blow	1		puhaltoa	puhuo			puhɑltoɑ		p u h ɑ l t o ɑ	1	a								KKSV
khanty_vakh_vasyugan	blow	1		pŏɣ-	pŏχ-	pŏɣ-	pŏχ-	pŏɣ-	pŏx-	p o ̆ ɣ	2	b								DEWbOstj
komi_permyak	blow	1		pe̮lʹtni̮		pe̮lʹtni̮		pɤʎtnɯ		p ɤ ʎ t n ɯ	3	c								KoPRSl
komi_zyrian	blow	1		pe̮lʹavni̮		pe̮lʹavni̮		pɤʎɑlnɯ		p ɤ ʎ ɑ l n ɯ	3	c								SyrjWsch
livonian_courland	blow	1		pūgõ				puːɡɯ		p uː ɡ ɯ	1	a								LivWb
mansi_sosva	blow	1		puwi		puwi		puwi		p u w i	2	b								WogWb
mari_hill	blow	1		əfəläš				əfəlæʃ		ə f ə l æ ʃ	6	f								
mari_meadow	blow	1		puem		puem		puem		p u e m	2	b					Latter deriv.			SMSk, TscherWb
mari_meadow	blow	2		pualem		pualem		puɑlem		p u ɑ l e m	2	b					Latter deriv.			SMSk, TscherWb
moksha	blow	1		ufams				ufɑms		u f ɑ m s	4	d								
nenets_tundra	blow	1		posə°				posə		p o s ə	5	e								JurSWb
nenets_tundra	blow	2		púcy°				put͡sʲ		p u t͡sʲ	2	b								JurSWb
nganasan	blow	1		hüələsa		hüələsa		hyələsɑ		h y ə l ə s ɑ	2	b								SlNgaRus
nganasan	blow	2		hüəməsa		hüəməsa		hyəməsɑ		h y ə m ə s ɑ	2	b								SlNgaRus
proto_uralic	blow	1		*puwV-				puwV		p u w V	2	b								UEW, Sam88
saami_inari	blow	1		possoođ				posːoːð		p o sː oː ð	1	a								InsSSk
saami_kildin	blow	1		poasse		paasse		pɒːsːe		p ɒː sː e	1	a								WOLD
saami_north	blow	1		bossut				posːut		p o sː u t	1	a								SSSg
saami_pite	blow	1		busodit				pusotit		p u s o t i t	1	a								EZ
saami_skolt	blow	1		pååssad				pɔːsːɑd		p ɔː sː ɑ d	1	a								SKosSk
saami_south	blow	1		båssodh				bɔsːodh		b ɔ sː o d h	1	a								NSsNdb
saami_ume	blow	1		bùssoot				pusːoːt		p u sː oː t	1	a								WbWlap
selkup_northern	blow	1		pū-		pū-		puː-		p uː	2	b								SolkWb
udmurt	blow	1		pelʹti̮ni̮		pelʹti̮ni̮		peʎtɯnɯ		p e ʎ t ɯ n ɯ	3	c								WotjWsch
veps	blow	1		puhalta	puhuda			puhɑltɑ		p u h ɑ l t ɑ	1	a								VVS
votic_western	blow	1		puhua		puhua		puhumɑ		p u h u m ɑ	1	a								VKJMS
erzya	bone	1		lovaža		lovaža		lovɑʒɑ		l o v ɑ ʒ ɑ	1	a			Deriv. of PU *luwi̮					MordWb
erzya	bone	2		pakaŕ		pakaŕ		pɑkɑrʲ		p ɑ k ɑ rʲ	4	d								MordWb
estonian_south	bone	1		luu				luː		l uː	1	a								VESr
estonian_standard	bone	1		kont		kont		kont		k o n t	2	b								SVSk
estonian_standard	bone	2		luu		luu		luː		l uː	1	a								SVSk
finnish_standard	bone	1		luu		luu		luː		l uː	1	a								JL
hungarian	bone	1		csont		čont		t͡ʃont		t͡ʃ o n t	5	e								FMSz
ingrian	bone	1		lū		lū		luː		l uː	1	a								InkmSk
karelian_proper	bone	1		luu				luː		l uː	1	a								KKSV
khanty_vakh_vasyugan	bone	1		lŏɣ-	lŏχ-	lŏɣ-	lŏχ-	lŏɣ-	lŏx-	l o ̆ ɣ	1	a								DEWbOstj
komi_permyak	bone	1		koska		koska		koskɑ		k o s k ɑ	6	f	russian	clear					Rogov1869	KoPRSl
komi_permyak	bone	2		li̮		li̮		lɯ		l ɯ	1	a								KoPRSl
komi_zyrian	bone	1		li̮		li̮		lɯ		l ɯ	1	a								SyrjWsch
livonian_courland	bone	1		lū				luː		l uː	1	a								LivWb
mansi_sosva	bone	1		luw		luw		luw		l u w	1	a								WogWb
mari_hill	bone	1		lu		lu		lu		l u	1	a						SES, Bereczki2013		
mari_meadow	bone	1		lu		lu		lu		l u	1	a								SMSk, TscherWb
moksha	bone	1		pakaŕ				pɑkɑrʲ		p ɑ k ɑ rʲ	4	d						SES, MordWb		
nenets_tundra	bone	1		li				li		l i	1	a								JurSWb
nganasan	bone	1		latə̄		latə̄		lɑtəː		l ɑ t əː	1	a			Deriv. of PU *luwi̮					SlNgaRus
proto_uralic	bone	1		*luwi̮				luwɨ		l u w ɨ	1	a								UEW, Sam88
saami_inari	bone	1		tähti				tæhti		t æ h t i	3	c								InsSSk
saami_kildin	bone	1		tāxx’t		taaxxʹt		tɑːxːʲt		t ɑː xːʲ t	3	c								WOLD
saami_north	bone	1		dákti				tɑːkti		t ɑː k t i	3	c								SSSg
saami_pite	bone	1		dákkte				tɑːkːte		t ɑː kː t e	3	c								EZ
saami_skolt	bone	1		täʹhtt				tæhʲtː		t æ hʲ tː	3	c								SKosSk
saami_south	bone	1		måaroe				mɔɑrue		m ɔ ɑ r u e	7	g								NSsNdb
saami_ume	bone	1		dàktee				tɑkteː		t ɑ k t eː	3	c								WbWlap
selkup_northern	bone	1		lī̮		lī̮		lɯː		l ɯː	1	a								SolkWb
udmurt	bone	1		li̮		li̮		lɯ		l ɯ	1	a								WotjWsch
veps	bone	1		lu				lu		l u	1	a								VVS
votic_western	bone	1		лū		lū		luː		l uː	1	a								VKJMS
erzya	bore	1		pelʹems		pelʹems		peʎems		p e ʎ e m s	7	g								MordWb
estonian_south	bore	1		puurma				puːrmɑ		p uː r m ɑ	1	a								VESr
estonian_standard	bore	1		puurida		puurita		puːritɑ		p uː r i t ɑ	1	a			derivative of 'puur'					SVSk
finnish_standard	bore	1		porata		porata		po̞rɑt̪ɑ		p o̞ r ɑ t̪ ɑ	1	r	swedish	probable				SSA	SSA	JL
hungarian	bore	1		fúr		fuur		fuːr		f uː r	1	a	proto-indo-european	probable					Koivulehto2001	FMSz
ingrian	bore	1		puraᴅa				purɑdɑ		p u r ɑ d ɑ	1	a								InkmSk
karelian_proper	bore	1		porata	purata			porɑtɑ		p o r ɑ t ɑ	1	s			Cognacy reference lacking			MdH		KKSV
khanty_vakh_vasyugan	bore	1		pŏri̮sǝl-				pŏrɨsəl		p ŏ r ɨ s ə l	10	j								DEWbOstj
komi_permyak	bore	1		pi̮re̮tni̮		pi̮re̮tni̮		pɯrɤtnɯ		p ɯ r ɤ t n ɯ	1	a	proto-indo-european	possible					Koivulehto2001	KoPRSl
komi_zyrian	bore	1		roźe̮dni̮		bi̮ǯki̮ni̮		bɯdʒkɯnɯ		b ɯ dʒ k ɯ n ɯ	8	h								SyrjWsch
livonian_courland	bore	1		drillõ				drilːɯ		d r i lː ɯ	4	d	latvian	clear	Loan from Low German via Latv.				Suhonen1973	LivWb
mansi_sosva	bore	1		pāsɣi		pāsɣi		pɑːsɣi		p ɑː s ɣ i	12	l	komi	clear					Redei1970	WogWb
mari_hill	bore	1		pə̑rolaš				pərolɑʃ		p ə r o l ɑ ʃ	16	q			Cognacy reference lacking			MdH		
mari_meadow	bore	1		prolem				ʃytem		ʃ y t e m	15	p	tatar	clear				TscherWb	TscherWb	
moksha	bore	1		päl'ems				pælʲems		p æ lʲ e m s	7	g						SES, UEW		
nenets_tundra	bore	1		syí				sʲi		sʲ i	9	i				This 'hole'; used verbally for 'bore, make a hole'				JurSWb
nganasan	bore	1		śeðitəsi̮		śeδitəsi̮		ɕeðitəsɯ		ɕ e ð i t ə s ɯ	9	i								SlNgaRus
proto_uralic	bore	1		*pura-				purɑ		p u r ɑ	1	a								UEW, Sam88
saami_inari	bore	1		pooráđ				poːræð		p oː r æ ð	1	a								InsSSk
saami_kildin	bore	1		pōgke		poogge		poːɡːe		p oː ɡː e	5	e								WOLD
saami_north	bore	1		bohkat				pohkɑt		p o h k ɑ t	5	e								SSSg
saami_north	bore	2		bovret	bōret			povret		p o v r e t	1	a	north germanic	clear					SSA	SSSg
saami_pite	bore	1		burrit				purːit		p u rː i t	1	a								EZ
saami_pite	bore	2		naberdit				nɑpertit		n ɑ p e r t i t	6	f	north germanic	clear	"Cf. Swe ""navare"" 'drill'"				SSA	EZ
saami_skolt	bore	1		nauʹrrjed				nɑurʲːjed		n ɑ u rʲː j e d	6	f	north germanic	clear	"Cf. Swe ""navare"" 'drill'"				SSA	SKosSk
saami_skolt	bore	2		pookkâd				poːkːɐd		p oː kː ɐ d	5	e								SKosSk
saami_south	bore	1		bååremdidh				boːremdidh		b oː r e m d i d h	3	c								NSsNdb
saami_ume	bore	1		naabèrdit				nɑːpertit		n ɑː p e r t i t	6	f	north germanic	clear	"Cf. Swe ""navare"" 'drill'"				SSA	WbWlap
selkup_northern	bore	1		purət-		purət-		purət-		p u r ə t	1	a					"Deriv. from ""pur"" 'drill (n.)'"			SolkWb
udmurt	bore	1		porti̮ni̮		porti̮ni̮		portɯnɯ		p o r t ɯ n ɯ	11	k								WotjWsch
veps	bore	1		läbutada				læbutɑdɑ		l æ b u t ɑ d ɑ	2	b								VVS
votic_western	bore	1		pūria		pūria		puːriɑ		p uː r i ɑ	1	o	estonian	clear					SSA	VKJMS
erzya	borrow	1		sajems velʹatomga		sajems_velʹatomga		sɑjems veʎɑtomɡɑ		s ɑ j e m s v e ʎ ɑ t o m ɡ ɑ	6	f				"""Sajems"" 'get, receive'"				MordWb
estonian_south	borrow	1		lainama				lɑinɑmɑ		l ɑ i n ɑ m ɑ	1	a	germanic_or_north_germanic	possible					LAGLOS, SSA, EES	VESr
estonian_standard	borrow	1		laenata		laenatta		lɑenɑtːɑ		l ɑ e n ɑ tː ɑ	1	a	germanic_or_north_germanic	possible					LAGLOS, SSA, EES	SVSk
estonian_standard	borrow	2		laenu võtta		laenu və̑tta		lɑenu vɤtːɑ		l ɑ e n u v ɤ tː ɑ	1	a	germanic_or_north_germanic	possible					LAGLOS, SSA, EES	SVSk
estonian_standard	borrow	3		laenu saada		laenu saata		lɑenu sɑːtɑ		l ɑ e n u s ɑː t ɑ	1	a	germanic_or_north_germanic	possible					LAGLOS, SSA, EES	SVSk
finnish_standard	borrow	1		lainata		lainata		lɑinɑt̪ɑ		l ɑ i n ɑ t̪ ɑ	1	a	germanic_or_north_germanic	possible					LAGLOS, SSA, EES	JL
hungarian	borrow	1		kölcsönöz		kölčönöz		kølt͡ʃønøz		k ø l t͡ʃ ø n ø z	8	h	west old turkic	clear					WOT, TESz	FMSz
hungarian	borrow	2		kölcsönvesz		kölčönves		kølt͡ʃønvɛs		k ø l t͡ʃ ø n v ɛ s	8	h	west old turkic	clear					WOT, TESz	FMSz
ingrian	borrow	1		lainaᴅa		lainaᴅa		lɑinɑd̥ɑ		l ɑ i n ɑ d̥ ɑ	1	a	germanic_or_north_germanic	possible					LAGLOS, SSA, EES	InkmSk
karelian_proper	borrow	1		otella				otelːɑ		o t e lː ɑ	2	b								KKSV
karelian_proper	borrow	2		ottoa laihinah				otːoɑ lɑihinɑh		o tː o ɑ l ɑ i h i n ɑ h	1	a	germanic_or_north_germanic	possible		Lit. 'take as a loan'			LAGLOS, SSA, EES	KKSV
khanty_vakh_vasyugan	borrow	1		ärnəɣ wətä				ærnəɣ wətæ		æ r n ə ɣ w ə t æ	17	s						SES		DEWbOstj
komi_permyak	borrow	1		oʒ́e̮savni̮		oʒ́e̮savni̮		odʑɤsɑvnɯ		o dʑ ɤ s ɑ v n ɯ	7	g								KoPRSl
komi_permyak	borrow	2		oʒ́e̮stni̮		oʒ́e̮stni̮		odʑɤstnɯ		o dʑ ɤ s t n ɯ	7	g								KoPRSl
komi_zyrian	borrow	1		uǯdi̮ni̮		uǯdi̮ni̮		udʒdɯnɯ		u dʒ d ɯ n ɯ	7	g								SyrjWsch
livonian_courland	borrow	1		täpīņtõ				tæpiːɲtɯ		t æ p iː ɲ t ɯ	4	d	latvian	clear					Suhonen1973	LivWb
mansi_sosva	borrow	1	form_not_found																	WogWb
mari_hill	borrow	1		küsläš				kyslæʃ		k y s l æ ʃ	9	i						SES		
mari_meadow	borrow	1		küsə̑lem		küsə̑lem		kysəlem		k y s ə l e m	9	i				Latter lit. 'take as loan'				SMSk, TscherWb
mari_meadow	borrow	2		küsə̑n nalam		küsə̑n_nalam		kysən nɑlɑm		k y s ə n n ɑ l ɑ m	9	i				Latter lit. 'take as loan'				SMSk, TscherWb
moksha	borrow	1		zajńams				zɑjnʲɑms		z ɑ j nʲ ɑ m s	14	p						SES		
moksha	borrow	2		śävoms pandomda				sʲævoms pɑndomdɑ		sʲ æ v o m s p ɑ n d o m d ɑ	15	r						SES		
nenets_tundra	borrow	1		tanda yed°h mempa-				tɑndɑ jedʔ mempɑ-		t ɑ n d ɑ j e d ʔ m e m p ɑ	16	t						SES		JurSWb
nganasan	borrow	1		ətīˀtəsi̮		ətīˀtəsi̮		ətiːʔtəsɯ		ə t iː ʔ t ə s ɯ	13	o								SlNgaRus
proto_uralic	borrow	1	not_reconstructable																	
saami_inari	borrow	1		luoihâttiđ				luoihətːið		l u o i h ə tː i ð	5	e	germanic	clear					Koivulehto1976	InsSSk
saami_kildin	borrow	1		lājjne		laajjne		lɑːjːne		l ɑː jː n e	1	n	finnic	clear						WOLD
saami_north	borrow	1		luoikkahit				luoikːɑhit		l u o i kː ɑ h i t	5	e	germanic	clear					Koivulehto1976	SSSg
saami_pite	borrow	1		lådnut				lɔtnut		l ɔ t n u t	1	m	north germanic	clear					Lagercrantz1939	EZ
saami_skolt	borrow	1		laiʹnn’jed				lɑinʲːjʲed		l ɑ i nʲː jʲ e d	1	n	finnic	clear		'Loan, borrow'?				SKosSk
saami_skolt	borrow	2		luõikkâd				luəikːɐd		l u ə i kː ɐ d	5	e	germanic	clear		'Loan, borrow'?			Koivulehto1976	SKosSk
saami_south	borrow	1		löönedh				løːnedh		l øː n e d h	1	m	north germanic	clear					Lagercrantz1939	NSsNdb
saami_south	borrow	2		mïetedh				mɨetedh		m ɨ e t e d h	12	l								NSsNdb
saami_ume	borrow	1		luunat				luːnɑt		l uː n ɑ t	1	m	north germanic	clear					Lagercrantz1939	WbWlap
selkup_northern	borrow	1		səjmi-		səjmi-		səjmi-		s ə j m i	11	k	russian	clear			Marginal?		SolkWb	SolkWb
udmurt	borrow	1		punemani̮		punemani̮		punemɑnɯ		p u n e m ɑ n ɯ	10	j								WotjWsch
veps	borrow	1		otta velgha				otːɑ velɡhɑ		o tː ɑ v e l ɡ h ɑ	3	c				Lit. 'take as a loan'				VVS
votic_western	borrow	1		võttā võlgõssi		ve̮ttā ve̮lge̮ssi		lɑinɑmɑ		l ɑ i n ɑ m ɑ	3	c						SES		
erzya	breast	1		meštʹe		meštʹe		meʃtʲe		m e ʃ tʲ e	4	d								MordWb
estonian_south	breast	1		rind	rõnd			rind		r i n d	1	a								VESr
estonian_standard	breast	1		rind		rint		rint		r i n t	1	a								SVSk
finnish_standard	breast	1		rinta		rinta		rin̪t̪ɑ		r i n̪ t̪ ɑ	1	a								JL
hungarian	breast	1		mell		mel		mɛl		m ɛ l	8	h				Former 'woman's breast', latter 'chest, breast'				FMSz
hungarian	breast	2		mellkas		mellkaš		mɛlːkɒʃ		m ɛ lː k ɒ ʃ	8	h				Former 'woman's breast', latter 'chest, breast'				FMSz
ingrian	breast	1		rinᴅa		rinᴅa		rind̥ɑ		r i n d̥ ɑ	1	a								InkmSk
karelian_proper	breast	1		nänni				nænːi		n æ nː i	11	k				'Nipple, breast'				KKSV
karelian_proper	breast	2		rinta				rintɑ		r i n t ɑ	1	a								KKSV
karelian_proper	breast	3		rynnäs				rynːæs		r y nː æ s	2	b								KKSV
khanty_vakh_vasyugan	breast	1		möɣəl		möɣəl		møɣəl		m ø ɣ ə l	8	h								DEWbOstj
komi_permyak	breast	1		moros		moros		moros		m o r o s	6	f			From PFP ?*merɜ 'breast'?					KoPRSl
komi_zyrian	breast	1		more̮s		more̮s		morɤs		m o r ɤ s	6	f			From PFP ?*merɜ 'breast'?					SyrjWsch
livonian_courland	breast	1		rīnda				riːndɑ		r iː n d ɑ	1	a								LivWb
mansi_sosva	breast	1		māɣl		māɣl		mɑːɣl		m ɑː ɣ l	8	h								WogWb
mari_hill	breast	1		cəzə				t͡səzə		t͡s ə z ə	13	m						SES, TscherWb		
mari_hill	breast	2		ong				oŋɡ		o ŋ ɡ	5	e	chuvash	clear					TscherWb	
mari_meadow	breast	1		čə̑ze		čə̑ze		tʃəze		tʃ ə z e	13	m			From PU *śüńśä?	Nipple, breasts'				SMSk, TscherWb
mari_meadow	breast	2		oŋ		oŋ		oŋ		o ŋ	5	e	chuvash	clear		'Chest, breast'			TscherWb	SMSk, TscherWb
moksha	breast	1		pot'ä				potʲæ		p o tʲ æ	4	d						SES		
nenets_tundra	breast	1		lempara				lempɑrɑ		l e m p ɑ r ɑ	9	i								JurSWb
nganasan	breast	1		śinśə		śinśə		ɕinɕə		ɕ i n ɕ ə	13	m			From PU *śüńśä?					SlNgaRus
proto_uralic	breast	1	not_reconstructable																	UEW, Sam88
saami_inari	breast	1		radde				rɑdːe		r ɑ dː e	1	a								InsSSk
saami_kildin	breast	1		ninnč		ninntš		ninːtʃ		n i nː t ʃ	14	n								WOLD
saami_kildin	breast	2		rann’t		rannʹt		rɑnːʲt		r ɑ nːʲ t	1	a								WOLD
saami_north	breast	1		raddi				rɑtti		r ɑ t t i	1	a								SSSg
saami_pite	breast	1		vuabbda				vuɑpptɑ		v u ɑ p p t ɑ	3	c								EZ
saami_skolt	breast	1		râʹdd				rɐdʲː		r ɐ dʲː	1	a								SKosSk
saami_south	breast	1		mïelke				mɨelke		m ɨ e l k e	8	h								NSsNdb
saami_ume	breast	1		vuabˈda				vuɑpˈtɑ		v u ɑ pˈ t ɑ	3	c								WbWlap
selkup_northern	breast	1		kī̮lə		kī̮lə		kɯːlə		k ɯː l ə	10	j								SolkWb
udmurt	breast	1		gadʹ		gadʹ		ɡɑdʲ		ɡ ɑ dʲ	7	g								WotjWsch
veps	breast	1		rindaz				rindɑz		r i n d ɑ z	1	a								VVS
votic_western	breast	1		rinta		rinta		rint		r i n t	1	a								VKJMS
erzya	breathe	1		lʹekśems		lʹekśems		ʎekɕems		ʎ e k ɕ e m s	3	c			From PFV *läkkä 'breathe' ?					MordWb
estonian_south	breathe	1		hingämä	hengämä			hiŋɡæmæ		h i ŋ ɡ æ m æ	1	a								VESr
estonian_standard	breathe	1		hingata		hinkatta		hinkɑtːɑ		h i n k ɑ tː ɑ	1	a								SVSk
finnish_standard	breathe	1		hengittää		heŋŋittää		he̞ŋːit̪ːæː		h e̞ ŋː i t̪ː æː	1	a								JL
hungarian	breathe	1		lélegzik		leelegzik		leːlɛɡzik		l eː l ɛ ɡ z i k	5	e								FMSz
ingrian	breathe	1		heŋɢittǟ		heŋɢittǟ		heŋɡ̥itːæː		h e ŋ ɡ̥ i tː æː	1	a								InkmSk
ingrian	breathe	2		heŋɢäᴅä		heŋɢäᴅä		heŋɡ̥æd̥æ		h e ŋ ɡ̥ æ d̥ æ	1	a								InkmSk
karelian_proper	breathe	1		henkitteä				heŋkitːeæ		h e ŋ k i tː e æ	1	a								KKSV
khanty_vakh_vasyugan	breathe	1		lält-		lält-		lælt-		l æ l t	5	e								DEWbOstj
komi_permyak	breathe	1		lolavni̮		lolavni̮		lolɑvnɯ		l o l ɑ v n ɯ	5	e								KoPRSl
komi_zyrian	breathe	1		lolavni̮		lolavni̮		lolɑvnɯ		l o l ɑ v n ɯ	5	e								SyrjWsch
livonian_courland	breathe	1		jengõ				jeŋɡɯ		j e ŋ ɡ ɯ	1	a								LivWb
mansi_sosva	breathe	1		liläji		liläji		lilæji		l i l æ j i	5	e								WogWb
mari_hill	breathe	1		šüläš				ʃylæʃ		ʃ y l æ ʃ	4	d	chuvash	clear				TscherWb	TscherWb	
mari_meadow	breathe	1		šülem		šülem		ʃylem		ʃ y l e m	4	d	chuvash	clear					TscherWb	SMSk, TscherWb
moksha	breathe	1		vajme tarkśems				vɑjme tɑrksʲems		v ɑ j m e t ɑ r k sʲ e m s	7	g			Analytic expression. 'vajme' possibly cognate with saamic (Sammallahti 1988)			MdH		
nenets_tundra	breathe	1		yínt°q				jintʔ		j i n t ʔ	2	b			Cognacy uncertain	'Breath (n.)'; deriv.				JurSWb
nganasan	breathe	1		bačədʹa		bačədʹa		bɑtʃədʲɑ		b ɑ tʃ ə dʲ ɑ	2	b								SlNgaRus
proto_uralic	breathe	1		*wajŋi̮				wɑjŋɨ		w ɑ j ŋ ɨ	2	b				'Breath, spirit'				UEW, Sam88
saami_inari	breathe	1		vuoiŋâđ				vuoiŋəð		v u o i ŋ ə ð	2	b								InsSSk
saami_kildin	breathe	1		vūjjne		vuujjne		vuːjːne		v uː jː n e	2	b								WOLD
saami_north	breathe	1		vuoigŋat				vuoikŋɑt		v u o i k ŋ ɑ t	2	b								SSSg
saami_pite	breathe	1		vuojŋastak				vuojŋɑstɑk		v u o j ŋ ɑ s t ɑ k	2	b								EZ
saami_skolt	breathe	1		vuõiŋŋâd				vuəiŋːɐd		v u ə i ŋː ɐ d	2	b								SKosSk
saami_south	breathe	1		voejngedh				vuejnɡedh		v u e j n ɡ e d h	2	b								NSsNdb
saami_ume	breathe	1		vuaigŋjat				vuɑikŋjɑt		v u ɑ i k ŋ j ɑ t	2	b								WbWlap
selkup_northern	breathe	1		kuə̑j-		kuə̑j-		kuəj-		k u ə j	2	b								SolkWb
udmurt	breathe	1		šokani̮		šokani̮		ʃokɑnɯ		ʃ o k ɑ n ɯ	6	f								WotjWsch
veps	breathe	1		hengitada	henkta			heŋːitɑdɑ		h e ŋː i t ɑ d ɑ	1	a								VVS
votic_western	breathe	1		entšiä		enčiä		entʃimæ		e n tʃ i m æ	1	a								VKJMS
erzya	burn	1		paloms		paloms		pɑloms		p ɑ l o m s	1	a								MordWb
estonian_south	burn	1		palama				pɑlɑmɑ		p ɑ l ɑ m ɑ	1	a								VESr
estonian_standard	burn	1		põleda		pə̑leta		pɤletɑ		p ɤ l e t ɑ	1	a								SVSk
finnish_standard	burn	1		palaa		palaa		pɑlɑː		p ɑ l ɑː	1	a				"'Be on fire' Cf. ""palella"" 'be cold (of persons)', deriv. from ""palaa"""				JL
hungarian	burn	1		ég		eeg		eːɡ		eː ɡ	6	f			From PFU *äŋV- 'burn'					FMSz
ingrian	burn	1		pal̆lā		pal̆lā		pɑl̆lɑː		p ɑ l ̆ l ɑː	1	a								InkmSk
karelian_proper	burn	1		paloa				pɑloɑ		p ɑ l o ɑ	1	a								KKSV
khanty_vakh_vasyugan	burn	1		li-		li-		li-		l i	8	h				'Eat, drink, burn'				DEWbOstj
komi_permyak	burn	1		soćći̮ni̮		soćći̮ni̮		sotɕːɯnɯ		s o tɕː ɯ n ɯ	4	d								KoPRSl
komi_zyrian	burn	1		sotʹći̮ni̮		sotʹći̮ni̮		sotʲtɕɯnɯ		s o tʲ tɕ ɯ n ɯ	4	d								SyrjWsch
livonian_courland	burn	1		pallõ				pɑlːɯ		p ɑ lː ɯ	1	a								LivWb
mansi_sosva	burn	1		tēɣ		tēɣ		teːɣ		t eː ɣ	7	g								WogWb
mari_hill	burn	1		jə̑laš				jəlɑʃ		j ə l ɑ ʃ	2	b	chuvash	clear				SES	Rasanen1920	
mari_meadow	burn	1		jülem		jülem		jylem		j y l e m	2	b	chuvash	clear					Rasanen1920	SMSk, TscherWb
moksha	burn	1		paloms				pɑloms		p ɑ l o m s	1	a						SES		
nenets_tundra	burn	1		pəra°				pərɑ		p ə r ɑ	9	i			Possibly from PU *pori̮- instead					JurSWb
nganasan	burn	1		ləŋi̮nsi̮				ləŋɨnsɨ		l ə ŋ ɨ n s ɨ	3	k								SlNgaRus
proto_uralic	burn	1	not_reconstructable																	UEW, Sam88
saami_inari	burn	1		pyelliđ				pyelːið		p y e lː i ð	1	a								InsSSk
saami_kildin	burn	1		pūll’e		puullʹe		puːlːʲe		p uː lːʲ e	1	a								WOLD
saami_north	burn	1		buollit				puolːit		p u o lː i t	1	a								SSSg
saami_pite	burn	1		buälldet				puælːtet		p u æ lː t e t	1	a								EZ
saami_skolt	burn	1		pueʹlled				puelʲːed		p u e lʲː e d	1	a								SKosSk
saami_south	burn	1		bueledh				bueledh		b u e l e d h	1	a								NSsNdb
saami_ume	burn	1		büelleet				pyelːeːt		p y e lː eː t	1	a								WbWlap
selkup_northern	burn	1		am-		am-		ɑm-		ɑ m	10	j								SolkWb
udmurt	burn	1		ǯuani̮		ǯuani̮		dʒuɑnɯ		dʒ u ɑ n ɯ	5	e								WotjWsch
veps	burn	1		palada				pɑlɑdɑ		p ɑ l ɑ d ɑ	1	a								VVS
votic_western	burn	1		põлõa		pe̮le̮a		pɤlɤmɑ		p ɤ l ɤ m ɑ	1	a								VKJMS
erzya	carry	1		kandoms		kandoms		kɑndoms		k ɑ n d o m s	1	a								MordWb
estonian_south	carry	1		kandma				kɑndmɑ		k ɑ n d m ɑ	1	a								VESr
estonian_standard	carry	1		kanda		kanta		kɑntɑ		k ɑ n t ɑ	1	a								SVSk
finnish_standard	carry	1		kantaa		kantaa		kɑn̪t̪ɑː		k ɑ n̪ t̪ ɑː	1	a								JL
hungarian	carry	1		cipel		cipel		t͡sipɛl		t͡s i p ɛ l	7	g								FMSz
hungarian	carry	2		hord		hord		hord		h o r d	3	c								FMSz
ingrian	carry	1		kantā		kantā		kɑntɑː		k ɑ n t ɑː	1	a								InkmSk
karelian_proper	carry	1		kantoa				kɑntoɑ		k ɑ n t o ɑ	1	a								KKSV
khanty_vakh_vasyugan	carry	1		ält-		ält-		ælt-		æ l t	4	d			From PU *älV- 'carry'					DEWbOstj
komi_permyak	carry	1		novje̮tni̮		novje̮tni̮		novjɤtnɯ		n o v j ɤ t n ɯ	2	b								KoPRSl
komi_zyrian	carry	1		nuni̮		novli̮ni̮		novlɯnɯ		n o v l ɯ n ɯ	2	b								SyrjWsch
livonian_courland	carry	1		kandõ				kɑndɯ		k ɑ n d ɯ	1	a								LivWb
mansi_sosva	carry	1		ālmi		ālmi		ɑːlmi		ɑː l m i	4	d			From PU *älV- 'carry'					WogWb
mansi_sosva	carry	2		ōńśi		ōńśi		oːɲɕi		oː ɲ ɕ i	5	e								WogWb
mari_hill	carry	1		namalaš				nɑmɑlɑʃ		n ɑ m ɑ l ɑ ʃ	9	i								
mari_meadow	carry	1		numalam		numalam		numɑlɑm		n u m ɑ l ɑ m	9	i				'Carry (objects)'				SMSk, TscherWb
moksha	carry	1		kandoms				kɑndoms		k ɑ n d o m s	1	a								
nenets_tundra	carry	1		xana°				xɑnɑ		x ɑ n ɑ	1	a								JurSWb
nganasan	carry	1		mi̮ndi̮si̮		mi̮ndi̮si̮		mɯndɯsɯ		m ɯ n d ɯ s ɯ	8	h								SlNgaRus
proto_uralic	carry	1		*kanta-				kɑntɑ		k ɑ n t ɑ	1	a								UEW, Sam88
saami_inari	carry	1		kyeddiđ				kyedːið		k y e dː i ð	1	a								InsSSk
saami_kildin	carry	1		kūnn’te		kuunnʹte		kuːnːʲte		k uː nːʲ t e	1	a								WOLD
saami_north	carry	1		guoddit				kuottit		k u o t t i t	1	a								SSSg
saami_pite	carry	1		guäddet				kuættet		k u æ t t e t	1	a								JL, EZ
saami_skolt	carry	1		kueʹdˈded				kuedʲːed		k u e dʲː e d	1	a								SKosSk
saami_south	carry	1		guedtedh				ɡuedtedh		ɡ u e d t e d h	1	a								NSsNdb
saami_ume	carry	1		güedˈdeet				kyetˈteːt		k y e tˈ t eː t	1	a								WbWlap
selkup_northern	carry	1		quə̑ntə-		quə̑ntə-		quəntə-		q u ə n t ə	1	a								SolkWb
udmurt	carry	1		nulli̮ni̮		nulli̮ni̮		nulːɯnɯ		n u lː ɯ n ɯ	2	b								WotjWsch
veps	carry	1		kanta	kantta			kɑntɑ		k ɑ n t ɑ	1	a								VVS
votic_western	carry	1		kantaa		kantā		kɑntɑː		k ɑ n t ɑː	1	a								VKJMS
erzya	charcoal	1		śedʹ		śedʹ		ɕedʲ		ɕ e dʲ	2	b								MordWb
estonian_south	charcoal	1		hüdsi				hydsi		h y d s i	2	b			Initial consonant dissimilated					VESr
estonian_standard	charcoal	1		süsi		süsi		sysi		s y s i	2	b								SVSk
finnish_standard	charcoal	1		hiili		hiili		hiːli		h iː l i	1	a				"""Hiili"" 'coal (in general)', ""puuhiili"" 'charcoal', lit. 'wood coal'"				JL
finnish_standard	charcoal	2		puuhiili		puuhiili		puːɦiːli		p uː ɦ iː l i	1	a				"""Hiili"" 'coal (in general)', ""puuhiili"" 'charcoal', lit. 'wood coal'"				JL
hungarian	charcoal	1		szén		seen		seːn		s eː n	3	c				"""szén"" 'coal (in general)', ""faszén"" 'charcoal', lit. 'wood coal'"				FMSz
hungarian	charcoal	2		faszén		faseen		fɒseːn		f ɒ s eː n	3	c				"""szén"" 'coal (in general)', ""faszén"" 'charcoal', lit. 'wood coal'"				FMSz
ingrian	charcoal	1		hīli		hīli		hiːli		h iː l i	1	a								InkmSk
karelian_proper	charcoal	1		hiili				hiːli		h iː l i	1	a								KKSV
khanty_vakh_vasyugan	charcoal	1		sö̆j		sö̆j		sø̆j		s ø ̆ j	2	b								DEWbOstj
komi_permyak	charcoal	1		šom		šom		ʃom		ʃ o m	5	e								KoPRSl
komi_zyrian	charcoal	1		šom		šom		ʃom		ʃ o m	5	e								SyrjWsch
livonian_courland	charcoal	1		siž				siʒ		s i ʒ	2	b								LivWb
mansi_sosva	charcoal	1		lotaχ	lotəχ	lotaχ	lotəχ	lotɑx	lotəx	l o t ɑ x	4	d				'Embers, coal'				WogWb
mari_hill	charcoal	1		šü				ʃy		ʃ y	2	b								
mari_meadow	charcoal	1		šüj		šüj		ʃyj		ʃ y j	2	b								SMSk, TscherWb
moksha	charcoal	1		śed'				sʲedʲ		sʲ e dʲ	2	b								
nenets_tundra	charcoal	1		yataqma				jɑtɑʔmɑ		j ɑ t ɑ ʔ m ɑ	7	g								JurSWb
nganasan	charcoal	1		torüküśa hualə		torüküśa_hualə		torykyɕɑ huɑlə		t o r y k y ɕ ɑ h u ɑ l ə	8	i				Lit. 'fuel stone'				SlNgaRus
proto_uralic	charcoal	1		*śüδʹi				sʲyðʲi		sʲ y ðʲ i	2	b								UEW, Sam88
saami_inari	charcoal	1		čiđđâ				t͡ʃiðːə		t͡ʃ i ðː ə	2	b	indo-iranian	possible					Sammallahti1999	InsSSk
saami_kildin	charcoal	1		ɨll		ə̑ll		ɨlː		ɨ lː	1	a	finnic	probable					Riessler2009	WOLD
saami_kildin	charcoal	2		mūrr-ɨll		muurr-ə̑ll		muːrː-ɨlː		m uː rː ɨ lː	1	a	finnic	probable					Riessler2009	WOLD
saami_north	charcoal	1		čitna				t͡ʃitnɑ		t͡ʃ i t n ɑ	3	c								SSSg
saami_pite	charcoal	1		tjádda ~ tjarra				cɑːttɑ ~ cɑrːɑ			2	b	indo-iranian	possible					Sammallahti1999	EZ
saami_skolt	charcoal	1		iil				iːl		iː l	1	a	finnic	clear					SSA	SKosSk
saami_south	charcoal	1		tjïrre				t͡ɕɨrːe		t͡ɕ ɨ rː e	2	b	indo-iranian	possible					Sammallahti1999	NSsNdb
saami_ume	charcoal	1		tjadda				cɑttɑ		c ɑ t t ɑ	2	b	indo-iranian	possible					Sammallahti1999	WbWlap
selkup_northern	charcoal	1		ćūc		ćūc		tɕuːc		tɕ uː c	2	b					"Assim. form, in other dialects ""ćūt"""			SolkWb
udmurt	charcoal	1		egi̮r		egi̮r		eɡɯr		e ɡ ɯ r	6	f	iranian	clear		'Coal'			Holopainen2019	WotjWsch
veps	charcoal	1		hilʹ				hilʲ		h i lʲ	1	a								VVS
votic_western	charcoal	1		süsi		süsi		sysi		s y s i	2	b								VKJMS
erzya	child	1		ejkakš		ejkakš		ejkɑkʃ		e j k ɑ k ʃ	6	f								MordWb
estonian_south	child	1		lats'				lɑtsʲ		l ɑ t sʲ	1	a								VESr
estonian_standard	child	1		laps		lapps		lɑpːs		l ɑ pː s	1	a								SVSk
finnish_standard	child	1		lapsi		lapsi		lɑpsi		l ɑ p s i	1	a								JL
hungarian	child	1		gyerek	gyermek	ǵerek		ɟɛrɛk	ɟɛrmɛk	ɟ ɛ r ɛ k	10	j	west old turkic	possible					WOT, TESz, Zaicz2006	FMSz
ingrian	child	1		laps		laps		lɑps		l ɑ p s	1	a								InkmSk
karelian_proper	child	1		lapsi				lɑpsi		l ɑ p s i	1	a								KKSV
khanty_vakh_vasyugan	child	1		ńəŋi-ki̮ji̮		ńəŋi-ki̮ji̮		ɲəŋi-kɯjɯ		ɲ ə ŋ i k ɯ j ɯ	13	m			"Comp.; ""ńəŋi"" 'younger sister, younger daughter of relative'"					DEWbOstj
khanty_vakh_vasyugan	child	2		ökǝmot		ökəmot		økəmot		ø k ə m o t	19	s			"Deriv. from ""ot"" 'thing' (lit. ""small thing"")"					DEWbOstj
komi_permyak	child	1		kaga		kaga		kɑɡɑ		k ɑ ɡ ɑ	20	t	russian	clear					KESK	KoPRSl
komi_zyrian	child	1		ćelʹadʹ		ćelʹadʹ		tɕeʎɑdʲ		tɕ e ʎ ɑ dʲ	17	q				'Children' (coll.)				SyrjWsch
livonian_courland	child	1		läpš				læpʃ		l æ p ʃ	1	a								LivWb
mansi_sosva	child	1		āɣi-piɣ		āɣi-piɣ		ɑːɣi-piɣ		ɑː ɣ i p i ɣ	12	l			"Comp.; lit. ""daughter-son""; ""āɣi"" from PFP *äkɜ ~ äwɜ 'daughter, girl'; ""piɣ"" from PFU *pojka 'son, boy'"					WogWb
mansi_sosva	child	2		ńāwram		ńāwram		ɲɑːwrɑm		ɲ ɑː w r ɑ m	11	k								WogWb
mari_hill	child	1		t'etja				tetjɑ		t e t j ɑ	22	v			Cognacy reference lacking			SES		
mari_meadow	child	1		ikšə̑βə̑	iɣešuβə̑	ikšə̑βə̑	iɣešuβə̑	ikʃəβə	iɣeʃuβə	i k ʃ ə β ə	7	g			"First part ""iɣe"" 'cub, young of animal' possibly has cognates in Khan, Sd"	'Children'				SMSk, TscherWb
mari_meadow	child	2		joča		joča		jotʃɑ		j o tʃ ɑ	16	p								SMSk, TscherWb
moksha	child	1		šaba				ʃɑbɑ		ʃ ɑ b ɑ	23	w	russian	possible				MordWb	MordWb	
moksha	child	2		id'				idʲ		i dʲ	24	x			Highly uncertain connection to Mari i-element suggested			Versinin2004		
nenets_tundra	child	1		ŋəcyeki°				ŋət͡sʲeki		ŋ ə t͡sʲ e k i	14	n								JurSWb
nganasan	child	1		ńuə		ńuə		ɲuə		ɲ u ə	21	u								SlNgaRus
proto_uralic	child	1	not_reconstructable																	UEW, Sam88
saami_inari	child	1		páárnáš				pæːrnæʃ		p æː r n æ ʃ	4	d	north germanic	clear					Lehtiranta1989	InsSSk
saami_inari	child	2		pärni				pærni		p æ r n i	4	d	north germanic	clear					Lehtiranta1989	InsSSk
saami_kildin	child	1		pārnenč		paarnentš		pɑːrnentʃ		p ɑː r n e n t ʃ	4	d	north germanic	clear					Riessler2009	WOLD
saami_north	child	1		mánná				mɑːnːɑː		m ɑː nː ɑː	2	b	north germanic	clear					Sammallahti1998	SSSg
saami_pite	child	1		mánná				mɑːnːɑː		m ɑː nː ɑː	2	b	north germanic	clear					Sammallahti1998	EZ
saami_skolt	child	1		päʹrnn				pærʲnː		p æ rʲ nː	4	d	north germanic	clear					Lehtiranta1989	SKosSk
saami_skolt	child	2		päärnaž				pæːrnɑʒ		p æː r n ɑ ʒ	4	d	north germanic	clear					Lehtiranta1989	SKosSk
saami_south	child	1		maana				mɑːnɑ		m ɑː n ɑ	2	b	north germanic	clear					Sammallahti1998	NSsNdb
saami_ume	child	1		jugˈloo				jukˈloː		j u kˈ l oː	3	c								WbWlap
saami_ume	child	2		mànnaa				mɑnːɑː		m ɑ nː ɑː	2	b	north germanic	clear					Sammallahti1998	WbWlap
selkup_northern	child	1		īŋa		īŋa		iːŋɑ		iː ŋ ɑ	15	o			"Deriv. from ""ī"" 'son'"					SolkWb
udmurt	child	1		ni̮lpi		ni̮lpi		nɯlpi		n ɯ l p i	18	r			"From comp., lit. ""daughter-son""; ""ni̮l"" from PU *nejδe 'daughter, girl', ""pi"" from PFU *pojka 'son, boy'"					WotjWsch
udmurt	child	2		pinal		pinal		pinɑl		p i n ɑ l	9	i								WotjWsch
veps	child	1		lapś				lɑpsʲ		l ɑ p sʲ	1	a								VVS
votic_western	child	1		лahs		lahs		lɑhs		l ɑ h s	1	a								VKJMS
erzya	child_kin	1		ejkakš		ejkakš		ejkɑkʃ		e j k ɑ k ʃ	6	f								MordWb
estonian_south	child_kin	1		lats'				lɑtsʲ		l ɑ t sʲ	1	a								VESr
estonian_standard	child_kin	1		laps		lapps		lɑpːs		l ɑ pː s	1	a								SVSk
finnish_standard	child_kin	1		lapsi		lapsi		lɑpsi		l ɑ p s i	1	a								JL
hungarian	child_kin	1		gyerek	gyermek	ǵerek		ɟɛrɛk		ɟ ɛ r ɛ k	10	j	west old turkic	possible					WOT, TESz, Zaicz2006	FMSz
ingrian	child_kin	1		laps		laps		lɑps		l ɑ p s	1	a								InkmSk
karelian_proper	child_kin	1		lapsi				lɑpsi		l ɑ p s i	1	a								KKSV
khanty_vakh_vasyugan	child_kin	1		ńəŋi-ki̮ji̮		ńəŋi-ki̮ji̮		ɲəŋi-kɯjɯ		ɲ ə ŋ i k ɯ j ɯ	13	m			"Comp.; ""ńəŋi"" 'younger sister, younger daughter of relative'"					DEWbOstj
komi_permyak	child_kin	1		ćelʹadʹ		ćelʹadʹ		tɕeʎɑdʲ		tɕ e ʎ ɑ dʲ	17	q				'Children (of someone)'				KoPRSl
komi_permyak	child_kin	2		kaga		kaga		kɑɡɑ		k ɑ ɡ ɑ	19	s	russian	clear					KESK	KoPRSl
komi_zyrian	child_kin	1		ćelʹadʹ		ćelʹadʹ		tɕeʎɑdʲ		tɕ e ʎ ɑ dʲ	17	q				'Children (coll.)'				SyrjWsch
livonian_courland	child_kin	1		läpš				læpʃ		l æ p ʃ	1	a								LivWb
mansi_sosva	child_kin	1		āɣi-piɣ		āɣi-piɣ		ɑːɣi-piɣ		ɑː ɣ i p i ɣ	12	l			"Comp.; lit. ""daughter-son""; ""āɣi"" from PFP *äkɜ ~ äwɜ 'daughter, girl'; ""piɣ"" from PFU *pojka 'son, boy'"					WogWb
mansi_sosva	child_kin	2		ńāwram		ńāwram		ɲɑːwrɑm		ɲ ɑː w r ɑ m	11	k								WogWb
mari_hill	child_kin	1		t'etja				tetjɑ		t e t j ɑ	21	u	russian	clear				SES	TscherWb	
mari_meadow	child_kin	1		ikšə̑βə̑	iɣešuβə̑	ikšə̑βə̑	iɣešuβə̑	ikʃəβə	iɣeʃuβə	i k ʃ ə β ə	7	g			"First part ""iɣe"" possibly has cognates in Khanty, Sd"	'Children'				SMSk, TscherWb
mari_meadow	child_kin	2		joča		joča		jotʃɑ		j o tʃ ɑ	16	p								SMSk, TscherWb
moksha	child_kin	1		šaba	žaba			ʃɑbɑ		ʃ ɑ b ɑ	5	v	russian	possible					MordWb	
nenets_tundra	child_kin	1		nyú				ɲu		ɲ u	14	n								JurSWb
nganasan	child_kin	1		ńū		ńū		ɲuː		ɲ uː	14	n								SlNgaRus
proto_uralic	child_kin	1	not_reconstructable																	UEW, Sam88
saami_inari	child_kin	1		páárnáš				pæːrnæʃ		p æː r n æ ʃ	4	d	north germanic	clear					Lehtiranta1989	InsSSk
saami_inari	child_kin	2		pärni				pærni		p æ r n i	4	d	north germanic	clear					Lehtiranta1989	InsSSk
saami_kildin	child_kin	1		pārrne		paarrne		pɑːrːne		p ɑː rː n e	4	d	north germanic	clear					Lehtiranta1989	WOLD
saami_north	child_kin	1		mánná				mɑːnːɑː		m ɑː nː ɑː	2	b	north germanic	clear					Sammallahti1998	SSSg
saami_pite	child_kin	1		mánná				mɑːnːɑː		m ɑː nː ɑː	2	b								
saami_skolt	child_kin	1		päʹrnn				pærʲnː		p æ rʲ nː	4	d	north germanic	clear					Lehtiranta1989	SKosSk
saami_skolt	child_kin	2		päärnaž				pæːrnɑʒ		p æː r n ɑ ʒ	4	d	north germanic	clear					Lehtiranta1989	SKosSk
saami_south	child_kin	1		maana				mɑːnɑ		m ɑː n ɑ	2	b	north germanic	clear					Sammallahti1998	NSsNdb
saami_ume	child_kin	1		jugˈloo				jukˈloː		j u kˈ l oː	3	c								WbWlap
saami_ume	child_kin	2		mànnaa				mɑnːɑː		m ɑ nː ɑː	2	b	north germanic	clear					Sammallahti1998	WbWlap
selkup_northern	child_kin	1		īŋa		īŋa		iːŋɑ		iː ŋ ɑ	15	o			"Deriv. from ""ī"" 'son'"					SolkWb
udmurt	child_kin	1		ni̮lpi		ni̮lpi		nɯlpi		n ɯ l p i	18	r			"From comp., lit. ""daughter-son""; ""ni̮l"" from PU *nejδe 'daughter, girl', ""pi"" from PFU *pojka 'son, boy'"					WotjWsch
udmurt	child_kin	2		pinal		pinal		pinɑl		p i n ɑ l	9	i								WotjWsch
veps	child_kin	1		lapś				lɑpsʲ		l ɑ p sʲ	1	a								VVS
votic_western	child_kin	1		лahsi		lahsi		lɑhs		l ɑ h s	1	a								VKJMS
erzya	claw_nail	1		kenže		kenže		kenʒe		k e n ʒ e	1	a								MordWb
estonian_south	claw_nail	1		küüds'				kyːdsʲ		k yː d sʲ	1	a								VESr
estonian_standard	claw_nail	1		küüs		küüs		kyːs		k yː s	1	a								SVSk
estonian_standard	claw_nail	2		küünis		küünis		kyːnis		k yː n i s	1	a								SVSk
finnish_standard	claw_nail	1		kynsi		künsi		kynsi		k y n s i	1	a								JL
hungarian	claw_nail	1		karom		karom		kɒrom		k ɒ r o m	2	b					"Cf. ""köröm"" 'fingernail'"			FMSz
ingrian	claw_nail	1		künz		künz		kynz		k y n z	1	a								InkmSk
karelian_proper	claw_nail	1		kynsi				kynsi		k y n s i	1	a								KKSV
khanty_vakh_vasyugan	claw_nail	1		kö̆ṇč		kö̆ṇč		kø̆ɳtʃ		k ø ̆ ɳ tʃ	1	a								DEWbOstj
komi_permyak	claw_nail	1		gi̮ž		gi̮ž		ɡɯʒ		ɡ ɯ ʒ	1	a					"Stem ""gi̮žj-"""			KoPRSl
komi_zyrian	claw_nail	1		gi̮ž		gi̮ž		ɡɯʒ		ɡ ɯ ʒ	1	a								SyrjWsch
livonian_courland	claw_nail	1		kīņtš				kiːɲt͡ʃ		k iː ɲ t͡ʃ	1	a								LivWb
mansi_sosva	claw_nail	1		kos		kos		kos		k o s	1	a								WogWb
mari_hill	claw_nail	1		kəč				kət͡ʃ		k ə t͡ʃ	1	a						SES, UEW		
mari_meadow	claw_nail	1		küč		küč		kytʃ		k y tʃ	1	a								SMSk, TscherWb
moksha	claw_nail	1		keńžä				kenʲʒæ		k e nʲ ʒ æ	1	a						SES, UEW		
nenets_tundra	claw_nail	1		xəda				xədɑ		x ə d ɑ	4	d								JurSWb
nganasan	claw_nail	1		kətu		kətu		kətu		k ə t u	1	a								SlNgaRus
proto_uralic	claw_nail	1		*künči				kynt͡ʃi		k y n t͡ʃ i	1	a								UEW, Sam88
saami_inari	claw_nail	1		kozzâ				kod͡zːə		k o d͡zː ə	1	a								InsSSk
saami_kildin	claw_nail	1		kēnnc		keennc		keːnːc		k eː nː c	1	a								WOLD
saami_north	claw_nail	1		gazza				kɑd͡zːɑ		k ɑ d͡zː ɑ	1	a								SSSg
saami_pite	claw_nail	1		gaddtsa				kɑttt͡sɑ		k ɑ t t t͡s ɑ	1	a								EZ
saami_skolt	claw_nail	1		kõʒʒ				kəʒʒ		k ə ʒ ʒ	1	a								SKosSk
saami_south	claw_nail	1		gadtse				ɡɑt͡sːe		ɡ ɑ t͡sː e	1	a								NSsNdb
saami_south	claw_nail	2		guehpere				ɡuehpere		ɡ u e h p e r e	3	c	germanic	clear					Aikio2009	NSsNdb
saami_ume	claw_nail	1		gadtsa				kɑtt͡sɑ		k ɑ t t͡s ɑ	1	a								WbWlap
selkup_northern	claw_nail	1		qatə		qatə		qɑtə		q ɑ t ə	4	d								SolkWb
udmurt	claw_nail	1		giži̮		giži̮		ɡiʒɯ		ɡ i ʒ ɯ	1	a								WotjWsch
veps	claw_nail	1		künź				kynzʲ		k y n zʲ	1	a								VVS
votic_western	claw_nail	1		tšǖsi		čǖsi		tʃyːni		tʃ yː n i	1	a								VKJMS
erzya	clean	1		vańks		vańks		vɑɲks		v ɑ ɲ k s	3	c								MordWb
estonian_south	clean	1		puhas				puhɑs		p u h ɑ s	1	a	proto-indo-european	possible					Koivulehto1988a, SSA	VESr
estonian_standard	clean	1		puhas		puhas		puhɑs		p u h ɑ s	1	a	proto-indo-european	possible					Koivulehto1988a, SSA	SVSk
finnish_standard	clean	1		puhdas		puhdas		puxdɑs		p u x d ɑ s	1	a	proto-indo-european	possible					Koivulehto1988a, SSA	JL
hungarian	clean	1		tiszta		tista		tistɒ		t i s t ɒ	11	k	slavic	clear					Kniezsa1974, Zaicz2006, TESz	FMSz
ingrian	clean	1		puhaz		puhaz		puhɑz		p u h ɑ z	1	a	proto-indo-european	possible					Koivulehto1988a, SSA	InkmSk
karelian_proper	clean	1		puhas				puhɑs		p u h ɑ s	1	a	proto-indo-european	possible					Koivulehto1988a, SSA	KKSV
khanty_vakh_vasyugan	clean	1		säɣlök				sæɣløk		s æ ɣ l ø k	15	t						SES		DEWbOstj
komi_permyak	clean	1		se̮ste̮m		se̮ste̮m		sɤstɤm		s ɤ s t ɤ m	7	g					"Caritive deriv. from ""se̮s"" 'dirt, dirtiness; dirty, unclean'"			KoPRSl
komi_zyrian	clean	1		se̮ste̮m		se̮ste̮m		sɤstɤm		s ɤ s t ɤ m	6	f				'Agile, skillful, clean, tidy'				SyrjWsch
livonian_courland	clean	1		pūdõz				puːdɯz		p uː d ɯ z	1	a	proto-indo-european	possible					Koivulehto1988a, SSA	LivWb
mansi_sosva	clean	1		sistam		sistam		sistɑm		s i s t ɑ m	7	m	komi	clear					Kalman1961	WogWb
mari_hill	clean	1		ire				ire		i r e	9	s						SES		
mari_meadow	clean	1		aru		aru		ɑru		ɑ r u	5	e	tatar	clear					Isanbaev1994, TscherWb	SMSk, TscherWb
mari_meadow	clean	2		jandar		jandar		jɑndɑr		j ɑ n d ɑ r	4	d								SMSk, TscherWb
moksha	clean	1		aru				ɑru		ɑ r u	5	r	tatar	clear					Butylov2007	
nenets_tundra	clean	1		warcyada				wɑrt͡sʲɑdɑ		w ɑ r t͡sʲ ɑ d ɑ	14	u					Lit. 'dirtless'	SES		RusskoNeneckij
nganasan	clean	1		ńarajkuə		ńarajkuə		ɲɑrɑjkuə		ɲ ɑ r ɑ j k u ə	13	o								SlNgaRus
proto_uralic	clean	1	not_reconstructable																	
saami_inari	clean	1		putes				putes		p u t e s	1	p	finnic	clear					SSA	InsSSk
saami_kildin	clean	1		čīllk		tšiillk		tʃiːlːk		t ʃ iː lː k	10	j								WOLD
saami_north	clean	1		buhtis				puhtis		p u h t i s	1	p	finnic	clear					SSA	SSSg
saami_pite	clean	1		rájnas				rɑːjnɑs		r ɑː j n ɑ s	2	b	north germanic	clear					SSA	EZ
saami_skolt	clean	1		puuʹttes				puːtʲːes		p uː tʲː e s	1	p	finnic	clear					SSA	SKosSk
saami_south	clean	1		raajne				rɑːjne		r ɑː j n e	2	b	north germanic	clear					SSA	NSsNdb
saami_ume	clean	1		ràidna				rɑitnɑ		r ɑ i t n ɑ	2	b	north germanic	clear					SSA	WbWlap
selkup_northern	clean	1		ćīsta				t͡sʲiːstɑ		t͡sʲ iː s t ɑ	12	v						SES		SolkWb
udmurt	clean	1		ćilki̮t		ćilki̮t		tɕilkɯt		tɕ i l k ɯ t	8	h								WotjWsch
veps	clean	1		puhtaz				puxtɑz		p u x t ɑ z	1	a	proto-indo-european	possible					Koivulehto1988a, SSA	VVS
votic_western	clean	1		puhaz		puhaz		puhɑz		p u h ɑ z	1	a	proto-indo-european	possible					Koivulehto1988a, SSA	VKJMS
erzya	cloud	1		pelʹ		pelʹ		peʎ		p e ʎ	1	a								MordWb
estonian_south	cloud	1		pilv'				pilvʲ		p i l vʲ	1	a								VESr
estonian_standard	cloud	1		pilv		pilv		pilv		p i l v	1	a								SVSk
finnish_standard	cloud	1		pilvi		pilvi		pilʋi		p i l ʋ i	1	a								JL
hungarian	cloud	1		felhő		felhöö		fɛlɦøː		f ɛ l ɦ øː	1	a								FMSz
ingrian	cloud	1		pilvi		pilvi		pilvi		p i l v i	1	a								InkmSk
ingrian	cloud	2		tūt̀sa		tūt̀sa		tuːt̀sɑ		t uː t̀ s ɑ	3	c	russian	clear					InkmSk	InkmSk
karelian_proper	cloud	1		pilvi				pilvi		p i l v i	1	a								KKSV
khanty_vakh_vasyugan	cloud	1		pələŋ		pələŋ		pələŋ		p ə l ə ŋ	1	a								DEWbOstj
komi_permyak	cloud	1		ki̮me̮r		ki̮me̮r		kɯmɤr		k ɯ m ɤ r	2	b								KoPRSl
komi_zyrian	cloud	1		ki̮me̮r		ki̮me̮r		kɯmɤr		k ɯ m ɤ r	2	b								SyrjWsch
livonian_courland	cloud	1		pīla				piːlɑ		p iː l ɑ	1	a								LivWb
mansi_sosva	cloud	1		tul		tul		tul		t u l	3	c								WogWb
mari_hill	cloud	1		pəl				pəl		p ə l	1	a						SES, Bereczki2013		
mari_meadow	cloud	1		pə̑l		pə̑l		pəl		p ə l	1	a								SMSk, TscherWb
moksha	cloud	1		tućä				tut͡sʲæ		t u t͡sʲ æ	5	e	russian	clear				MordWb	MordWb	
moksha	cloud	2		kovol				kovol		k o v o l	2	b						SES, MordWb		
nenets_tundra	cloud	1		tyír°				tʲir		tʲ i r	4	d								JurSWb
nganasan	cloud	1		čiəδu		čiəδu		tʃiəðu		tʃ i ə ð u	4	d								SlNgaRus
nganasan	cloud	2		čīrü		čīrü		tʃiːry		tʃ iː r y	4	d								SlNgaRus
proto_uralic	cloud	1		*pilwi				pilwi		p i l w i	1	a					PFU: *pilwi, *kumV			UEW, Sam88
saami_inari	cloud	1		polvâ				polvə		p o l v ə	1	a								InsSSk
saami_kildin	cloud	1		pēvvl		peevvl		peːvːl		p eː vː l	1	a								WOLD
saami_north	cloud	1		balva				pɑlvɑ		p ɑ l v ɑ	1	a								SSSg
saami_pite	cloud	1		bállva				pɑːlːvɑ		p ɑː lː v ɑ	1	a								EZ
saami_skolt	cloud	1		põlvv				pəlvː		p ə l vː	1	a								SKosSk
saami_south	cloud	1		balve				bɑlve		b ɑ l v e	1	a								NSsNdb
saami_ume	cloud	1		balˈva				pɑlˈvɑ		p ɑ lˈ v ɑ	1	a								WbWlap
selkup_northern	cloud	1		tīttə		tīttə		tiːtːə		t iː tː ə	4	d								SolkWb
udmurt	cloud	1		pilʹem		pilʹem		piʎem		p i ʎ e m	1	a								WotjWsch
veps	cloud	1		pilʹv				pilʲv		p i lʲ v	1	a								VVS
votic_western	cloud	1		pilvi		pilvi		pilvi		p i l v i	1	a								VKJMS
erzya	cold	1		kelʹme		kelʹme		keʎme		k e ʎ m e	1	a	north-western-indo-european	probable					Koivulehto1983, SSA, NES	MordWb
estonian_south	cold	1		külm				kylm		k y l m	1	a	north-western-indo-european	probable					Koivulehto1983, SSA, NES	VESr
estonian_standard	cold	1		külm		külm		kylm		k y l m	1	a	north-western-indo-european	probable					Koivulehto1983, SSA, NES	SVSk
finnish_standard	cold	1		kylmä		külmä		kylmæ		k y l m æ	1	a	north-western-indo-european	probable					Koivulehto1983, SSA, NES	JL
hungarian	cold	1		hideg		hideg		hidɛɡ		h i d ɛ ɡ	8	h								FMSz
ingrian	cold	1		külmä		külmä		kylmæ		k y l m æ	1	a	north-western-indo-european	probable					Koivulehto1983, SSA, NES	InkmSk
karelian_proper	cold	1		kylmä				kylmæ		k y l m æ	1	a	north-western-indo-european	probable					Koivulehto1983, SSA, NES	KKSV
karelian_proper	cold	2		vilu				vilu		v i l u	2	b								KKSV
khanty_vakh_vasyugan	cold	1		ətʹəɣ		ətʹəɣ		ətʲəɣ		ə tʲ ə ɣ	10	j								DEWbOstj
khanty_vakh_vasyugan	cold	2		jöɣli		jöɣli		jøɣli		j ø ɣ l i	6	f								DEWbOstj
khanty_vakh_vasyugan	cold	3		jöɣlijeki		jöɣlijeki		jøɣlijeki		j ø ɣ l i j e k i	6	f								DEWbOstj
komi_permyak	cold	1		ke̮ʒ́i̮t		ke̮ʒ́i̮t		kɤdʑɯt		k ɤ dʑ ɯ t	7	g								KoPRSl
komi_zyrian	cold	1		ke̮ʒ́i̮d		ke̮ʒ́i̮d		kɤdʑɯd		k ɤ dʑ ɯ d	7	g								SyrjWsch
livonian_courland	cold	1		kīlma				kiːlmɑ		k iː l m ɑ	1	a	north-western-indo-european	probable					Koivulehto1983, SSA, NES	LivWb
mansi_sosva	cold	1		aśirma	aśərma	aśirma	aśərma	ɑɕirmɑ	ɑɕərmɑ	ɑ ɕ i r m ɑ	9	i								WogWb
mari_hill	cold	1		üštə				yʃtə		y ʃ t ə	6	f						SES, Bereczki2013		
mari_meadow	cold	1		jüštö		jüštö		jyʃtø		j y ʃ t ø	6	f								SMSk, TscherWb
moksha	cold	1		kel'mä				kelʲmæ		k e lʲ m æ	1	a	north-western-indo-european	probable				SSA	Koivulehto1983, SSA, NES	
nenets_tundra	cold	1		tyecyə°				tʲet͡sʲə		tʲ e t͡sʲ ə	11	k				'Be cold (v.)'; deriv.				JurSWb
nganasan	cold	1		čəśiśi		čəśiśi		tʃəɕiɕi		tʃ ə ɕ i ɕ i	11	k				'Be cold (v)'				SlNgaRus
proto_uralic	cold	1	not_reconstructable														Possibly *konta 'frost, cold', but only in FS and Sd, and in the former in a derived meaning			UEW, Sam88
saami_inari	cold	1		koolmâs				koːlməs		k oː l m ə s	1	a	north-western-indo-european	probable					Koivulehto1983, SSA, NES	InsSSk
saami_kildin	cold	1		kelmas		kelmas		kelmɑs		k e l m ɑ s	1	a	north-western-indo-european	probable					Koivulehto1983, SSA, NES	WOLD
saami_north	cold	1		galmmas				kɑlmːɑs		k ɑ l mː ɑ s	1	a	north-western-indo-european	probable					Koivulehto1983, SSA, NES	SSSg
saami_pite	cold	1		galbma				kɑlpmɑ		k ɑ l p m ɑ	1	a	north-western-indo-european	probable					Koivulehto1983, SSA, NES	EZ
saami_pite	cold	2		tjåskes				cɔskes		c ɔ s k e s	4	d								EZ
saami_skolt	cold	1		kõõlmâs	kõõumâs			kəːlmɐs		k əː l m ɐ s	1	a	north-western-indo-european	probable					Koivulehto1983, SSA, NES	SKosSk
saami_south	cold	1		galme				ɡɑlme		ɡ ɑ l m e	1	a	north-western-indo-european	probable					Koivulehto1983, SSA, NES	NSsNdb
saami_south	cold	2		tjåetskemes				t͡ɕɔet͡skemes		t͡ɕ ɔ e t͡s k e m e s	4	d								NSsNdb
saami_ume	cold	1		baaigòi				pɑːikoi		p ɑː i k o i	5	e								WbWlap
saami_ume	cold	2		tjååskès				cɔːskes		c ɔː s k e s	4	d								WbWlap
selkup_northern	cold	1		taśśu-		taśśu-		tɑɕːu-		t ɑ ɕː u	11	k				'Be cold'				SolkWb
udmurt	cold	1		keźi̮t		keźi̮t		keʑɯt		k e ʑ ɯ t	7	g								WotjWsch
veps	cold	1		vilu				vilu		v i l u	2	b								VVS
votic_western	cold	1		tšülmä		čülmä		t͡ʃylmæ		t͡ʃ y l m æ	1	a	north-western-indo-european	probable					Koivulehto1983, SSA, NES	VKJMS
erzya	comb	1		surśeme		surśeme		surɕeme		s u r ɕ e m e	3	c								MordWb
estonian_south	comb	1		kamm'				kɑmːʲ		k ɑ mːʲ	1	h	germanic	clear					LAGLOS, SSA, EES, NES	VESr
estonian_standard	comb	1		kamm		kamm		kɑmː		k ɑ mː	1	h	germanic	clear					LAGLOS, SSA, EES, NES	SVSk
finnish_standard	comb	1		kampa		kampa		kɑmpɑ		k ɑ m p ɑ	1	h	germanic	clear					LAGLOS, SSA, EES, NES	JL
hungarian	comb	1		fésű		feešüü		feːʃyː		f eː ʃ yː	5	e								FMSz
ingrian	comb	1		kriepina		kriepina		kriepinɑ		k r i e p i n ɑ	7	g	russian	clear					InkmSk	InkmSk
ingrian	comb	2		suɢa		suɢa		suɡ̥ɑ		s u ɡ̥ ɑ	2	b	indo-european	probable					EES	InkmSk
karelian_proper	comb	1		suka				sukɑ		s u k ɑ	2	b	indo-european	probable					EES	KKSV
khanty_vakh_vasyugan	comb	1		kö̆ṇʽčiw		kö̆ṇčiw		kø̆ɳtʃiw		k ø ̆ ɳ tʃ i w	6	f					"Deriv. from ""kö̆ṇč"" 'nail'"			DEWbOstj
komi_permyak	comb	1		si̮nan		si̮nan		sɯnɑn		s ɯ n ɑ n	3	c					Deriv.			KoPRSl
komi_zyrian	comb	1		si̮nan		si̮nan		sɯnɑn		s ɯ n ɑ n	3	c					Deriv.			SyrjWsch
livonian_courland	comb	1		kem				kem		k e m	1	i	latvian	clear	"Cf. Latv. ""kʹemme"""				Suhonen1973	LivWb
mansi_sosva	comb	1		årrėp	å̄rip	årrėp	å̄rip	ɔrːep	ɔːrip	ɔ rː e p	8	j								WogWb
mari_hill	comb	1		šerɣe				ʃerɣe		ʃ e r ɣ e	4	d								
mari_meadow	comb	1		šerɣe		šerɣe		ʃerɣe		ʃ e r ɣ e	4	d								SMSk, TscherWb
moksha	comb	1		śuŕχćem				sʲurʲxt͡sʲem		sʲ u rʲ x t͡sʲ e m	3	c								
nenets_tundra	comb	1		tyírcy°h				tʲirt͡sʲʔ		tʲ i r t͡sʲ ʔ	3	c					"Deriv. from ""tyí-"" 'comb (v.)'"			JurSWb
nganasan	comb	1		d'alisiˀ				dʲɑlisiʔ		dʲ ɑ l i s i ʔ	9	k								
proto_uralic	comb	1	not_reconstructable																	
saami_inari	comb	1		čohhoom				t͡ʃohːoːm		t͡ʃ o hː oː m	2	b	indo-european	probable					SSA	InsSSk
saami_kildin	comb	1		čoagk’		tšaaggʹ		tʃɒːɡːʲ		t ʃ ɒː ɡːʲ	2	b	indo-european	probable					Riessler2009	WOLD
saami_north	comb	1		čohkun				t͡ʃohkun		t͡ʃ o h k u n	2	b	indo-european	probable					Sammallahti1998, SSA	SSSg
saami_north	comb	2		čogu				t͡ʃoku		t͡ʃ o k u	2	b	indo-european	probable					Sammallahti1998, SSA	SSSg
saami_pite	comb	1		kammba				kɑmːpɑ		k ɑ mː p ɑ	1	a	north germanic	clear					Lagercrantz1939	EZ
saami_pite	comb	2		tjåhkom				cɔhkom		c ɔ h k o m	2	b	indo-european	probable					SSA	EZ
saami_skolt	comb	1		čååǥǥam				t͡ʃɔːɣɣɑm		t͡ʃ ɔː ɣ ɣ ɑ m	2	b	indo-european	probable					SSA	SKosSk
saami_south	comb	1		gaampe				ɡɑːmpe		ɡ ɑː m p e	1	a	north germanic	clear					Lagercrantz1939	NSsNdb
saami_ume	comb	1		gámbba				kɑːmppɑ		k ɑː m p p ɑ	1	a	north germanic	clear					Schlachter1958	WbWlap
selkup_northern	comb	1		tipsiń		tipsiń		tipsiɲ		t i p s i ɲ	3	c								SolkWb
udmurt	comb	1		si̮n		si̮n		sɯn		s ɯ n	3	c								WotjWsch
veps	comb	1		suga				suɡɑ		s u ɡ ɑ	2	b	indo-european	probable					EES	VVS
votic_western	comb	1		suka		suka		ɡreːbeni		ɡ r eː b e n i	2	b								
erzya	come	1		sams		sams		sɑms		s ɑ m s	3	c	indo-iranian	clear					Holopainen2019	MordWb
estonian_south	come	1		tulõma				tulɤmɑ		t u l ɤ m ɑ	1	a								VESr
estonian_standard	come	1		tulla		tulla		tulːɑ		t u lː ɑ	1	a								SVSk
finnish_standard	come	1		tulla		tulla		t̪ulːɑ		t̪ u lː ɑ	1	a								JL
hungarian	come	1		jön		jön		jøn		j ø n	6	f								FMSz
ingrian	come	1		tulla		tulla		tulːɑ		t u lː ɑ	1	a								InkmSk
karelian_proper	come	1		tulla				tulːɑ		t u lː ɑ	1	a								KKSV
khanty_vakh_vasyugan	come	1		jö̆-		jö̆-		jø̆-		j ø ̆	6	f								DEWbOstj
khanty_vakh_vasyugan	come	2		jŏχǝt-		jŏχət-		jŏxət-		j o ̆ x ə t	7	g								DEWbOstj
komi_permyak	come	1		lokni̮		lokni̮		loknɯ		l o k n ɯ	5	e			From PFU *läkti- 'leave, depart'		"Stem ""lokt-"""			KoPRSl
komi_zyrian	come	1		lokni̮		lokni̮		loknɯ		l o k n ɯ	5	e			From PFU *läkti- 'leave, depart'					SyrjWsch
livonian_courland	come	1		tūlda				tuːldɑ		t uː l d ɑ	1	a								LivWb
mansi_sosva	come	1		juw	jiw	juw	jiw	juw	jiw	j u w	6	f								WogWb
mari_hill	come	1		tolaš		tolaš		tolɑʃ		t o l ɑ ʃ	1	a						SES, Bereczki2013		
mari_meadow	come	1		tolam		tolam		tolɑm		t o l ɑ m	1	a								SMSk, TscherWb
moksha	come	1		sams				sɑms		s ɑ m s	3	c	indo-iranian	clear					Holopainen2019	
nenets_tundra	come	1		tosy°				tosʲ		t o sʲ	1	a								JurSWb
nganasan	come	1		tujśa		tujśa		tujɕɑ		t u j ɕ ɑ	1	a								SlNgaRus
proto_uralic	come	1		*tuli̮-				tulɨ		t u l ɨ	1	a								UEW, Sam88
saami_inari	come	1		puáttiđ				puætːið		p u æ tː i ð	2	b								InsSSk
saami_kildin	come	1		puedt’e		pueddʹe		puedːʲe		p u e dːʲ e	2	b								WOLD
saami_north	come	1		boahtit				poɑhtit		p o ɑ h t i t	2	b								SSSg
saami_pite	come	1		båhtet				pɔhtet		p ɔ h t e t	2	b								EZ
saami_skolt	come	1		pueʹtted				puetʲːed		p u e tʲː e d	2	b								SKosSk
saami_south	come	1		båetedh				bɔetedh		b ɔ e t e d h	2	b								NSsNdb
saami_ume	come	1		bååhteet				pɔːhteːt		p ɔː h t eː t	2	b								WbWlap
selkup_northern	come	1		tǖ-		tǖ-		tyː-		t yː	1	a								SolkWb
udmurt	come	1		li̮kti̮ni̮		li̮kti̮ni̮		lɯktɯnɯ		l ɯ k t ɯ n ɯ	5	e			From PFU *läkti- 'leave, depart'					WotjWsch
veps	come	1		tulda	tūda			tuldɑ		t u l d ɑ	1	a								VVS
votic_western	come	1		tulla		tulla		tulɤmɑ		t u l ɤ m ɑ	1	a								VKJMS
erzya	cooked	1		pidʹeź		pidʹeź		pidʲeʑ		p i dʲ e ʑ	3	c	proto-indo-european	possible					Koivulehto1991	MordWb
estonian_south	cooked	1		keededüq				keːdedyʔ		k eː d e d y ʔ	1	a	germanic	possible					LAGLOS	VESr
estonian_standard	cooked	1		keedetud		keetettut		keːtetːut		k eː t e tː u t	1	a	germanic	possible					LAGLOS	SVSk
finnish_standard	cooked	1		keitetty		keitettü		ke̞it̪e̞t̪ːy		k e̞ i t̪ e̞ t̪ː y	1	a	germanic	possible					LAGLOS	JL
hungarian	cooked	1		főtt		föött		føːtː		f øː tː	3	c	proto-indo-european	possible			"Form of ""főz"" 'cook'"		Koivulehto1991	FMSz
ingrian	cooked	1		keiᴅettü		keiᴅettü		keid̥etːy		k e i d̥ e tː y	1	a	germanic	possible					LAGLOS	InkmSk
karelian_proper	cooked	1		keitteä				keitːeæ		k e i tː e æ	1	a	germanic	possible		Verb 'cook'			LAGLOS	KKSV
khanty_vakh_vasyugan	cooked	1		kɔ̈ɣrǝm		kɔ̈ɣrəm		kɔ̈ɣrəm		k ɔ̈ ɣ r ə m	6	f					"Form of ""kɔ̈ɣǝr-"" 'cook'"			DEWbOstj
komi_permyak	cooked	1		pue̮m		pue̮m		puɤm		p u ɤ m	3	c	proto-indo-european	possible			"Form of ""puni̮"" 'cook'"		Koivulehto1991	KoPRSl
komi_zyrian	cooked	1		pue̮m		puni̮		punɯ		p u n ɯ	3	c	proto-indo-european	possible		Verb 'cook'			Koivulehto1991	SyrjWsch
livonian_courland	cooked	1		kīetõd				kiːetɯd		k iː e t ɯ d	1	a	germanic	possible		Verb 'cook'			LAGLOS	LivWb
mansi_sosva	cooked	1		pājti		pājti		pɑːjti		p ɑː j t i	3	c	proto-indo-european	possible		Verb 'cook'			Koivulehto1991	WogWb
mari_hill	cooked	1		šoltə̑mə̑				ʃoltəmə		ʃ o l t ə m ə	4	d			Cognacy reference lacking			SES		
mari_meadow	cooked	1		šoltem		šoltem		ʃoltem		ʃ o l t e m	4	d				Verb, 'cook'				SMSk, TscherWb
moksha	cooked	1		pid'ev				pidʲev		p i dʲ e v	3	c	proto-indo-european	possible				Koivulehto1991	Koivulehto1991	
nenets_tundra	cooked	1		pyirye°				pʲirʲe		pʲ i rʲ e	3	c				Verb, 'cook'				JurSWb
nganasan	cooked	1		hirimə̄		hirimə̄		hiriməː		h i r i m əː	3	c				"Form of ""hiridʹi"" 'boil, cook'"				SlNgaRus
proto_uralic	cooked	1		*peji-				peji		p e j i	3	c								UEW, Sam88
saami_inari	cooked	1		vuoššâm				vuoʃːəm		v u o ʃː ə m	2	b				Verb 'cook'				InsSSk
saami_kildin	cooked	1		kɨpp’tma		kə̑ppʹtma		kɨpːʲtmɑ		k ɨ pːʲ t m ɑ	1	a			Connection with other Finno-Saamic forms unclear					WOLD
saami_north	cooked	1		vuošˈšat				vuoʃːɑt		v u o ʃː ɑ t	2	b				Verb 'cook'				SSSg
saami_pite	cooked	1		vuotjom				vuocom		v u o c o m	2	b								EZ
saami_skolt	cooked	1		ǩittum				citːum		c i tː u m	1	a				"Form of ""ǩeʹtted"" 'cook'"				SKosSk
saami_south	cooked	1		doelteme				duelteme		d u e l t e m e	7	g				Verb 'cook (intr.)'				NSsNdb
saami_south	cooked	2		voessjeme				vuesːjeme		v u e sː j e m e	2	b				Verb 'cook (tr.)'				NSsNdb
saami_ume	cooked	1		maalèstit				mɑːlestit		m ɑː l e s t i t	8	h	north germanic	clear		Verb 'cook'			Schlachter1958	WbWlap
saami_ume	cooked	2		vuassjat				vuɑsːjɑt		v u ɑ sː j ɑ t	2	b				Verb 'cook'				WbWlap
selkup_northern	cooked	1		muśə-		muśə-		muɕə-		m u ɕ ə	4	d				Verb 'cook'				SolkWb
udmurt	cooked	1		pe̮źi̮ni̮		pe̮źi̮ni̮		pɤʑɯnɯ		p ɤ ʑ ɯ n ɯ	5	e				Verb: 'cook, be cooked'				WotjWsch
veps	cooked	1		keittud				keitːud		k e i tː u d	1	a	germanic	possible					LAGLOS	NRVS
votic_western	cooked	1		tšihutõttu		čihute̮ttu		t͡ʃihutɤtːu		t͡ʃ i h u t ɤ tː u	1	a	germanic	possible	Same origin as 'boil' according to SSA			SSA	LAGLOS	VKJMS
erzya	count	1		lovoms		lovoms		lovoms		l o v o m s	2	b								MordWb
estonian_south	count	1		lugõma				luɡɤmɑ		l u ɡ ɤ m ɑ	2	b								VESr
estonian_standard	count	1		lugeda		luketa		luketɑ		l u k e t ɑ	2	b								SVSk
estonian_standard	count	2		loendada		loentata		loentɑtɑ		l o e n t ɑ t ɑ	2	b								SVSk
finnish_standard	count	1		laskea		laskea		lɑske̞ɑ		l ɑ s k e̞ ɑ	1	a								JL
hungarian	count	1		számol		saamol		saːmol		s aː m o l	4	d	west old turkic	clear					WOT	FMSz
ingrian	count	1		laskia		laskia		lɑskiɑ		l ɑ s k i ɑ	1	a								InkmSk
karelian_proper	count	1		laskie				lɑskie		l ɑ s k i e	1	a								KKSV
karelian_proper	count	2		lukie				lukie		l u k i e	2	b								KKSV
khanty_vakh_vasyugan	count	1		lŏŋət-		lŏŋət-		lŏŋət-		l o ̆ ŋ ə t	2	b			Cognacy uncertain because of irregular ŋ					DEWbOstj
komi_permyak	count	1		li̮dʹdʹi̮ni̮		li̮dʹdʹi̮ni̮		lɯdʲːɯnɯ		l ɯ dʲː ɯ n ɯ	2	b								KoPRSl
komi_zyrian	count	1		li̮dʹdʹi̮ni̮		li̮dʹdʹi̮ni̮		lɯdʲːɯnɯ		l ɯ dʲː ɯ n ɯ	2	b								SyrjWsch
livonian_courland	count	1		luggõ				luɡːɯ		l u ɡː ɯ	2	b								LivWb
mansi_sosva	count	1		lowińti		lowińti		lowiɲti		l o w i ɲ t i	2	b								WogWb
mari_hill	count	1		šotlaš				ʃotlɑʃ		ʃ o t l ɑ ʃ	6	f	tatar	clear				Isanbaev1994	Isanbaev1994	
mari_meadow	count	1		čotlem		čotlem		tʃotlem		tʃ o t l e m	6	f	tatar	clear					Isanbaev1994	SMSk, TscherWb
mari_meadow	count	2		luδam		luδam		luðɑm		l u ð ɑ m	2	b								SMSk, TscherWb
moksha	count	1		luvoms				luvoms		l u v o m s	2	b						SES, UEW		
nenets_tundra	count	1		tola°				tolɑ		t o l ɑ	5	e								JurSWb
nganasan	count	1		tuəbtusa		tuəbtusa		tuəbtusɑ		t u ə b t u s ɑ	5	e				'Count, read'	From PSd *ton 'number (?)'			SlNgaRus
proto_uralic	count	1		*luki̮-?				lukɨ		l u k ɨ	2	b					Sd representation uncertain			UEW, Sam88
saami_inari	count	1		lyeštiđ				lyeʃtið		l y e ʃ t i ð	2	b								InsSSk
saami_kildin	count	1		lōgke		loogge		loːɡːe		l oː ɡː e	2	b								WOLD
saami_north	count	1		lohkat				lohkɑt		l o h k ɑ t	2	b								SSSg
saami_north	count	2		rēhkenastit				reːhkenɑstit		r eː h k e n ɑ s t i t	3	c	north germanic	clear					Itkonen1958b	SSSg
saami_pite	count	1		rekknut				rekːnut		r e kː n u t	3	c	north germanic	clear					MH	EZ
saami_skolt	count	1		laʹsǩǩeed				lɑsʲcːeːd		l ɑ sʲ cː eː d	1	i	finnic	clear					MH	SKosSk
saami_skolt	count	2		rekknâʹstted				rekːnɐsʲtːed		r e kː n ɐ sʲ tː e d	3	c	north germanic	clear					Itkonen1958b	SKosSk
saami_south	count	1		ryöknedh				ryøknedh		r y ø k n e d h	3	c	north germanic	clear					Lagercrantz1939	NSsNdb
saami_ume	count	1		ryökˈnat				ryøkˈnɑt		r y ø kˈ n ɑ t	3	c	north germanic	clear					Schlachter1958	WbWlap
selkup_northern	count	1		tōr-		tōr-		toːr-		t oː r	5	e								SolkWb
udmurt	count	1		li̮djani̮		li̮ʒ́ʒ́i̮ni̮, li̮djani̮		lɯdjɑnɯ		l ɯ d j ɑ n ɯ	2	b								WotjWsch
veps	count	1		lugeda				luɡedɑ		l u ɡ e d ɑ	2	b								VVS
votic_western	count	1		лukõa		luke̮a		lukɤmɑ		l u k ɤ m ɑ	1	a								VKJMS
erzya	crush	1		jažams		jažams		jɑʒɑms		j ɑ ʒ ɑ m s	2	b								MordWb
erzya	crush	2		jažavtoms		jažavtoms		jɑʒɑvtoms		j ɑ ʒ ɑ v t o m s	2	b								MordWb
estonian_south	crush	1		jauhma				jɑuhmɑ		j ɑ u h m ɑ	2	b								VESr
estonian_standard	crush	1		jahvatada		jahvattata		jɑhvɑtːɑtɑ		j ɑ h v ɑ tː ɑ t ɑ	2	b								SVSk
finnish_standard	crush	1		jauhaa		jauhaa		jɑuɦɑː		j ɑ u ɦ ɑː	2	b								JL
hungarian	crush	1		darál		daraal		dɒraːl		d ɒ r aː l	14	n	cumanian turkic	probable		'Grind'			Zaicz2006	FMSz
hungarian	crush	2		őröl		ööröl		øːrøl		øː r ø l	13	m	volga bulgar turkic	clear		'Grind'			WOT	FMSz
ingrian	crush	1		jauhoja		jauhoja		jɑuhojɑ		j ɑ u h o j ɑ	2	b								InkmSk
karelian_proper	crush	1		jauhuo				jɑuhuo		j ɑ u h u o	2	b								KKSV
khanty_vakh_vasyugan	crush	1		roɣǝ-		roɣə-		roɣə-		r o ɣ ə	16	p								DEWbOstj
khanty_vakh_vasyugan	crush	2		rö̆ɣət-		rö̆ɣət-		rø̆ɣət-		r ø ̆ ɣ ə t	16	p								DEWbOstj
komi_permyak	crush	1		izni̮		izni̮		iznɯ		i z n ɯ	10	j			"Deriv. from ""iz"" 'stone'"					KoPRSl
komi_permyak	crush	2		kre̮šitni̮		kre̮šitni̮		krɤʃitnɯ		k r ɤ ʃ i t n ɯ	20	t	russian	clear					Kalima1911	KoPRSl
komi_zyrian	crush	1		ize̮dni̮		ize̮dni̮		izɤdnɯ		i z ɤ d n ɯ	10	j			"Deriv. from ""iz"" 'stone'"					SyrjWsch
komi_zyrian	crush	2		izni̮		izni̮		iznɯ		i z n ɯ	10	j			"Deriv. from ""iz"" 'stone'"					SyrjWsch
livonian_courland	crush	1		jovvõ				jovːɯ		j o vː ɯ	2	b								LivWb
livonian_courland	crush	2		jovātõ				jovɑːtɯ		j o v ɑː t ɯ	2	b								LivWb
mansi_sosva	crush	1		sāŋχwi	sāŋki	sāŋχwi	sāŋki	sɑːŋxʷi	sɑːŋki	s ɑː ŋ xʷ i	15	o								WogWb
mari_hill	crush	1		jangə̑štaš				jɑŋɡəʃtɑʃ		j ɑ ŋ ɡ ə ʃ t ɑ ʃ	2	b						SES, Bereczki2013, UEW		
mari_meadow	crush	1		joŋə̑štem		joŋə̑štem		joŋəʃtem		j o ŋ ə ʃ t e m	2	b				'Grind'				SMSk, TscherWb
mari_meadow	crush	2		joŋə̑žem		joŋə̑žem		joŋəʒem		j o ŋ ə ʒ e m	2	b				'Grind'				SMSk, TscherWb
mari_meadow	crush	3		laštə̑rtem		laštə̑rtem		lɑʃtərtem		l ɑ ʃ t ə r t e m	9	i	chuvash	clear		'Crush'			TscherWb	SMSk, TscherWb
mari_meadow	crush	4		laštə̑rɣem		laštə̑rɣem		lɑʃtərɣem		l ɑ ʃ t ə r ɣ e m	9	i	chuvash	clear		'Crush'			TscherWb	SMSk, TscherWb
moksha	crush	1		jažams				jɑʒɑms		j ɑ ʒ ɑ m s	2	b						SES, UEW		
nenets_tundra	crush	1		nyəyəlcy°				ɲəjəlt͡sʲ		ɲ ə j ə l t͡sʲ	17	q								JurSWb
nganasan	crush	1		hülʹəbti̮si̮		hülʹəbti̮si̮		hyʎəbtɯsɯ		h y ʎ ə b t ɯ s ɯ	22	v				'Scatter; crush, pulverize'				SlNgaRus
nganasan	crush	2		śelʹidʹi		śelʹidʹi		ɕeʎidʲi		ɕ e ʎ i dʲ i	23	w				'Sharpen, grind'				SlNgaRus
proto_uralic	crush	1	not_reconstructable																	UEW, Sam88
saami_inari	crush	1		millođ				milːoð		m i lː o ð	6	f	north germanic	clear					SSA	InsSSk
saami_kildin	crush	1		mielle		mielle		mielːe		m i e lː e	6	f	north germanic	clear					SSA	WOLD
saami_north	crush	1		milˈlet				milːet		m i lː e t	6	f	north germanic	clear		'Grind (primarily coffee)'			SSA	SSSg
saami_north	crush	2		molˈlet				molːet		m o lː e t	7	g	north germanic	clear					Helimski1996	SSSg
saami_pite	crush	1	form_not_found																	EZ
saami_skolt	crush	1		maaʹlˈjed				mɑːlʲjed		m ɑː lʲ j e d	7	g	north germanic	clear					Helimski1996	SKosSk
saami_south	crush	1		måaladidh				mɔɑlɑdidh		m ɔ ɑ l ɑ d i d h	7	g								NSsNdb
saami_south	crush	2		njeervedh				ɲeːrvedh		ɲ eː r v e d h	21	u								NSsNdb
saami_ume	crush	1		njüvddiet				ɲyvttiet		ɲ y v t t i e t	1	a								WbWlap
selkup_northern	crush	1		kosəl-		kosəl-		kosəl-		k o s ə l	18	r								SolkWb
udmurt	crush	1		izi̮ni̮				ɲeʎkɯnɯ		ɲ e ʎ k ɯ n ɯ	12	l				'Crush, cram'				WotjWsch
veps	crush	1		jauhta				jɑuxtɑ		j ɑ u x t ɑ	2	b								VVS
votic_western	crush	1		javā		javā		jɑvɑmɑ		j ɑ v ɑ m ɑ	2	b								VKJMS
erzya	cut	1		pečkems		pečkems		petʃkems		p e tʃ k e m s	8	h								MordWb
estonian_south	cut	1		lõikama				lɤikɑmɑ		l ɤ i k ɑ m ɑ	1	a	germanic	possible	Cf. PGer *blaikjan 'hit a mark in wood'				LAGLOS, SSA, NES	VESr
estonian_standard	cut	1		lõigata		lə̑ikatta		lɤikɑtːɑ		l ɤ i k ɑ tː ɑ	1	a	germanic	possible	Cf. PGer *blaikjan 'hit a mark in wood'				LAGLOS, SSA, NES	SVSk
finnish_standard	cut	1		leikata		leikata		le̞ikɑt̪ɑ		l e̞ i k ɑ t̪ ɑ	1	a	germanic	possible	Cf. PGer *blaikjan 'hit a mark in wood'				LAGLOS, SSA, NES	JL
hungarian	cut	1		nyír		ńiir		ɲiːr		ɲ iː r	14	n								FMSz
hungarian	cut	2		vág		vaag		vaːɡ		v aː ɡ	10	j								FMSz
ingrian	cut	1		leiɢaᴅa		leiɢaᴅa		leiɡ̥ɑd̥ɑ		l e i ɡ̥ ɑ d̥ ɑ	1	a	germanic	possible	Cf. PGer *blaikjan 'hit a mark in wood'				LAGLOS, SSA, NES	InkmSk
karelian_proper	cut	1		halata				hɑlɑtɑ		h ɑ l ɑ t ɑ	2	b			"Cf. Fin ""halkaista"" 'split, cut into pieces'"					KKSV
karelian_proper	cut	2		leikata				leikɑtɑ		l e i k ɑ t ɑ	1	a	germanic	possible	Cf. PGer *blaikjan 'hit a mark in wood'				LAGLOS, SSA, NES	KKSV
khanty_vakh_vasyugan	cut	1		joɣi̮-		joɣi̮-		joɣɯ-		j o ɣ ɯ	16	p								DEWbOstj
khanty_vakh_vasyugan	cut	2		öɣət-		öɣət-		øɣət-		ø ɣ ə t	13	m			From PFU *äktV- 'cut, hack, hit'					DEWbOstj
komi_permyak	cut	1		še̮ri̮štni̮		še̮ri̮štni̮		ʃɤrɯʃtnɯ		ʃ ɤ r ɯ ʃ t n ɯ	11	k								KoPRSl
komi_permyak	cut	2		vundavni̮		vundavni̮		vundɑvnɯ		v u n d ɑ v n ɯ	10	j								KoPRSl
komi_zyrian	cut	1		vundi̮ni̮		vundi̮ni̮		vundɯnɯ		v u n d ɯ n ɯ	10	j								SyrjWsch
livonian_courland	cut	1		īedõ				iːedɯ		iː e d ɯ	4	d								LivWb
mansi_sosva	cut	1		jakti		jakti		jɑkti		j ɑ k t i	13	m			From PFU *äktV- 'cut, hack, hit'					WogWb
mari_hill	cut	1		pəčkäš				pət͡ʃkæʃ		p ə t͡ʃ k æ ʃ	8	h						SES, TscherWb		
mari_meadow	cut	1		püčkam		püčkam		pytʃkɑm		p y tʃ k ɑ m	8	h								SMSk, TscherWb
mari_meadow	cut	2		šualam		šualam		ʃuɑlɑm		ʃ u ɑ l ɑ m	9	i			"Deriv. from ""šuam"" 'carve'"					SMSk, TscherWb
moksha	cut	1		keroms				keroms		k e r o m s	20	t						Versinin2004		
nenets_tundra	cut	1		məda°				mədɑ		m ə d ɑ	15	o								JurSWb
nganasan	cut	1		mətudʹa		mətudʹa		mətudʲɑ		m ə t u dʲ ɑ	15	o								SlNgaRus
proto_uralic	cut	1		*pečkä-				pet͡ʃkæ		p e t͡ʃ k æ	8	h								UEW, Sam88
saami_inari	cut	1		cuoppâđ				t͡suopːəð		t͡s u o pː ə ð	5	e								InsSSk
saami_kildin	cut	1		čūhpe		tšuuhpe		tʃuːhpe		t ʃ uː h p e	5	e								WOLD
saami_north	cut	1		čuohppat				t͡ʃuohpːɑt		t͡ʃ u o h pː ɑ t	5	e								SSSg
saami_pite	cut	1		tjuahppat				cuɑhpːɑt		c u ɑ h pː ɑ t	5	e								EZ
saami_pite	cut	2		tjuoladuvvut				cuolɑtuvːut		c u o l ɑ t u vː u t	6	f			From PFU *śala- 'cut'					EZ
saami_pite	cut	3		tjuolastit (cut off)				cuolɑstit cut ofː		c u o l ɑ s t i t c u t o fː	6	f			From PFU *śala- 'cut'					EZ
saami_skolt	cut	1		čuõpˈpâd				t͡ʃuəpːɐd		t͡ʃ u ə pː ɐ d	5	e								SKosSk
saami_south	cut	1		tjoehpedh				t͡ɕuehpedh		t͡ɕ u e h p e d h	5	e								NSsNdb
saami_ume	cut	1		tjuahppat				cuɑhpːɑt		c u ɑ h pː ɑ t	5	e						Lehtiranta2001		
saami_ume	cut	2		tjuallat				cuɑlːɑt		c u ɑ lː ɑ t	6	f			From PFU *śala- 'cut'					WbWlap
selkup_northern	cut	1		mačə-		mačə-		mɑtʃə-		m ɑ tʃ ə	15	o								SolkWb
udmurt	cut	1		vandi̮ni̮		vandi̮ni̮		vɑndɯnɯ		v ɑ n d ɯ n ɯ	10	j								WotjWsch
veps	cut	1		vil'da				vilʲdɑ		v i lʲ d ɑ	19	s			Cognacy reference lacking			MdH		
veps	cut	2		leikata				leikɑtɑ		l e i k ɑ t ɑ	1	a	germanic	possible	Cf. PGer *blaikjan 'hit a mark in wood'				LAGLOS, SSA, NES	VVS
votic_western	cut	1		лõikata		le̮ikata		lɤikːɑmɑ		l ɤ i kː ɑ m ɑ	1	a	germanic	possible	Cf. PGer *blaikjan 'hit a mark in wood'				LAGLOS, SSA, NES	VKJMS
erzya	cut_down	1		keŕams		keŕams		kerʲɑms		k e rʲ ɑ m s	8	h								MordWb
estonian_south	cut_down	1		ragoma				rɑɡomɑ		r ɑ ɡ o m ɑ	16	p	germanic	possible					EES	VESr
estonian_standard	cut_down	1		langetada		laŋkettata		lɑŋketːɑtɑ		l ɑ ŋ k e tː ɑ t ɑ	4	d								SVSk
finnish_standard	cut_down	1		kaataa		kaataa		kɑːt̪ɑː		k ɑː t̪ ɑː	1	a								JL
hungarian	cut_down	1		kivág		kivaag		kivaːɡ		k i v aː ɡ	9	i								FMSz
ingrian	cut_down	1		kātā		kātā		kɑːtɑː		k ɑː t ɑː	1	a								InkmSk
karelian_proper	cut_down	1		koatoa				koɑtoɑ		k o ɑ t o ɑ	1	a								KKSV
karelian_proper	cut_down	2		leikata				leikɑtɑ		l e i k ɑ t ɑ	2	b	germanic	possible					LAGLOS, SSA, EES, NES	KKSV
khanty_vakh_vasyugan	cut_down	1		päɣǝt-		päɣət-		pæɣət-		p æ ɣ ə t	16	p								DEWbOstj
khanty_vakh_vasyugan	cut_down	2		ri̮ɣǝmt-		ri̮ɣəmt-		rɯɣəmt-		r ɯ ɣ ə m t	17	q								DEWbOstj
komi_permyak	cut_down	1		keravni̮		keravni̮		kerɑvnɯ		k e r ɑ v n ɯ	8	h								KoPRSl
komi_zyrian	cut_down	1		keravni̮				kerɑvnɨ		k e r ɑ v n ɨ	8	h								SyrjWsch
livonian_courland	cut_down	1		langtõ				lɑŋɡtɯ		l ɑ ŋ ɡ t ɯ	4	d								LivWb
mansi_sosva	cut_down	1		sāɣrapi		sāɣrapi		sɑːɣrɑpi		s ɑː ɣ r ɑ p i	12	l					'Hew, cut (down)'			WogWb
mari_hill	cut_down	1		jöräš				jøræʃ		j ø r æ ʃ	20	t			Cognacy reference lacking			SES		
mari_meadow	cut_down	1		ruem		ruem		ruem		r u e m	10	j								SMSk, TscherWb
moksha	cut_down	1		vel'aftoms				velʲɑftoms		v e lʲ ɑ f t o m s	20	t			Cognacy reference lacking			SES		
nenets_tundra	cut_down	1		səpə°				səpə		s ə p ə	13	m								JurSWb
nganasan	cut_down	1		ləti̮dʹi		ləti̮dʹi		lətɯdʲi		l ə t ɯ dʲ i	19	s				'Fell, cut down'				SlNgaRus
proto_uralic	cut_down	1	not_reconstructable																	UEW, Sam88
saami_inari	cut_down	1		njeidiđ				ɲeidið		ɲ e i d i ð	17	q								InsSSk
saami_inari	cut_down	2		virattiđ				virɑtːið		v i r ɑ tː i ð	6	f								InsSSk
saami_kildin	cut_down	1		uc’ne		ucʹne		ucʲne		u cʲ n e	15	o								WOLD
saami_north	cut_down	1		čuohppat				t͡ʃuohpːɑt		t͡ʃ u o h pː ɑ t	5	e								SSSg
saami_pite	cut_down	1	form_not_found																	EZ
saami_skolt	cut_down	1		viirted				viːrted		v iː r t e d	6	f								SKosSk
saami_south	cut_down	1		viertedh				viertedh		v i e r t e d h	6	f								NSsNdb
saami_ume	cut_down	1		tjuallat				cuɑlːɑt		c u ɑ lː ɑ t	21	r			Cognacy reference lacking			MdH		
saami_ume	cut_down	2		veärddiet				veærttiet		v e æ r t t i e t	6	f								WbWlap
selkup_northern	cut_down	1		e̮səptə-		e̮səptə-		ɤsəptə-		ɤ s ə p t ə	14	n								SolkWb
udmurt	cut_down	1		pogi̮rti̮ni̮		pogi̮rti̮ni̮		poɡɯrtɯnɯ		p o ɡ ɯ r t ɯ n ɯ	11	k								WotjWsch
veps	cut_down	1		sortta				sortːɑ		s o r tː ɑ	3	c								VVS
votic_western	cut_down	1		лõikata		le̮ikata		lɤikːɑmɑ		l ɤ i kː ɑ m ɑ	2	b	germanic	possible					LAGLOS, SSA, EES, NES	VKJMS
erzya	day	1		či		či		tʃi		tʃ i	2	b								MordWb
estonian_south	day	1		päiv				pæiv		p æ i v	1	a								VESr
estonian_standard	day	1		päev		päev		pæev		p æ e v	1	a								SVSk
finnish_standard	day	1		päivä		päivä		pæiʋæ		p æ i ʋ æ	1	a								JL
hungarian	day	1		nap		nap		nɒp		n ɒ p	4	d								FMSz
ingrian	day	1		päivä		päivä		pæivæ		p æ i v æ	1	a								InkmSk
karelian_proper	day	1		päivä				pæivæ		p æ i v æ	1	a								KKSV
khanty_vakh_vasyugan	day	1		kotǝl		kotəl		kotəl		k o t ə l	5	e								DEWbOstj
komi_permyak	day	1		lun		lun		lun		l u n	3	c								KoPRSl
komi_zyrian	day	1		lun		lun		lun		l u n	3	c								SyrjWsch
livonian_courland	day	1		pǟva				pæːvɑ		p æː v ɑ	1	a								LivWb
mansi_sosva	day	1		χōtal		χōtal		xoːtɑl		x oː t ɑ l	5	e								WogWb
mari_hill	day	1		kečə				ket͡ʃə		k e t͡ʃ ə	2	b						SES, Bereczki2013		
mari_meadow	day	1		keče		keče		ketʃe		k e tʃ e	2	b								SMSk, TscherWb
moksha	day	1		ši				ʃi		ʃ i	2	b						SES, UEW		
nenets_tundra	day	1		yalya				jɑlʲɑ		j ɑ lʲ ɑ	6	f								JurSWb
nganasan	day	1		dʹali̮		dʹali̮		dʲɑlɯ		dʲ ɑ l ɯ	6	f								SlNgaRus
proto_uralic	day	1		*jelä ?				jelæ		j e l æ	6	f					Only in Sa and Sd, and in the former in a derived meaning			UEW, Sam88
saami_inari	day	1		peivi				peivi		p e i v i	1	a								InsSSk
saami_kildin	day	1		piejjv		piejjv		piejːv		p i e jː v	1	a								WOLD
saami_north	day	1		beaivi				peæivi		p e æ i v i	1	a								SSSg
saami_pite	day	1		bäjjve				pæjːve		p æ jː v e	1	a								EZ
saami_skolt	day	1		peiʹvv				peivʲː		p e i vʲː	1	a								SKosSk
saami_south	day	1		biejjie				biejːie		b i e jː i e	1	a								NSsNdb
saami_ume	day	1		bäìvee				pæiveː		p æ i v eː	1	a								WbWlap
selkup_northern	day	1		ćēlə		ćēlə		tɕeːlə		tɕ eː l ə	6	f								SolkWb
udmurt	day	1		nunal		nunal		nunɑl		n u n ɑ l	3	c			Sporadic “n-”					WotjWsch
veps	day	1		päi(v)				pæiv		p æ i v	1	a								VVS
votic_western	day	1		päivä		päivä		pæivʲ		p æ i vʲ	1	a								VKJMS
erzya	deaf	1		amaŕi		amaŕi		ɑmɑrʲi		ɑ m ɑ rʲ i	3	c								MordWb
erzya	deaf	2		gluxoj		gluχoj		ɡluxoj		ɡ l u x o j	4	d	russian	clear					MordWb	MordWb
erzya	deaf	3		pilʹevtʹeme		pilʹevtʹeme		piʎevtʲeme		p i ʎ e v tʲ e m e	2	b				Lit. 'earless'				MordWb
estonian_south	deaf	1		hurr'				hurːʲ		h u rːʲ	9	i								VESr
estonian_south	deaf	2		kurt'				kurtʲ		k u r tʲ	1	a	baltic	probable					Junttila2015, SSA, EES	VESr
estonian_standard	deaf	1		kurt		kurt		kurt		k u r t	1	a	baltic	probable					Junttila2015, SSA, EES	SVSk
finnish_standard	deaf	1		kuuro		kuuro		kuːro̞		k uː r o̞	1	a	baltic	probable					Junttila2015, SSA, EES	JL
hungarian	deaf	1		süket		šüket		ʃykɛt		ʃ y k ɛ t	7	g								FMSz
ingrian	deaf	1		klūhkoĭ		klūhkoĭ		kluːhkoĭ		k l uː h k o i ̆	4	j	russian	clear					InkmSk	InkmSk
karelian_proper	deaf	1		kuurnis				kuːrnis		k uː r n i s	1	a	baltic	probable					Junttila2015, SSA, EES	KKSV
khanty_vakh_vasyugan	deaf	1		pəlləɣ				pəlːəɣ		p ə lː ə ɣ	14	p				'earless'		SES		DEWbOstj
komi_permyak	deaf	1		oz ki̮v		oz_ki̮v		oz kɯv		o z k ɯ v	11	k				Phrase used as noun, lit. 'does not hear'				KoPRSl
komi_permyak	deaf	2		pelʹte̮m		pelʹte̮m		peʎtɤm		p e ʎ t ɤ m	2	b				Lit. 'earless'				KoPRSl
komi_zyrian	deaf	1		pelʹte̮m		pelʹte̮m		peʎtɤm		p e ʎ t ɤ m	2	b				Lit. 'earless'				SyrjWsch
livonian_courland	deaf	1		kurli				kurli		k u r l i	1	a	baltic	probable					Junttila2015, SSA, EES	LivWb
mansi_sosva	deaf	1		palʹtāl		palʹtāl		pɑʎtɑːl		p ɑ ʎ t ɑː l	14	p						SES		WogWb
mari_hill	deaf	1		kluχoj				kluxoj		k l u x o j	10	o	russian	clear				SES	MdH	
mari_meadow	deaf	1		čokrak		čokrak		tʃokrɑk		tʃ o k r ɑ k	6	f	tatar	clear					Isanbaev1994, TscherWb	SMSk, TscherWb
mari_meadow	deaf	2		soŋgə̑ra		soŋgə̑ra		soŋɡərɑ		s o ŋ ɡ ə r ɑ	5	e	tatar	clear					TscherWb	SMSk, TscherWb
moksha	deaf	1		päŕav				pærʲɑv		p æ rʲ ɑ v	13	n								
nenets_tundra	deaf	1		xasyə-				xɑsʲə-		x ɑ sʲ ə	8	h					"Deriv. from ""xa"" 'ear'"			JurSWb
nganasan	deaf	1		dʹuntə̄		dʹuntə̄		dʲuntəː		dʲ u n t əː	12	m								SlNgaRus
proto_uralic	deaf	1	not_reconstructable																	
saami_inari	deaf	1		peljittem				peʎitːem		p e ʎ i tː e m	2	b				Lit. 'earless'				InsSSk
saami_kildin	deaf	1		pielljxem		pielʹlʹxem		pieʎːxem		p i e ʎː x e m	2	b				Lit. 'earless'				WOLD
saami_north	deaf	1		bealjẹheapmẹ				peæljeheæpme		p e æ l j e h e æ p m e	2	b				Lit. 'earless'				SSSg
saami_pite	deaf	1	form_not_found																	EZ
saami_skolt	deaf	1		peeʹlljteʹm				peːlʲːjtemʲ		p eː lʲː j t e mʲ	2	b				Lit. 'earless'				SKosSk
saami_skolt	deaf	2		peeʹlljteʹmes				peːlʲːjtemʲes		p eː lʲː j t e mʲ e s	2	b				Lit. 'earless'				SKosSk
saami_south	deaf	1		bieljehts				bieljeht͡s		b i e l j e h t͡s	2	b				Lit. 'earless'				NSsNdb
saami_ume	deaf	1		bieljietiebmie				pieljietiepmie		p i e l j i e t i e p m i e	2	b								WbWlap
selkup_northern	deaf	1		qō		qō		qoː		q oː	8	h					This 'ear'; deriv. form used in meaning 'deaf'			SolkWb
udmurt	deaf	1	form_not_found																	
veps	deaf	1		kurdeh				kurdeh		k u r d e h	1	a	baltic	probable					Junttila2015, SSA, EES	VVS
votic_western	deaf	1		gлuhoi		gluhoi		ɡluhoi		ɡ l u h o i	4	l	russian	clear					VKJMS	VKJMS
erzya	die	1		kuloms		kuloms		kuloms		k u l o m s	1	a								MordWb
estonian_south	die	1		kuulma				kuːlmɑ		k uː l m ɑ	1	a								VESr
estonian_standard	die	1		surra		surra		surːɑ		s u rː ɑ	2	b								SVSk
finnish_standard	die	1		kuolla		kuolla		kuo̞lːɑ		k u o̞ lː ɑ	1	a								JL
hungarian	die	1		meghal		mekhal		mɛkhɒl		m ɛ k h ɒ l	1	a				"""Meg"" is prefix"				FMSz
ingrian	die	1		kōlla		kōlla		koːlːɑ		k oː lː ɑ	1	a								InkmSk
karelian_proper	die	1		kuolla				kuolːɑ		k u o lː ɑ	1	a								KKSV
khanty_vakh_vasyugan	die	1		kăla-		kăla-		kɑ̆lɑ-		k ɑ ̆ l ɑ	1	a								DEWbOstj
khanty_vakh_vasyugan	die	2		sur-		sur-		sur-		s u r	2	b								DEWbOstj
komi_permyak	die	1		kuvni̮		kuvni̮		kuvnɯ		k u v n ɯ	1	a								KoPRSl
komi_zyrian	die	1		kuvni̮		kuvni̮		kuvnɯ		k u v n ɯ	1	a								SyrjWsch
livonian_courland	die	1		kūolõ				kuːolɯ		k uː o l ɯ	1	a								LivWb
mansi_sosva	die	1		χōli		χōli		xoːli		x oː l i	1	a								WogWb
mari_hill	die	1		kolaš				kolɑʃ		k o l ɑ ʃ	1	a						SES, Bereczki2013		
mari_meadow	die	1		kolem		kolem		kolem		k o l e m	1	a								SMSk, TscherWb
moksha	die	1		kuloms				kuloms		k u l o m s	1	a						SES, UEW		
nenets_tundra	die	1		xasy°				xɑsʲ		x ɑ sʲ	1	a								JurSWb
nganasan	die	1		dʹaŋgumsa		dʹaŋgumsa		dʲɑŋɡumsɑ		dʲ ɑ ŋ ɡ u m s ɑ	4	d								SlNgaRus
nganasan	die	2		kuədʹa		kuədʹa		kuədʲɑ		k u ə dʲ ɑ	1	a					"Latter deriv. from ""kotudʹa"" 'kill' (historically prob. itself deriv. of former)"			SlNgaRus
nganasan	die	3		kotərusa	koturusa	kotərusa	koturusa	kotərusɑ	koturusɑ	k o t ə r u s ɑ	1	a					"Latter deriv. from ""kotudʹa"" 'kill' (historically prob. itself deriv. of former)"			SlNgaRus
proto_uralic	die	1		*kali̮-				kɑlɨ		k ɑ l ɨ	1	a					Some FU forms point to *kola- (Fin ”kōle-” can be from either)			UEW, Sam88
saami_inari	die	1		jäämmiđ				jæːmːið		j æː mː i ð	3	c								InsSSk
saami_kildin	die	1		joamm’e		jaammʹe		jɒːmːʲe		j ɒː mːʲ e	3	c								WOLD
saami_north	die	1		jápmit				jɑːpmit		j ɑː p m i t	3	c								SSSg
saami_pite	die	1		jämij				jæmij		j æ m i j	3	c				This 3rd sg. form				EZ
saami_skolt	die	1		jääʹmmed				jæːmʲːed		j æː mʲː e d	3	c								SKosSk
saami_south	die	1		jaemedh				jɑemedh		j ɑ e m e d h	3	c								NSsNdb
saami_ume	die	1		jàbˈmeet				jɑpˈmeːt		j ɑ pˈ m eː t	3	c								WbWlap
selkup_northern	die	1		qū-		qū-		quː-		q uː	1	a								SolkWb
udmurt	die	1		kuli̮ni̮		kuli̮ni̮		kulɯnɯ		k u l ɯ n ɯ	1	a								WotjWsch
veps	die	1		kolda	kouda			koldɑ		k o l d ɑ	1	a								VVS
votic_western	die	1		kōллa		kōlla		koːlːɑ		k oː lː ɑ	1	a								VKJMS
erzya	dig	1		čuvoms		čuvoms		tʃuvoms		tʃ u v o m s	4	d								MordWb
estonian_south	dig	1		kaibma				kɑibmɑ		k ɑ i b m ɑ	1	a								VESr
estonian_standard	dig	1		kaevata		kaevatta		kɑevɑtːɑ		k ɑ e v ɑ tː ɑ	1	a								SVSk
finnish_standard	dig	1		kaivaa		kaivaa		kɑiʋɑː		k ɑ i ʋ ɑː	1	a								JL
hungarian	dig	1		ás		aaš		aːʃ		aː ʃ	10	j								FMSz
ingrian	dig	1		kaivā		kaivā		kɑivɑː		k ɑ i v ɑː	1	a								InkmSk
karelian_proper	dig	1		kaivoa				kɑivoɑ		k ɑ i v o ɑ	1	a								KKSV
khanty_vakh_vasyugan	dig	1		ki̮ṇ-		ki̮ṇ-		kɯɳ-		k ɯ ɳ	12	l	iranian	possible					Korenchy1972	DEWbOstj
komi_permyak	dig	1		garji̮ni̮		garji̮ni̮		ɡɑrjɯnɯ		ɡ ɑ r j ɯ n ɯ	16	p								KoPRSl
komi_zyrian	dig	1		kodʹi̮ni̮		kodʹi̮ni̮		ɡodnɯ		ɡ o d n ɯ	7	g								SyrjWsch
livonian_courland	dig	1		kouvõ				kouvɯ		k o u v ɯ	1	a								LivWb
mansi_sosva	dig	1		χīli	χili	χīli	χili	xiːli	xili	x iː l i	11	k								WogWb
mari_hill	dig	1		kapajaš				kɑpɑjɑʃ		k ɑ p ɑ j ɑ ʃ	8	t								
mari_meadow	dig	1		korem		korem		korem		k o r e m	9	i	indo_iranian_or_iranian	possible			Also suggested: From PFU *kurV- 'dig'		Holopainen2019, Bereczki2013	SMSk, TscherWb
mari_meadow	dig	2		küńčem		küńčem		kyɲtʃem		k y ɲ tʃ e m	5	e			"Cogn. with Fin ""kyntää"" 'plough (v.)'"					SMSk, TscherWb
moksha	dig	1		šuvoms				ʃuvoms		ʃ u v o m s	4	d						SES, MordWb		
nenets_tundra	dig	1		səbkasy°				səbkɑsʲ		s ə b k ɑ sʲ	13	m								JurSWb
nganasan	dig	1		śirkədʹi		śirkədʹi		ɕirkədʲi		ɕ i r k ə dʲ i	19	s								SlNgaRus
proto_uralic	dig	1		*kojwa-				kojwɑ		k o j w ɑ	1	a					Existence in PU uncertain			UEW, Sam88
saami_inari	dig	1		kuáivuđ				kuæivuð		k u æ i v u ð	1	a								InsSSk
saami_kildin	dig	1		kuajjve		kuajjve		kuɑjːve		k u ɑ jː v e	1	a								WOLD
saami_north	dig	1		goaivut				koɑivut		k o ɑ i v u t	1	a								SSSg
saami_pite	dig	1		bállet				pɑːlːet		p ɑː lː e t	2	b								EZ
saami_skolt	dig	1		kuäivvad				kuæivːɑd		k u æ i vː ɑ d	1	a								SKosSk
saami_south	dig	1		berkedh				berkedh		b e r k e d h	18	r								NSsNdb
saami_south	dig	2		kroehkedh				kruehkedh		k r u e h k e d h	17	q	north germanic	clear					Lagercrantz1939	NSsNdb
saami_ume	dig	1		bàlleet	baalleet			pɑlːeːt		p ɑ lː eː t	2	b								WbWlap
saami_ume	dig	2		gåỳvoot				kɔyvoːt		k ɔ y v oː t	1	a								WbWlap
selkup_northern	dig	1		tilə-		tilə-		tilə-		t i l ə	15	o								SolkWb
udmurt	dig	1		gudi̮ni̮		gudi̮ni̮		ɡudɯnɯ		ɡ u d ɯ n ɯ	7	g								WotjWsch
udmurt	dig	2		kopani̮		kopani̮		kopɑnɯ		k o p ɑ n ɯ	8	h	russian	clear					WotjWsch	WotjWsch
veps	dig	1		kaida				kɑidɑ		k ɑ i d ɑ	1	a								VVS
votic_western	dig	1		kaivoa		kaivoa		kɑivomɑ		k ɑ i v o m ɑ	1	a								VKJMS
votic_western	dig	2		kaivaa				kɑivomɑ		k ɑ i v o m ɑ	1	a								VKJMS
erzya	dirty	1		kargoć		kargoć		kɑrɡotɕ		k ɑ r ɡ o tɕ	10	j								MordWb
erzya	dirty	2		rudazov		rudazov		rudɑzov		r u d ɑ z o v	11	k	baltic	possible					Versinin2004	MordWb
estonian_south	dirty	1		must				must		m u s t	5	e	germanic	possible					LAGLOS, SSA	VESr
estonian_standard	dirty	1		must		must		must		m u s t	5	e	germanic	possible					LAGLOS, SSA	SVSk
finnish_standard	dirty	1		likainen		likainen		likɑine̞n		l i k ɑ i n e̞ n	1	a	germanic	possible					SSA	JL
hungarian	dirty	1		koszos		kosoš		kosoʃ		k o s o ʃ	15	o								FMSz
hungarian	dirty	2		piszkos		piskoš		piskoʃ		p i s k o ʃ	16	p								FMSz
hungarian	dirty	3		szennyes		seńńeš		sɛɲːɛʃ		s ɛ ɲː ɛ ʃ	17	q								FMSz
ingrian	dirty	1		musta		musta		mustɑ		m u s t ɑ	5	e	germanic	possible					LAGLOS, SSA	InkmSk
ingrian	dirty	2		reuɢaz		reuɢaz		reuɡ̥ɑz		r e u ɡ̥ ɑ z	2	b								InkmSk
karelian_proper	dirty	1		likaine				likɑine		l i k ɑ i n e	1	a	germanic	possible					SSA	KKSV
karelian_proper	dirty	2		revukas				revukɑs		r e v u k ɑ s	2	b								KKSV
khanty_vakh_vasyugan	dirty	1		kuli̮ŋ		kuli̮ŋ		kulɯŋ		k u l ɯ ŋ	19	s								DEWbOstj
khanty_vakh_vasyugan	dirty	2		pǝɣtǝ		pəɣtə		pəɣtə		p ə ɣ t ə	22	v				'Black, dirty'				DEWbOstj
komi_permyak	dirty	1		ńatʹe̮ś		ńatʹe̮ś		ɲɑtʲɤɕ		ɲ ɑ tʲ ɤ ɕ	14	n								KoPRSl
komi_zyrian	dirty	1		ńajt		ńajt		ɲɑjt		ɲ ɑ j t	14	n								SyrjWsch
livonian_courland	dirty	1		reppi	räppi			repːi		r e pː i	6	f								LivWb
livonian_courland	dirty	2		mustā				mustɑː		m u s t ɑː	5	e	germanic	possible					LAGLOS, SSA	LivWb
mansi_sosva	dirty	1		pāŋkən		pāŋkən		pɑːŋkən		p ɑː ŋ k ə n	18	r								WogWb
mari_hill	dirty	1		ljaβərän				ljɑβəræn		l j ɑ β ə r æ n	12	l	chuvash	possible					TscherWb	
mari_meadow	dirty	1		laβə̑ran		laβə̑ran		lɑβərɑn		l ɑ β ə r ɑ n	12	l	chuvash	possible	Loan of Chuv form, if Chuv form not loan from this				TscherWb	SMSk, TscherWb
moksha	dirty	1		pändra				pændrɑ		p æ n d r ɑ	26	z								
nenets_tundra	dirty	1		wərcawey°				wərt͡sɑwej		w ə r t͡s ɑ w e j	20	t					"Deriv. from ""wər"" 'dirt'"			JurSWb
nganasan	dirty	1		ńegi̮ku		ńegi̮ku		ɲeɡɯku		ɲ e ɡ ɯ k u	25	y				'Dirt; dirty'				SlNgaRus
proto_uralic	dirty	1	not_reconstructable																	UEW, Sam88
saami_inari	dirty	1		tuolvii				tuolviː		t u o l v iː	7	g								InsSSk
saami_kildin	dirty	1		sākk’s		saakkʹs		sɑːkːʲs		s ɑː kːʲ s	9	i								WOLD
saami_north	dirty	1		duolvvas				tuolvːɑs		t u o l vː ɑ s	7	g								SSSg
saami_north	dirty	2		nuoski				nuoski		n u o s k i	8	h								SSSg
saami_pite	dirty	1		duolvas				tuolvɑs		t u o l v ɑ s	7	g								EZ
saami_skolt	dirty	1		sähssai				sæhsːɑi		s æ h sː ɑ i	9	i								SKosSk
saami_south	dirty	1		sleagran				sleɑɡrɑn		s l e ɑ ɡ r ɑ n	23	w								NSsNdb
saami_ume	dirty	1		dualˈva				tuɑlˈvɑ		t u ɑ lˈ v ɑ	7	g								WbWlap
selkup_northern	dirty	1		čam		čam		tʃɑm		tʃ ɑ m	21	u				'Dirt, filth'; adjectival form used for 'dirty'				SolkWb
udmurt	dirty	1		ki̮rś		ki̮rś		kɯrɕ		k ɯ r ɕ	4	d								WotjWsch
veps	dirty	1		redukaz				redukɑz		r e d u k ɑ z	2	b								VVS
votic_western	dirty	1		rōjakaz		rōjakaz		roːjɤtːu		r oː j ɤ tː u	24	x								VKJMS
votic_western	dirty	2		mussa		mussa		roːjɤtːu		r oː j ɤ tː u	5	e								
erzya	disappear	1		jomams		jomams		jomɑms		j o m ɑ m s	6	f								MordWb
erzya	disappear	2		jomśems		jomśems		jomɕems		j o m ɕ e m s	6	f								MordWb
erzya	disappear	3		kekšems		kekšems		kekʃems		k e k ʃ e m s	7	g								MordWb
estonian_south	disappear	1		häömä				hæømæ		h æ ø m æ	2	b								VESr
estonian_south	disappear	2		häädümä				hæːdymæ		h æː d y m æ	2	b								VESr
estonian_south	disappear	3		kaoma				kɑomɑ		k ɑ o m ɑ	1	a								VESr
estonian_standard	disappear	1		kaduda		katuta		kɑtutɑ		k ɑ t u t ɑ	1	a				Latter lit. 'go lost, missing'				SVSk
estonian_standard	disappear	2		kaduma minna		katuma minna		kɑtumɑ minːɑ		k ɑ t u m ɑ m i nː ɑ	1	a				Latter lit. 'go lost, missing'				SVSk
finnish_standard	disappear	1		hävitä		hävitä		hæʋit̪æ		h æ ʋ i t̪ æ	2	b								JL
finnish_standard	disappear	2		kadota		kadota		kɑdo̞t̪ɑ		k ɑ d o̞ t̪ ɑ	1	a								JL
hungarian	disappear	1		eltűnik		eltüünik		ɛltyːnik		ɛ l t yː n i k	10	j								FMSz
ingrian	disappear	1		häviᴅä		häviᴅä		hævid̥æ		h æ v i d̥ æ	2	b								InkmSk
karelian_proper	disappear	1		hävitä				hævitæ		h æ v i t æ	2	b								KKSV
karelian_proper	disappear	2		kavota				kɑvotɑ		k ɑ v o t ɑ	1	a								KKSV
khanty_vakh_vasyugan	disappear	1		mǝńtʹäɣǝl-		məńtʹäɣəl-		məɲtʲæɣəl-		m ə ɲ tʲ æ ɣ ə l	14	n								DEWbOstj
komi_permyak	disappear	1		e̮šni̮		e̮šni̮		ɤʃnɯ		ɤ ʃ n ɯ	9	i								KoPRSl
komi_zyrian	disappear	1		vošni̮		vošni̮		voʃnɯ		v o ʃ n ɯ	9	i								SyrjWsch
livonian_courland	disappear	1		kaddõ				kɑdːɯ		k ɑ dː ɯ	1	a								LivWb
mansi_sosva	disappear	1		pāteri		pāteri		pɑːteri		p ɑː t e r i	11	k								WogWb
mari_hill	disappear	1		jamaš				jɑmɑʃ		j ɑ m ɑ ʃ	6	f						SES, CygankinMosin2015, Versinin2017		
mari_meadow	disappear	1	form_not_found															SES, CygankinMosin2015, Versinin2017		
moksha	disappear	1		jumams				jumɑms		j u m ɑ m s	6	f								
nenets_tundra	disappear	1		yoxo°				joxo		j o x o	5	e								JurSWb
nganasan	disappear	1		si̮mbādʹa		si̮mbādʹa		sɯmbɑːdʲɑ		s ɯ m b ɑː dʲ ɑ	18	s				'Get smoothed out; disappear, vanish'				SlNgaRus
proto_uralic	disappear	1	not_reconstructable																	
saami_inari	disappear	1		lappuđ				lɑpːuð		l ɑ pː u ð	3	c								InsSSk
saami_kildin	disappear	1		kāde		kaade		kɑːde		k ɑː d e	1	r	finnic	clear					SSA	WOLD
saami_north	disappear	1		láhppit				lɑːhpːit		l ɑː h pː i t	3	c								SSSg
saami_pite	disappear	1		ájbanit				ɑːjpɑnit		ɑː j p ɑ n i t	4	d								EZ
saami_pite	disappear	2		gáhtot				kɑːhtot		k ɑː h t o t	1	r	finnic	clear					SSA, Lehtiranta1989	EZ
saami_skolt	disappear	1		jaukkâd				jɑukːɐd		j ɑ u kː ɐ d	5	e								SKosSk
saami_skolt	disappear	2		läppjed				læpːjed		l æ pː j e d	3	c								SKosSk
saami_south	disappear	1		daajkedh				dɑːjkedh		d ɑː j k e d h	16	p								NSsNdb
saami_south	disappear	2		gaarvanidh				ɡɑːrvɑnidh		ɡ ɑː r v ɑ n i d h	17	q								NSsNdb
saami_south	disappear	3		gaatodh				ɡɑːtodh		ɡ ɑː t o d h	1	r	finnic	clear					SSA	NSsNdb
saami_ume	disappear	1		ájbbanit				ɑːjppɑnit		ɑː j p p ɑ n i t	4	d								WbWlap
selkup_northern	disappear	1		üru-		üru-		yru-		y r u	13	m								SolkWb
udmurt	disappear	1		i̮ši̮ni̮		i̮ši̮ni̮		ɯʃɯnɯ		ɯ ʃ ɯ n ɯ	9	i								WotjWsch
veps	disappear	1		kadoda				kɑdodɑ		k ɑ d o d ɑ	1	a								VVS
votic_western	disappear	1		ävimä		ävimä		ævimæ		æ v i m æ	2	b								VKJMS
votic_western	disappear	2		katoa		katoa		kɑtoɑ		k ɑ t o ɑ	1	a								VKJMS
erzya	divide	1		javoms		javoms		jɑvoms		j ɑ v o m s	1	a								MordWb
erzya	divide	2		javšems		javšems		jɑvʃems		j ɑ v ʃ e m s	1	a								MordWb
erzya	divide	3		satstoms		satstoms		sɑtstoms		s ɑ t s t o m s	3	c								MordWb
estonian_south	divide	1		jagama				jɑɡɑmɑ		j ɑ ɡ ɑ m ɑ	1	a								VESr
estonian_standard	divide	1		jagada		jakata		jɑkɑtɑ		j ɑ k ɑ t ɑ	1	a								SVSk
estonian_standard	divide	2		jaotada		jaottata		jɑotːɑtɑ		j ɑ o tː ɑ t ɑ	1	a								SVSk
finnish_standard	divide	1		jakaa		jakaa		jɑkɑː		j ɑ k ɑː	1	a								JL
hungarian	divide	1		eloszt		elost		ɛlost		ɛ l o s t	5	e	indo-european	possible					Koivulehto1991, Zaicz2006	FMSz
hungarian	divide	2		feloszt		felost		fɛlost		f ɛ l o s t	5	e	indo-european	possible					Koivulehto1991, Zaicz2006	FMSz
ingrian	divide	1		jak̆kā		jak̆kā		jɑk̆kɑː		j ɑ k ̆ k ɑː	1	a								InkmSk
karelian_proper	divide	1		jakoa				jɑkoɑ		j ɑ k o ɑ	1	a								KKSV
khanty_vakh_vasyugan	divide	1		ar-				ɑr		ɑ r	10	l								DEWbOstj
komi_permyak	divide	1		še̮rie̮tni̮		še̮rie̮tni̮		ʃɤriɤtnɯ		ʃ ɤ r i ɤ t n ɯ	6	f								KoPRSl
komi_zyrian	divide	1		jukni̮		jukni̮		juknɯ		j u k n ɯ	1	a								SyrjWsch
livonian_courland	divide	1		jaggõ				jɑɡːɯ		j ɑ ɡː ɯ	1	a								LivWb
mansi_sosva	divide	1		urti		urti		urti		u r t i	9	i								WogWb
mari_hill	divide	1		šeläš				ʃelæʃ		ʃ e l æ ʃ	8	k								
mari_meadow	divide	1		pajlem		pajlem		pɑjlem		p ɑ j l e m	4	d								SMSk, TscherWb
mari_meadow	divide	2		užašlem		užašlem		uʒɑʃlem		u ʒ ɑ ʃ l e m	5	e	indo-european	possible					Koivulehto1991	SMSk, TscherWb
moksha	divide	1		javoms				jɑvoms		j ɑ v o m s	1	a								
nenets_tundra	divide	1		tyar-				tʲɑr-		tʲ ɑ r	7	g								JurSWb
nganasan	divide	1		tarsa		tarsa		tɑrsɑ		t ɑ r s ɑ	7	g				'Separate, divide'				SlNgaRus
proto_uralic	divide	1	not_reconstructable																	UEW, Sam88
saami_inari	divide	1		jyehiđ				jyehið		j y e h i ð	1	a								InsSSk
saami_kildin	divide	1		jūgke		juugge		juːɡːe		j uː ɡː e	1	a								WOLD
saami_north	divide	1		juohkit				juohkit		j u o h k i t	1	a								SSSg
saami_pite	divide	1		juogadit				juokɑtit		j u o k ɑ t i t	1	a								EZ
saami_skolt	divide	1		jueʹǩǩed				juecːed		j u e cː e d	1	a				'Divide, share'				SKosSk
saami_south	divide	1		juekedh				juekedh		j u e k e d h	1	a								NSsNdb
saami_ume	divide	1		jüehkeet				jyehkeːt		j y e h k eː t	1	a								WbWlap
saami_ume	divide	2		tjüelldat				cyelːtɑt		c y e lː t ɑ t	2	b								WbWlap
selkup_northern	divide	1		tār-		tār-		tɑːr-		t ɑː r	7	g								SolkWb
udmurt	divide	1		ĺuki̮ni̮		šori_kari̮ni̮		ʃori kɑrɯnɯ		ʃ o r i k ɑ r ɯ n ɯ	6	f				"""Kari̮ni̮"" 'make'"				WotjWsch
veps	divide	1		jagada				jɑɡɑdɑ		j ɑ ɡ ɑ d ɑ	1	a								VVS
votic_western	divide	1		jakā		jakā		jɑkɑː		j ɑ k ɑː	1	a								VKJMS
erzya	do	1		tʹejems		tʹejems		tʲejems		tʲ e j e m s	1	a	proto-indo-european	probable					Koivulehto1991	MordWb
estonian_south	do	1		tegemä				teɡemæ		t e ɡ e m æ	1	a	proto-indo-european	probable					Koivulehto1991	VESr
estonian_standard	do	1		teha		teha		tehɑ		t e h ɑ	1	a	proto-indo-european	probable					Koivulehto1991	SVSk
finnish_standard	do	1		tehdä		tehdä		t̪e̞çdæ		t̪ e̞ ç d æ	1	a	proto-indo-european	probable					Koivulehto1991	JL
hungarian	do	1		tesz		tes		tɛs		t ɛ s	1	a	proto-indo-european	probable					Koivulehto1991, SSA, NES, UEW	FMSz
ingrian	do	1		lātia		lātia		lɑːtiɑ		l ɑː t i ɑ	14	n	russian	clear					SSA	InkmSk
ingrian	do	2		tehhä		tehhä		tehːæ		t e hː æ	1	a	proto-indo-european	probable					Koivulehto1991	InkmSk
karelian_proper	do	1		tehä				tehæ		t e h æ	1	a	proto-indo-european	probable					Koivulehto1991	KKSV
khanty_vakh_vasyugan	do	1		wer-		wer-		wer-		w e r	7	g	iranian	possible					Holopainen2019	DEWbOstj
komi_permyak	do	1		kerni̮		kerni̮		kernɯ		k e r n ɯ	5	e	iranian	possible					KESK, Joki1973, Redei1986, Csucs2005	KoPRSl
komi_zyrian	do	1		kerni̮		kerni̮		kernɯ		k e r n ɯ	5	e	iranian	possible					KESK, Joki1973, Redei1986, Csucs2005	SyrjWsch
komi_zyrian	do	2		ve̮ćni̮		ve̮ćni̮		vɤtɕnɯ		v ɤ tɕ n ɯ	4	d								SyrjWsch
livonian_courland	do	1		tīedõ				tiːedɯ		t iː e d ɯ	1	a	proto-indo-european	probable					Koivulehto1991	LivWb
mansi_sosva	do	1		wāri		wāri		wɑːri		w ɑː r i	7	g	iranian	possible					Holopainen2019	WogWb
mari_hill	do	1		əštäš				əʃtæʃ		ə ʃ t æ ʃ	3	c						SES, Bereczki2013		
mari_meadow	do	1		ə̑štem	štem	ə̑štem	štem	əʃtem	ʃtem	ə ʃ t e m	3	c			"From PFP *ešte- ""have time, be ready'"					SMSk, TscherWb
moksha	do	1		tijems				tijems		t i j e m s	1	a	proto-indo-european	probable				SES, UEW	Koivulehto1991	
nenets_tundra	do	1		pæərcy°				pæərt͡sʲ		p æ ə r t͡sʲ	11	k				'Do'				JurSWb
nenets_tundra	do	2		syerta°				sʲertɑ		sʲ e r t ɑ	8	h				"'Make', deriv. from ""syer"" 'thing'"				JurSWb
nganasan	do	1		meli̮δəsi̮		meli̮δəsi̮		melɯðəsɯ		m e l ɯ ð ə s ɯ	9	i								SlNgaRus
nganasan	do	2		meli̮ˀsi̮jśi		meli̮ˀsi̮jśi		melɯʔsɯjɕi		m e l ɯ ʔ s ɯ j ɕ i	9	i								SlNgaRus
proto_uralic	do	1		*teki-				teki		t e k i	1	a					PFU: *teki-			UEW, Sam88
saami_inari	do	1		toohâđ				toːhəð		t oː h ə ð	1	a	proto-indo-european	probable				Lehtiranta2001	Koivulehto1991	
saami_inari	do	2		porgâđ				porɡəð		p o r ɡ ə ð	13	m								InsSSk
saami_kildin	do	1		lɨhke		lə̑hke		lɨhke		l ɨ h k e	12	l	finnic	probable					Riessler2009	WOLD
saami_north	do	1		dahkat				tɑhkɑt		t ɑ h k ɑ t	1	a	proto-indo-european	probable					Koivulehto1991	SSSg
saami_pite	do	1		dáhkat				tɑːhkɑt		t ɑː h k ɑ t	1	a	proto-indo-european	probable					Koivulehto1991	EZ
saami_skolt	do	1		raajjâd				rɑːjːɐd		r ɑː jː ɐ d	2	b								SKosSk
saami_skolt	do	2		tuẹjˈjeed				tuejːeːd		t u e jː eː d	10	j								SKosSk
saami_south	do	1		daajhtodh				dɑːjhtodh		d ɑː j h t o d h	15	o								NSsNdb
saami_south	do	2		darjodh				dɑrjodh		d ɑ r j o d h	16	p								NSsNdb
saami_ume	do	1		dahkat				tɑhkɑt		t ɑ h k ɑ t	1	a	proto-indo-european	probable					Koivulehto1991	WbWlap
selkup_northern	do	1		mē-		mē-		meː-		m eː	9	i								SolkWb
udmurt	do	1		kari̮ni̮		kari̮ni̮		kɑrɯnɯ		k ɑ r ɯ n ɯ	5	e	iranian	possible					KESK, Joki1973, Redei1986, Csucs2005	WotjWsch
udmurt	do	2		leśti̮ni̮		leśti̮ni̮		leɕtɯnɯ		l e ɕ t ɯ n ɯ	6	f			From PFP *läśä- 'set into order, make ready'					WotjWsch
veps	do	1		tʹehta				tʲextɑ		tʲ e x t ɑ	1	a	proto-indo-european	probable					Koivulehto1991	VVS
votic_western	do	1		tehä		tehä		tetʃemæ		t e tʃ e m æ	1	a	proto-indo-european	probable					Koivulehto1991	VKJMS
erzya	dog	1		kiska		kiska		kiskɑ		k i s k ɑ	4	d	russian	possible					Versinin2004	MordWb
estonian_south	dog	1		pini				pini		p i n i	2	b								VESr
estonian_standard	dog	1		koer		koer		koer		k o e r	1	a								SVSk
finnish_standard	dog	1		koira		kojra		ko̞jrɑ		k o̞ j r ɑ	1	a			Deriv. from PFin *kojera					JL
hungarian	dog	1		kutya		kuca		kucɒ		k u c ɒ	5	e								FMSz
ingrian	dog	1		koira		koira		koirɑ		k o i r ɑ	1	a								InkmSk
karelian_proper	dog	1		koira				koirɑ		k o i r ɑ	1	a								KKSV
khanty_vakh_vasyugan	dog	1		ämp		ämp		æmp		æ m p	6	f	unknown language	possible					Holopainen2023	DEWbOstj
komi_permyak	dog	1		pon		pon		pon		p o n	2	b								KoPRSl
komi_zyrian	dog	1		pon		pon		pon		p o n	2	b								SyrjWsch
livonian_courland	dog	1		piņ				piɲ		p i ɲ	2	b								LivWb
mansi_sosva	dog	1		āmp		āmp		ɑːmp		ɑː m p	6	f	unknown language	possible					Holopainen2023	WogWb
mari_hill	dog	1		pi				pi		p i	2	b								
mari_meadow	dog	1		pij		pij		pij		p i j	2	b								SMSk, TscherWb
moksha	dog	1		pińä				pinʲæ		p i nʲ æ	2	b								
nenets_tundra	dog	1		wenyeko	wenyako			weɲeko		w e ɲ e k o	7	g	pre-tocharian	possible					Kallio2004	JurSWb
nganasan	dog	1		baŋ		baŋ		bɑŋ		b ɑ ŋ	7	g	pre-tocharian	possible					Kallio2004	SlNgaRus
proto_uralic	dog	1		*penä				penæ		p e n æ	2	b								UEW, Sam88
saami_inari	dog	1		peenuv				peːnuv		p eː n u v	2	b								InsSSk
saami_kildin	dog	1		pienne		pienne		pienːe		p i e nː e	2	b								WOLD
saami_north	dog	1		beana				peænɑ		p e æ n ɑ	2	b								SSSg
saami_pite	dog	1		bena				penɑ		p e n ɑ	2	b								EZ
saami_skolt	dog	1		piânnai				piɐnːɑi		p i ɐ nː ɑ i	2	b								SKosSk
saami_south	dog	1		bïenje				bɨeɲe		b ɨ e ɲ e	2	b								NSsNdb
saami_ume	dog	1		biegˈŋja				piekˈŋjɑ		p i e kˈ ŋ j ɑ	2	b								WbWlap
saami_ume	dog	2		dä̀rra				tærːɑ		t æ rː ɑ	3	c								WbWlap
selkup_northern	dog	1		ke̮naŋ		ke̮naŋ		kɤnɑŋ		k ɤ n ɑ ŋ	7	g	pre-tocharian	possible					Kallio2004	SolkWb
udmurt	dog	1		puni̮		puni̮		punɯ		p u n ɯ	2	b								WotjWsch
veps	dog	1		koir				koir		k o i r	1	a								VVS
votic_western	dog	1		koira		koira		koir		k o i r	1	a								VKJMS
erzya	dream	1		ńejems onsto		ńejems_onsto		ɲejems onsto		ɲ e j e m s o n s t o	1	a				Lit. 'see (a) dream'				MordWb
erzya	dream	2		ńejems on		ńejems_on		ɲejems on		ɲ e j e m s o n	1	a				Lit. 'see (a) dream'				MordWb
estonian_south	dream	1		hõl'ahõllõma	hõl'alõma			hɤlʲɑhɤlːɤmɑ		h ɤ lʲ ɑ h ɤ lː ɤ m ɑ	6	f								VESr
estonian_standard	dream	1		unes näha		unes näha		unes næhɑ		u n e s n æ h ɑ	1	a				"Lit. ""see (in) dreams"""				SVSk
finnish_standard	dream	1		nähdä unta		nähdä unta		næçdæ unt̪ɑ		n æ ç d æ u n t̪ ɑ	1	a				Latter lit. 'see (a) dream'				JL
finnish_standard	dream	2		uneksia		uneksia		une̞ksiɑ		u n e̞ k s i ɑ	1	a								
hungarian	dream	1		álmodik		aalmodik		aːlmodik		aː l m o d i k	3	c								FMSz
ingrian	dream	1		uneksia		uneksia		uneksiɑ		u n e k s i ɑ	1	a								InkmSk
karelian_proper	dream	1		uneksie				uneksie		u n e k s i e	1	a								KKSV
khanty_vakh_vasyugan	dream	1		ulmi̮-		ulmi̮-		ulmɯ-		u l m ɯ	3	c								DEWbOstj
komi_permyak	dream	1		ve̮taśni̮		ve̮taśni̮		vɤtɑɕnɯ		v ɤ t ɑ ɕ n ɯ	4	d					"Deriv. from ""ve̮t"" 'dream'"			KoPRSl
komi_zyrian	dream	1		ve̮te̮n aʒ́ʒ́i̮vni̮		ve̮te̮n_aʒ́ʒ́i̮vni̮		vɤtɤn ɑdʑːɯvnɯ		v ɤ t ɤ n ɑ d ʑː ɯ v n ɯ	4	d				Lit. 'see (in) dream'				SyrjWsch
livonian_courland	dream	1		unsõ nǟdõ				unsɯ næːdɯ		u n s ɯ n æː d ɯ	1	a				Former expression lit. 'see (in) a dream'				LivWb
livonian_courland	dream	2		uņīkšõ				uɲiːkʃɯ		u ɲ iː k ʃ ɯ	1	a								
mansi_sosva	dream	1		ūləm		ūləm		uːləm		uː l ə m	3	c				This 'dream (n.)', verbal form used for 'dream (v.)'				WogWb
mari_hill	dream	1		omə̑neš kajaš				oməneʃ kɑjɑʃ		o m ə n e ʃ k ɑ j ɑ ʃ	3	c								
mari_meadow	dream	1		omə̑m užam		omə̑m_užam		oməm uʒɑm		o m ə m u ʒ ɑ m	3	c				Lit. 'see (a) dream'				SMSk, TscherWb
moksha	dream	1		ńäjems on				nʲæjems on		nʲ æ j e m s o n	1	a								
nenets_tundra	dream	1		yude-				jude-		j u d e	5	e								JurSWb
nganasan	dream	1		dʹudʹisi̮	dʹučisi̮	dʹudʹisi̮	dʹučisi̮	dʲudʲisɯ	dʲut͡ʃisɯ	dʲ u dʲ i s ɯ	5	e								SlNgaRus
nganasan	dream	2		dʹudʹəiminśi		dʹudʹəiminśi		dʲudʲəiminɕi		dʲ u dʲ ə i m i n ɕ i	5	e								SlNgaRus
proto_uralic	dream	1	not_reconstructable																	UEW, Sam88
saami_inari	dream	1		nievdâđ				nievdəð		n i e v d ə ð	2	b								InsSSk
saami_kildin	dream	1		ujjne nagkret’		nagerʹ		nɑɡerʲ		n ɑ ɡ e rʲ	2	b								WOLD
saami_north	dream	1		niegadit				niekɑtit		n i e k ɑ t i t	2	b								SSSg
saami_pite	dream	1		niegadit				niekɑtit		n i e k ɑ t i t	2	b								EZ
saami_skolt	dream	1		niõǥǥeed				niəɣɣeːd		n i ə ɣ ɣ eː d	2	b								SKosSk
saami_south	dream	1		nïekedidh				nɨekedidh		n ɨ e k e d i d h	2	b								NSsNdb
saami_ume	dream	1		niägadit				niækɑtit		n i æ k ɑ t i t	2	b								WbWlap
selkup_northern	dream	1		kǖtäptə-		kǖtäptə-		kyːtæptə-		k yː t æ p t ə	5	e					"Deriv. from ""kǖtə"" 'dream'"			SolkWb
selkup_northern	dream	2		kǖtäptəmpi-		kǖtäptəmpi-		kyːtæptəmpi-		k yː t æ p t ə m p i	5	e					"Deriv. from ""kǖtə"" 'dream'"			SolkWb
udmurt	dream	1		ve̮ta̮ni̮		ve̮t_aʒ́ʒ́i̮ni̮		vɤt ɑdʑːɯnɯ		v ɤ t ɑ d ʑː ɯ n ɯ	4	d				Lit. 'see dream(s)'				WotjWsch
veps	dream	1		nähta unt				næxtɑ unt		n æ x t ɑ u n t	1	a				"Lit. ""see (a) dream"""				VVS
votic_western	dream	1		nähä unõõ				breːdimæ		b r eː d i m æ	1	a								
erzya	drink	1		śimems		śimems		ɕimems		ɕ i m e m s	2	b			"Cogn. with Fin ""siemaista"" 'gulp, swig'"					MordWb
estonian_south	drink	1		juuma				juːmɑ		j uː m ɑ	1	a								VESr
estonian_standard	drink	1		juua		juua		juːɑ		j uː ɑ	1	a								SVSk
finnish_standard	drink	1		juoda		juoda		juo̯dɑ		j u o̯ d ɑ	1	a								JL
hungarian	drink	1		iszik		isik		isik		i s i k	1	a								FMSz
ingrian	drink	1		jōvva		jōvva		joːvːɑ		j oː vː ɑ	1	a								InkmSk
karelian_proper	drink	1		juuva				juːvɑ		j uː v ɑ	1	a								KKSV
khanty_vakh_vasyugan	drink	1		li-		li-		li-		l i	5	e				'Eat, drink, burn (tr.)'				DEWbOstj
komi_permyak	drink	1		juni̮		juni̮		junɯ		j u n ɯ	1	a								KoPRSl
komi_zyrian	drink	1		juni̮		juni̮		junɯ		j u n ɯ	1	a								SyrjWsch
livonian_courland	drink	1		jūodõ				juːodɯ		j uː o d ɯ	1	a								LivWb
mansi_sosva	drink	1		aji		aji		ɑji		ɑ j i	1	a								WogWb
mari_hill	drink	1		jüäš				jyæʃ		j y æ ʃ	1	a						SES, UEW		
mari_meadow	drink	1		jüam		jüam		jyɑm		j y ɑ m	1	a								SMSk, TscherWb
moksha	drink	1		śimoms				sʲimoms		sʲ i m o m s	2	b						SES, SSA		
nenets_tundra	drink	1		ŋercy°				ŋert͡sʲ		ŋ e r t͡sʲ	3	c								JurSWb
nganasan	drink	1		bi̮ti̮dʹi		bi̮ti̮dʹi		bɯtɯdʲi		b ɯ t ɯ dʲ i	4	d			Deriv. from PSd *wet 'water'					SlNgaRus
proto_uralic	drink	1		*juxi̮				juxɨ		j u x ɨ	1	a								UEW, Sam88
saami_inari	drink	1		juuhâđ				juːhəð		j uː h ə ð	1	a								InsSSk
saami_kildin	drink	1		jugke		jugge		juɡːe		j u ɡː e	1	a								WOLD
saami_north	drink	1		juhkat				juhkɑt		j u h k ɑ t	1	a								SSSg
saami_pite	drink	1		juhkat				juhkɑt		j u h k ɑ t	1	a								EZ
saami_skolt	drink	1		juukkâd				juːkːɐd		j uː kː ɐ d	1	a								SKosSk
saami_south	drink	1		jovkedh				jovkedh		j o v k e d h	1	a								NSsNdb
saami_ume	drink	1		juuhkat				juːhkɑt		j uː h k ɑ t	1	a								WbWlap
selkup_northern	drink	1		ütə-		ütə-		ytə-		y t ə	4	d			Deriv. from PSd *wet 'water'					SolkWb
udmurt	drink	1		jui̮ni̮		jui̮ni̮		juɯnɯ		j u ɯ n ɯ	1	a								WotjWsch
veps	drink	1		joda				jodɑ		j o d ɑ	1	a								VVS
votic_western	drink	1		juvva		juvva		juːmɑ		j uː m ɑ	1	a								VKJMS
erzya	dry	1		kośke		kośke		koɕke		k o ɕ k e	3	c								MordWb
estonian_south	dry	1		kuiv				kuiv		k u i v	1	a								VESr
estonian_standard	dry	1		kuiv		kuiv		kuiv		k u i v	1	a								SVSk
finnish_standard	dry	1		kuiva		kuiva		kuiʋɑ		k u i ʋ ɑ	1	a								JL
hungarian	dry	1		száraz		saaraz		saːrɒz		s aː r ɒ z	5	e			From PFU *śarV- 'dry (v.)'					FMSz
ingrian	dry	1		kuiva		kuiva		kuivɑ		k u i v ɑ	1	a								InkmSk
karelian_proper	dry	1		kuiva				kuivɑ		k u i v ɑ	1	a								KKSV
khanty_vakh_vasyugan	dry	1		sarəm		sarəm		sɑrəm		s ɑ r ə m	5	e			From PFU *śarV- 'dry (v.)'					DEWbOstj
khanty_vakh_vasyugan	dry	2		sosəm		sosəm		sosəm		s o s ə m	6	f								DEWbOstj
komi_permyak	dry	1		ke̮s		ke̮s		kɤs		k ɤ s	4	d								KoPRSl
komi_zyrian	dry	1		kos		kos		kos		k o s	4	d								SyrjWsch
livonian_courland	dry	1		kūja				kuːjɑ		k uː j ɑ	1	a								LivWb
mansi_sosva	dry	1		tōsam		tōsam		toːsɑm		t oː s ɑ m	6	f								WogWb
mari_hill	dry	1		kukšə̑				kukʃə		k u k ʃ ə	4	g	permic	probable				KESK	KESK	
mari_meadow	dry	1		kukšo		kukšo		kukʃo		k u k ʃ o	4	g	permic	probable				KESK	KESK	SMSk, TscherWb
moksha	dry	1		kośkä				kosʲkæ		k o sʲ k æ	3	c						SES, UEW		
nenets_tundra	dry	1		xasuy°				xɑsuj		x ɑ s u j	3	c								JurSWb
nganasan	dry	1		kośüə		kośüə		koɕyə		k o ɕ y ə	3	c								SlNgaRus
proto_uralic	dry	1		*kuśka				kusʲkɑ		k u sʲ k ɑ	3	c								UEW, Sam88
saami_inari	dry	1		koškes				koʃkes		k o ʃ k e s	3	c								InsSSk
saami_kildin	dry	1		koaš’kes’		kaašʹkesʹ		kɒːʃʲkesʲ		k ɒː ʃʲ k e sʲ	3	c								WOLD
saami_north	dry	1		goikkis				koikːis		k o i kː i s	3	c								SSSg
saami_pite	dry	1		gåjjkes				kɔjːkes		k ɔ jː k e s	3	c								EZ
saami_skolt	dry	1		kååʹšǩes				kɔːʃʲces		k ɔː ʃʲ c e s	3	c								SKosSk
saami_south	dry	1		gejhkie				ɡejhkie		ɡ e j h k i e	3	c								NSsNdb
saami_ume	dry	1		gåỳhkee	gåiˈgee			kɔyhkeː		k ɔ y h k eː	3	c								WbWlap
selkup_northern	dry	1		če̮kə-		če̮kə-		tʃɤkə-		tʃ ɤ k ə	7	g				'Dry (v.)'; participle used for 'dry (adj.)'				SolkWb
udmurt	dry	1		ke̮s		ke̮s		kɤs		k ɤ s	4	d								WotjWsch
veps	dry	1		kuiv				kuiv		k u i v	1	a								VVS
votic_western	dry	1		kuiva		kuiva		kuiv		k u i v	1	a								VKJMS
erzya	dull	1		noška		noška		noʃkɑ		n o ʃ k ɑ	2	b								MordWb
estonian_south	dull	1		nühr				nyhr		n y h r	2	b								VESr
estonian_standard	dull	1		nüri		nüri		nyri		n y r i	2	b								SVSk
finnish_standard	dull	1		tylsä		tülsä		t̪ylsæ		t̪ y l s æ	1	a								JL
hungarian	dull	1		tompa		tompa		tompɒ		t o m p ɒ	7	g	slavic	clear					Kniezsa1974	FMSz
ingrian	dull	1		nürhi		nürhi		nyrhi		n y r h i	2	b								InkmSk
karelian_proper	dull	1		tylttšä	tšylttšä			tyltːʃæ		t y l tː ʃ æ	1	a								KKSV
khanty_vakh_vasyugan	dull	1		pelləɣ, pellǝɣǝki		pelləɣ, pelləɣəki		pelːəɣ, pelːəɣəki			9	i					"Derivs. from ""pel-"" 'stab'"			DEWbOstj
komi_permyak	dull	1		ni̮ž		ni̮ž		nɯʒ		n ɯ ʒ	2	b								KoPRSl, RB
komi_zyrian	dull	1		ni̮ž		ni̮ž		nɯʒ		n ɯ ʒ	2	b								SyrjWsch
livonian_courland	dull	1		tȭlza				tɯːlzɑ		t ɯː l z ɑ	1	a								LivWb
mansi_sosva	dull	1		talʹəχ-sup		talʹəχ-sup		tɑʎəx-sup		t ɑ ʎ ə x s u p	8	h				"Comp.; lit. ""point-half"" (ie. 'lacking a [sharp] point')"				WogWb
mari_hill	dull	1		nəškə				nəʃkə		n ə ʃ k ə	2	b								
mari_meadow	dull	1		nüškö		nüškö		nyʃkø		n y ʃ k ø	2	b								SMSk, TscherWb
moksha	dull	1		noška				noʃkɑ		n o ʃ k ɑ	2	b								
nenets_tundra	dull	1		tin°xa				tinxɑ		t i n x ɑ	10	j								JurSWb
nganasan	dull	1		ti̮amə̄		ti̮amə̄		tɯɑməː		t ɯ ɑ m əː	15	p								SlNgaRus
proto_uralic	dull	1	not_reconstructable																	UEW, Sam88
saami_inari	dull	1		tulcce				tult͡sːe		t u l t͡sː e	1	o	finnic	clear					SSA	InsSSk
saami_kildin	dull	1		mier’es’		mierʹesʹ		mierʲesʲ		m i e rʲ e sʲ	6	f								WOLD
saami_north	dull	1		basttoheapme	bastteheapme			pɑstːoheæpme		p ɑ s tː o h e æ p m e	3	c			Comp.; first part from PFV *pise-tä-					SSSg
saami_pite	dull	1		nieros				nieros		n i e r o s	11	r								EZ
saami_skolt	dull	1		tåʹlcc				tɔlʲt͡sː		t ɔ lʲ t͡sː	1	o	finnic	clear					SSA	SKosSk
saami_south	dull	1		nalhve				nɑlhve		n ɑ l h v e	14	n								NSsNdb
saami_ume	dull	1		niellee				nielːeː		n i e lː eː	5	e								WbWlap
saami_ume	dull	2		nuhpòda				nuhpotɑ		n u h p o t ɑ	4	d								WbWlap
saami_ume	dull	3		nuhpaga				nuhpɑkɑ		n u h p ɑ k ɑ	4	d								WbWlap
selkup_northern	dull	1		qamələlʹ		qamələlʹ		qɑmələʎ		q ɑ m ə l ə ʎ	12	l								SolkWb
udmurt	dull	1		ni̮ž		ni̮ž		nɯʒ		n ɯ ʒ	2	b								WotjWsch
veps	dull	1		tülʹts				tylʲts		t y lʲ t s	1	a								VVS
votic_western	dull	1		tülppä		tülppä		tylppæ		t y l p p æ	13	m								VKJMS
erzya	dust	1		čelʹke		čelʹke		tʃeʎke		tʃ e ʎ k e	9	i								MordWb
erzya	dust	2		pulʹ		pulʹ		puʎ		p u ʎ	6	s	russian	clear					MordWb	MordWb
estonian_south	dust	1		tolm				tolm		t o l m	3	c	baltic	probable					Junttila2015, SSA, NES	VESr
estonian_standard	dust	1		tolm		tolm		tolm		t o l m	3	c	baltic	probable					Junttila2015, SSA, NES	SVSk
finnish_standard	dust	1		pöly		pölü		pø̞ly		p ø̞ l y	1	a	baltic	possible					Junttila2015, SSA, NES	JL
finnish_standard	dust	2		tomu		tomu		t̪o̞mu		t̪ o̞ m u	2	b								JL
hungarian	dust	1		por		por		por		p o r	10	j			"Origin unknown; initial ""p-"" points to loan origin"					FMSz
ingrian	dust	1		pöllü		pöllü		pølːy		p ø lː y	1	a	baltic	possible					Junttila2015, SSA, NES	InkmSk
karelian_proper	dust	1		pöly				pøly		p ø l y	1	a	baltic	possible					Junttila2015, SSA, NES	KKSV
karelian_proper	dust	2		tomu	tömy			tomu		t o m u	2	b								KKSV
khanty_vakh_vasyugan	dust	1		ńɔr		ńɔr		ɲɔr		ɲ ɔ r	12	l								DEWbOstj
komi_permyak	dust	1		bus		bus		bus		b u s	8	h	russian	clear					KESK	KoPRSl
komi_zyrian	dust	1		bus		bus		bus		b u s	8	h	russian	clear					KESK	SyrjWsch
livonian_courland	dust	1		põrm				pɯrm		p ɯ r m	4	d								LivWb
mansi_sosva	dust	1		pors		pors		pors		p o r s	11	k			Origin unknown					WogWb
mari_hill	dust	1		pə̑rak				pərɑk		p ə r ɑ k	7	g			Origin unknown			SES, TscherWb		
mari_meadow	dust	1		purak		purak		purɑk		p u r ɑ k	7	g			Origin unknown					SMSk, TscherWb
moksha	dust	1		pul'				pulʲ		p u lʲ	6	v	russian	clear				MordWb	MordWb	
nenets_tundra	dust	1		syibya				sʲibʲɑ		sʲ i bʲ ɑ	13	m								JurSWb
nganasan	dust	1		dʹaŋ		dʹaŋ		dʲɑŋ		dʲ ɑ ŋ	19	s								SlNgaRus
nganasan	dust	2		lʹilʹə		lʹilʹə		ʎiʎə		ʎ i ʎ ə	20	t								SlNgaRus
proto_uralic	dust	1	not_reconstructable																	UEW, Sam88
saami_inari	dust	1		kovjâ				kovjə		k o v j ə	5	e	germanic	probable					Aikio2006	InsSSk
saami_kildin	dust	1		puenn		puenn		puenː		p u e nː	16	p								WOLD
saami_north	dust	1		gavja				kɑvjɑ		k ɑ v j ɑ	5	e	germanic	probable					Aikio2006	SSSg
saami_pite	dust	1		dubme				tupme		t u p m e	2	t	finnic	probable					MH	EZ
saami_skolt	dust	1		põõʹl				pəːlʲ		p əː lʲ	6	f	russian	clear					MH	SKosSk
saami_south	dust	1		heblie				heblie		h e b l i e	18	r				'Dust, snowflake'				NSsNdb
saami_south	dust	2		tsumhtsie				t͡sumht͡sie		t͡s u m h t͡s i e	17	q								NSsNdb
saami_ume	dust	1		mülddie				mylttie		m y l t t i e	22	v			Cognacy reference lacking			MdH		WbWlap
selkup_northern	dust	1		puna		puna		punɑ		p u n ɑ	14	n								SolkWb
udmurt	dust	1		tuzon		tuzon		tuzon		t u z o n	15	o	tatar	clear					WotjWsch, Tarakanov1993	WotjWsch
veps	dust	1		tuhu				tuhu		t u h u	21	u						SSA		
veps	dust	2		pölü				pøly		p ø l y	1	a	baltic	possible					Junttila2015, SSA, NES	VVS
veps	dust	3		tomu				tomu		t o m u	2	b								VVS
votic_western	dust	1		pöllü		pöllü		pølːy		p ø lː y	1	a	baltic	possible					Junttila2015, SSA, NES	VKJMS
erzya	ear	1		pilʹe		pilʹe		piʎe		p i ʎ e	2	b								MordWb
estonian_south	ear	1		kõrv				kɤrv		k ɤ r v	1	a								VESr
estonian_standard	ear	1		kõrv		kə̑rv		kɤrv		k ɤ r v	1	a								SVSk
finnish_standard	ear	1		korva		korva		ko̞rʋɑ		k o̞ r ʋ ɑ	1	a								JL
hungarian	ear	1		fül		fül		fyl		f y l	2	b								FMSz
ingrian	ear	1		korva		korva		korvɑ		k o r v ɑ	1	a								InkmSk
karelian_proper	ear	1		korva				korvɑ		k o r v ɑ	1	a								KKSV
khanty_vakh_vasyugan	ear	1		pəl		pəl		pəl		p ə l	2	b								DEWbOstj
komi_permyak	ear	1		pelʹ		pelʹ		peʎ		p e ʎ	2	b								KoPRSl
komi_zyrian	ear	1		pelʹ		pelʹ		peʎ		p e ʎ	2	b								SyrjWsch
livonian_courland	ear	1		kūora				kuːorɑ		k uː o r ɑ	1	a								LivWb
mansi_sosva	ear	1		palʹ		palʹ		pɑʎ		p ɑ ʎ	2	b								WogWb
mari_hill	ear	1		pələš				pələʃ		p ə l ə ʃ	2	b						SES, UEW		
mari_meadow	ear	1		pə̑lə̑š		pə̑lə̑š		pələʃ		p ə l ə ʃ	2	b								SMSk, TscherWb
moksha	ear	1		pil'ä				pilʲæ		p i lʲ æ	2	b						SES, UEW		
nenets_tundra	ear	1		xa				xɑ		x ɑ	3	c								JurSWb
nganasan	ear	1		kou		kou		kou		k o u	3	c								SlNgaRus
proto_uralic	ear	1		*peljä				peljæ		p e l j æ	2	b								UEW, Sam88
saami_inari	ear	1		pelji				peʎi		p e ʎ i	2	b								InsSSk
saami_kildin	ear	1		piellj		pielʹlʹ		pieʎː		p i e ʎː	2	b								WOLD
saami_north	ear	1		beallji				peælːji		p e æ lː j i	2	b								SSSg
saami_pite	ear	1		bällje				pælːje		p æ lː j e	2	b								EZ
saami_skolt	ear	1		peʹllj				pelʲːj		p e lʲː j	2	b								SKosSk
saami_south	ear	1		bieljie				bieljie		b i e l j i e	2	b								NSsNdb
saami_ume	ear	1		bä̀llˈjee				pælːˈjeː		p æ lːˈ j eː	2	b								WbWlap
selkup_northern	ear	1		qō		qō		qoː		q oː	3	c								SolkWb
udmurt	ear	1		pelʹ		pelʹ		peʎ		p e ʎ	2	b								WotjWsch
veps	ear	1		korv				korv		k o r v	1	a								VVS
votic_western	ear	1		kõrva		ke̮rva		kɤrv		k ɤ r v	1	a								VKJMS
erzya	early	1		rana		rana		rɑnɑ		r ɑ n ɑ	7	g	russian	clear					CygankinMosin2015	MordWb
estonian_south	early	1		varra				vɑrːɑ		v ɑ rː ɑ	2	b	baltic	probable					Junttila2015, SSA, EES, NES	VESr
estonian_standard	early	1		vara		vara		vɑrɑ		v ɑ r ɑ	2	b	baltic	probable					Junttila2015, SSA, EES, NES	SVSk
finnish_standard	early	1		aikaisin		aikaisin		ɑikɑisin		ɑ i k ɑ i s i n	1	a			From PFS *ajka 'time'					JL
finnish_standard	early	2		varhain		varhain		ʋɑrxɑin		ʋ ɑ r x ɑ i n	2	b								JL
hungarian	early	1		korán		koraan		koraːn		k o r aː n	11	k	west old turkic	clear					WOT	FMSz
ingrian	early	1		aiɢaĭzē		aiɢaĭzē		ɑiɡ̥ɑĭzeː		ɑ i ɡ̥ ɑ i ̆ z eː	1	a			From PFS *ajka 'time'					InkmSk
karelian_proper	early	1		aivoiseh				ɑivoiseh		ɑ i v o i s e h	1	a			From PFS *ajka 'time'					KKSV
karelian_proper	early	2		aivoin	aijoin			ɑivoin		ɑ i v o i n	1	a			From PFS *ajka 'time'					KKSV
khanty_vakh_vasyugan	early	1		jălă				jălă		j ă l ă	14	p								DEWbOstj
komi_permyak	early	1		oʒ́		oʒ́		odʑ		o dʑ	10	j								KoPRSl
komi_zyrian	early	1		voʒ́		voʒ́		vodʑ		v o dʑ	10	j								SyrjWsch
livonian_courland	early	1		varāz				vɑrɑːz		v ɑ r ɑː z	2	b	baltic	probable					Junttila2015, SSA, EES, NES	LivWb
livonian_courland	early	2		varrõ				vɑrːɯ		v ɑ rː ɯ	2	b	baltic	probable					Junttila2015, SSA, EES, NES	LivWb
mansi_sosva	early	1		ālpəl		ālpəl		ɑːlpəl		ɑː l p ə l	13	m								WogWb
mari_hill	early	1		irə				irə		i r ə	9	i								
mari_meadow	early	1		er		er		er		e r	9	i	chuvash	clear		Former 'early, morning'; latter deriv.			TscherWb	SMSk, TscherWb
mari_meadow	early	2		erak		erak		erɑk		e r ɑ k	9	i	chuvash	clear		Former 'early, morning'; latter deriv.			TscherWb	SMSk, TscherWb
mari_meadow	early	3		ondak		ondak		ondɑk		o n d ɑ k	8	h								SMSk, TscherWb
moksha	early	1		rana				rɑnɑ		r ɑ n ɑ	7	g	russian	clear					CygankinMosin2015	
nenets_tundra	early	1		myer°h				mʲerʔ		mʲ e r ʔ	6	f				'Quickly, soon, early'				JurSWb
nganasan	early	1		merə		merə		merə		m e r ə	6	f				'Quickly, early'				SlNgaRus
nganasan	early	2		məčidʹiˀia		məčidʹiˀia		mətʃidʲiʔiɑ		m ə tʃ i dʲ i ʔ i ɑ	15	o				'Early; unripe, unready'				SlNgaRus
proto_uralic	early	1	not_reconstructable																	
saami_inari	early	1		aarrâd				ɑːrːəd		ɑː rː ə d	3	c	north germanic	possible					Qvigstad1893	InsSSk
saami_kildin	early	1		ājkalt		aajkalt		ɑːjkɑlt		ɑː j k ɑ l t	1	a			From PFS *ajka 'time'					WOLD
saami_north	early	1		árrat				ɑːrːɑt		ɑː rː ɑ t	3	c	north germanic	possible					Qvigstad1893	SSSg
saami_pite	early	1		árabut				ɑːrɑput		ɑː r ɑ p u t	3	c	north germanic	possible					Qvigstad1893	EZ
saami_skolt	early	1		ääiʹjeld				æːijʲeld		æː i jʲ e l d	1	a			From PFS *ajka 'time'					SKosSk
saami_south	early	1		aareh				ɑːreh		ɑː r e h	3	c	north germanic	possible					Qvigstad1893	NSsNdb
saami_south	early	2		aarehke				ɑːrehke		ɑː r e h k e	3	c	north germanic	possible					Qvigstad1893	NSsNdb
saami_ume	early	1		ådˈnà				ɔtˈnɑ		ɔ tˈ n ɑ	4	d								WbWlap
saami_ume	early	2		pråhta				prɔhtɑ		p r ɔ h t ɑ	5	e	north germanic	clear					Schlachter1958	WbWlap
selkup_northern	early	1		qarət				qɑrət		q ɑ r ə t	12	r								SolkWb
udmurt	early	1		vaź				tʃuk		tʃ u k	10	j						SES		
veps	early	1		aigoiš				ɑiɡoiʃ		ɑ i ɡ o i ʃ	1	a			From PFS *ajka 'time'					VVS
votic_western	early	1		varai		varai		vɑrɑi		v ɑ r ɑ i	2	b	baltic	probable					Junttila2015, SSA, EES, NES	VKJMS
erzya	earth	1		moda		moda		modɑ		m o d ɑ	3	c	germanic	possible			"Also suggested: From FV *muδa 'mud', cf. Fin ""muta"" 'id.'"		Koivulehto1981	MordWb
estonian_south	earth	1		maa				mɑː		m ɑː	1	a								VESr
estonian_standard	earth	1		maa		maa		mɑː		m ɑː	1	a								SVSk
finnish_standard	earth	1		maa		maa		mɑː		m ɑː	1	a								JL
hungarian	earth	1		föld		föld		føld		f ø l d	4	d								FMSz
ingrian	earth	1		mā		mā		mɑː		m ɑː	1	a								InkmSk
karelian_proper	earth	1		moa				moɑ		m o ɑ	1	a								KKSV
khanty_vakh_vasyugan	earth	1		məɣ		məɣ		məɣ		m ə ɣ	1	a								DEWbOstj
komi_permyak	earth	1		mu		mu		mu		m u	1	a								KoPRSl
komi_zyrian	earth	1		mu		mu		mu		m u	1	a								SyrjWsch
livonian_courland	earth	1		mō				moː		m oː	1	a								LivWb
mansi_sosva	earth	1		mā		mā		mɑː		m ɑː	1	a								WogWb
mari_hill	earth	1		müländə				mylændə		m y l æ n d ə	1	a								
mari_meadow	earth	1		mlande		mlande		mlɑnde		m l ɑ n d e	1	a			"From ""mə̑-lande""; first part probably from PU *maɣi̮; latter part from PFP *li̮nti̮ 'pasture'"					SMSk, TscherWb
moksha	earth	1		moda				modɑ		m o d ɑ	3	c	germanic	possible					Koivulehto1981	
nenets_tundra	earth	1		ya				jɑ		j ɑ	5	e								JurSWb
nganasan	earth	1		mou		mou		mou		m o u	1	a								SlNgaRus
proto_uralic	earth	1		*maɣi̮				mɑɣɨ		m ɑ ɣ ɨ	1	a								UEW, Sam88
saami_inari	earth	1		eennâm				eːnːəm		eː nː ə m	2	b								InsSSk
saami_kildin	earth	1		lavv’n		lavvʹn		lɑvːʲn		l ɑ vːʲ n	8	h								WOLD
saami_north	earth	1		eana				eænɑ		e æ n ɑ	2	b								SSSg
saami_pite	earth	1		ednam				etnɑm		e t n ɑ m	2	b								EZ
saami_skolt	earth	1		jânnam				jɐnːɑm		j ɐ nː ɑ m	2	b								SKosSk
saami_south	earth	1		eatneme				eɑtneme		e ɑ t n e m e	2	b								NSsNdb
saami_south	earth	2		jåarta				jɔɑrtɑ		j ɔ ɑ r t ɑ	9	i	north germanic	clear					Lagercrantz1939	NSsNdb
saami_ume	earth	1		eädˈnama				eætˈnɑmɑ		e æ tˈ n ɑ m ɑ	2	b								WbWlap
selkup_northern	earth	1		čuə̑ččə		čuə̑ččə		tʃuətʃːə		tʃ u ə tʃː ə	7	g								SolkWb
udmurt	earth	1	form_not_found																	
veps	earth	1		ma				mɑ		m ɑ	1	a								VVS
votic_western	earth	1		mā		mā		mɑː		m ɑː	1	a								VKJMS
erzya	eat	1		jarsams		jarsams		jɑrsɑms		j ɑ r s ɑ m s	3	c								MordWb
estonian_south	eat	1		süümä				syːmæ		s yː m æ	1	a			Any Indo-European loan etymology suggestions clearly rejected in HolopainenJunttila2022.					VESr
estonian_standard	eat	1		süüa		süüa		syːɑ		s yː ɑ	1	a			Any Indo-European loan etymology suggestions clearly rejected in HolopainenJunttila2022.					SVSk
finnish_standard	eat	1		syödä		süödä		syø̞dæ		s y ø̞ d æ	1	a			Any Indo-European loan etymology suggestions clearly rejected in HolopainenJunttila2022.					JL
hungarian	eat	1		eszik		esik		ɛsik		ɛ s i k	1	a			Any Indo-European loan etymology suggestions clearly rejected in HolopainenJunttila2022.					FMSz
ingrian	eat	1		sȫv̆vä		sȫv̆vä		søːv̆væ		s øː v ̆ v æ	1	a			Any Indo-European loan etymology suggestions clearly rejected in HolopainenJunttila2022.					InkmSk
karelian_proper	eat	1		syyvä				syːvæ		s yː v æ	1	a			Any Indo-European loan etymology suggestions clearly rejected in HolopainenJunttila2022.					KKSV
khanty_vakh_vasyugan	eat	1		li-		li-		li-		l i	1	a			Any Indo-European loan etymology suggestions clearly rejected in HolopainenJunttila2022.	'Eat, drink, burn'				DEWbOstj
komi_permyak	eat	1		śojni̮		śojni̮		ɕojnɯ		ɕ o j n ɯ	1	a			“Ś-” corresponds irregurarly with other FU forms. Any Indo-European loan etymology suggestions clearly rejected in HolopainenJunttila2022.					KoPRSl
komi_zyrian	eat	1		śojni̮		śojni̮		ɕojnɯ		ɕ o j n ɯ	1	a			“Ś-” corresponds irregurarly with other FU forms. Any Indo-European loan etymology suggestions clearly rejected in HolopainenJunttila2022.					SyrjWsch
livonian_courland	eat	1		sīedõ				siːedɯ		s iː e d ɯ	1	a			Any Indo-European loan etymology suggestions clearly rejected in HolopainenJunttila2022.					LivWb
mansi_sosva	eat	1		tēɣ		tēɣ		teːɣ		t eː ɣ	1	a			Any Indo-European loan etymology suggestions clearly rejected in HolopainenJunttila2022.					WogWb
mari_hill	eat	1		kačkaš				kɑt͡ʃkɑʃ		k ɑ t͡ʃ k ɑ ʃ	4	d								
mari_meadow	eat	1		kočkam		kočkam		kotʃkɑm		k o tʃ k ɑ m	4	d								SMSk, TscherWb
moksha	eat	1		jarχcams				jɑrxt͡sɑms		j ɑ r x t͡s ɑ m s	3	c								
nenets_tundra	eat	1		ŋəmcy°				ŋəmt͡sʲ		ŋ ə m t͡sʲ	5	e								JurSWb
nganasan	eat	1		ŋəmsa		ŋəmsa		ŋəmsɑ		ŋ ə m s ɑ	5	e								SlNgaRus
proto_uralic	eat	1		*sewi-				sewi		s e w i	1	a					PFU: *sewi-			UEW, Sam88
saami_inari	eat	1		puurrâđ				puːrːəð		p uː rː ə ð	2	b								InsSSk
saami_kildin	eat	1		pōrre		poorre		poːrːe		p oː rː e	2	b								WOLD
saami_north	eat	1		borrat				porːɑt		p o rː ɑ t	2	b								SSSg
saami_pite	eat	1		bårråt				pɔrːɔt		p ɔ rː ɔ t	2	b								EZ
saami_skolt	eat	1		poorrâd				poːrːɐd		p oː rː ɐ d	2	b								SKosSk
saami_south	eat	1		bårredh				bɔrːedh		b ɔ rː e d h	2	b								NSsNdb
saami_ume	eat	1		bårrat				pɔrːɑt		p ɔ rː ɑ t	2	b								WbWlap
selkup_northern	eat	1		am-		am-		ɑm-		ɑ m	5	e								SolkWb
udmurt	eat	1		śii̮ni̮		śii̮ni̮		ɕiɯnɯ		ɕ i ɯ n ɯ	1	a			“Ś-” corresponds irregurarly with other FU forms					WotjWsch
veps	eat	1		śödä				sʲødæ		sʲ ø d æ	1	a								VVS
votic_western	eat	1		süvvä		süvvä		syːmæ		s yː m æ	1	a								VKJMS
erzya	egg	1		al		al		ɑl		ɑ l	2	b	baltic	possible					Grunthal2012, Koivulehto2000,VanPareren2009	MordWb
estonian_south	egg	1		muna				munɑ		m u n ɑ	1	a								VESr
estonian_standard	egg	1		muna		muna		munɑ		m u n ɑ	1	a								SVSk
finnish_standard	egg	1		muna		muna		munɑ		m u n ɑ	1	a								JL
hungarian	egg	1		tojás		tojaaš		tojaːʃ		t o j aː ʃ	5	e	west old turkic	probable			Also suggested: Possibly from PU *toɣi̮- 'bring'  (through meaning change to 'lay eggs')		WOT	FMSz
ingrian	egg	1		muna		muna		munɑ		m u n ɑ	1	a								InkmSk
karelian_proper	egg	1		muna				munɑ		m u n ɑ	1	a								KKSV
khanty_vakh_vasyugan	egg	1		məɣ		məɣ		məɣ		m ə ɣ	6	f								DEWbOstj
komi_permyak	egg	1		kolʹtʹ		kolʹtʹ		koʎtʲ		k o ʎ tʲ	3	c	finnic	possible					Hausenberg1985, Saarikivi2018, KESK, SSA	KoPRSl
komi_zyrian	egg	1		kolʹk		kolʹk		koʎk		k o ʎ k	3	c	finnic	possible					Hausenberg1985, Saarikivi2018, KESK, SSA	SyrjWsch
livonian_courland	egg	1		munā				munɑː		m u n ɑː	1	a								LivWb
mansi_sosva	egg	1		mūŋi		mūŋi		muːŋi		m uː ŋ i	1	a								WogWb
mari_hill	egg	1		mə̑nə̑				mənə		m ə n ə	1	a						SES		
mari_meadow	egg	1		muno		muno		muno		m u n o	1	a								SMSk, TscherWb
moksha	egg	1		al				ɑl		ɑ l	2	b	baltic	possible				SES	Grunthal2012, Koivulehto2000,VanPareren2009	
nenets_tundra	egg	1		sar°qnyu				sɑrʔɲu		s ɑ r ʔ ɲ u	7	g								JurSWb
nganasan	egg	1		mənu		mənu		mənu		m ə n u	1	a								SlNgaRus
proto_uralic	egg	1		*muna				munɑ		m u n ɑ	1	a								UEW, Sam88
saami_inari	egg	1		mane				mɑne		m ɑ n e	1	a								InsSSk
saami_kildin	egg	1		mann’		mannʹ		mɑnːʲ		m ɑ nːʲ	1	a								WOLD
saami_north	egg	1		manni	monni			mɑnːi		m ɑ nː i	1	a								SSSg
saami_pite	egg	1		månne				mɔnːe		m ɔ nː e	1	a								EZ
saami_skolt	egg	1		mââʹnn				mɐːnʲː		m ɐː nʲː	1	a								SKosSk
saami_south	egg	1		munnie				munːie		m u nː i e	1	a								NSsNdb
saami_ume	egg	1		münnee				mynːeː		m y nː eː	1	a								WbWlap
selkup_northern	egg	1		eŋ		eŋ		eŋ		e ŋ	8	h								SolkWb
udmurt	egg	1		puz		puz		puz		p u z	4	d			From PU *pesä 'nest'					WotjWsch
veps	egg	1		muna				munɑ		m u n ɑ	1	a								VVS
votic_western	egg	1		muna		muna		munɑ		m u n ɑ	1	a								VKJMS
erzya	extinguish	1		madstʹems		madstʹems		mɑdstʲems		m ɑ d s tʲ e m s	5	e								MordWb
estonian_south	extinguish	1		kistutama				kistutɑmɑ		k i s t u t ɑ m ɑ	2	b								VESr
estonian_standard	extinguish	1		kustutada		kusttuttata		kustːutːɑtɑ		k u s tː u tː ɑ t ɑ	2	b								SVSk
finnish_standard	extinguish	1		sammuttaa		sammuttaa		sɑmːut̪ːɑː		s ɑ mː u t̪ː ɑː	1	a	indo-iranian	possible					Holopainen2019, Parpola2010	JL
hungarian	extinguish	1		elolt		elolt		ɛlolt		ɛ l o l t	8	h								FMSz
hungarian	extinguish	2		kiolt		kiolt		kiolt		k i o l t	8	h								FMSz
ingrian	extinguish	1		sammuttā		sammuttā		sɑmːutːɑː		s ɑ mː u tː ɑː	1	a	indo-iranian	possible					Holopainen2019, Parpola2010	InkmSk
karelian_proper	extinguish	1		sammuttoa				sɑmːutːoɑ		s ɑ mː u tː o ɑ	1	a	indo-iranian	possible					Holopainen2019, Parpola2010	KKSV
khanty_vakh_vasyugan	extinguish	1		kowǝt-		kowət-		kowət-		k o w ə t	2	b								DEWbOstj
komi_permyak	extinguish	1		kuse̮tni̮		kuse̮tni̮		kusɤtnɯ		k u s ɤ t n ɯ	2	b								KoPRSl
komi_zyrian	extinguish	1		kuse̮dni̮		kuse̮dni̮		kusɤdnɯ		k u s ɤ d n ɯ	2	b								SyrjWsch
livonian_courland	extinguish	1		kistāntõ				kistɑːntɯ		k i s t ɑː n t ɯ	2	b								LivWb
mansi_sosva	extinguish	1		χariɣti		χariɣti		xɑriɣti		x ɑ r i ɣ t i	7	g								WogWb
mari_hill	extinguish	1		jörtäš				jørtæʃ		j ø r t æ ʃ	6	f								
mari_meadow	extinguish	1		jörtem		jörtem		jørtem		j ø r t e m	6	f								SMSk, TscherWb
moksha	extinguish	1		matoms				mɑtoms		m ɑ t o m s	5	e								
nenets_tundra	extinguish	1		xəbta-				xəbtɑ-		x ə b t ɑ	2	b								JurSWb
nganasan	extinguish	1		kəbtudʹa		kəbtudʹa		kəbtudʲɑ		k ə b t u dʲ ɑ	2	b								SlNgaRus
proto_uralic	extinguish	1		*kupsa-				kupsɑ		k u p s ɑ	2	b								UEW, Sam88
saami_inari	extinguish	1		časkâdiđ				t͡ʃɑskədið		t͡ʃ ɑ s k ə d i ð	3	c								InsSSk
saami_kildin	extinguish	1		čuacckte		tšuacckte		tʃuɑcːkte		t ʃ u ɑ cː k t e	3	c								WOLD
saami_north	extinguish	1		čáskadit				t͡ʃɑːskɑtit		t͡ʃ ɑː s k ɑ t i t	3	c								SSSg
saami_north	extinguish	2		jáddadit				jɑːttɑtit		j ɑː t t ɑ t i t	4	d								SSSg
saami_pite	extinguish	1		jákksat				jɑːkːsɑt		j ɑː kː s ɑ t	4	d								EZ
saami_skolt	extinguish	1		čackkeed				t͡ʃɑt͡skːeːd		t͡ʃ ɑ t͡s kː eː d	3	c								SKosSk
saami_south	extinguish	1		jamhkelidh				jɑmhkelidh		j ɑ m h k e l i d h	9	i					"Deriv. from ""jaemedh"" 'die'"			NSsNdb
saami_ume	extinguish	1		jaakstit				jɑːkstit		j ɑː k s t i t	4	d								WbWlap
saami_ume	extinguish	2		jaaksahtit				jɑːksɑhtit		j ɑː k s ɑ h t i t	4	d								WbWlap
selkup_northern	extinguish	1		qaptə-		qaptə-		qɑptə-		q ɑ p t ə	2	b								SolkWb
udmurt	extinguish	1		ki̮si̮ni̮		ki̮si̮ni̮		kɯsɯnɯ		k ɯ s ɯ n ɯ	2	b								WotjWsch
veps	extinguish	1		sambutada				sɑmbutɑdɑ		s ɑ m b u t ɑ d ɑ	1	a	indo-iranian	possible					Holopainen2019, Parpola2010	VVS
votic_western	extinguish	1		sammuttā		sammuttā		sɑmːutːɤmɑ		s ɑ mː u tː ɤ m ɑ	1	a	indo-iranian	possible					Holopainen2019, Parpola2010	VKJMS
votic_western	extinguish	2		kusuttā		kusuttā		sɑmːutːɤmɑ		s ɑ mː u tː ɤ m ɑ	2	b								
erzya	eye	1		śelʹme		śelʹme		ɕeʎme		ɕ e ʎ m e	1	a								MordWb
estonian_south	eye	1		silm				silm		s i l m	1	a								VESr
estonian_standard	eye	1		silm		silm		silm		s i l m	1	a								SVSk
finnish_standard	eye	1		silmä		silmä		silmæ		s i l m æ	1	a								JL
hungarian	eye	1		szem		sem		sɛm		s ɛ m	1	a								FMSz
ingrian	eye	1		silmä		silmä		silmæ		s i l m æ	1	a								InkmSk
karelian_proper	eye	1		silmä				silmæ		s i l m æ	1	a								KKSV
khanty_vakh_vasyugan	eye	1		sem		sem		sem		s e m	1	a								DEWbOstj
komi_permyak	eye	1		śin		śin		ɕin		ɕ i n	1	a								KoPRSl
komi_zyrian	eye	1		śin		śin		ɕin		ɕ i n	1	a								SyrjWsch
livonian_courland	eye	1		sīlma				siːlmɑ		s iː l m ɑ	1	a								LivWb
mansi_sosva	eye	1		sam		sam		sɑm		s ɑ m	1	a								WogWb
mari_hill	eye	1		sənzä				sənzæ		s ə n z æ	1	a								
mari_meadow	eye	1		šińča		šińča		ʃiɲtʃɑ		ʃ i ɲ tʃ ɑ	1	a								SMSk, TscherWb
moksha	eye	1		śel'mä				sʲelʲmæ		sʲ e lʲ m æ	1	a								
nenets_tundra	eye	1		sæw°				sæw		s æ w	1	a								JurSWb
nganasan	eye	1		śejmi̮		śejmi̮		ɕejmɯ		ɕ e j m ɯ	1	a								SlNgaRus
proto_uralic	eye	1		*śilmä				sʲilmæ		sʲ i l m æ	1	a								UEW, Sam88
saami_inari	eye	1		čalme				t͡ʃɑlme		t͡ʃ ɑ l m e	1	a								InsSSk
saami_kildin	eye	1		čall’m		tšallʹm		tʃɑlːʲm		t ʃ ɑ lːʲ m	1	a								WOLD
saami_north	eye	1		čalbmi				t͡ʃɑlpmi		t͡ʃ ɑ l p m i	1	a								SSSg
saami_pite	eye	1		tjálbme				cɑːlpme		c ɑː l p m e	1	a								EZ
saami_skolt	eye	1		čâʹlmm				t͡ʃɐlʲmː		t͡ʃ ɐ lʲ mː	1	a								SKosSk
saami_south	eye	1		tjelmie				t͡ɕelmie		t͡ɕ e l m i e	1	a								NSsNdb
saami_ume	eye	1		tjalˈbmee				cɑlˈpmeː		c ɑ lˈ p m eː	1	a								WbWlap
selkup_northern	eye	1		saji		saji		sɑji		s ɑ j i	1	a								SolkWb
udmurt	eye	1		śin		śin		ɕin		ɕ i n	1	a								WotjWsch
veps	eye	1		silʹm				silʲm		s i lʲ m	1	a								VVS
votic_western	eye	1		silmä		silmä		silmʲ		s i l mʲ	1	a								VKJMS
erzya	face	1		čama		čama		tʃɑmɑ		tʃ ɑ m ɑ	8	h								MordWb
estonian_south	face	1		nägo	n'ago			næɡo		n æ ɡ o	3	c			From PFU *näki- 'see'					VESr
estonian_standard	face	1		nägu		näku		næku		n æ k u	3	c			From PFU *näki- 'see'					SVSk
finnish_standard	face	1		kasvot		kasvot		kɑsʋo̞t̪		k ɑ s ʋ o̞ t̪	1	a								JL
hungarian	face	1		arc		arc		ɒrt͡s		ɒ r t͡s	11	k			"Earlier ""orca"", from comp.; cf. “orr” 'nose', “száj” 'mouth'"					FMSz
ingrian	face	1		līt̀sa		līt̀sa		liːt̀sɑ		l iː t̀ s ɑ	19	s	russian	clear					InkmSk	InkmSk
ingrian	face	2		näɢo		näɢo		næɡ̥o		n æ ɡ̥ o	3	c			From PFU *näki- 'see'					InkmSk
karelian_proper	face	1		näkö				nækø		n æ k ø	3	c			From PFU *näki- 'see'					KKSV
karelian_proper	face	2		noama				noɑmɑ		n o ɑ m ɑ	2	b								KKSV
khanty_vakh_vasyugan	face	1		wäńǝm		wäńəm		wæɲəm		w æ ɲ ə m	18	r								DEWbOstj
komi_permyak	face	1		ban		ban		bɑn		b ɑ n	12	l	chuvash	clear						KoPRSl
komi_permyak	face	2		rožaban		rožaban		roʒɑbɑn		r o ʒ ɑ b ɑ n	10	j			"""Roža"" loan from Rus; ""ban"" loan from Chuvash"					KoPRSl
komi_zyrian	face	1		ni̮r-vom		ni̮r-vom		nɯr-vom		n ɯ r v o m	9	i				Lit. 'nose-mouth'				SyrjWsch
komi_zyrian	face	2		roža		roža		roʒɑ		r o ʒ ɑ	10	j			"""Roža"" loan from Rus; ""ban"" 'front side, face', loan from Chuvash"					SyrjWsch
komi_zyrian	face	3		roža-ban		roža-ban		roʒɑ-bɑn		r o ʒ ɑ b ɑ n	10	j			"""Roža"" loan from Rus; ""ban"" 'front side, face', loan from Chuvash"					SyrjWsch
livonian_courland	face	1		gīm				ɡiːm		ɡ iː m	6	f	latvian	clear					Suhonen1973	LivWb
livonian_courland	face	2		palg				pɑlɡ		p ɑ l ɡ	5	e	germanic	clear					SSA	LivWb
mansi_sosva	face	1		ńol-sam		ńol-sam		ɲol-sɑm		ɲ o l s ɑ m	15	o				Comp.; 'nose-eye'				WogWb
mansi_sosva	face	2		wīlʹt		wīlʹt		wiːʎt		w iː ʎ t	13	m				'Forehead, face'				WogWb
mari_hill	face	1		šərgəβələš				ʃərɡəβələʃ		ʃ ə r ɡ ə β ə l ə ʃ	22	aa			Cognacy reference lacking			MdH		
mari_hill	face	2		licä				lit͡sæ		l i t͡s æ	23	z	russian	clear	Cognacy reference lacking			MdH	MdH	
mari_meadow	face	1		čurij		čurij		tʃurij		tʃ u r i j	13	m	tatar	clear					Isanbaev1994	SMSk, TscherWb
mari_meadow	face	2		šürɣö		šürɣö		ʃyrɣø		ʃ y r ɣ ø	20	u								SMSk, TscherWb
moksha	face	1		šama				ʃɑmɑ		ʃ ɑ m ɑ	8	h			Cognacy reference lacking			SES		
nenets_tundra	face	1		syaq				sʲɑʔ		sʲ ɑ ʔ	16	p				'Face, riverbank'				JurSWb
nganasan	face	1		horə		horə		horə		h o r ə	21	v								SlNgaRus
proto_uralic	face	1	not_reconstructable																	UEW, Sam88
saami_inari	face	1		muáđuh				muæðuh		m u æ ð u h	4	d	finnic	clear					SSA	InsSSk
saami_kildin	face	1		kāssv		kaassv		kɑːsːv		k ɑː sː v	1	t	karelian	clear					Riessler2009	WOLD
saami_north	face	1		muođut				muoðut		m u o ð u t	4	d	finnic	clear					Sammallahti1998, SSA	SSSg
saami_pite	face	1		muohto				muohto		m u o h t o	4	d	finnic	clear		'Face. cheek'			SSA	EZ
saami_skolt	face	1		muâđ				muɐð		m u ɐ ð	4	d	finnic	clear					SSA	SKosSk
saami_south	face	1		ååredæjja				oːredæjːɑ		oː r e d æ jː ɑ	7	g								NSsNdb
saami_ume	face	1		aarròdahka				ɑːrːotɑhkɑ		ɑː rː o t ɑ h k ɑ	7	g								WbWlap
saami_ume	face	2		muohtoo				muohtoː		m u o h t oː	4	d	finnic	clear					SSA	WbWlap
selkup_northern	face	1		uə̑nti		uə̑nti		uənti		u ə n t i	17	q								SolkWb
udmurt	face	1		i̮m-ni̮r		i̮m-ni̮r		ɯm-nɯr		ɯ m n ɯ r	9	i				Comp; lit. 'mouth-nose'				WotjWsch
veps	face	1		mod				mod		m o d	4	x						SSA		VVS
votic_western	face	1		līttsa		līttsa		liːtːsɑ		l iː tː s ɑ	19	y	russian	clear				MdH	VKJMS	VKJMS
votic_western	face	2		näko		näko		næko		n æ k o	3	c			From PFU *näki- 'see'					VKJMS
erzya	fall	1		prams		prams		prɑms		p r ɑ m s	8	h								MordWb
estonian_south	fall	1		kukõrduma				kukɤrtumɑ		k u k ɤ r t u m ɑ	5	e								VESr
estonian_south	fall	2		sadama				kukɤrtumɑ		k u k ɤ r t u m ɑ	6	f								
estonian_standard	fall	1		kukkuda		kukkuta		kukːutɑ		k u kː u t ɑ	5	e								SVSk
finnish_standard	fall	1		pudota		pudota		pudo̞t̪ɑ		p u d o̞ t̪ ɑ	1	a								JL
hungarian	fall	1		esik		ešik		ɛʃik		ɛ ʃ i k	10	j								FMSz
ingrian	fall	1		tokkua		tokkua		tokːuɑ		t o kː u ɑ	16	p								InkmSk
karelian_proper	fall	1		lanketa				lɑŋketɑ		l ɑ ŋ k e t ɑ	3	c								KKSV
karelian_proper	fall	2		pakkuo				pɑkːuo		p ɑ kː u o	2	b								KKSV
khanty_vakh_vasyugan	fall	1		körəɣ-		körəɣ-		kørəɣ-		k ø r ə ɣ	12	l								DEWbOstj
komi_permyak	fall	1		uśni̮		uśni̮		uɕnɯ		u ɕ n ɯ	10	j								KoPRSl
komi_zyrian	fall	1		uśni̮		uśni̮		uɕnɯ		u ɕ n ɯ	10	j								SyrjWsch
livonian_courland	fall	1		saddõ				sɑdːɯ		s ɑ dː ɯ	6	f	indo-european	possible					SSA, NES, EES	LivWb
livonian_courland	fall	2		langõ				lɑŋɡɯ		l ɑ ŋ ɡ ɯ	3	c								LivWb
mansi_sosva	fall	1		raɣi		raɣi		rɑɣi		r ɑ ɣ i	11	k								WogWb
mari_hill	fall	1		βiläš				βilæʃ		β i l æ ʃ	18	r								
mari_meadow	fall	1		(βolem) βozam		βolem_βozam, βozam		βozɑm		β o z ɑ m	9	i								SMSk, TscherWb
moksha	fall	1		prams				prɑms		p r ɑ m s	8	h								
nenets_tundra	fall	1		xaqmə°				xɑʔmə		x ɑ ʔ m ə	13	m				'Fall, descend'				JurSWb
nganasan	fall	1		čəlhәdʹi		čəlhәdʹi		tʃəlhədʲi		tʃ ə l h ə dʲ i	14	n								SlNgaRus
nganasan	fall	2		sohədʹa		sohədʹa		sohədʲɑ		s o h ə dʲ ɑ	17	q								SlNgaRus
proto_uralic	fall	1		*ećV-				et͡sʲV		e t͡sʲ V	10	j								UEW, Sam88
saami_inari	fall	1		koččâđ				kot͡ʃːəð		k o t͡ʃː ə ð	7	g	north-western-indo-european	probable	Cf. PIE *kidye/o-, Swedish hitta 'find'				Koivulehto2003	InsSSk
saami_kildin	fall	1		kēhče		keehtše		keːhtʃe		k eː h t ʃ e	7	g	north-western-indo-european	probable	Cf. PIE *kidye/o-, Swedish hitta 'find'				Koivulehto2003	WOLD
saami_north	fall	1		gahččat				kɑht͡ʃːɑt		k ɑ h t͡ʃː ɑ t	7	g	north-western-indo-european	probable	Cf. PIE *kidye/o-, Swedish hitta 'find'				Koivulehto2003	SSSg
saami_pite	fall	1		gahtjat				kɑhcɑt		k ɑ h c ɑ t	7	g	north-western-indo-european	probable	Cf. PIE *kidye/o-, Swedish hitta 'find'				Koivulehto2003	EZ
saami_skolt	fall	1		kõččâd				kət͡ʃːɐd		k ə t͡ʃː ɐ d	7	g	north-western-indo-european	probable	Cf. PIE *kidye/o-, Swedish hitta 'find'				Koivulehto2003	SKosSk
saami_south	fall	1		gahtjedh				ɡɑht͡ɕedh		ɡ ɑ h t͡ɕ e d h	7	g	north-western-indo-european	probable	Cf. PIE *kidye/o-, Swedish hitta 'find'				Koivulehto2003	NSsNdb
saami_ume	fall	1		gahtjat				kɑhcɑt		k ɑ h c ɑ t	7	g	north-western-indo-european	probable	Cf. PIE *kidye/o-, Swedish hitta 'find'				Koivulehto2003	WbWlap
selkup_northern	fall	1		ālćə-		ālćə-		ɑːltɕə-		ɑː l tɕ ə	15	o								SolkWb
udmurt	fall	1		uśi̮ni̮		uśi̮ni̮		uɕɯnɯ		u ɕ ɯ n ɯ	10	j								WotjWsch
veps	fall	1		kirbota				kirbotɑ		k i r b o t ɑ	4	d								VVS
veps	fall	2		langeta				lɑŋːetɑ		l ɑ ŋː e t ɑ	3	c								VVS
votic_western	fall	1		лaŋgõta		laŋge̮ta		lɑŋkɤːmɑ		l ɑ ŋ k ɤː m ɑ	3	c								VKJMS
erzya	far	1		vasolo		vasolo		vɑsolo		v ɑ s o l o	5	e								MordWb
estonian_south	far	1		kavvõn				kɑvːɤn		k ɑ vː ɤ n	3	c	germanic	probable					Aikio2000, SSA, NES, EES	VESr
estonian_south	far	2		kavvõl				kɑvːɤl		k ɑ vː ɤ l	3	c	germanic	probable					Aikio2000, SSA, NES, EES	VESr
estonian_south	far	3		kaugun etc.				kɑuɡun		k ɑ u ɡ u n	3	c	germanic	probable					Aikio2000, SSA, NES, EES	VESr
estonian_standard	far	1		kaugel		kaukel		kɑukel		k ɑ u k e l	3	c	germanic	probable					Aikio2000, SSA, NES, EES	SVSk
finnish_standard	far	1		kaukana		kawkana		kɑwkɑnɑ		k ɑ w k ɑ n ɑ	3	c	germanic	probable					Aikio2000, SSA, NES, EES	JL
hungarian	far	1		messze		messe		mɛsːɛ		m ɛ sː ɛ	10	j								FMSz
hungarian	far	2		távol		taavol		taːvol		t aː v o l	11	k								FMSz
ingrian	far	1		ettǟl		ettǟl		etːæːl		e tː æː l	4	d					Dialectal			InkmSk
karelian_proper	far	1		etähänä				etæhænæ		e t æ h æ n æ	4	d								KKSV
khanty_vakh_vasyugan	far	1		kokkǝpa				kokːəpɑ		k o kː ə p ɑ	14	n			Cognacy reference lacking			MdH		DEWbOstj
komi_permyak	far	1		i̮li̮n		i̮li̮n		ɯlɯn		ɯ l ɯ n	8	h								KoPRSl
komi_zyrian	far	1		i̮li̮n		i̮li̮n		ɯlɯn		ɯ l ɯ n	8	h								SyrjWsch
livonian_courland	far	1		kougõn				kouɡɯn		k o u ɡ ɯ n	3	c	germanic	probable					Aikio2000, SSA, NES, EES	LivWb
mansi_sosva	far	1		ēlalʹ		ēlalʹ		eːlɑʎ		eː l ɑ ʎ	12	l								WogWb
mari_hill	far	1		məndərnə				məndərnə		m ə n d ə r n ə	6	f						SES, TscherWb		
mari_meadow	far	1		mündə̑r(nö)		mündə̑r, mündə̑rnö		myndə̠r, myndə̠rnø			6	f				Longer form is locative				SMSk, TscherWb
mari_meadow	far	2		tora(šte)		tora, torašte		torɑ, torɑʃte			7	g				Longer form is locative				SMSk, TscherWb
moksha	far	1		ičkoźä				it͡ʃkozʲæ		i t͡ʃ k o zʲ æ	4	d			Cognacy with Finnic reflexes uncertain			SSA, UEW		
nenets_tundra	far	1		ŋax°qna				ŋɑxʔnɑ		ŋ ɑ x ʔ n ɑ	12	l								JurSWb
nganasan	far	1		kuntəgunu		kuntəgunu		kuntəɡunu		k u n t ə ɡ u n u	13	m								SlNgaRus
nganasan	far	2		kuntəgaˀanu		kuntəgaˀanu		kuntəɡɑʔɑnu		k u n t ə ɡ ɑ ʔ ɑ n u	13	m								SlNgaRus
proto_uralic	far	1	not_reconstructable																	UEW, Sam88
saami_inari	far	1		kukken				kukːen		k u kː e n	1	a								InsSSk
saami_kildin	far	1		kuhk’en’		kuhkʹenʹ		kuhkʲenʲ		k u h kʲ e nʲ	1	a								WOLD
saami_north	far	1		guhkkin				kuhkːin		k u h kː i n	1	a								SSSg
saami_pite	far	1		guhkest				kuhkest		k u h k e s t	1	a								EZ
saami_pite	far	2		guhken				kuhken		k u h k e n	1	a								EZ
saami_pite	far	3		mällgadist				mælːkɑtist		m æ lː k ɑ t i s t	2	b								EZ
saami_pite	far	4		mällgadin				mælːkɑtin		m æ lː k ɑ t i n	2	b								EZ
saami_skolt	far	1		kuʹǩǩen				kucːen		k u cː e n	1	a								SKosSk
saami_south	far	1		guhkene				ɡuhkene		ɡ u h k e n e	1	a								NSsNdb
saami_south	far	2		gåhkese				ɡɔhkese		ɡ ɔ h k e s e	1	a								NSsNdb
saami_ume	far	1		meälˈgada				meælˈkɑtɑ		m e æ lˈ k ɑ t ɑ	2	b								WbWlap
selkup_northern	far	1		kuntak	kuntok	kuntak	kuntok	kuntɑk	kuntok	k u n t ɑ k	13	m								SolkWb
udmurt	far	1		ki̮dʹoki̮n		ki̮dʹoki̮n		kɯdʲokɯn		k ɯ dʲ o k ɯ n	9	i								WotjWsch
veps	far	1		edahan				edɑhɑn		e d ɑ h ɑ n	4	d								VVS
votic_western	far	1		kaukaл̄		kaukall		kɑukɑlː		k ɑ u k ɑ lː	3	c	germanic	probable					Aikio2000, SSA, NES, EES	VKJMS
erzya	fat	1		kuja		kuja		kujɑ		k u j ɑ	3	c			Deriv. from PFU *kuji̮					MordWb
estonian_south	fat	1		rasõv	rasv			rɑsɤv		r ɑ s ɤ v	1	a	germanic	probable					LAGLOS, SSA, NES	VESr
estonian_standard	fat	1		rasv		rasv		rɑsv		r ɑ s v	1	a	germanic	probable					LAGLOS, SSA, NES	SVSk
finnish_standard	fat	1		rasva		rasva		rɑsʋɑ		r ɑ s ʋ ɑ	1	a	germanic	probable					LAGLOS, SSA, NES	JL, Hakk04
hungarian	fat	1		zsír		žiir		ʒiːr		ʒ iː r	7	l	slavic	clear					Kniezsa1974, Zaicz2006, TESz	FMSz
ingrian	fat	1		razva		razva		rɑzvɑ		r ɑ z v ɑ	1	a	germanic	probable					LAGLOS, SSA, NES	InkmSk
karelian_proper	fat	1		isra				isrɑ		i s r ɑ	2	b	germanic	probable					LAGLOS, SSA, NES	KKSV
karelian_proper	fat	2		kuu				kuː		k uː	3	c			From PFU *kuji̮					KKSV
karelian_proper	fat	3		rasva				rɑsvɑ		r ɑ s v ɑ	1	a	germanic	probable					LAGLOS, SSA, NES	KKSV
khanty_vakh_vasyugan	fat	1		woj		woj		woj		w o j	5	e								DEWbOstj
komi_permyak	fat	1		gos		gos		ɡos		ɡ o s	6	f								KoPRSl
komi_zyrian	fat	1		gos		gos		ɡos		ɡ o s	6	f								SyrjWsch
livonian_courland	fat	1		razā				rɑzɑː		r ɑ z ɑː	1	a	germanic	probable					LAGLOS, SSA, NES	LivWb
mansi_sosva	fat	1		wōj		wōj		woːj		w oː j	5	e								WogWb
mari_hill	fat	1		šel				ʃel		ʃ e l	13	n						SES, UEW		
mari_meadow	fat	1		koja		koja		kojɑ		k o j ɑ	3	c			Deriv. from PFU *kuji̮					SMSk, TscherWb
moksha	fat	1		kujä				kujæ		k u j æ	3	c						SES, UEW		
nenets_tundra	fat	1		yur				jur		j u r	8	h								JurSWb
nganasan	fat	1		čuˀ		čuˀ		tʃuʔ		tʃ u ʔ	12	m								SlNgaRus
nganasan	fat	2		dʹir		dʹir		dʲir		dʲ i r	8	h								SlNgaRus
proto_uralic	fat	1		*śilä				sʲilæ		sʲ i l æ	9	i								UEW, Sam88
saami_inari	fat	1		pyeidi				pyeidi		p y e i d i	4	d	germanic	probable	Cf. PGer *faita-				Aikio2006	InsSSk
saami_kildin	fat	1		pūjjt		puujjt		puːjːt		p uː jː t	4	d	germanic	probable	Cf. PGer *faita-				Riessler2009	WOLD
saami_north	fat	1		buoidi				puoiti		p u o i t i	4	d	germanic	probable	Cf. PGer *faita-				Aikio2006, Sammallahti1998	SSSg
saami_pite	fat	1		buäjjde				puæjːte		p u æ jː t e	4	d	germanic	probable	Cf. PGer *faita-				Aikio2006	EZ
saami_skolt	fat	1		vuõjj				vuəjː		v u ə jː	5	e								SKosSk
saami_south	fat	1		båervie				bɔervie		b ɔ e r v i e	11	k								NSsNdb
saami_south	fat	2		buejtie				buejtie		b u e j t i e	4	d	germanic	probable	Cf. PGer *faita-				Aikio2006	NSsNdb
saami_ume	fat	1		büeidee				pyeiteː		p y e i t eː	4	d	germanic	probable	Cf. PGer *faita-				Aikio2006	WbWlap
saami_ume	fat	2		vuajja				vuɑjːɑ		v u ɑ jː ɑ	5	e								WbWlap
selkup_northern	fat	1		ür		ür		yr		y r	8	h								SolkWb
udmurt	fat	1		ke̮j		ke̮j		kɤj		k ɤ j	3	c								WotjWsch
veps	fat	1		izr				izr		i z r	2	b	germanic	probable					LAGLOS, SSA, NES	VVS
veps	fat	2		razv				rɑzv		r ɑ z v	1	a	germanic	probable					LAGLOS, SSA, NES	VVS
votic_western	fat	1		raᴢva		raᴢva, raᴢve̮		rɑz̥v		r ɑ z̥ v	1	a	germanic	probable					LAGLOS, SSA, NES	VKJMS
erzya	father	1		tʹetʹa		tʹetʹa		tʲetʲɑ		tʲ e tʲ ɑ	3	c	russian	probable					MordWb	MordWb
estonian_south	father	1		esä				esæ		e s æ	1	a								VESr
estonian_standard	father	1		isa		isa		isɑ		i s ɑ	1	a								SVSk
finnish_standard	father	1		isä		isä		isæ		i s æ	1	a								JL
hungarian	father	1		apa		apa		ɒpɒ		ɒ p ɒ	7	g			From PFU *appi̮ 'father-in-law'					FMSz
ingrian	father	1		ätti		ätti		ætːi		æ tː i	11	k								InkmSk
karelian_proper	father	1		isä				isæ		i s æ	1	a								KKSV
karelian_proper	father	2		toatto				toɑtːo		t o ɑ tː o	2	b								KKSV
khanty_vakh_vasyugan	father	1		ăpa		ăpa		ɑ̆pɑ		ɑ ̆ p ɑ	10	j			Not from PFU *appi̮ 'father-in-law' ?					DEWbOstj
khanty_vakh_vasyugan	father	2		ăpi̮		ăpi̮		ɑ̆pɯ		ɑ ̆ p ɯ	10	j			Not from PFU *appi̮ 'father-in-law' ?					DEWbOstj
khanty_vakh_vasyugan	father	3		jəɣ		jəɣ		jəɣ		j ə ɣ	8	h								DEWbOstj
komi_permyak	father	1		aj		aj		ɑj		ɑ j	6	f			From PFP *äji 'big, father'					KoPRSl
komi_zyrian	father	1		aj		aj		ɑj		ɑ j	6	f			From PFP *äji 'big, father'					SyrjWsch
komi_zyrian	father	2		batʹ		batʹ		bɑtʲ		b ɑ tʲ	5	e	russian	clear					KESK, Kalima1911	SyrjWsch
livonian_courland	father	1		izā				izɑː		i z ɑː	1	a								LivWb
mansi_sosva	father	1		āś		āś		ɑːɕ		ɑː ɕ	1	a								WogWb
mansi_sosva	father	2		jaɣ		jaɣ		jɑɣ		j ɑ ɣ	8	h								WogWb
mari_hill	father	1		ätja				ætjɑ		æ t j ɑ	4	d	chuvash	possible				TscherWb	TscherWb	
mari_meadow	father	1		ača		ača		ɑtʃɑ		ɑ tʃ ɑ	4	d	chuvash	possible	Chuvash origin unclear; not from PU *ićä				TscherWb	SMSk, TscherWb
moksha	father	1		alä				ɑlæ		ɑ l æ	12	l						Versinin2004		
nenets_tundra	father	1		nyísya				ɲisʲɑ		ɲ i sʲ ɑ	1	a								JurSWb
nganasan	father	1		dʹesi̮		dʹesi̮		dʲesɯ		dʲ e s ɯ	1	a								SlNgaRus
proto_uralic	father	1		*ićä				it͡sʲæ		i t͡sʲ æ	1	a								UEW, Sam88
saami_inari	father	1		eeči				eːt͡ʃi		eː t͡ʃ i	1	a								InsSSk
saami_kildin	father	1		aǯ		adž		ɑdʒ		ɑ d ʒ	1	a								WOLD
saami_north	father	1		áhčči				ɑːht͡ʃːi		ɑː h t͡ʃː i	1	a								SSSg
saami_pite	father	1		áhttje				ɑːhtːje		ɑː h tː j e	1	a								EZ
saami_skolt	father	1		e(e)ʹčč				eːt͡ʃʲː		eː t͡ʃʲː	1	a								SKosSk
saami_south	father	1		aehtjie				ɑeht͡ɕie		ɑ e h t͡ɕ i e	1	a								NSsNdb
saami_ume	father	1		àhtjee				ɑhceː		ɑ h c eː	1	a								WbWlap
selkup_northern	father	1		e̮sə		e̮sə		ɤsə		ɤ s ə	1	a								SolkWb
udmurt	father	1		bubi̮		bubi̮		bubɯ		b u b ɯ	9	i								WotjWsch
veps	father	1		tat				tɑt		t ɑ t	2	b								VVS
votic_western	father	1		isä		isä		isæ		i s æ	1	a								VKJMS
erzya	fear	1		pelʹems		pelʹems		peʎems		p e ʎ e m s	1	a	proto-indo-european	probable					Koivulehto2001	MordWb
estonian_south	fear	1		pelgämä				pelɡæmæ		p e l ɡ æ m æ	1	a	proto-indo-european	possible					Koivulehto2001	VESr
estonian_standard	fear	1		karta		kartta		kɑrtːɑ		k ɑ r tː ɑ	3	c								SVSk
finnish_standard	fear	1		pelätä		pelätä		pe̞læt̪æ		p e̞ l æ t̪ æ	1	a	proto-indo-european	possible					Koivulehto2001, Hakkinen2009	JL
hungarian	fear	1		fél		feel		feːl		f eː l	1	a	proto-indo-european	probable					Koivulehto2001, Hakkinen2009, Zaicz2006	FMSz
ingrian	fear	1		herviᴅä		herviᴅä		hervid̥æ		h e r v i d̥ æ	9	i								InkmSk
karelian_proper	fear	1		varata				vɑrɑtɑ		v ɑ r ɑ t ɑ	2	b	germanic	probable					SSA	KKSV
khanty_vakh_vasyugan	fear	1		pǝl-		pəl-		pəl-		p ə l	1	a	proto-indo-european	probable					Koivulehto2001	DEWbOstj
khanty_vakh_vasyugan	fear	2		pǝlil-		pəlil-		pəlil-		p ə l i l	1	a	proto-indo-european	probable					Koivulehto2001	DEWbOstj
komi_permyak	fear	1		povni̮		povni̮		povnɯ		p o v n ɯ	1	a	proto-indo-european	probable					Koivulehto2001	KoPRSl
komi_zyrian	fear	1		povni̮		povni̮		povnɯ		p o v n ɯ	1	a	proto-indo-european	probable					Koivulehto2001	SyrjWsch
livonian_courland	fear	1		kartõ				kɑrtɯ		k ɑ r t ɯ	3	c								LivWb
mansi_sosva	fear	1		pili		pili		pili		p i l i	1	a	proto-indo-european	probable					Koivulehto2001	WogWb
mansi_sosva	fear	2		χuraχli		χuraχli		xurɑxli		x u r ɑ x l i	6	f			From PFU *karV- 'fear, to be frightened'					WogWb
mari_hill	fear	1		lüδäš				lyðæʃ		l y ð æ ʃ	4	d						SES, TscherWb		
mari_meadow	fear	1		lüδam		lüδam		lyðɑm		l y ð ɑ m	4	d								SMSk, TscherWb
moksha	fear	1		pel'eńd'ems				pelʲenʲdʲems		p e lʲ e nʲ dʲ e m s	1	a	proto-indo-european	probable				Koivulehto2001	Koivulehto2001	
nenets_tundra	fear	1		pyínə°				pʲinə		pʲ i n ə	7	g								JurSWb
nganasan	fear	1		hi̮li̮msi̮		hi̮li̮msi̮		hɯlɯmsɯ		h ɯ l ɯ m s ɯ	1	a								SlNgaRus
nganasan	fear	2		hilʹiˀśi		hilʹiˀśi		hiʎiʔɕi		h i ʎ i ʔ ɕ i	1	a								SlNgaRus
proto_uralic	fear	1		*peli-				peli		p e l i	1	a								UEW, Sam88
saami_inari	fear	1		poollâđ				poːlːəð		p oː lː ə ð	1	a	proto-indo-european	probable					Koivulehto2001, Hakkinen2009	InsSSk
saami_kildin	fear	1		pēlle		peelle		peːlːe		p eː lː e	1	a	proto-indo-european	probable					Koivulehto2001, Hakkinen2009	WOLD
saami_north	fear	1		ballat				pɑlːɑt		p ɑ lː ɑ t	1	a	proto-indo-european	probable					Koivulehto2001, Hakkinen2009	SSSg
saami_pite	fear	1		ballo				pɑlːo		p ɑ lː o	1	a	proto-indo-european	probable					Koivulehto2001, Hakkinen2009	EZ
saami_skolt	fear	1		põõllâd				pəːlːɐd		p əː lː ɐ d	1	a	proto-indo-european	probable					Koivulehto2001, Hakkinen2009	SKosSk
saami_south	fear	1		bïlledh				bɨlːedh		b ɨ lː e d h	1	a	proto-indo-european	probable					Koivulehto2001, Hakkinen2009	NSsNdb
saami_ume	fear	1		ballat				pɑlːɑt		p ɑ lː ɑ t	1	a	proto-indo-european	probable					Koivulehto2001, Hakkinen2009	WbWlap
selkup_northern	fear	1		enə-		enə-		enə-		e n ə	8	h								SolkWb
udmurt	fear	1		ki̮škani̮		ki̮škani̮		kɯʃkɑnɯ		k ɯ ʃ k ɑ n ɯ	5	e								WotjWsch
udmurt	fear	2		kurdani̮		kurdani̮		kurdɑnɯ		k u r d ɑ n ɯ	6	f	tatar	possible			Also suggested: From PFU *karV- 'fear, to be frightened'		Tarakanov1993	WotjWsch
veps	fear	1		varaita				vɑrɑitɑ		v ɑ r ɑ i t ɑ	2	b	germanic	probable					SSA	VVS
votic_western	fear	1		pellätä		pellätä		pelːætæ		p e lː æ t æ	1	a	proto-indo-european	possible					Koivulehto2001	VKJMS
erzya	feather	1		tolga		tolga		tolɡɑ		t o l ɡ ɑ	1	a			From PFU *tulka 'feather' ~ PSd *tuə(j)					MordWb
estonian_south	feather	1		sulg'				sulɡʲ		s u l ɡʲ	1	a			From PFU *tulka 'feather'? ~ PSd *tuə(j); irregular initial “s-” in Finnic					VESr
estonian_standard	feather	1		sulg		sulk		sulk		s u l k	1	a			From PFU *tulka 'feather'? ~ PSd *tuə(j); irregular initial “s-” in Finnic					SVSk
finnish_standard	feather	1		höyhen		höühen		hø̞yɦe̞n		h ø̞ y ɦ e̞ n	7	g								JL
hungarian	feather	1		toll		toll		tolː		t o lː	1	a			From PFU *tulka 'feather' ~ PSd *tuə(j)					FMSz
ingrian	feather	1		sulɢa		sulɢa		sulɡ̥ɑ		s u l ɡ̥ ɑ	1	a			From PFU *tulka 'feather'? ~ PSd *tuə(j); irregular initial “s-” in Finnic					InkmSk
karelian_proper	feather	1		heyhen				heyhen		h e y h e n	7	g								KKSV
karelian_proper	feather	2		pero				pero		p e r o	2	b	russian	clear					SSA	KKSV
karelian_proper	feather	3		sulka				sulkɑ		s u l k ɑ	1	a			From PFU *tulka 'feather'? ~ PSd *tuə(j); irregular initial “s-” in Finnic					KKSV
khanty_vakh_vasyugan	feather	1		pun		pun		pun		p u n	3	c								DEWbOstj
khanty_vakh_vasyugan	feather	2		tŏɣəl		tŏɣəl		tŏɣəl		t o ̆ ɣ ə l	1	a			From PFU *tulka 'feather' ~ PSd *tuə(j)					DEWbOstj
komi_permyak	feather	1		bordti̮v		bordti̮v		bordtɯv		b o r d t ɯ v	1	i			Comp.; “bord” 'wing'; “ti̮v” from PFU *tulka 'feather' ~ PSd *tuə(j)			MdH		KoPRSl
komi_permyak	feather	2		ge̮n		ge̮n		ɡɤn		ɡ ɤ n	5	e	iranian	possible					Csucs2005	KoPRSl
komi_zyrian	feather	1		ge̮n		ge̮n		ɡɤn		ɡ ɤ n	5	e	iranian	possible					Csucs2005	SyrjWsch
livonian_courland	feather	1		tūrgõz				tuːrɡɯz		t uː r ɡ ɯ z	1	a			From PFU *tulka 'feather'? ~ PSd *tuə(j); unexpected “-r-” for *-l-; “t-” retained contrarily to other Finnic languages					LivWb
mansi_sosva	feather	1		pun		pun		pun		p u n	3	c								WogWb
mari_hill	feather	1		pə̑n				pən		p ə n	3	c						SES, Bereczki2013		
mari_meadow	feather	1		pə̑stə̑l		pə̑stə̑l		pəstəl		p ə s t ə l	4	d			Sometimes analyzed as historical compound, hypothesizing that “-tə̑l” comes from PU *tulka					SMSk, TscherWb
moksha	feather	1		tolga				tolɡɑ		t o l ɡ ɑ	1	a						SES, UEW		
nenets_tundra	feather	1		tər				tər		t ə r	6	f				'Feather, hair'				JurSWb
nenets_tundra	feather	2		to				to		t o	1	a			From PSd *tuə(j) 'feather' ~ PFU *tulka					JurSWb
nganasan	feather	1		totə		totə		totə		t o t ə	1	a					From PSd *tuə(j) 'feather' ~ PFU *tulka			SlNgaRus
proto_uralic	feather	1		*tuli̮				tulɨ		t u l ɨ	1	a					PFU: *tul-ka; alternative reconstruction could be PU *ti̮wi̮(-li̮), PFU *ti̮wi̮-lka; cf. PYuk *tiw-(il-); NB! PFU ?*ti̮wli̮- 'blow (wind)' and PFU ?*ti̮wi̮lka 'wing' seem parallel to PIE derivs. reflected in PGer *windaz 'wind' and *weing- 'blowing (wind)' > 'wing'			UEW, Sam88
saami_inari	feather	1		puzzâ				pud͡zːə		p u d͡zː ə	8	h						Lehtiranta2001		
saami_inari	feather	2		tolge				tolɡe		t o l ɡ e	1	a			From PFU *tulka 'feather' ~ PSd *tuə(j)					InsSSk
saami_kildin	feather	1		pōnnc		poonnc		poːnːc		p oː nː c	3	h						Lehtiranta2001		WOLD
saami_north	feather	1		dolgi				tolki		t o l k i	1	a			From PFU *tulka 'feather' ~ PSd *tuə(j)					SSSg
saami_pite	feather	1		dållge				tɔlːke		t ɔ lː k e	1	a			From PFU *tulka 'feather' ~ PSd *tuə(j)					EZ
saami_skolt	feather	1		tåʹlǧǧ				tɔlʲɟː		t ɔ lʲ ɟː	1	a			From PFU *tulka 'feather' ~ PSd *tuə(j)					SKosSk
saami_south	feather	1		badtse				bɑt͡sːe		b ɑ t͡sː e	3	h						Lehtiranta2001		NSsNdb
saami_ume	feather	1		dålˈgee				tɔlˈkeː		t ɔ lˈ k eː	1	a			From PFU *tulka 'feather' ~ PSd *tuə(j)					WbWlap
selkup_northern	feather	1		tū		tū		tuː		t uː	1	a			From PSd *tuə(j) 'feather' ~ PFU *tulka					SolkWb
udmurt	feather	1		ti̮li̮		ti̮li̮		tɯlɯ		t ɯ l ɯ	1	a			From PFU *tulka 'feather' ~ PSd *tuə(j)					WotjWsch
veps	feather	1		sūg				suːɡ		s uː ɡ	1	a			From PFU *tulka 'feather'? ~ PSd *tuə(j); irregular initial “s-” in Finnic					VVS
votic_western	feather	1		suлka		sulka		sulk		s u l k	1	a			From PFU *tulka 'feather'? ~ PSd *tuə(j); irregular initial “s-” in Finnic					VKJMS
erzya	few	1		alamo		alamo		ɑlɑmo		ɑ l ɑ m o	7	g				"Comp.; ""a"" 'not', ""lamo"" 'many'"				MordWb
estonian_south	few	1		veidüq				veidyʔ		v e i d y ʔ	1	a								VESr
estonian_standard	few	1		vähe		vähe		væhe		v æ h e	1	a	germanic	possible					LAGLOS, SSA, NES	SVSk
finnish_standard	few	1		vähän		vähän		ʋæɦæn		ʋ æ ɦ æ n	1	a	germanic	possible					LAGLOS, SSA, NES	JL
hungarian	few	1		kevés		keveeš		kɛveːʃ		k ɛ v eː ʃ	11	k			Deriv. from PFU (PU?) *kepä 'light (a.)'					FMSz
ingrian	few	1		väh̆häin	vähäin	väh̆häin	vähäin	væh̆hæin	væhæin	v æ h ̆ h æ i n	1	a	germanic	possible					LAGLOS, SSA, NES	InkmSk
karelian_proper	few	1		harva				hɑrvɑ		h ɑ r v ɑ	2	b								KKSV
karelian_proper	few	2		vähä(n)				væhæn		v æ h æ n	1	a	germanic	possible					LAGLOS, SSA, NES	KKSV
khanty_vakh_vasyugan	few	1		č̣i̮mǝl		či̮məl		tʃɯməl		tʃ ɯ m ə l	13	m								DEWbOstj
komi_permyak	few	1		etša		eča		etʃɑ		e tʃ ɑ	16	p								KoPRSl
komi_zyrian	few	1		eča		eča		etʃɑ		e tʃ ɑ	16	p								SyrjWsch
livonian_courland	few	1		veìtõ				veitɯ		v e i t ɯ	3	c								LivWb
mansi_sosva	few	1		moś		moś		moɕ		m o ɕ	12	l								WogWb
mari_hill	few	1		čəδə				t͡ʃəðə		t͡ʃ ə ð ə	19	s						SES		
mari_meadow	few	1		iziš		iziš		iziʃ		i z i ʃ	8	h			"Deriv. from ""izi"" 'small'; from PFP *üćä 'small, a little' ?"					SMSk, TscherWb
mari_meadow	few	2		šaɣal		šaɣal		ʃɑɣɑl		ʃ ɑ ɣ ɑ l	10	j								SMSk, TscherWb
moksha	few	1		kərža				kərʒɑ		k ə r ʒ ɑ	18	r			Cognacy reference lacking			MordWb		
nenets_tundra	few	1		tyanyo				tʲɑɲo		tʲ ɑ ɲ o	14	n								JurSWb
nganasan	few	1		kanərā		kanərā		kɑnərɑː		k ɑ n ə r ɑː	15	o								SlNgaRus
nganasan	few	2		tanuamənu		tanuamənu		tɑnuɑmənu		t ɑ n u ɑ m ə n u	14	n								SlNgaRus
proto_uralic	few	1	not_reconstructable																	UEW, Sam88
saami_inari	few	1		uccáá				ut͡sːæː		u t͡sː æː	4	d								InsSSk
saami_inari	few	2		ucánjii				ut͡sæɲiː		u t͡s æ ɲ iː	4	d								InsSSk
saami_inari	few	3		váhá				væhæ		v æ h æ	1	t	finnic	clear	"Cf. Finnish ""vähä(n)"" '(a) few, (a) little'"				SSA	InsSSk
saami_kildin	few	1		vānas		vaanas		vɑːnɑs		v ɑː n ɑ s	18	r	north germanic	clear					Riessler2009	WOLD
saami_north	few	1		uhccán				uhccɑːn		u h c c ɑː n	4	d								SSSg
saami_north	few	2		veahá				veæhɑː		v e æ h ɑː	1	t	finnic	clear	"Cf. Finnish ""vähä(n)"" '(a) few, (a) little'"				Sammallahti1998	SSSg
saami_pite	few	1	form_not_found																	EZ
saami_skolt	few	1		occanj	õccnja etc.			ot͡sːɑɲ		o t͡sː ɑ ɲ	4	d								SKosSk
saami_skolt	few	2		siõmˈmna	simmna			siəmːnɑ		s i ə mː n ɑ	6	f								SKosSk
saami_south	few	1		gille				ɡilːe		ɡ i lː e	5	e	north germanic	possible					Qvigstad1893	NSsNdb
saami_ume	few	1		gille				kilːe		k i lː e	5	e	north germanic	possible					Qvigstad1893	WbWlap
selkup_northern	few	1		qāna		qāna		qɑːnɑ		q ɑː n ɑ	15	o								SolkWb
udmurt	few	1		põžõt				odiɡ-oɡ		o d i ɡ o ɡ	17	q				Comp.				WotjWsch
udmurt	few	2		piči				odiɡ-oɡ		o d i ɡ o ɡ	17	q				Comp.				WotjWsch
veps	few	1		vähä				væhæ		v æ h æ	1	a	germanic	possible					LAGLOS, SSA, NES	VVS
votic_western	few	1		vähä		vähä		væhæ		v æ h æ	1	a	germanic	possible					LAGLOS, SSA, NES	VKJMS
erzya	fight	1		tuŕems		tuŕems		turʲems		t u rʲ e m s	2	b			Cognacy uncertain					MordWb
estonian_south	fight	1		kaklõma	kakkõlõma			kɑklɤmɑ		k ɑ k l ɤ m ɑ	3	c								VESr
estonian_standard	fight	1		kakelda		kakkelta		kɑkːeltɑ		k ɑ kː e l t ɑ	3	c								SVSk
finnish_standard	fight	1		tapella		tapella		t̪ɑpe̞lːɑ		t̪ ɑ p e̞ lː ɑ	1	a								JL
hungarian	fight	1		verekszik		vereksik		vɛrɛksik		v ɛ r ɛ k s i k	8	h			"Derivs. from ""ver"" 'hit'"					FMSz
hungarian	fight	2		verekedik		verekedik		vɛrɛkɛdik		v ɛ r ɛ k ɛ d i k	8	h			"Derivs. from ""ver"" 'hit'"					FMSz
ingrian	fight	1		tapella		tapella		tɑpelːɑ		t ɑ p e lː ɑ	1	a								InkmSk, SSA
karelian_proper	fight	1		tapella				tɑpelːɑ		t ɑ p e lː ɑ	1	a								KKSV
karelian_proper	fight	2		torata				torɑtɑ		t o r ɑ t ɑ	2	b								KKSV
khanty_vakh_vasyugan	fight	1		lälʹǝɣsǝ-		lälʹəɣsə-		læʎəɣsə-		l æ ʎ ə ɣ s ə	14	n								DEWbOstj
khanty_vakh_vasyugan	fight	2		ńul-wel-		ńul-wel-		ɲul-wel-		ɲ u l w e l	10	j			"Comp; ""ńula"" 'together', ""wel-"" 'kill, hit, hunt'"					DEWbOstj
komi_permyak	fight	1		ti̮škaśni̮		ti̮škaśni̮		tɯʃkɑɕnɯ		t ɯ ʃ k ɑ ɕ n ɯ	5	e								KoPRSl
komi_zyrian	fight	1		kośaśni̮		kośaśni̮		koɕɑɕnɯ		k o ɕ ɑ ɕ n ɯ	6	f			From PFU *keśV- 'rip'					SyrjWsch
komi_zyrian	fight	2		ti̮škaśni̮		ti̮škaśni̮		tɯʃkɑɕnɯ		t ɯ ʃ k ɑ ɕ n ɯ	5	e								SyrjWsch
livonian_courland	fight	1		taplõ				tɑplɯ		t ɑ p l ɯ	1	a								LivWb
mansi_sosva	fight	1		alχati		alχati		ɑlxɑti		ɑ l x ɑ t i	9	i								WogWb
mari_hill	fight	1		šieδäläš				ʃieðælæʃ		ʃ i e ð æ l æ ʃ	16	p			Cognacy reference lacking			SES		
mari_meadow	fight	1		kreδalam		kreδalam		kreðɑlɑm		k r e ð ɑ l ɑ m	4	d								SMSk, TscherWb
moksha	fight	1		t'uŕems				tʲurʲems		tʲ u rʲ e m s	2	b						SES, UEW		
nenets_tundra	fight	1		pyodə°				pʲodə		pʲ o d ə	11	k								JurSWb
nganasan	fight	1		kəməuˀtəsa		kəməuˀtəsa		kəməuʔtəsɑ		k ə m ə u ʔ t ə s ɑ	15	o								SlNgaRus
nganasan	fight	2		kəməumsa		kəməumsa		kəməumsɑ		k ə m ə u m s ɑ	15	o								SlNgaRus
nganasan	fight	3		torasa		torasa		torɑsɑ		t o r ɑ s ɑ	2	b				'Compete in wrestling, fight'				SlNgaRus
nganasan	fight	4		torarsa		torarsa		torɑrsɑ		t o r ɑ r s ɑ	2	b				'Compete in wrestling, fight'				SlNgaRus
proto_uralic	fight	1		*torV-				torV		t o r V	2	b								UEW, Sam88
saami_inari	fight	1		tuárruđ				tuærːuð		t u æ rː u ð	2	b								InsSSk
saami_kildin	fight	1		tuarre		tuarre		tuɑrːe		t u ɑ rː e	2	b								WOLD
saami_north	fight	1		doarrut				toɑrːut		t o ɑ rː u t	2	b								SSSg
saami_pite	fight	1		dårrot				tɔrːot		t ɔ rː o t	2	b								EZ
saami_skolt	fight	1		tuärrad				tuærːɑd		t u æ rː ɑ d	2	b								SKosSk
saami_south	fight	1		dåarodh				dɔɑrodh		d ɔ ɑ r o d h	2	b								NSsNdb
saami_ume	fight	1		dååròdit				tɔːrotit		t ɔː r o t i t	2	b								WbWlap
selkup_northern	fight	1		quə̑tu-		quə̑tu-		quətu-		q u ə t u	12	l								SolkWb
udmurt	fight	1		žugiśki̮ni̮		žugiśki̮ni̮		ʒuɡiɕkɯnɯ		ʒ u ɡ i ɕ k ɯ n ɯ	7	g								WotjWsch
veps	fight	1		torata				torɑtɑ		t o r ɑ t ɑ	2	b								VVS
votic_western	fight	1		tapõlla		tape̮lla		tɑpːɤ̀mɑ		t ɑ pː ɤ̀ m ɑ	1	a								VKJMS
erzya	fire	1		tol		tol		tol		t o l	1	a								MordWb
estonian_south	fire	1		tuli				tuli		t u l i	1	a								VESr
estonian_standard	fire	1		tuli		tuli		tuli		t u l i	1	a								SVSk
finnish_standard	fire	1		tuli		tuli		t̪uli		t̪ u l i	1	a								JL
hungarian	fire	1		tűz		tüüz		tyːz		t yː z	4	d								FMSz
ingrian	fire	1		tuli		tuli		tuli		t u l i	1	a								InkmSk
karelian_proper	fire	1		tuli				tuli		t u l i	1	a								KKSV
khanty_vakh_vasyugan	fire	1		tö̆ɣət		tö̆ɣət		tø̆ɣət		t ø ̆ ɣ ə t	4	d								DEWbOstj
komi_permyak	fire	1		bi		bi		bi		b i	3	c			Possibly from PFU *päjwä					KoPRSl
komi_zyrian	fire	1		bi		bi		bi		b i	3	c			Possibly from PFU *päjwä					SyrjWsch
livonian_courland	fire	1		tuļ				tuʎ		t u ʎ	1	a								LivWb
mansi_sosva	fire	1		nāj		nāj		nɑːj		n ɑː j	6	f								WogWb
mansi_sosva	fire	2		ulʹa		ulʹa		uʎɑ		u ʎ ɑ	5	e								WogWb
mari_hill	fire	1		tə̑l		tə̑l		tə̠l		t ə̠ l	1	a						SES		
mari_meadow	fire	1		tul		tul		tul		t u l	1	a								SMSk, TscherWb
moksha	fire	1		tol				tol		t o l	1	a						SES, UEW		
nenets_tundra	fire	1		tu				tu		t u	1	a								JurSWb
nganasan	fire	1		tuj		tuj		tuj		t u j	1	a								SlNgaRus
proto_uralic	fire	1		*tuli̮				tulɨ		t u l ɨ	1	a								UEW, Sam88
saami_inari	fire	1		tullâ				tulːə		t u lː ə	1	a								InsSSk
saami_kildin	fire	1		tōll		tooll		toːlː		t oː lː	1	a								WOLD
saami_north	fire	1		dolla				tolːɑ		t o lː ɑ	1	a								SSSg
saami_pite	fire	1		dållå				tɔlːɔ		t ɔ lː ɔ	1	a								EZ
saami_skolt	fire	1		toll				tolː		t o lː	1	a								SKosSk
saami_south	fire	1		dålle				dɔlːe		d ɔ lː e	1	a								NSsNdb
saami_ume	fire	1		dålla				tɔlːɑ		t ɔ lː ɑ	1	a								WbWlap
selkup_northern	fire	1		tǖ		tǖ		tyː		t yː	1	a								SolkWb
udmurt	fire	1		ti̮l		ti̮l		tɯl		t ɯ l	1	a								WotjWsch
veps	fire	1		lʹämoi				lʲæmoi		lʲ æ m o i	2	b								VVS
votic_western	fire	1		tuli		tuli		tuli		t u l i	1	a								VKJMS
erzya	fish	1		kal		kal		kɑl		k ɑ l	1	a								MordWb
estonian_south	fish	1		kala				kɑlɑ		k ɑ l ɑ	1	a								VESr
estonian_standard	fish	1		kala		kala		kɑlɑ		k ɑ l ɑ	1	a								SVSk
finnish_standard	fish	1		kala		kala		kɑlɑ		k ɑ l ɑ	1	a								JL
hungarian	fish	1		hal		hal		hɒl		h ɒ l	1	a								FMSz
ingrian	fish	1		kala		kala		kɑlɑ		k ɑ l ɑ	1	a								InkmSk
karelian_proper	fish	1		kala				kɑlɑ		k ɑ l ɑ	1	a								KKSV
khanty_vakh_vasyugan	fish	1		kul		kul		kul		k u l	1	a								DEWbOstj
komi_permyak	fish	1		ćeri		ćeri		tɕeri		tɕ e r i	2	b								KoPRSl
komi_zyrian	fish	1		ćeri		ćeri		tɕeri		tɕ e r i	2	b								SyrjWsch
livonian_courland	fish	1		kalā				kɑlɑː		k ɑ l ɑː	1	a								LivWb
mansi_sosva	fish	1		χūl		χūl		xuːl		x uː l	1	a								WogWb
mari_hill	fish	1		kol				kol		k o l	1	a						SES, UEW		
mari_meadow	fish	1		kol		kol		kol		k o l	1	a								SMSk, TscherWb
moksha	fish	1		kal				kɑl		k ɑ l	1	a						SES, UEW		
nenets_tundra	fish	1		xalya				xɑlʲɑ		x ɑ lʲ ɑ	1	a								JurSWb
nganasan	fish	1		koli̮		koli̮		kolɯ		k o l ɯ	1	a								SlNgaRus
proto_uralic	fish	1		*kala				kɑlɑ		k ɑ l ɑ	1	a								UEW, Sam88
saami_inari	fish	1		kyeli				kyeli		k y e l i	1	a								InsSSk
saami_kildin	fish	1		kūll’		kuullʹ		kuːlːʲ		k uː lːʲ	1	a								WOLD
saami_north	fish	1		guolli				kuolːi		k u o lː i	1	a								SSSg
saami_pite	fish	1		guolle				kuolːe		k u o lː e	1	a								EZ
saami_skolt	fish	1		kueʹll				kuelʲː		k u e lʲː	1	a								SKosSk
saami_south	fish	1		guelie				ɡuelie		ɡ u e l i e	1	a								NSsNdb
saami_ume	fish	1		güellee				kyelːeː		k y e lː eː	1	a								WbWlap
selkup_northern	fish	1		quə̑lə		quə̑lə		quələ		q u ə l ə	1	a								SolkWb
udmurt	fish	1		ćori̮g		ćori̮g		tɕorɯɡ		tɕ o r ɯ ɡ	2	b								WotjWsch
veps	fish	1		kala				kɑlɑ		k ɑ l ɑ	1	a								VVS
votic_western	fish	1		kaлa		kala		kɑlɑ		k ɑ l ɑ	1	a								VKJMS
erzya	five	1		vetʹe		vetʹe		vetʲe		v e tʲ e	1	a								MordWb
estonian_south	five	1		viis'				viːsʲ		v iː sʲ	1	a								VESr
estonian_standard	five	1		viis		viis		viːs		v iː s	1	a								SVSk
finnish_standard	five	1		viisi		viisi		ʋiːsi		ʋ iː s i	1	a								JL
hungarian	five	1		öt		öt		øt		ø t	1	a								FMSz
ingrian	five	1		vīz		vīz		viːz		v iː z	1	a								InkmSk
karelian_proper	five	1		viisi				viːsi		v iː s i	1	a								KKSV
khanty_vakh_vasyugan	five	1		wet		wet		wet		w e t	1	a								DEWbOstj
komi_permyak	five	1		vit		vit		vit		v i t	1	a								KoPRSl
komi_zyrian	five	1		vit		vit		vit		v i t	1	a								SyrjWsch
livonian_courland	five	1		vīž				viːʒ		v iː ʒ	1	a								LivWb
mansi_sosva	five	1		at		at		ɑt		ɑ t	1	a								WogWb
mari_hill	five	1		βəzət				βəzət		β ə z ə t	1	a						SES, UEW		
mari_hill	five	2		βəc				βət͡s		β ə t͡s	1	a						SES, UEW		
mari_meadow	five	1		βič		βič		βitʃ		β i tʃ	1	a					Former attr.			SMSk, TscherWb
mari_meadow	five	2		βizə̑t		βizə̑t		βizət		β i z ə t	1	a					Former attr.			SMSk, TscherWb
moksha	five	1		vet'ä				vetʲæ		v e tʲ æ	1	a						SES, UEW		
nenets_tundra	five	1		səmp°lyaŋk°				səmplʲɑŋk		s ə m p lʲ ɑ ŋ k	2	b								JurSWb
nganasan	five	1		səŋhəlʹaŋkə		səŋhəlʹaŋkə		səŋhəʎɑŋkə		s ə ŋ h ə ʎ ɑ ŋ k ə	2	b								SlNgaRus
proto_uralic	five	1		*wijtti ?				wijtti		w i j t t i	1	a					In Samoyed, cognates used in meaning 'ten'			UEW, Sam88
saami_inari	five	1		vittâ				vitːə		v i tː ə	1	a								InsSSk
saami_kildin	five	1		vɨdt		və̑dd		vɨdː		v ɨ dː	1	a								WOLD
saami_north	five	1		vihtta				vihtːɑ		v i h tː ɑ	1	a								SSSg
saami_pite	five	1		vihta	vihtta			vihtɑ		v i h t ɑ	1	a								EZ
saami_skolt	five	1		vitt				vitː		v i tː	1	a								SKosSk
saami_south	five	1		vïjhte				vɨjhte		v ɨ j h t e	1	a								NSsNdb
saami_ume	five	1		viihta				viːhtɑ		v iː h t ɑ	1	a								WbWlap
selkup_northern	five	1		sompəlaŋqə	sompəläŋqə	sompəlaŋqə	sompəläŋqə	sompəlɑŋqə	sompəlæŋqə	s o m p ə l ɑ ŋ q ə	2	b								SolkWb
udmurt	five	1		vitʹ		vitʹ		vitʲ		v i tʲ	1	a								WotjWsch
veps	five	1		viž				viʒ		v i ʒ	1	a								VVS
votic_western	five	1		vīsi		vīsi		viːs		v iː s	1	a								VKJMS
erzya	float	1		ukšnoms		ukšnoms		ukʃnoms		u k ʃ n o m s	12	l				'Float on water'				MordWb
estonian_south	float	1		hõl'oma	hel'oma			hɤlʲomɑ		h ɤ lʲ o m ɑ	4	d								VESr
estonian_south	float	2		udsalõma				udsɑlɤmɑ		u d s ɑ l ɤ m ɑ	19	s								VESr
estonian_standard	float	1		hõljuda		hə̑ljuta		hɤljutɑ		h ɤ l j u t ɑ	4	d								SVSk
finnish_standard	float	1		kellua		kellua		ke̞lːuɑ		k e̞ lː u ɑ	1	a				'Float on water'				JL
hungarian	float	1		lebeg		lebeg		lɛbɛɡ		l ɛ b ɛ ɡ	8	h				'Float in air'				FMSz
hungarian	float	2		száll		saall		saːlː		s aː lː	14	n								FMSz
ingrian	float	1	form_not_found																	InkmSk
karelian_proper	float	1		höyhötellä				høyhøtelːæ		h ø y h ø t e lː æ	11	k				'Float in air'				KKSV
karelian_proper	float	2		kuploa				kuploɑ		k u p l o ɑ	3	c				'Float on water'				KKSV
khanty_vakh_vasyugan	float	1		nawǝ-		nawə-		nɑwə-		n ɑ w ə	16	p				'Float on water'				DEWbOstj
khanty_vakh_vasyugan	float	2		täŋimtǝ-	täŋkimtä-	täŋimtə-	täŋkimtä-	tæŋimtə-	tæŋkimtæ-	t æ ŋ i m t ə	15	o				'Float in air'				DEWbOstj
komi_permyak	float	1		ujji̮ni̮		ujji̮ni̮		ujːɯnɯ		u jː ɯ n ɯ	20	t								KoPRSl
komi_zyrian	float	1		šli̮vgi̮ni̮		šli̮vgi̮ni̮		ʃlɯvɡɯnɯ		ʃ l ɯ v ɡ ɯ n ɯ	7	g				'Float in air'				SyrjWsch
livonian_courland	float	1	form_not_found																	
mansi_sosva	float	1		portɣinti		portɣinti		portɣinti		p o r t ɣ i n t i	9	i								WogWb
mari_hill	float	1		iäš				iæʃ		i æ ʃ	18	r			Cognacy reference lacking			SES		
mari_meadow	float	1	no_equivalent														No word meaning 'float' in general use			SMSk, TscherWb
moksha	float	1		ujems				ujems		u j e m s	24	y			Cognacy reference lacking. From PU *uje? 'swim'?			MdH		
nenets_tundra	float	1		xətə°				xətə		x ə t ə	10	j								JurSWb
nganasan	float	1		dʹambiśa		dʹambiśa		dʲɑmbiɕɑ		dʲ ɑ m b i ɕ ɑ	22	w				'Float, drift'				SlNgaRus
nganasan	float	2		kudʹusa		kudʹusa		kudʲusɑ		k u dʲ u s ɑ	23	x								SlNgaRus
proto_uralic	float	1	not_reconstructable																	UEW, Sam88
saami_inari	float	1		koblođ				kobloð		k o b l o ð	3	v								InsSSk
saami_kildin	float	1		vūjje		vuujje		vuːjːe		v uː jː e	18	r								WOLD
saami_north	float	1		govdut				kovtut		k o v t u t	6	f								SSSg
saami_pite	float	1		gåbbdut				kɔpptut		k ɔ p p t u t	6	f								EZ
saami_skolt	float	1		kåbllad				kɔblːɑd		k ɔ b lː ɑ d	3	v				'Float on water'				SKosSk
saami_south	float	1		gabpeldidh				ɡɑbpeldidh		ɡ ɑ b p e l d i d h	3	v								NSsNdb
saami_ume	float	1		gåbˈdoot				kɔpˈtoːt		k ɔ pˈ t oː t	6	f								WbWlap
selkup_northern	float	1		qūrə-		qūrə-		quːrə-		q uː r ə	17	q								SolkWb
udmurt	float	1		lejkani̮		lejkani̮		lejkɑnɯ		l e j k ɑ n ɯ	13	m								WotjWsch
veps	float	1	no_equivalent														No word meaning 'float' known			VVS
votic_western	float	1		häülüä		häülüä		lɤːtːsumɑ		l ɤː tː s u m ɑ	2	b								VKS
erzya	flow	1		čudʹems		čudʹems		tʃudʲems		tʃ u dʲ e m s	5	e								MordWb
estonian_south	flow	1		juuskma				juːskmɑ		j uː s k m ɑ	2	b								VESr
estonian_standard	flow	1		voolata		voolatta		voːlɑtːɑ		v oː l ɑ tː ɑ	3	c								SVSk
finnish_standard	flow	1		virrata		virrata		ʋirːɑt̪ɑ		ʋ i rː ɑ t̪ ɑ	1	a	baltic	possible					Junttila2015	JL
hungarian	flow	1		folyik		fojik		fojik		f o j i k	10	j								FMSz
ingrian	flow	1		virraᴅa		virraᴅa		virːɑd̥ɑ		v i rː ɑ d̥ ɑ	1	a	baltic	possible					Junttila2015	InkmSk
karelian_proper	flow	1		virrata				virːɑtɑ		v i rː ɑ t ɑ	1	a	baltic	possible					Junttila2015	KKSV
khanty_vakh_vasyugan	flow	1		ńăχ(ǝ)rǝl-		ńăχ, ńăχərəl-		ɲɑ̆χ, ɲɑ̆χərəl-			15	o								DEWbOstj
khanty_vakh_vasyugan	flow	2		ŏɣa-		ŏɣa-		ŏɣɑ-		o ̆ ɣ ɑ	3	c								DEWbOstj
komi_permyak	flow	1		vizi̮vtni̮		vizi̮vtni̮		vizɯvtnɯ		v i z ɯ v t n ɯ	7	g								KoPRSl
komi_zyrian	flow	1		vizuvtni̮		vizuvtni̮		vizuvtnɯ		v i z u v t n ɯ	7	g								SyrjWsch
livonian_courland	flow	1		juokšõ				juokʃɯ		j u o k ʃ ɯ	2	b								LivWb
livonian_courland	flow	2		õvvõ				ɯvːɯ		ɯ vː ɯ	17	q			Cognacy reference lacking				MdH	
mansi_sosva	flow	1		ńōriɣli		ńōriɣli		ɲoːriɣli		ɲ oː r i ɣ l i	11	k								WogWb
mansi_sosva	flow	2		owi		owi		owi		o w i	3	c								WogWb
mari_hill	flow	1		jogaš				joɡɑʃ		j o ɡ ɑ ʃ	6	f	chuvash	clear				Bereczki2013	Bereczki2013	
mari_meadow	flow	1		joɣem		joɣem		joɣem		j o ɣ e m	6	f	chuvash	clear	"Cf. Chuvash ""juχ-"" 'flow'"				Bereczki2013	SMSk, TscherWb
moksha	flow	1		šud'ems				ʃudʲems		ʃ u dʲ e m s	5	e			Cognacy reference lacking			SES, MordWb		
nenets_tundra	flow	1		yent°q				jentʔ		j e n t ʔ	12	l				'Stream (n.)'; verb 'flow' a deriv. of this				JurSWb
nganasan	flow	1		luaˀtusa		luaˀtusa		luɑʔtusɑ		l u ɑ ʔ t u s ɑ	16	p								SlNgaRus
proto_uralic	flow	1		*ćorV- ?				t͡sʲorV		t͡sʲ o r V	14	n					Representation in FP uncertain			UEW, Sam88
saami_inari	flow	1		kulgâđ				kulɡəð		k u l ɡ ə ð	4	d	proto-indo-european	possible					Koivulehto2001	InsSSk
saami_kildin	flow	1		kōllke		koollke		koːlːke		k oː lː k e	4	d	proto-indo-european	possible					Koivulehto2001	WOLD
saami_north	flow	1		golgat				kolkɑt		k o l k ɑ t	4	d	proto-indo-european	possible					Koivulehto2001	SSSg
saami_pite	flow	1		gållgåt				kɔlːkɔt		k ɔ lː k ɔ t	4	d	proto-indo-european	possible					Koivulehto2001	EZ
saami_skolt	flow	1		kolggâd				kolɡːɐd		k o l ɡː ɐ d	4	d	proto-indo-european	possible					Koivulehto2001	SKosSk
saami_south	flow	1		galkedh				ɡɑlkedh		ɡ ɑ l k e d h	4	d	proto-indo-european	possible					Koivulehto2001	NSsNdb
saami_ume	flow	1		gålˈgat				kɔlˈkɑt		k ɔ lˈ k ɑ t	4	d	proto-indo-european	possible					Koivulehto2001	WbWlap
selkup_northern	flow	1		kȫŋ-		kȫŋ-		køːŋ-		k øː ŋ	13	m								SolkWb
udmurt	flow	1		bi̮źi̮ni̮		bi̮źi̮ni̮		bɯʑɯnɯ		b ɯ ʑ ɯ n ɯ	9	i								WotjWsch
veps	flow	1		joksta				jokstɑ		j o k s t ɑ	2	b								VVS
votic_western	flow	1		virrata		virrata		virtɑmɑ		v i r t ɑ m ɑ	1	a	baltic	possible					Junttila2015	VKJMS
erzya	flower	1		ćeća		ćeća		tɕetɕɑ		tɕ e tɕ ɑ	9	i	turkic	clear					Butylov2007	MordWb
erzya	flower	2		cvet(ka)		cvet, cvetka		t͡svet, t͡svetkɑ			10	s	russian	clear					MordWb	MordWb
estonian_south	flower	1		lill'				lilːʲ		l i lːʲ	3	c								VESr
estonian_standard	flower	1		lill		lill		lilː		l i lː	3	c								SVSk
finnish_standard	flower	1		kukka		kukka		kukːɑ		k u kː ɑ	1	a								JL
hungarian	flower	1		virág		viraag		viraːɡ		v i r aː ɡ	11	k								FMSz
ingrian	flower	1		kukka		kukka		kukːɑ		k u kː ɑ	1	a								InkmSk
karelian_proper	flower	1		kukka				kukːɑ		k u kː ɑ	1	a								KKSV
khanty_vakh_vasyugan	flower	1		li̮jwɜ		li̮jwə		lɯjwə		l ɯ j w ə	18	r				Properly, 'flower of a berry'				DEWbOstj
komi_permyak	flower	1		ʒ́oriʒ́		ʒ́oriʒ́		dʑoridʑ		dʑ o r i dʑ	17	q								KoPRSl
komi_zyrian	flower	1		ʒ́oriʒ́		ʒ́oriʒ́		dʑoridʑ		dʑ o r i dʑ	17	q			"Deriv. from PFU *ćerV 'grey'; ""ʒ́or"" dialectrally 'gray, unripe'"					SyrjWsch
livonian_courland	flower	1		puțkõz				puckɯz		p u c k ɯ z	4	d								LivWb
livonian_courland	flower	2		pusk				pusk		p u s k	5	e	latvian	clear					Suhonen1973	LivWb
mansi_sosva	flower	1		śōri		śōri		ɕoːri		ɕ oː r i	12	l								WogWb
mari_hill	flower	1		peleδəš				peleðəʃ		p e l e ð ə ʃ	15	o			Cognacy reference lacking			SES, TscherWb		
mari_meadow	flower	1		peleδə̑š		peleδə̑š		peleðəʃ		p e l e ð ə ʃ	15	o			"Deriv. from ""peleδam"" 'bloom (v.)'"					SMSk, TscherWb
moksha	flower	1		pańčf				pɑnʲt͡ʃf		p ɑ nʲ t͡ʃ f	21	u			Cognacy reference lacking			MdH		
nenets_tundra	flower	1		ŋəmteq				ŋəmteʔ		ŋ ə m t e ʔ	13	m								JurSWb
nganasan	flower	1		lukuðiaj		lukuδiaj		lukuðiɑj		l u k u ð i ɑ j	20	t								SlNgaRus
proto_uralic	flower	1	not_reconstructable																	UEW, Sam88
saami_inari	flower	1		kukká				kukːæ		k u kː æ	1	a	finnic	clear					Itkonen1986	InsSSk
saami_kildin	flower	1		rāss’		raassʹ		rɑːsːʲ		r ɑː sːʲ	8	h	north germanic	clear					Riessler2009	WOLD
saami_north	flower	1		rássi				rɑːsːi		r ɑː sː i	8	h	north germanic	clear					Heikkila2011	SSSg
saami_pite	flower	1		gedjek				keɟek		k e ɟ e k	19	v								EZ
saami_skolt	flower	1		(heäʹrvv)rääʹss				heærʲvːræːsʲː		h e æ rʲ vː r æː sʲː	8	h	north germanic	clear	"""Rääʹss"" (generally 'grass, plant, flower') from Scand"				Koivulehto1999a	SKosSk
saami_south	flower	1		plåamstere				plɔɑmstere		p l ɔ ɑ m s t e r e	7	g	north germanic	clear	"Cf. Sw ""blomster"""				Lagercrantz1939	NSsNdb
saami_south	flower	2		rïesege				rɨeseɡe		r ɨ e s e ɡ e	8	h	north germanic	clear					Koivulehto1999a	NSsNdb
saami_ume	flower	1		plumma				plumːɑ		p l u mː ɑ	7	u	north germanic	clear	"Cf. Sw ""blomma"""				Schlachter1958	WbWlap
selkup_northern	flower	1		si̮rkə		si̮rkə		sɯrkə		s ɯ r k ə	14	n								SolkWb
udmurt	flower	1		śaśka		śaśka		ɕɑɕkɑ		ɕ ɑ ɕ k ɑ	9	t	volga bulgar turkic	clear					WotjWsch	WotjWsch
veps	flower	1		änik				ænik		æ n i k	2	b								VVS
veps	flower	2		cvetuińe				tsvetuinʲe		t s v e t u i nʲ e	10	j	russian	clear					MH	VVS
votic_western	flower	1		kukka		kukka		kukː		k u kː	1	a								VKJMS
erzya	fly	1		lʹivtʹams		lʹivtʹams		ʎivtʲɑms		ʎ i v tʲ ɑ m s	3	c								MordWb
estonian_south	fly	1		lindama				lindɑmɑ		l i n d ɑ m ɑ	1	a								VESr
estonian_standard	fly	1		lennata		lennatta		lenːɑtːɑ		l e nː ɑ tː ɑ	1	a								SVSk
finnish_standard	fly	1		lentää		lentää		le̞nt̪æː		l e̞ n t̪ æː	1	a								JL
hungarian	fly	1		repül		repül		rɛpyl		r ɛ p y l	6	f								FMSz
ingrian	fly	1		lentǟ		lentǟ		lentæː		l e n t æː	1	a								InkmSk
karelian_proper	fly	1		lenteä				lenteæ		l e n t e æ	1	a								KKSV
khanty_vakh_vasyugan	fly	1		ləɣəl-		ləɣəl-		ləɣəl-		l ə ɣ ə l	7	g								DEWbOstj
komi_permyak	fly	1		lebavni̮		lebavni̮		lebɑvnɯ		l e b ɑ v n ɯ	5	e								KoPRSl
komi_zyrian	fly	1		lebni̮		lebni̮		lebɑvnɯ		l e b ɑ v n ɯ	5	e								SyrjWsch
livonian_courland	fly	1		lindõ				lindɯ		l i n d ɯ	1	a								LivWb
mansi_sosva	fly	1		tili	tiɣli	tili	tiɣli	tili	tiɣli	t i l i	7	g								WogWb
mari_hill	fly	1		čongeštäš				t͡ʃoŋɡeʃtæʃ		t͡ʃ o ŋ ɡ e ʃ t æ ʃ	4	d			Cognacy refernce lacking			SES, TscherWb		
mari_meadow	fly	1		čoŋeštem		čoŋeštem		tʃoŋeʃtem		tʃ o ŋ e ʃ t e m	4	d								SMSk, TscherWb
moksha	fly	1		l'ijems				lʲijems		lʲ i j e m s	3	c						Versinin2004		
nenets_tundra	fly	1		tyírcy°				tʲirt͡sʲ		tʲ i r t͡sʲ	8	h								JurSWb
nganasan	fly	1		təirśi		təirśi		təirɕi		t ə i r ɕ i	8	h								SlNgaRus
proto_uralic	fly	1	not_reconstructable														PFU: *šülkV-			UEW, Sam88
saami_inari	fly	1		kirdeđ				kirdeð		k i r d e ð	2	b								InsSSk
saami_kildin	fly	1		kɨrr’te		kə̑rrʹte		kɨrːʲte		k ɨ rːʲ t e	2	b								WOLD
saami_north	fly	1		girdit				kirtit		k i r t i t	2	b								SSSg
saami_pite	fly	1		háledit				hɑːletit		h ɑː l e t i t	9	i								EZ
saami_skolt	fly	1		ǩeʹrdded				cerʲdːed		c e rʲ dː e d	2	b								SKosSk
saami_south	fly	1		haeliehtidh				hɑeliehtidh		h ɑ e l i e h t i d h	9	i								NSsNdb
saami_ume	fly	1		haalèhtit				hɑːlehtit		h ɑː l e h t i t	9	i				'Fly (away)'				WbWlap
selkup_northern	fly	1		tī-		tī-		tiː-		t iː	8	h								SolkWb
udmurt	fly	1		lobi̮ni̮		lobi̮ni̮		lobɯnɯ		l o b ɯ n ɯ	5	e								WotjWsch
udmurt	fly	2		lobʒ́i̮ni̮		lobʒ́i̮ni̮		lobdʑɯnɯ		l o b dʑ ɯ n ɯ	5	e								WotjWsch
veps	fly	1		leta				letɑ		l e t ɑ	1	a								VVS
votic_western	fly	1		lentää		lentǟ		lentæmæ		l e n t æ m æ	1	a								VKJMS
erzya	fly_n	1		karvo		karvo		kɑrvo		k ɑ r v o	1	a								MordWb
estonian_south	fly_n	1		kärbläne				kærblæne		k æ r b l æ n e	1	a								VESr
estonian_standard	fly_n	1		kärbes		kärpes		kærpes		k æ r p e s	1	a								SVSk
finnish_standard	fly_n	1		kärpänen		kärpänen		kærpæne̞n		k æ r p æ n e̞ n	1	a								JL
hungarian	fly_n	1		légy		leeǵ		leːɟ		l eː ɟ	4	d			From PFU *lȣ̈ńćV 'gadfly'					FMSz
ingrian	fly_n	1		kärpäin		kärpäin		kærpæin		k æ r p æ i n	1	a								InkmSk
karelian_proper	fly_n	1		kärpäine				kærpæine		k æ r p æ i n e	1	a								KKSV
khanty_vakh_vasyugan	fly_n	1		si̮rəńtʹi̮w		si̮rəńtʹi̮w		sɯrəɲtʲɯw		s ɯ r ə ɲ tʲ ɯ w	5	e								DEWbOstj
komi_permyak	fly_n	1		gut		gut		ɡut		ɡ u t	3	c								KoPRSl
komi_zyrian	fly_n	1		gut		gut		ɡut		ɡ u t	3	c								SyrjWsch
livonian_courland	fly_n	1		kärmi				kærmi		k æ r m i	1	a								LivWb
mansi_sosva	fly_n	1		sēriwārp		sēriwārp		seːriwɑːrp		s eː r i w ɑː r p	5	e								WogWb
mari_hill	fly_n	1		arašəngä				ɑrɑʃəŋɡæ		ɑ r ɑ ʃ ə ŋ ɡ æ	7	g			ara- possibly a Chuvash borrowing TscherWb			SES, TscherWb		
mari_meadow	fly_n	1		karme		karme		kɑrme		k ɑ r m e	1	a								SMSk, TscherWb
moksha	fly_n	1		karu				kɑru		k ɑ r u	1	a						SES, UEW		
nenets_tundra	fly_n	1		toxontabco				toxontɑbt͡so		t o x o n t ɑ b t͡s o	8	h								JurSWb
nganasan	fly_n	1		kir		kir		kir		k i r	10	j								SlNgaRus
proto_uralic	fly_n	1	not_reconstructable																	UEW, Sam88
saami_inari	fly_n	1		kiärpáš				kiærpæʃ		k i æ r p æ ʃ	1	k	finnic	clear					SSA	InsSSk
saami_kildin	fly_n	1		čueraš		tšueraš		tʃuerɑʃ		t ʃ u e r ɑ ʃ	2	b								WOLD
saami_north	fly_n	1		čurrot				t͡ʃurːot		t͡ʃ u rː o t	2	b								SSSg
saami_pite	fly_n	1		tjuruk				curuk		c u r u k	2	b								EZ
saami_skolt	fly_n	1		čuâr(as)	čuâraš			t͡ʃuɐrɑs		t͡ʃ u ɐ r ɑ s	2	b								SKosSk
saami_south	fly_n	1		boerege				buereɡe		b u e r e ɡ e	9	i								NSsNdb
saami_south	fly_n	2		tjoere				t͡ɕuere		t͡ɕ u e r e	2	b								NSsNdb
saami_ume	fly_n	1		tjuvrake				cuvrɑke		c u v r ɑ k e	2	b						SES		WbWlap
selkup_northern	fly_n	1		čī̮pä		čī̮pä		tʃɯːpæ		tʃ ɯː p æ	6	f								SolkWb
udmurt	fly_n	1		kut		kut		kut		k u t	3	c								WotjWsch
veps	fly_n	1		kärbhǟń				kærbhæːnʲ		k æ r b h æː nʲ	1	a								VVS
veps	fly_n	2		kärbhaine				kærbhɑine		k æ r b h ɑ i n e	1	a								VVS
votic_western	fly_n	1		tšärpäne		čärpäne		tʃærpein		tʃ æ r p e i n	1	a								VKJMS
erzya	fog	1		suv		suv		suv		s u v	1	a								MordWb
estonian_south	fog	1		undsõq				undsɤʔ		u n d s ɤ ʔ	2	b								VESr
estonian_south	fog	2		udsu				udsu		u d s u	2	b								VESr
estonian_standard	fog	1		udu		utu		utu		u t u	2	b								SVSk
finnish_standard	fog	1		sumu		sumu		sumu		s u m u	1	a								JL
hungarian	fog	1		köd		köd		kød		k ø d	10	j								FMSz
ingrian	fog	1		sumu		sumu		sumu		s u m u	1	a								InkmSk
ingrian	fog	2		tomakka		tomakka		tomɑkːɑ		t o m ɑ kː ɑ	6	o	russian	clear					InkmSk	InkmSk
ingrian	fog	3		uᴅu		uᴅu		ud̥u		u d̥ u	2	b								InkmSk
karelian_proper	fog	1		sumu				sumu		s u m u	1	a								KKSV
karelian_proper	fog	2		tumana				tumɑnɑ		t u m ɑ n ɑ	6	f	russian	clear					MH	KKSV
khanty_vakh_vasyugan	fog	1		č̣üχ		čüχ		tʃyx		tʃ y x	11	k								DEWbOstj
komi_permyak	fog	1		tuman		tuman		tumɑn		t u m ɑ n	6	q	russian	clear					KoPRSl	KoPRSl
komi_zyrian	fog	1		ru		ru		ru		r u	8	h								SyrjWsch
livonian_courland	fog	1		ud				ud		u d	2	b								LivWb
mansi_sosva	fog	1		sēŋkw		sēŋk˳		seːŋkʷ		s eː ŋ kʷ	11	k								WogWb
mari_hill	fog	1		tətərä				tətəræ		t ə t ə r æ	7	g	chuvash	clear				TscherWb	TscherWb	
mari_meadow	fog	1		tütə̑ra	tütra	tütə̑ra	tütra	tytərɑ	tytrɑ	t y t ə r ɑ	7	g	chuvash	clear					TscherWb	SMSk, TscherWb
moksha	fog	1		tuman				tumɑn		t u m ɑ n	6	p	russian	clear				MordWb	MordWb	
nenets_tundra	fog	1		syinyo				sʲiɲo		sʲ i ɲ o	12	l								JurSWb
nganasan	fog	1		kəku		kəku		kəku		k ə k u	16	r				'Mist, steam, fog'				SlNgaRus
proto_uralic	fog	1		*küntV				kyntV		k y n t V	10	j				'Fog, steam, smoke'				UEW, Sam88
saami_inari	fog	1		miärkká				miærkːæ		m i æ r kː æ	4	d	north germanic	clear	"Cf. ON ""mjǫrkvi"""				Lagercrantz1939	InsSSk
saami_kildin	fog	1		cīgk		ciigg		ciːɡː		c iː ɡː	14	n								WOLD
saami_north	fog	1		mierká				mierkɑː		m i e r k ɑː	4	d	north germanic	clear	"Cf. ON ""mjǫrkvi"""				Lagercrantz1939	SSSg
saami_north	fog	2		murku				murku		m u r k u	4	c	north germanic	clear	"Cf. ON ""myrkvi"""				Aikio2009	SSSg
saami_pite	fog	1		murrko				murːko		m u rː k o	4	c	north germanic	clear	"Cf. ON ""myrkvi"""				Aikio2009	EZ
saami_skolt	fog	1		suâlnõk				suɐlnək		s u ɐ l n ə k	5	e								SKosSk
saami_south	fog	1		mearhka				meɑrhkɑ		m e ɑ r h k ɑ	4	d	north germanic	clear	"Cf. ON ""mjǫrkvi"""				Lagercrantz1939	NSsNdb
saami_ume	fog	1		murhkoo				murhkoː		m u r h k oː	4	c	north germanic	clear	"Cf. ON ""myrkvi"""				Aikio2009	WbWlap
selkup_northern	fog	1		ćaptu		ćaptu		tɕɑptu		tɕ ɑ p t u	13	m								SolkWb
udmurt	fog	1		bus		bus		bus		b u s	9	i	volga bulgar turkic	clear					WotjWsch	WotjWsch
veps	fog	1		sumeg				sumeɡ		s u m e ɡ	1	a								VVS
votic_western	fog	1		tomakka		tomakka		tomɑkː		t o m ɑ kː	6	q	russian	clear					VKJMS	VKJMS
erzya	foot	1		pilʹge		pilʹge		piʎɡe		p i ʎ ɡ e	2	b								MordWb
estonian_south	foot	1		jalg				jɑlɡ		j ɑ l ɡ	1	a								VESr
estonian_standard	foot	1		jalg		jalk		jɑlk		j ɑ l k	1	a								SVSk
finnish_standard	foot	1		jalka		jalka		jɑlkɑ		j ɑ l k ɑ	1	a								JL
hungarian	foot	1		láb		laab		laːb		l aː b	5	e			Old Hungarian jalog, cf. Fin jalka					FMSz
ingrian	foot	1		jalɢa		jalɢa		jɑlɡ̥ɑ		j ɑ l ɡ̥ ɑ	1	a								InkmSk
karelian_proper	foot	1		jalka				jɑlkɑ		j ɑ l k ɑ	1	a								KKSV
khanty_vakh_vasyugan	foot	1		kö̆r		kö̆r		kø̆r		k ø ̆ r	7	g								DEWbOstj
komi_permyak	foot	1		kok (pi̮de̮s)		kok, kok_pi̮de̮s		kok		k o k	3	c								KoPRSl
komi_zyrian	foot	1		kok		kok		kok		k o k	3	c								SyrjWsch
livonian_courland	foot	1		labā				lɑbɑː		l ɑ b ɑː	10	j								
mansi_sosva	foot	1		lāɣəl		lāɣəl		lɑːɣəl		l ɑː ɣ ə l	6	f								WogWb
mari_hill	foot	1		jal				jɑl		j ɑ l	1	a						SES, UEW		
mari_meadow	foot	1		jol		jol		jol		j o l	1	a								SMSk, TscherWb
moksha	foot	1		piĺgä				pilʲɡæ		p i lʲ ɡ æ	2	b						SES, UEW		
nenets_tundra	foot	1		ŋæ				ŋæ		ŋ æ	8	h								JurSWb
nganasan	foot	1		ŋoj		ŋoj		ŋoj		ŋ o j	8	h								SlNgaRus
proto_uralic	foot	1		*jalka				jɑlkɑ		j ɑ l k ɑ	1	a					PFU: *ji̮lka			UEW, Sam88
saami_inari	foot	1		jyelgi				jyelɡi		j y e l ɡ i	1	a								InsSSk
saami_kildin	foot	1		jūll’k		juullʹk		juːlːʲk		j uː lːʲ k	1	a								WOLD
saami_north	foot	1		juolgi				juolki		j u o l k i	1	a								SSSg
saami_pite	foot	1		juällge				juælːke		j u æ lː k e	1	a								EZ
saami_skolt	foot	1		jueʹlǧǧ				juelʲɟː		j u e lʲ ɟː	1	a								SKosSk
saami_south	foot	1		juelkie				juelkie		j u e l k i e	1	a								NSsNdb
saami_ume	foot	1		jüelˈgee				jyelˈkeː		j y e lˈ k eː	1	a								WbWlap
selkup_northern	foot	1		topə		topə		topə		t o p ə	9	i								SolkWb
udmurt	foot	1		pi̮d		pi̮d		pɯd		p ɯ d	4	d	iranian	possible					Redei1986	WotjWsch
veps	foot	1		jaug				jɑuɡ		j ɑ u ɡ	1	a								VVS
votic_western	foot	1		jalka		jalka		jɑlk		j ɑ l k	1	a								VKJMS
erzya	four	1		ńilʹe		ńilʹe		ɲiʎe		ɲ i ʎ e	1	a								MordWb
estonian_south	four	1		neli	nelli			neli		n e l i	1	a								VESr
estonian_standard	four	1		neli		neli		neli		n e l i	1	a								SVSk
finnish_standard	four	1		neljä		neljä		ne̞ljæ		n e̞ l j æ	1	a								JL
hungarian	four	1		négy		neeǵ		neːɟ		n eː ɟ	1	a								FMSz
ingrian	four	1		neljä		neljä		neljæ		n e l j æ	1	a								InkmSk
karelian_proper	four	1		neljä				neljæ		n e l j æ	1	a								KKSV
khanty_vakh_vasyugan	four	1		ńələ		ńələ		ɲələ		ɲ ə l ə	1	a								DEWbOstj
komi_permyak	four	1		ńolʹ		ńolʹ		ɲoʎ		ɲ o ʎ	1	a								KoPRSl
komi_zyrian	four	1		ńolʹ		ńolʹ		ɲoʎ		ɲ o ʎ	1	a								SyrjWsch
livonian_courland	four	1		nēļa				neːʎɑ		n eː ʎ ɑ	1	a								LivWb
mansi_sosva	four	1		ńila		ńila		ɲilɑ		ɲ i l ɑ	1	a								WogWb
mari_hill	four	1		nəl				nəl		n ə l	1	a						SES, UEW		
mari_hill	four	2		nələt				nələt		n ə l ə t	1	a						SES, UEW		
mari_meadow	four	1		nə̑l		nə̑l		nəl		n ə l	1	a					Former attr.			SMSk, TscherWb
mari_meadow	four	2		nə̑lə̑t		nə̑lə̑t		nələt		n ə l ə t	1	a					Former attr.			SMSk, TscherWb
moksha	four	1		ńil'ä				nʲilʲæ		nʲ i lʲ æ	1	a						SES, UEW		
nenets_tundra	four	1		tyet°				tʲet		tʲ e t	2	b								JurSWb
nganasan	four	1		čətə		čətə		tʃətə		tʃ ə t ə	2	b								SlNgaRus
proto_uralic	four	1		*ńeljä				ɲeljæ		ɲ e l j æ	1	a					PFU: *ńeljä ~ *neljä			UEW, Sam88
saami_inari	four	1		nelji				neʎi		n e ʎ i	1	a								InsSSk
saami_kildin	four	1		njiellj		ńielʹlʹ		ɲieʎː		ɲ i e ʎː	1	a								WOLD
saami_north	four	1		njeallje				ɲeælːje		ɲ e æ lː j e	1	a								SSSg
saami_pite	four	1		nällje				nælːje		n æ lː j e	1	a								EZ
saami_skolt	four	1		nellj				nelːj		n e lː j	1	a								SKosSk
saami_south	four	1		nieljie				nieljie		n i e l j i e	1	a								NSsNdb
saami_ume	four	1		nèlˈja				nelˈjɑ		n e lˈ j ɑ	1	a								WbWlap
selkup_northern	four	1		tēttə		tēttə		teːtːə		t eː tː ə	2	b								SolkWb
udmurt	four	1		ńi̮lʹ		ńi̮lʹ		ɲɯʎ		ɲ ɯ ʎ	1	a								WotjWsch
veps	four	1		nelʹlʹ				nelʲː		n e lʲː	1	a								VVS
votic_western	four	1		nellä		nellä		neʎːe		n e ʎː e	1	a								VKJMS
votic_western	four	2		nel'l'ä				neʎːe		n e ʎː e	1	a								VKJMS
erzya	fox	1		ŕiveź		ŕiveź		rʲiveʑ		rʲ i v e ʑ	2	b	indo-iranian	probable					Holopainen2019	MordWb
estonian_south	fox	1		repän'				repænʲ		r e p æ nʲ	2	b	indo-iranian	probable					Holopainen2019	VESr
estonian_standard	fox	1		rebane		repane		repɑne		r e p ɑ n e	2	b	indo-iranian	probable					Holopainen2019	SVSk
finnish_standard	fox	1		kettu		kettu		ke̞t̪ːu		k e̞ t̪ː u	1	a								JL
hungarian	fox	1		róka		rooka		roːkɒ		r oː k ɒ	2	b	iranian	probable	From earlier *rovV-, cf. “ravasz” 'shrewd, cunning'; vowels not corresponding with PFU *repä-ćV				Holopainen2019	FMSz
ingrian	fox	1		reʙoi		reʙoi		reb̥oi		r e b̥ o i	2	b	indo-iranian	probable					Holopainen2019	InkmSk
karelian_proper	fox	1		repo	repoi			repo		r e p o	2	b	indo-iranian	probable					Holopainen2019	KKSV
khanty_vakh_vasyugan	fox	1		wo̭ki̮		wo̭ki̮		wo̻kɯ		w o̻ k ɯ	3	c								DEWbOstj
komi_permyak	fox	1		ruć		ruć		rutɕ		r u tɕ	2	b	indo-iranian	probable					Holopainen2019	KoPRSl
komi_zyrian	fox	1		ruć		ruć		rutɕ		r u tɕ	2	b	indo-iranian	probable					Holopainen2019	SyrjWsch
livonian_courland	fox	1		rebbi				rebːi		r e bː i	2	b	indo-iranian	probable					Holopainen2019	LivWb
mansi_sosva	fox	1		oχsar		oχsar		oxsɑr		o x s ɑ r	3	c								WogWb
mari_hill	fox	1		ərβəž				ərβəʒ		ə r β ə ʒ	2	b	indo-iranian	probable				Holopainen2019	Holopainen2019	
mari_meadow	fox	1		rə̑βə̑ž		rə̑βə̑ž		rəβəʒ		r ə β ə ʒ	2	b	indo-iranian	probable					Holopainen2019	SMSk, TscherWb
moksha	fox	1		kelaź				kelɑzʲ		k e l ɑ zʲ	6	f			Cognacy reference lacking			SES		
nenets_tundra	fox	1		tyonya				tʲoɲɑ		tʲ o ɲ ɑ	4	d								JurSWb
nganasan	fox	1		tunti̮		tunti̮		tuntɯ		t u n t ɯ	4	d								SlNgaRus
proto_uralic	fox	1	not_reconstructable																	UEW, Sam88
saami_inari	fox	1		riemnjis				riemɲis		r i e m ɲ i s	2	g	finnic	possible				Holopainen2019	Holopainen2019	InsSSk
saami_kildin	fox	1		rīmm’n		riimmʹn		riːmːʲn		r iː mːʲ n	2	g	finnic	possible				Holopainen2019	Holopainen2019	WOLD
saami_north	fox	1		rieban				riepɑn		r i e p ɑ n	2	g	finnic	possible				Holopainen2019	Holopainen2019	SSSg
saami_pite	fox	1		rebe				repe		r e p e	2	g	finnic	possible				Holopainen2019	Holopainen2019	EZ
saami_skolt	fox	1		riʹmjj	rieʹmnnj			rimʲjː		r i mʲ jː	2	g	finnic	possible				Holopainen2019	Holopainen2019	SKosSk
saami_south	fox	1		riepie				riepie		r i e p i e	2	g	finnic	possible				Holopainen2019	Holopainen2019	NSsNdb
saami_ume	fox	1		riebiei				riepiei		r i e p i e i	2	g	finnic	possible				Holopainen2019	Holopainen2019	WbWlap
selkup_northern	fox	1		loqa		loqa		loqɑ		l o q ɑ	5	e								SolkWb
udmurt	fox	1		ʒ́i̮ći̮		ʒ́i̮ći̮		dʑɯtɕɯ		dʑ ɯ tɕ ɯ	2	b	indo-iranian	probable					Holopainen2019	WotjWsch
veps	fox	1		reboi				reboi		r e b o i	2	b	indo-iranian	probable					Holopainen2019	VVS
votic_western	fox	1		repo		repo		repo		r e p o	2	b	indo-iranian	probable					Holopainen2019	VKJMS
erzya	freeze	1		ejendams		ejendams		ejendɑms		e j e n d ɑ m s	1	a								MordWb
erzya	freeze	2		kelʹḿems		kelʹḿems		keʎmʲems		k e ʎ mʲ e m s	2	b	north-western-indo-european	probable					SSA, NES	MordWb
estonian_south	freeze	1		iätümä	ijätümä			iætymæ		i æ t y m æ	1	a								VESr
estonian_south	freeze	2		karsatuma				kɑrsɑtumɑ		k ɑ r s ɑ t u m ɑ	7	g								VESr
estonian_standard	freeze	1		jäätuda		jäättüta		jæːtːytɑ		j æː tː y t ɑ	1	a								SVSk
finnish_standard	freeze	1		jäätyä		jäätüä		jæːt̪yæ		j æː t̪ y æ	1	a								JL
hungarian	freeze	1		megfagy		mekfaǵ		mɛkfɒɟ		m ɛ k f ɒ ɟ	3	c				"""Meg"" is prefix"				FMSz
ingrian	freeze	1		jǟttüä		jǟttüä		jæːtːyæ		j æː tː y æ	1	a								InkmSk
ingrian	freeze	2		jǟtöjä		jǟtöjä		jæːtøjæ		j æː t ø j æ	1	a								InkmSk
karelian_proper	freeze	1		jeätyö				jeætyø		j e æ t y ø	1	a								KKSV
khanty_vakh_vasyugan	freeze	1		pat-		pat-		pɑt-		p ɑ t	4	d								DEWbOstj
komi_permyak	freeze	1		ki̮nmi̮ni̮		ki̮nmi̮ni̮		kɯnmɯnɯ		k ɯ n m ɯ n ɯ	2	b	north-western-indo-european	probable					SSA, NES	KoPRSl
komi_zyrian	freeze	1		ki̮nmi̮ni̮		ki̮nmi̮ni̮		kɯnmɯnɯ		k ɯ n m ɯ n ɯ	2	b	north-western-indo-european	probable					SSA, NES	SyrjWsch
livonian_courland	freeze	1		kilmõ				kilmɯ		k i l m ɯ	2	b	north-western-indo-european	probable					SSA, NES	LivWb
mansi_sosva	freeze	1		pōlʹi		pōlʹi		poːʎi		p oː ʎ i	3	c								WogWb
mari_hill	freeze	1		kəlmäš				kəlmæʃ		k ə l m æ ʃ	2	b	north-western-indo-european	probable				SSA	SSA, NES	
mari_meadow	freeze	1		ijaŋeš		ijaŋeš		ijɑŋeʃ		i j ɑ ŋ e ʃ	1	a								SMSk, TscherWb
mari_meadow	freeze	2		kə̑lmem		kə̑lmem		kəlmem		k ə l m e m	2	b	north-western-indo-european	probable					SSA, NES	SMSk, TscherWb
moksha	freeze	1		äjndams				æjndɑms		æ j n d ɑ m s	1	a			Deriv. from 'ice'			SES, SSA		
nenets_tundra	freeze	1		xənyimcy°				xəɲimt͡sʲ		x ə ɲ i m t͡sʲ	5	e					From ?PU *konta 'frost, cold'			JurSWb
nganasan	freeze	1		kənti̮dʹi		kənti̮dʹi		kəntɯdʲi		k ə n t ɯ dʲ i	5	e								SlNgaRus
nganasan	freeze	2		kəndi̮bti̮si̮		kəndi̮bti̮si̮		kəndɯbtɯsɯ		k ə n d ɯ b t ɯ s ɯ	5	e								SlNgaRus
proto_uralic	freeze	1	not_reconstructable																	UEW, Sam88
saami_inari	freeze	1		kolmuđ				kolmuð		k o l m u ð	2	b	north-western-indo-european	probable					SSA, NES	InsSSk
saami_inari	freeze	2		jiäŋŋuđ				jiæŋːuð		j i æ ŋː u ð	1	a								InsSSk
saami_kildin	freeze	1		kall’me		kallʹme		kɑlːʲme		k ɑ lːʲ m e	2	b	north-western-indo-european	probable					SSA, NES	WOLD
saami_north	freeze	1		galbmot				kɑlpmot		k ɑ l p m o t	2	b	north-western-indo-european	probable					Sammallahti1998	SSSg
saami_pite	freeze	1		gálbmet				kɑːlpmet		k ɑː l p m e t	2	b	north-western-indo-european	probable					SSA, NES	EZ
saami_skolt	freeze	1		jiõŋŋâd				jiəŋːɐd		j i ə ŋː ɐ d	1	a								SKosSk
saami_south	freeze	1		gelmedh				ɡelmedh		ɡ e l m e d h	2	b	north-western-indo-european	probable					SSA, NES	NSsNdb
saami_ume	freeze	1		galbmeet				kɑlpmeːt		k ɑ l p m eː t	2	b	north-western-indo-european	probable					SSA, NES	WbWlap
selkup_northern	freeze	1		qantə-		qantə-		qɑntə-		q ɑ n t ə	5	e					From ?PU *konta 'frost, cold'			SolkWb
udmurt	freeze	1		ki̮nmi̮ni̮		ki̮nmi̮ni̮		kɯnmɯnɯ		k ɯ n m ɯ n ɯ	2	b	north-western-indo-european	probable					SSA, NES	WotjWsch
veps	freeze	1		jäduda				jædudɑ		j æ d u d ɑ	1	a								VVS
votic_western	freeze	1		jǟttüä		jǟttüä		jæːtːyæ		j æː tː y æ	1	a								VKJMS
erzya	full	1		peškśe		peškśe		peʃkɕe		p e ʃ k ɕ e	2	b								MordWb
estonian_south	full	1		täüs'				tæysʲ		t æ y sʲ	1	a								VESr
estonian_standard	full	1		täis		täis		tæis		t æ i s	1	a								SVSk
finnish_standard	full	1		täysi		täüsi		t̪æysi		t̪ æ y s i	1	a								JL
hungarian	full	1		tele		tele		tɛlɛ		t ɛ l ɛ	1	a								FMSz
ingrian	full	1		täüz		täüz		tæyz		t æ y z	1	a								InkmSk
karelian_proper	full	1		täysi				tæysi		t æ y s i	1	a								KKSV
khanty_vakh_vasyugan	full	1		tel		tel		tel		t e l	1	a					Latter derivs.			DEWbOstj
khanty_vakh_vasyugan	full	2		telǝl		teləl		teləl		t e l ə l	1	a					Latter derivs.			DEWbOstj
khanty_vakh_vasyugan	full	3		telǝɣ		teləɣ		teləɣ		t e l ə ɣ	1	a					Latter derivs.			DEWbOstj
komi_permyak	full	1		ti̮r		ti̮r		tɯr		t ɯ r	4	d								KoPRSl
komi_zyrian	full	1		ti̮r		ti̮r		tɯr		t ɯ r	4	d								SyrjWsch
komi_zyrian	full	2		ti̮ra		ti̮ra		tɯrɑ		t ɯ r ɑ	4	d								SyrjWsch
livonian_courland	full	1		täuž				tæuʒ		t æ u ʒ	1	a								LivWb
mansi_sosva	full	1		tāɣəl		tāɣəl		tɑːɣəl		t ɑː ɣ ə l	1	a								WogWb
mari_hill	full	1		cic				t͡sit͡s		t͡s i t͡s	1	a						SES, Bereczki2013		
mari_meadow	full	1		temše		temše		temʃe		t e m ʃ e	3	c			"Cogn. with Hung ""töm-"" 'fill, stuff (v.)'"					SMSk, TscherWb
mari_meadow	full	2		tič		tič		titʃ		t i tʃ	1	a								SMSk, TscherWb
moksha	full	1		päškśä				pæʃksʲæ		p æ ʃ k sʲ æ	2	b						SES, Versinin2004, MordWb		
nenets_tundra	full	1		panəcy°				pɑnət͡sʲ		p ɑ n ə t͡sʲ	5	e				'Be full (v.)'				JurSWb
nganasan	full	1		dʹulsi̮ə		dʹulsi̮ə		dʲulsɯə		dʲ u l s ɯ ə	8	h								SlNgaRus
nganasan	full	2		müntüśa		müntüśa		myntyɕɑ		m y n t y ɕ ɑ	9	i								SlNgaRus
proto_uralic	full	1		*türi				tyri		t y r i	4	d								UEW, Sam88
saami_inari	full	1		tievâs				tievəs		t i e v ə s	10	j	germanic_or_finnic	possible				Koivulehto1976	Koivulehto1976,  Aikio2002	InsSSk
saami_kildin	full	1		tievvt		tievvt		tievːt		t i e vː t	10	j	germanic_or_finnic	possible				Koivulehto1976	Koivulehto1976,  Aikio2002	WOLD
saami_north	full	1		dievva				tievːɑ		t i e vː ɑ	10	j	germanic_or_finnic	possible				Koivulehto1976	Koivulehto1976,  Aikio2002	SSSg
saami_pite	full	1		devas	dievas			tevɑs		t e v ɑ s	10	j	germanic_or_finnic	possible				Koivulehto1976	Koivulehto1976,  Aikio2002	EZ
saami_skolt	full	1		tiudd				tiudː		t i u dː	10	j	germanic_or_finnic	possible				Koivulehto1976	Koivulehto1976,  Aikio2002	SKosSk
saami_south	full	1		dïeve				dɨeve		d ɨ e v e	10	j	germanic_or_finnic	possible				Koivulehto1976	Koivulehto1976,  Aikio2002	NSsNdb
saami_south	full	2		ellies				elːies		e lː i e s	7	g								NSsNdb
saami_ume	full	1		diävas				tiævɑs		t i æ v ɑ s	10	j	germanic_or_finnic	possible				Koivulehto1976	Koivulehto1976,  Aikio2002	WbWlap
selkup_northern	full	1		tīrəlʹ		tīrəlʹ		tiːrəʎ		t iː r ə ʎ	4	d								SolkWb
udmurt	full	1		ti̮r		ti̮r		tɯr		t ɯ r	4	d								WotjWsch
veps	full	1		täuź				tæuzʲ		t æ u zʲ	1	a								VVS
votic_western	full	1		täüsi		täüsi		tæysi		t æ y s i	1	a								VKJMS
erzya	gather	1		kočkams		kočkams		kotʃkɑms		k o tʃ k ɑ m s	6	f								MordWb
erzya	gather	2		purnams		purnams		purnɑms		p u r n ɑ m s	7	g								MordWb
estonian_south	gather	1		korjama				korjɑmɑ		k o r j ɑ m ɑ	3	c								VESr
estonian_standard	gather	1		koguda		kokuta		kokutɑ		k o k u t ɑ	2	b								SVSk
finnish_standard	gather	1		kerätä		kerätä		ke̞ræt̪æ		k e̞ r æ t̪ æ	1	a								JL
hungarian	gather	1		gyűjt		ǵüüjt		ɟyːjt		ɟ yː j t	9	i								FMSz
ingrian	gather	1		korjaᴅa		korjaᴅa		korjɑd̥ɑ		k o r j ɑ d̥ ɑ	3	c								InkmSk
karelian_proper	gather	1		kerätä				kerætæ		k e r æ t æ	1	a								KKSV
khanty_vakh_vasyugan	gather	1		čäɣi-		čäɣi-		tʃæɣi-		tʃ æ ɣ i	17	q								DEWbOstj
komi_permyak	gather	1		e̮kti̮ni̮		e̮kti̮ni̮		ɤktɯnɯ		ɤ k t ɯ n ɯ	8	h								KoPRSl
komi_zyrian	gather	1		č̣uke̮rtni̮				ɤktɯnɯ		ɤ k t ɯ n ɯ	8	h								SyrjWsch
livonian_courland	gather	1		krǭ’jõ				krɒːjɯ		k r ɒː j ɯ	20	t			Cognacy reference lacking			MdH		
livonian_courland	gather	2		kuoŗŗõ				kuorʲːɯ		k u o rʲː ɯ	3	c			"Cogn. with Fin ""korjata"" 'fix, gather'"					LivWb
mansi_sosva	gather	1		ati		ati		ɑti		ɑ t i	12	l								WogWb
mari_hill	gather	1		poɣaš				poɣɑʃ		p o ɣ ɑ ʃ	10	j	chuvash	clear				TscherWb	TscherWb	
mari_meadow	gather	1		poɣem		poɣem		poɣem		p o ɣ e m	10	j	chuvash	clear		'Pick up, gather'			TscherWb	SMSk, TscherWb
moksha	gather	1		kočkams				kot͡ʃkɑms		k o t͡ʃ k ɑ m s	6	f						SES, SSA		
nenets_tundra	gather	1		məq°la°				məʔlɑ		m ə ʔ l ɑ	13	m								JurSWb
nganasan	gather	1		ŋuńüdʹa		ŋuńüdʹa		ŋuɲydʲɑ		ŋ u ɲ y dʲ ɑ	19	s								SlNgaRus
proto_uralic	gather	1	not_reconstructable																	UEW, Sam88
saami_inari	gather	1		nuurrâđ				nuːrːəð		n uː rː ə ð	5	e								InsSSk
saami_inari	gather	2		čuággiđ				t͡ʃuæɡːið		t͡ʃ u æ ɡː i ð	4	d								InsSSk
saami_kildin	gather	1		kōppče		koopptše		koːpːtʃe		k oː pː t ʃ e	16	p								WOLD
saami_north	gather	1		čoaggit				t͡ʃoɑkkit		t͡ʃ o ɑ k k i t	4	d								SSSg
saami_pite	gather	1		tjuhkkit				cuhkːit		c u h kː i t	4	d								EZ
saami_skolt	gather	1		noorrâd				noːrːɐd		n oː rː ɐ d	5	e								SKosSk
saami_south	gather	1		tjåegkedh				t͡ɕɔeɡkedh		t͡ɕ ɔ e ɡ k e d h	4	d								NSsNdb
saami_south	gather	2		tjööngkedh				t͡ɕøːnɡkedh		t͡ɕ øː n ɡ k e d h	4	d								NSsNdb
saami_ume	gather	1		tjùhkat				cuhkɑt		c u h k ɑ t	4	d								WbWlap
saami_ume	gather	2		tjǜhkat				cyhkɑt		c y h k ɑ t	4	d								WbWlap
selkup_northern	gather	1		taq-		taq-		tɑq-		t ɑ q	14	n								SolkWb
udmurt	gather	1		bićani̮		bićani̮		bitɕɑnɯ		b i tɕ ɑ n ɯ	11	k								WotjWsch
udmurt	gather	2		okti̮ni̮		okti̮ni̮		oktɯnɯ		o k t ɯ n ɯ	8	h								WotjWsch
veps	gather	1		kerata				kerɑtɑ		k e r ɑ t ɑ	1	a								VVS
votic_western	gather	1		kopittā		kopittā		kopitːɑː		k o p i tː ɑː	21	u			Cognacy reference lacking			MdH		
erzya	girl	1		tʹejtʹeŕ		tʹejtʹeŕ		tʲejtʲerʲ		tʲ e j tʲ e rʲ	1	a	baltic	possible					EES	MordWb
erzya	girl	2		tʹejtʹeŕka		tʹejtʹeŕka		tʲejtʲerʲkɑ		tʲ e j tʲ e rʲ k ɑ	1	a	baltic	possible					EES	MordWb
estonian_south	girl	1		tütrik				tytrik		t y t r i k	1	a	baltic	clear					EES, SSA	VESr
estonian_south	girl	2		tütär'lats'				tytærʲlɑtsʲ		t y t æ rʲ l ɑ t sʲ	1	a	baltic	clear					EES, SSA	VESr
estonian_standard	girl	1		tütarlaps		tüttarlapps		tytːɑrlɑpːs		t y tː ɑ r l ɑ pː s	1	a	baltic	clear					EES, SSA	SVSk
estonian_standard	girl	2		tüdruk		tütruk		tytruk		t y t r u k	1	a	baltic	clear					EES, SSA	SVSk
finnish_standard	girl	1		tyttö		tüttö		t̪yt̪ːø̞		t̪ y t̪ː ø̞	1	a	baltic	clear					SSA, EES	JL
hungarian	girl	1		leány		leaań		lɛaːɲ		l ɛ aː ɲ	4	d				"""Leány"" arch. form"				FMSz
hungarian	girl	2		lány		laań		laːɲ		l aː ɲ	4	d				"""Leány"" arch. form"				FMSz
ingrian	girl	1		tüttöĭ		tüttöĭ		tytːøĭ		t y tː ø i ̆	1	a	baltic	clear					SSA, EES	InkmSk
karelian_proper	girl	1		tyttö				tytːø		t y tː ø	1	a	baltic	clear		Latter 'daughter', in Northern Karelian also 'girl'			SSA, EES	KKSV
karelian_proper	girl	2		tytär				tytær		t y t æ r	1	a	baltic	clear		Latter 'daughter', in Northern Karelian also 'girl'			SSA, EES	KKSV
khanty_vakh_vasyugan	girl	1		ö̭ɣi		ö̭ɣi		ø̻ɣi		ø̻ ɣ i	6	f				'Daughter, girl'				DEWbOstj
komi_permyak	girl	1		ni̮v		ni̮v		nɯv		n ɯ v	2	b								KoPRSl
komi_zyrian	girl	1		ni̮v		ni̮v		nɯv		n ɯ v	2	b				'Daughter, girl'				SyrjWsch
livonian_courland	girl	1		neìtst				neitst		n e i t s t	2	b								LivWb
mansi_sosva	girl	1		āɣi		āɣi		ɑːɣi		ɑː ɣ i	6	f				'Daughter, girl'				WogWb
mari_hill	girl	1		əδəräš				əðəræʃ		ə ð ə r æ ʃ	3	c								
mari_meadow	girl	1		üδə̑r		üδə̑r		yðər		y ð ə r	3	c								SMSk, TscherWb
moksha	girl	1		śt'iŕ				sʲtʲirʲ		sʲ tʲ i rʲ	8	h								
nenets_tundra	girl	1		pyíryibtya				pʲirʲibtʲɑ		pʲ i rʲ i b tʲ ɑ	5	e								JurSWb
nganasan	girl	1		kobtua		kobtua		kobtuɑ		k o b t u ɑ	7	g				'Daughter, girl'				SlNgaRus
nganasan	girl	2		ni̮ ńuə		ni̮_ńuə		nɯ ɲuə		n ɯ ɲ u ə	2	b				'Daughter, girl', lit. 'girl child'				SlNgaRus
proto_uralic	girl	1		*näɣi	?*nejδi			næɣi		n æ ɣ i	2	b								UEW, Sam88
saami_inari	girl	1		nieidâ				nieidə		n i e i d ə	2	b								InsSSk
saami_kildin	girl	1		nījta		niijta		niːjtɑ		n iː j t ɑ	2	b								WOLD
saami_north	girl	1		nieida				nieitɑ		n i e i t ɑ	2	b								SSSg
saami_pite	girl	1		niejdan	näjjtso ~ näjjda			niejtɑn		n i e j t ɑ n	2	b								EZ
saami_skolt	girl	1		nijdd				nijdː		n i j dː	2	b								SKosSk
saami_south	girl	1		nïejte				nɨejte		n ɨ e j t e	2	b								NSsNdb
saami_ume	girl	1		näìda				næitɑ		n æ i t ɑ	2	b								WbWlap
selkup_northern	girl	1		netäŋ		netäŋ		netæŋ		n e t æ ŋ	2	b					"Deriv. from ""ne"" 'woman'"			SolkWb
udmurt	girl	1		ni̮l		ni̮l		nɯl		n ɯ l	2	b				'Daughter, girl'				WotjWsch
veps	girl	1		neičukaine				neitʃukɑine		n e i t ʃ u k ɑ i n e	2	b					Derivs.			NRVS
veps	girl	2		neižne				neiʒne		n e i ʒ n e	2	b					Derivs.			NRVS
votic_western	girl	1		tüttö		tüttö		tytːø		t y tː ø	1	a	baltic	clear					EES, SSA	VKJMS
erzya	give	1		maksoms		maksoms		mɑksoms		m ɑ k s o m s	2	b	iranian	possible			Also suggested: From PFV *maksa- 'give, offer a price'		Koivulehto1999, UEW, CygankinMosin2015	MordWb
estonian_south	give	1		andma				ɑndmɑ		ɑ n d m ɑ	1	a								VESr
estonian_standard	give	1		anda		anta		ɑntɑ		ɑ n t ɑ	1	a								SVSk
finnish_standard	give	1		antaa		antaa		ɑnt̪ɑː		ɑ n t̪ ɑː	1	a								JL
hungarian	give	1		ad		ad		ɒd		ɒ d	1	a								FMSz
ingrian	give	1		antā		antā		ɑntɑː		ɑ n t ɑː	1	a								InkmSk
karelian_proper	give	1		antoa				ɑntoɑ		ɑ n t o ɑ	1	a								KKSV
khanty_vakh_vasyugan	give	1		mə-		mə-		mə-		m ə	5	e								DEWbOstj
komi_permyak	give	1		śetni̮		śetni̮		ɕetnɯ		ɕ e t n ɯ	4	d								KoPRSl
komi_zyrian	give	1		śetni̮		śetni̮		ɕetnɯ		ɕ e t n ɯ	4	d								SyrjWsch
livonian_courland	give	1		andõ				ɑndɯ		ɑ n d ɯ	1	a								LivWb
mansi_sosva	give	1		miɣ		miɣ		miɣ		m i ɣ	5	e								WogWb
mari_hill	give	1		puaš				puɑʃ		p u ɑ ʃ	3	c								
mari_meadow	give	1		puem		puem		puem		p u e m	3	c								SMSk, TscherWb
moksha	give	1		maksoms				mɑksoms		m ɑ k s o m s	2	b	iranian	possible					Koivulehto1999, UEW, CygankinMosin2015	
nenets_tundra	give	1		myicy°				mʲit͡sʲ		mʲ i t͡sʲ	5	e								JurSWb
nganasan	give	1		miśi		miśi		miɕi		m i ɕ i	5	e								SlNgaRus
proto_uralic	give	1		*miɣi-				miɣi		m i ɣ i	5	e								UEW, Sam88
saami_inari	give	1		adeliđ				ɑdelið		ɑ d e l i ð	1	a	finnic	clear					Sammallahti1998	InsSSk
saami_kildin	give	1		ann’te		annʹte		ɑnːʲte		ɑ nːʲ t e	1	a	finnic	clear					Riessler2009	WOLD
saami_north	give	1		addit				ɑttit		ɑ t t i t	1	a	finnic	clear					Sammallahti1998	SSSg
saami_pite	give	1		vaddet				vɑttet		v ɑ t t e t	1	a	finnic	clear					Sammallahti1998	EZ
saami_skolt	give	1		uʹvdded				uvʲdːed		u vʲ dː e d	1	a	finnic	clear					Sammallahti1998	SKosSk
saami_south	give	1		vedtedh				vedtedh		v e d t e d h	1	a	finnic	clear					Sammallahti1998	NSsNdb
saami_ume	give	1		vadˈdeet				vɑtˈteːt		v ɑ tˈ t eː t	1	a	finnic	clear					Sammallahti1998	WbWlap
selkup_northern	give	1		mi-		mi-		mi-		m i	5	e								SolkWb
udmurt	give	1		śoti̮ni̮		śoti̮ni̮		ɕotɯnɯ		ɕ o t ɯ n ɯ	4	d								WotjWsch
veps	give	1		antta				ɑntːɑ		ɑ n tː ɑ	1	a								VVS
votic_western	give	1		antaa		antaa		ɑntɤmɑ		ɑ n t ɤ m ɑ	1	a								VKJMS
erzya	go	1		molʹems		molʹems		moʎems		m o ʎ e m s	4	d			From PFU *mulɜ- 'go by'					MordWb
estonian_south	go	1		lätt				lætː		l æ tː	2	b					"Stem used in conjugation of suppletive verb ""minemä""; cogn. with Fin ""lähteä"" 'depart'"			VESr
estonian_south	go	2		minemä				minemæ		m i n e m æ	1	a					"Suppletive verb; stem ""lätt-"" also used in conjugation"			VESr
estonian_standard	go	1		lähe-	läi- ~ läk-	lähe-		læhe-	læi- ~ læk-	l æ h e	2	b					"Stem used in conjugation of suppletive verb ""minna""; cogn. with Fin ""lähteä"" 'depart'"			SVSk
estonian_standard	go	2		minna		minna		minːɑ		m i nː ɑ	1	a					"Suppletive verb; stem ""lähe-"" also used in conjugation"			SVSk
finnish_standard	go	1		mennä		mennä		me̞nːæ		m e̞ nː æ	1	a								JL
hungarian	go	1		megy		meǵ		mɛɟ		m ɛ ɟ	1	a								FMSz
ingrian	go	1		männä		männä		mænːæ		m æ nː æ	1	a								InkmSk
karelian_proper	go	1		männä				mænːæ		m æ nː æ	1	a					"In Olonets Karelian (Livvi), ""mennä"""			KKSV
khanty_vakh_vasyugan	go	1		jǝl-		jəl-		jəl-		j ə l	3	c								DEWbOstj
khanty_vakh_vasyugan	go	2		mən-		mən-		mən-		m ə n	1	a								DEWbOstj
komi_permyak	go	1		munni̮		munni̮		munːɯ		m u nː ɯ	1	a								KoPRSl
komi_zyrian	go	1		munni̮		munni̮		munːɯ		m u nː ɯ	1	a								SyrjWsch
livonian_courland	go	1		lǟdõ				læːdɯ		l æː d ɯ	2	b			"Cogn. with Fin ""lähteä"" 'depart'"					LivWb
mansi_sosva	go	1		jōmi		jōmi		joːmi		j oː m i	6	f								WogWb
mansi_sosva	go	2		mīni	mini	mīni	mini	miːni	mini	m iː n i	1	a								WogWb
mari_hill	go	1		keäš		keäš		keæʃ		k e æ ʃ	5	e	volga bulgar turkic	probable				SES, Bereczki2013	Bereczki2013	
mari_meadow	go	1		kajem		kajem		kɑjem		k ɑ j e m	5	e	volga bulgar turkic	probable		'Go, move'	"Also suggested: Possibly cogn. with Fin ""käydä"" 'visit, roam, come about'"	SES, Bereczki2013	Bereczki2013	SMSk, TscherWb
mari_meadow	go	2		mijem		mijem		mijem		m i j e m	1	a				'Go to'; inherent allative meaning				SMSk, TscherWb
moksha	go	1		molʹems				molʲems		m o lʲ e m s	4	d						SES, Versinin2004		
nenets_tundra	go	1		myincy°				mʲint͡sʲ		mʲ i n t͡sʲ	1	a								JurSWb
nganasan	go	1		mi̮nsi̮		mi̮nsi̮		mɯnsɯ		m ɯ n s ɯ	1	a								SlNgaRus
proto_uralic	go	1		*meni-				meni		m e n i	1	a								UEW, Sam88
saami_inari	go	1		moonnâđ				moːnːəð		m oː nː ə ð	1	a								InsSSk
saami_kildin	go	1		mēnne		meenne		meːnːe		m eː nː e	1	a								WOLD
saami_north	go	1		mannat				mɑnːɑt		m ɑ nː ɑ t	1	a								SSSg
saami_pite	go	1		mannat				mɑnːɑt		m ɑ nː ɑ t	1	a								EZ
saami_skolt	go	1		mõõnnâd				məːnːɐd		m əː nː ɐ d	1	a								SKosSk
saami_south	go	1		juhtedh				juhtedh		j u h t e d h	8	h								NSsNdb
saami_south	go	2		mïnnedh				mɨnːedh		m ɨ nː e d h	1	a								NSsNdb
saami_ume	go	1		mannat				mɑnːɑt		m ɑ nː ɑ t	1	a								WbWlap
selkup_northern	go	1		quə̑n-		quə̑n-		quən-		q u ə n	7	g								SolkWb
udmurt	go	1		mi̮ni̮ni̮		mi̮ni̮ni̮		mɯnɯnɯ		m ɯ n ɯ n ɯ	1	a								WotjWsch
veps	go	1		mändä				mændæ		m æ n d æ	1	a								VVS
votic_western	go	1		lähteä		lähteä		læhteæ		l æ h t e æ	2	b								VKJMS
votic_western	go	2		mennä		mennä		mennæ		m e n n æ	1	a								VKJMS
erzya	good	1		paro		paro		pɑro		p ɑ r o	2	b	indo-iranian	clear					Koivulehto1999, Holopainen2019	MordWb
estonian_south	good	1		hää				hæː		h æː	1	a								VESr
estonian_south	good	2		hüä				hyæ		h y æ	1	a								VESr
estonian_standard	good	1		hea		hea		heɑ		h e ɑ	1	a								SVSk
finnish_standard	good	1		hyvä		hüvä		hyʋæ		h y ʋ æ	1	a								JL
hungarian	good	1		jó		joo		joː		j oː	8	h								FMSz
ingrian	good	1		hüvä		hüvä		hyvæ		h y v æ	1	a								InkmSk
karelian_proper	good	1		hyvä				hyvæ		h y v æ	1	a								KKSV
khanty_vakh_vasyugan	good	1		jəm		jəm		jəm		j ə m	8	h								DEWbOstj
komi_permyak	good	1		bur		bur		bur		b u r	2	b	indo-iranian	clear					Koivulehto1999, Holopainen2019	KoPRSl
komi_zyrian	good	1		bur		bur		bur		b u r	2	b	indo-iranian	clear					Koivulehto1999, Holopainen2019	SyrjWsch
livonian_courland	good	1		jõvā				jɯvɑː		j ɯ v ɑː	1	a								LivWb
mansi_sosva	good	1		jomas		jomas		jomɑs		j o m ɑ s	8	h								WogWb
mari_hill	good	1		jažo				jɑʒo		j ɑ ʒ o	12	l	chuvash	clear					TscherWb	
mari_meadow	good	1		poro		poro		poro		p o r o	2	b	indo-iranian	clear					Koivulehto1999, Holopainen2019	SMSk, TscherWb
mari_meadow	good	2		saj		saj		sɑj		s ɑ j	4	d	chuvash	clear					TscherWb	SMSk, TscherWb
moksha	good	1		para				pɑrɑ		p ɑ r ɑ	2	b	indo-iranian	clear					Koivulehto1999, Holopainen2019	
nenets_tundra	good	1		səwa				səwɑ		s ə w ɑ	9	i								JurSWb
nganasan	good	1		ńagə̄		ńagə̄		ɲɑɡəː		ɲ ɑ ɡ əː	11	k								SlNgaRus
proto_uralic	good	1	not_reconstructable																	UEW, Sam88
saami_inari	good	1		pyeri				pyeri		p y e r i	2	b	indo-iranian	clear					Koivulehto1999, Holopainen2019	InsSSk
saami_inari	good	2		šiev				ʃiev		ʃ i e v	3	c								InsSSk
saami_kildin	good	1		šig		šig		ʃiɡ		ʃ i ɡ	3	c								WOLD
saami_north	good	1		buorre				puorːe		p u o rː e	2	b	indo-iranian	clear					Koivulehto1999, Holopainen2019	SSSg
saami_pite	good	1		buorak				puorɑk		p u o r ɑ k	2	b	indo-iranian	clear					Koivulehto1999, Holopainen2019	EZ
saami_pite	good	2		buorre				puorːe		p u o rː e	2	b	indo-iranian	clear					Koivulehto1999, Holopainen2019	EZ
saami_skolt	good	1		pueʹrr				puerʲː		p u e rʲː	2	b	indo-iranian	clear					Koivulehto1999, Holopainen2019	SKosSk
saami_skolt	good	2		šiõǥǥ				ʃiəɣɣ		ʃ i ə ɣ ɣ	3	c								SKosSk
saami_south	good	1		buerie				buerie		b u e r i e	2	b	indo-iranian	clear					Koivulehto1999, Holopainen2019	NSsNdb
saami_ume	good	1		büerree				pyerːeː		p y e rː eː	2	b	indo-iranian	clear			Latter deriv.		Koivulehto1999, Holopainen2019	WbWlap
saami_ume	good	2		buarahka				puɑrɑhkɑ		p u ɑ r ɑ h k ɑ	2	b	indo-iranian	clear			Latter deriv.		Koivulehto1999, Holopainen2019	WbWlap
selkup_northern	good	1		soma		soma		somɑ		s o m ɑ	9	i								SolkWb
udmurt	good	1		umoj		umoj		umoj		u m o j	6	f	tatar	clear					Tarakanov1993	WotjWsch
udmurt	good	2		ʒ́eć		ʒ́eć		dʑetɕ		dʑ e tɕ	7	g								WotjWsch
veps	good	1		hüvä				hyvæ		h y v æ	1	a								VVS
votic_western	good	1		üvä		üvä		yvæ		y v æ	1	a								VKJMS
erzya	grandchild	1		bijo		bijo		bijo		b i j o	4	f								MordWb
erzya	grandchild	2		nućka		nućka		nutɕkɑ		n u tɕ k ɑ	3	e	russian	clear					CygankinMosin2015	MordWb
estonian_south	grandchild	1		latsõlats'				lɑtsɤlɑtsʲ		l ɑ t s ɤ l ɑ t sʲ	1	a								VESr
estonian_standard	grandchild	1		lapselaps		lappselapps		lɑpːselɑpːs		l ɑ pː s e l ɑ pː s	1	a								SVSk
finnish_standard	grandchild	1		lapsenlapsi		lapsenlapsi		lɑpse̞nlɑpsi		l ɑ p s e̞ n l ɑ p s i	1	a								JL
hungarian	grandchild	1		unoka		unoka		unokɒ		u n o k ɒ	2	d	slavic	clear					Kniezsa1974	FMSz
ingrian	grandchild	1		vunukka		vunukka		vunukːɑ		v u n u kː ɑ	2	b	russian	clear					SSA	InkmSk
karelian_proper	grandchild	1		punukka				punukːɑ		p u n u kː ɑ	2	b	russian	clear					SSA	KKSV
khanty_vakh_vasyugan	grandchild	1	form_not_found																	DEWbOstj
komi_permyak	grandchild	1	form_not_found																	KoPRSl
komi_zyrian	grandchild	1	form_not_found																	SyrjWsch
livonian_courland	grandchild	1		laps-läpš				lɑps-læpʃ		l ɑ p s l æ p ʃ	1	a								LivWb
mansi_sosva	grandchild	1		apiɣ		apiɣ		ɑpiɣ		ɑ p i ɣ	5	g				'Nephew, grandson'				WogWb
mari_hill	grandchild	1		ə̑nə̑ka				ənəkɑ		ə n ə k ɑ	2	c	russian	clear					Versinin2004	
mari_meadow	grandchild	1		unə̑ka		unə̑ka		unəkɑ		u n ə k ɑ	2	c	russian	clear					Versinin2004	SMSk, TscherWb
moksha	grandchild	1		unok				unok		u n o k	2	j	russian	clear					CygankinMosin2015	
nenets_tundra	grandchild	1	form_not_found																	JurSWb
nganasan	grandchild	1		ńuədʹə ńuə		ńuədʹə_ńuə		ɲuədʲə ɲuə		ɲ u ə dʲ ə ɲ u ə	7	i				"'Grandchild, grandson'; ""ńuə"" 'child'"				SlNgaRus
proto_uralic	grandchild	1	not_reconstructable																	
saami_inari	grandchild	1	form_not_found																	InsSSk
saami_kildin	grandchild	1		āhkev		aahkev		ɑːhkev		ɑː h k e v	2	j						SES		
saami_kildin	grandchild	2		ājjev		aajjev		ɑːjːev		ɑː jː e v	6	h				"""Ājjev"" 'grandson', ""āhkev"" 'granddaughter'?"				WOLD
saami_north	grandchild	1		áhkutt				ɑːhkutː		ɑː h k u tː	2	j					Cf. “áddjut” 'grandchild of a male'; “áhkkut” 'grandchild of a female'			SSSg
saami_north	grandchild	2		áddjut				ɑːttjut		ɑː t t j u t	6	h								
saami_pite	grandchild	1		ádjov				ɑːɟov		ɑː ɟ o v	6	h								EZ
saami_skolt	grandchild	1		äʹjjev				æjʲːev		æ jʲː e v	6	h					Cf. “äʹjjev” 'grandchild of a male'; “äkkav” 'grandchild of a female'	SES		SKosSk
saami_skolt	grandchild	2		äkkav				ækːɑv		æ kː ɑ v	6	h					Cf. “äʹjjev” 'grandchild of a male'; “äkkav” 'grandchild of a female'	SES		SKosSk
saami_skolt	grandchild	3		äkkav				ækːɑv		æ kː ɑ v	2	j						SES		
saami_south	grandchild	1	form_not_found															SES		NSsNdb
saami_south	grandchild	2		aajjove				ɑːjːove		ɑː jː o v e	6	h						SES		
saami_ume	grandchild	1		áhkuove				ɑːhkuove		ɑː h k u o v e	2	j						SES		WbWlap
saami_ume	grandchild	2		ájjuove				ɑːjːuove		ɑː jː u o v e	6	h						SES		
selkup_northern	grandchild	1		kuetsan				kuetsɑn		k u e t s ɑ n	8	l						SES		SolkWb
udmurt	grandchild	1		nunok				nunok		n u n o k	9	k						SES		WotjWsch
veps	grandchild	1		vunuk				vunuk		v u n u k	2	b	russian	clear					SSA	VVS
votic_western	grandchild	1		vunukka		vunukka		vunukː		v u n u kː	2	b	ingrian	clear					SSA	VKJMS
erzya	grandson	1	form_not_found																	MordWb
estonian_south	grandson	1	form_not_found																	VESr
estonian_standard	grandson	1	form_not_found																	SVSk
finnish_standard	grandson	1	no_equivalent																	JL
hungarian	grandson	1		fiúunoka		fiʲuuunoka		fiʲuːunokɒ		f iʲ uː u n o k ɒ	3	a				Lit. 'son-grandchild'				FMSz
ingrian	grandson	1	form_not_found																	InkmSk
karelian_proper	grandson	1	form_not_found																	KKSV
khanty_vakh_vasyugan	grandson	1		kalǝɣ				kɑləɣ		k ɑ l ə ɣ	4	e								DEWbOstj
komi_permyak	grandson	1		nuk		nuk		nuk		n u k	3	c	russian	clear					Rogov1869	KoPRSl
komi_zyrian	grandson	1		vnuk				vnuk		v n u k	3	b								SyrjWsch
livonian_courland	grandson	1	form_not_found																	LivWb
mansi_sosva	grandson	1	form_not_found																	WogWb
mari_hill	grandson	1	no_equivalent																	
mari_meadow	grandson	1	form_not_found																	SMSk, TscherWb
moksha	grandson	1	form_not_found																	
nenets_tundra	grandson	1	no_equivalent																	JurSWb
nganasan	grandson	1		ńuədʹə ńuə		ńuədʹə_ńuə		ɲuədʲə ɲuə		ɲ u ə dʲ ə ɲ u ə	1	d				"'Grandchild, grandson'; ""ńuə"" 'child'"				SlNgaRus
proto_uralic	grandson	1	not_reconstructable																	
saami_inari	grandson	1	form_not_found																	InsSSk
saami_kildin	grandson	1	form_not_found																	WOLD
saami_north	grandson	1	form_not_found																	SSSg
saami_pite	grandson	1	form_not_found																	EZ
saami_skolt	grandson	1	form_not_found																	SKosSk
saami_south	grandson	1	form_not_found																	NSsNdb
saami_ume	grandson	1	form_not_found																	WbWlap
selkup_northern	grandson	1	form_not_found																	SolkWb
udmurt	grandson	1	form_not_found																	WotjWsch
veps	grandson	1	no_equivalent														"Cf. ""vunuk"" 'grandchild'"			VVS
votic_western	grandson	1	form_not_found																	VKJMS
erzya	grass	1		tʹikše		tʹikše		tʲikʃe		tʲ i k ʃ e	4	d			From PFP *teškä ~ tekšä 'bush, grass, spike'					MordWb
estonian_south	grass	1		ruuh				ruːh		r uː h	1	j	germanic	possible					LAGLOS, SSA, NES	VESr
estonian_south	grass	2		hain				hɑin		h ɑ i n	2	b								SI
estonian_standard	grass	1		rohi		rohi		rohi		r o h i	1	j	germanic	possible					LAGLOS, SSA, NES	SVSk
finnish_standard	grass	1		ruoho		ruoho		ruo̞ɦo̞		r u o̞ ɦ o̞	1	j	germanic	possible					LAGLOS, SSA, NES	JL
hungarian	grass	1		fű		füü		fyː		f yː	7	g								FMSz
ingrian	grass	1		roho		roho		roho		r o h o	1	j	germanic	possible					LAGLOS, SSA, NES	InkmSk
ingrian	grass	2		rōho		rōho		roːho		r oː h o	1	j	germanic	possible					LAGLOS, SSA, NES	InkmSk
karelian_proper	grass	1		ruoho				ruoho		r u o h o	1	j	germanic	possible					LAGLOS, SSA, NES	KKSV
khanty_vakh_vasyugan	grass	1		pam		pam		pɑm		p ɑ m	7	g								DEWbOstj
komi_permyak	grass	1		turun		turun		turun		t u r u n	6	f	indo-iranian_or_iranian	possible					Csucs2005	KoPRSl
komi_zyrian	grass	1		turun		turun		turun		t u r u n	6	f	indo-iranian_or_iranian	possible					Csucs2005	SyrjWsch
livonian_courland	grass	1		āina				ɑːinɑ		ɑː i n ɑ	11	l						MdH		
livonian_courland	grass	2		rõv				rɯv		r ɯ v	1	j	germanic	possible					LAGLOS, SSA, NES	LivWb
mansi_sosva	grass	1		pum		pum		pum		p u m	7	g								WogWb
mari_hill	grass	1		šuδə̑				ʃuðə		ʃ u ð ə	5	e			Cognacy reference lacking			SES, TscherWb		
mari_meadow	grass	1		šuδo		šuδo		ʃuðo		ʃ u ð o	5	e								SMSk, TscherWb
moksha	grass	1		t'išä				tʲiʃæ		tʲ i ʃ æ	4	d			Cognacy reference lacking			SES		
nenets_tundra	grass	1		ŋum				ŋum		ŋ u m	8	h								JurSWb
nganasan	grass	1		ńotə		ńotə		ɲotə		ɲ o t ə	9	i								SlNgaRus
proto_uralic	grass	1	not_reconstructable																	UEW, Sam88
saami_inari	grass	1		rääsi				ræːsi		r æː s i	12	a	north germanic	clear					Koivulehto1999a	InsSSk
saami_kildin	grass	1		rāss’		raassʹ		rɑːsːʲ		r ɑː sːʲ	12	a	north germanic	clear					Koivulehto1999a	WOLD
saami_north	grass	1		rássi				rɑːsːi		r ɑː sː i	12	a	north germanic	clear					Koivulehto1999a	SSSg
saami_pite	grass	1		grásse				krɑːsːe		k r ɑː sː e	12	a	north germanic	clear					Koivulehto1999a	EZ
saami_pite	grass	2		sidno				sitno		s i t n o	10	k								EZ
saami_skolt	grass	1		rääʹss				ræːsʲː		r æː sʲː	12	a	north germanic	clear					Koivulehto1999a	SKosSk
saami_south	grass	1		kraesie				krɑesie		k r ɑ e s i e	12	a	north germanic	clear					Koivulehto1999a	NSsNdb
saami_ume	grass	1		kràssee				krɑsːeː		k r ɑ sː eː	12	a	north germanic	clear					Koivulehto1999a	WbWlap
selkup_northern	grass	1		ńūčə		ńūčə		ɲuːtʃə		ɲ uː tʃ ə	9	i								SolkWb
udmurt	grass	1		turi̮n		turi̮n		turɯn		t u r ɯ n	6	f	indo-iranian_or_iranian	possible					Csucs2005	WotjWsch
veps	grass	1		roho				roho		r o h o	1	j	germanic	possible					LAGLOS, SSA, NES	VVS
votic_western	grass	1		roho		roho		roho		r o h o	1	j	germanic	possible					LAGLOS, SSA, NES	VKJMS
erzya	green	1		piže		piže		piʒe		p i ʒ e	7	g					Possibly from PU *piša 'gall'			MordWb
estonian_south	green	1		rohilinõ				rohilinɤ		r o h i l i n ɤ	3	c	germanic	possible					EES	VESr
estonian_standard	green	1		roheline		roheline		roheline		r o h e l i n e	3	c	germanic	possible					EES	SVSk
finnish_standard	green	1		vihreä		vihreä		ʋiçre̞æ		ʋ i ç r e̞ æ	1	a	indo-iranian	clear					Koivulehto1999, Holopainen2019	JL
hungarian	green	1		zöld		zöld		zøld		z ø l d	8	h	iranian	possible					WOT	FMSz
ingrian	green	1		roh̆hoin		roh̆hoin		roh̆hoin		r o h ̆ h o i n	3	c	germanic	possible					EES	InkmSk
karelian_proper	green	1		ruohoine				ruohoine		r u o h o i n e	3	c	germanic	possible					EES	KKSV
karelian_proper	green	2		selenäine				selenæine		s e l e n æ i n e	2	b	russian	clear	"Cf. Rus ""zelënyj"""				MH	KKSV
karelian_proper	green	3		vihanta				vihɑntɑ		v i h ɑ n t ɑ	1	a	indo-iranian	clear					Holopainen2019, Koivulehto1999	KKSV
khanty_vakh_vasyugan	green	1		kul-lö̆j		kul-lö̆j		kul-lø̆j		k u l l ø ̆ j	10	j				"Comp.; ""kul"" 'fish', ""lö̆j"" 'gall'; ie. green as fish gall"				DEWbOstj
komi_permyak	green	1		zelʹone̮j		zelʹone̮j		zeʎonɤj		z e ʎ o n ɤ j	2	l	russian	clear	"Cf. Rus ""zelënyj"""				KoPRSl	KoPRSl
komi_zyrian	green	1		vež		vež		veʒ		v e ʒ	1	a	indo-iranian	clear					Holopainen2019, Koivulehto1999	SyrjWsch
livonian_courland	green	1		mõltsi				mɯltsi		m ɯ l t s i	5	e								LivWb
livonian_courland	green	2		ōļaz				oːʎɑz		oː ʎ ɑ z	4	d	baltic	clear					Junttila2015	LivWb
mansi_sosva	green	1		ńār		ńār		ɲɑːr		ɲ ɑː r	9	i				"Latter comp. with ""pum"" 'grass'"				WogWb
mansi_sosva	green	2		ńār-pum		ńār-pum		ɲɑːr-pum		ɲ ɑː r p u m	9	i				"Latter comp. with ""pum"" 'grass'"				WogWb
mari_hill	green	1		ə̑žar				əʒɑr		ə ʒ ɑ r	1	a	indo-iranian	clear				Holopainen2019	Holopainen2019, Koivulehto1999	
mari_hill	green	2		ə̑žargə̑				əʒɑrɡə		ə ʒ ɑ r ɡ ə	1	a	indo-iranian	clear				Holopainen2019	Holopainen2019, Koivulehto1999	
mari_meadow	green	1		užar		užar		uʒɑr		u ʒ ɑ r	1	a	indo-iranian	clear			Former attr.		Holopainen2019, Koivulehto1999	SMSk, TscherWb
mari_meadow	green	2		užarɣe		užarɣe		uʒɑrɣe		u ʒ ɑ r ɣ e	1	a	indo-iranian	clear			Former attr.		Holopainen2019, Koivulehto1999	SMSk, TscherWb
moksha	green	1		śäŋ'gäŕä				sʲæŋɡærʲæ		sʲ æ ŋ ɡ æ rʲ æ	21	n	tatar	clear				Paasonen1897	Paasonen1897	
nenets_tundra	green	1	no_equivalent														No basic word for 'green'			JurSWb
nganasan	green	1		ńotərəku		ńotərəku		ɲotərəku		ɲ o t ə r ə k u	11	m					"Deriv. from ""ńotə"" 'grass'"			SlNgaRus
nganasan	green	2		ŋindiaˀsi̮ə		ŋindiaˀsi̮ə		ŋindiɑʔsɯə		ŋ i n d i ɑ ʔ s ɯ ə	12	l								SlNgaRus
proto_uralic	green	1	not_reconstructable														?*piša 'gall' possibly used for this colour			UEW, Sam88
saami_inari	green	1		ruánáá				ruænæː		r u æ n æː	3	f	germanic_or_north_germanic	possible					Koivulehto1999a	InsSSk
saami_kildin	green	1		ruenn		ruenn		ruenː		r u e nː	3	f	germanic_or_north_germanic	possible					Koivulehto1999a	WOLD
saami_north	green	1		ruoná				ruonɑː		r u o n ɑː	3	f	germanic_or_north_germanic	possible					Koivulehto1999a	SSSg
saami_pite	green	1		gruodna				kruotnɑ		k r u o t n ɑ	3	f	germanic_or_north_germanic	possible					Koivulehto1999a	EZ
saami_skolt	green	1		ruânn				ruɐnː		r u ɐ nː	3	f	germanic_or_north_germanic	possible					Koivulehto1999a	SKosSk
saami_south	green	1		kruana				kruɑnɑ		k r u ɑ n ɑ	3	f	germanic_or_north_germanic	possible					Koivulehto1999a	NSsNdb
saami_ume	green	1		kruadˈnaa				kruɑtˈnɑː		k r u ɑ tˈ n ɑː	3	f	germanic_or_north_germanic	possible					Koivulehto1999a	WbWlap
selkup_northern	green	1		norälʹ		norälʹ		noræʎ		n o r æ ʎ	6	k				'Blue, green'				SolkWb
udmurt	green	1		vož		vož		voʒ		v o ʒ	1	a	indo-iranian	clear					Holopainen2019, Koivulehto1999	WotjWsch
veps	green	1		viher				viher		v i h e r	1	a	indo-iranian	clear					Holopainen2019, Koivulehto1999	VVS
votic_western	green	1		rohoin		rohoin		rohoin		r o h o i n	3	c	germanic	possible					EES	VKJMS
erzya	groan	1		ojksńems		ojksńems		ojksɲems		o j k s ɲ e m s	1	a								MordWb
erzya	groan	2		vajksńems		vajksńems		vɑjksɲems		v ɑ j k s ɲ e m s	7	g								MordWb
estonian_south	groan	1		oigama				oiɡɑmɑ		o i ɡ ɑ m ɑ	1	a								VESr
estonian_south	groan	2		oihk'ma				oihkʲmɑ		o i h kʲ m ɑ	3	c								VESr
estonian_standard	groan	1		oietada		oiettata		oietːɑtɑ		o i e tː ɑ t ɑ	1	a								SVSk
estonian_standard	groan	2		oiata		oiatta		oiɑtːɑ		o i ɑ tː ɑ	1	a								SVSk
estonian_standard	groan	3		ohkida		ohkita		ohkitɑ		o h k i t ɑ	3	c								SVSk
estonian_standard	groan	4		ohata				ohɑtɑ		o h ɑ t ɑ	3	c								SVSk
finnish_standard	groan	1		voihkia		voihkia		ʋo̞içkiɑ		ʋ o̞ i ç k i ɑ	1	a								JL
hungarian	groan	1		nyög		ńög		ɲøɡ		ɲ ø ɡ	10	j								FMSz
ingrian	groan	1		voihkua		voihkua		voihkuɑ		v o i h k u ɑ	1	a								InkmSk
karelian_proper	groan	1		ohkoa				ohkoɑ		o h k o ɑ	3	c								KKSV
karelian_proper	groan	2		yhkeä				yhkeæ		y h k e æ	2	b								KKSV
khanty_vakh_vasyugan	groan	1		ner-		ner-		ner-		n e r	14	n								DEWbOstj
komi_permyak	groan	1		ujzi̮ni̮		ujzi̮ni̮		ujzɯnɯ		u j z ɯ n ɯ	17	q								KoPRSl
komi_zyrian	groan	1		i̮mzi̮ni̮		i̮mzi̮ni̮		ɯmzɯnɯ		ɯ m z ɯ n ɯ	9	i								SyrjWsch
komi_zyrian	groan	2		ružti̮ni̮		ružti̮ni̮		ruʒtɯnɯ		r u ʒ t ɯ n ɯ	8	h								SyrjWsch
livonian_courland	groan	1		vȯikõ				vɤikɯ		v ɤ i k ɯ	1	r						SES		
mansi_sosva	groan	1		ńiśśi		ńiśśi		ɲiɕːi		ɲ i ɕː i	12	l								WogWb
mari_hill	groan	1		ojlaš				ojlɑʃ		o j l ɑ ʃ	1	a						SES		
mari_hill	groan	2		oχlaš				oxlɑʃ		o x l ɑ ʃ	1	a						SES		
mari_meadow	groan	1		jə̑ŋə̑sem		jə̑ŋə̑sem		jəŋəsem		j ə ŋ ə s e m	11	k								SMSk, TscherWb
mari_meadow	groan	2		ojojlem		ojojlem		ojojlem		o j o j l e m	1	a								SMSk, TscherWb
moksha	groan	1		kufćəms				kuft͡sʲəms		k u f t͡sʲ ə m s	4	s						SES		
nenets_tundra	groan	1		təxa-				təxɑ-		t ə x ɑ	13	m								JurSWb
nganasan	groan	1		močitisi				mot͡ʃitisi		m o t͡ʃ i t i s i	18	t								Kortt-Simchenko
proto_uralic	groan	1	not_reconstructable																	
saami_inari	groan	1		luoimâđ				luoiməð		l u o i m ə ð	5	e								InsSSk
saami_inari	groan	2		huáikkuđ				huæikːuð		h u æ i kː u ð	15	o								InsSSk
saami_kildin	groan	1		vuahke		vuahke		vuɑhke		v u ɑ h k e	1	r	finnic	clear					SSA	WOLD
saami_north	groan	1		fuoikut				fuoikut		f u o i k u t	1	r	finnic	clear					Aikio2007	SSSg
saami_north	groan	2		luoibmat				luoipmɑt		l u o i p m ɑ t	5	e				'Groan, wail, whimper'				SSSg
saami_pite	groan	1	form_not_found																	EZ
saami_skolt	groan	1		luẹikkad	luâikkad			lueikːɑd		l u e i kː ɑ d	6	f								SKosSk
saami_south	groan	1		hojjedh				hojːedh		h o jː e d h	16	p								NSsNdb
saami_south	groan	2		loejhmedh				luejhmedh		l u e j h m e d h	5	e								NSsNdb
saami_ume	groan	1		luajjuot				luɑjːuot		l u ɑ jː u o t	5	e								WbWlap
saami_ume	groan	2		luajbmat				luɑjpmɑt		l u ɑ j p m ɑ t	5	e								
selkup_northern	groan	1		nyirəka				nyirəkɑ		n y i r ə k ɑ	19	u						SES		SolkWb
selkup_northern	groan	2		čaky-				t͡ʃɑky		t͡ʃ ɑ k y	20	v						SES		
udmurt	groan	1		ǯušti̮ni̮		ǯušti̮ni̮		dʒuʃtɯnɯ		dʒ u ʃ t ɯ n ɯ	8	h								WotjWsch
veps	groan	1		voivotada				voivotɑdɑ		v o i v o t ɑ d ɑ	1	a								VVS
votic_western	groan	1		ohkā		ohkā		ohkɑː		o h k ɑː	3	c								VKJMS
votic_western	groan	2		oikkia		oikkia		oikːiɑ		o i kː i ɑ	3	c								VKJMS
erzya	guts	1		śulo		śulo		ɕulo		ɕ u l o	1	a			Proto-Indo-European origin proposed by Koivulehto 1999, re-evaluated and rejected by Holopainen2021. Both possibities of early Indo-European or Indo-Iranian origin rejected.					MordWb
estonian_south	guts	1		soolik				soːlik		s oː l i k	1	a			Proto-Indo-European origin proposed by Koivulehto 1999, re-evaluated and rejected by Holopainen2021. Both possibities of early Indo-European or Indo-Iranian origin rejected.					VESr
estonian_standard	guts	1		sool		sool		soːl		s oː l	1	a			Proto-Indo-European origin proposed by Koivulehto 1999, re-evaluated and rejected by Holopainen2021. Both possibities of early Indo-European or Indo-Iranian origin rejected.					SVSk
finnish_standard	guts	1		suoli		suoli		suo̞li		s u o̞ l i	1	a			Proto-Indo-European origin proposed by Koivulehto 1999, re-evaluated and rejected by Holopainen2021. Both possibities of early Indo-European or Indo-Iranian origin rejected.					JL
hungarian	guts	1		bél		beel		beːl		b eː l	3	c								FMSz
ingrian	guts	1		sōli		sōli		soːli		s oː l i	1	a			Proto-Indo-European origin proposed by Koivulehto 1999, re-evaluated and rejected by Holopainen2021. Both possibities of early Indo-European or Indo-Iranian origin rejected.					InkmSk
karelian_proper	guts	1		kiiška				kiːʃkɑ		k iː ʃ k ɑ	2	b	russian	clear	Likely independent borrowing into Karelian				MH	KKSV
karelian_proper	guts	2		suoli				suoli		s u o l i	1	a			Proto-Indo-European origin proposed by Koivulehto 1999, re-evaluated and rejected by Holopainen2021. Both possibities of early Indo-European or Indo-Iranian origin rejected.					KKSV
khanty_vakh_vasyugan	guts	1		sol		sol		sol		s o l	1	a			Proto-Indo-European origin proposed by Koivulehto 1999, re-evaluated and rejected by Holopainen2021. Both possibities of early Indo-European or Indo-Iranian origin rejected.					DEWbOstj
komi_permyak	guts	1		kiška		kiška		kiʃkɑ		k i ʃ k ɑ	2	g	russian	clear					KoPRSl	KoPRSl
komi_permyak	guts	2		śu	śuv	śu	śuv	ɕu	ɕuv	ɕ u	1	a			Proto-Indo-European origin proposed by Koivulehto 1999, re-evaluated and rejected by Holopainen2021. Both possibities of early Indo-European or Indo-Iranian origin rejected.					KoPRSl
komi_zyrian	guts	1		śuv		śuv		ɕuv		ɕ u v	1	a			Proto-Indo-European origin proposed by Koivulehto 1999, re-evaluated and rejected by Holopainen2021. Both possibities of early Indo-European or Indo-Iranian origin rejected.					SyrjWsch
livonian_courland	guts	1		sūoļ				suːoʎ		s uː o ʎ	1	a			Proto-Indo-European origin proposed by Koivulehto 1999, re-evaluated and rejected by Holopainen2021. Both possibities of early Indo-European or Indo-Iranian origin rejected.					LivWb
mansi_sosva	guts	1		saχ		saχ		sɑx		s ɑ x	4	d								WogWb
mari_hill	guts	1		šol				ʃol		ʃ o l	1	a			Proto-Indo-European origin proposed by Koivulehto 1999, re-evaluated and rejected by Holopainen2021. Both possibities of early Indo-European or Indo-Iranian origin rejected.			Koivulehto1999		
mari_meadow	guts	1		šolo		šolo		ʃolo		ʃ o l o	1	a			Proto-Indo-European origin proposed by Koivulehto 1999, re-evaluated and rejected by Holopainen2021. Both possibities of early Indo-European or Indo-Iranian origin rejected.					SMSk, TscherWb
moksha	guts	1		śulat				sʲulɑt		sʲ u l ɑ t	1	a			Proto-Indo-European origin proposed by Koivulehto 1999, re-evaluated and rejected by Holopainen2021. Both possibities of early Indo-European or Indo-Iranian origin rejected.			Koivulehto1999		
nenets_tundra	guts	1		yedyo				jedʲo		j e dʲ o	5	e								JurSWb
nganasan	guts	1		b´etuˀ				betuʔ		b e t u ʔ	5	e								SlNgaRus
proto_uralic	guts	1		*śali̮				sʲɑlɨ		sʲ ɑ l ɨ	1	a			Proto-Indo-European origin proposed by Koivulehto 1999, re-evaluated and rejected by Holopainen2021. Both possibities of early Indo-European or Indo-Iranian origin rejected.		PFU: *śola (cf. PIE ḱolo-)		Koivulehto1999	UEW, Sam88
saami_inari	guts	1		čuáli				t͡ʃuæli		t͡ʃ u æ l i	1	a			Proto-Indo-European origin proposed by Koivulehto 1999, re-evaluated and rejected by Holopainen2021. Both possibities of early Indo-European or Indo-Iranian origin rejected.				Koivulehto1999	InsSSk
saami_kildin	guts	1		čuell’		tšuellʹ		tʃuelːʲ		t ʃ u e lːʲ	1	a			Proto-Indo-European origin proposed by Koivulehto 1999, re-evaluated and rejected by Holopainen2021. Both possibities of early Indo-European or Indo-Iranian origin rejected.				Koivulehto1999	WOLD
saami_north	guts	1		čoalli				t͡ʃoɑlːi		t͡ʃ o ɑ lː i	1	a			Proto-Indo-European origin proposed by Koivulehto 1999, re-evaluated and rejected by Holopainen2021. Both possibities of early Indo-European or Indo-Iranian origin rejected.				Koivulehto1999	SSSg
saami_pite	guts	1		tjålle				cɔlːe		c ɔ lː e	1	a			Proto-Indo-European origin proposed by Koivulehto 1999, re-evaluated and rejected by Holopainen2021. Both possibities of early Indo-European or Indo-Iranian origin rejected.				Koivulehto1999	EZ
saami_skolt	guts	1		čuẹʹll				t͡ʃuelʲː		t͡ʃ u e lʲː	1	a			Proto-Indo-European origin proposed by Koivulehto 1999, re-evaluated and rejected by Holopainen2021. Both possibities of early Indo-European or Indo-Iranian origin rejected.				Koivulehto1999	SKosSk
saami_south	guts	1		sysngelasjh				sysnɡelɑɕh		s y s n ɡ e l ɑ ɕ h	6	f								NSsNdb
saami_ume	guts	1		tjå̀llee				cɔlːeː		c ɔ lː eː	1	a			Proto-Indo-European origin proposed by Koivulehto 1999, re-evaluated and rejected by Holopainen2021. Both possibities of early Indo-European or Indo-Iranian origin rejected.				Koivulehto1999	WbWlap
selkup_northern	guts	1		ketu		ketu		ketu		k e t u	5	e								SolkWb
udmurt	guts	1		śul		śul		ɕul		ɕ u l	1	a			Proto-Indo-European origin proposed by Koivulehto 1999, re-evaluated and rejected by Holopainen2021. Both possibities of early Indo-European or Indo-Iranian origin rejected.					WotjWsch
veps	guts	1		kišk				kiʃk		k i ʃ k	2	h	russian	clear	Likely independent borrowing into Veps			MdH	MH	VVS
veps	guts	2		solʹ				solʲ		s o lʲ	1	a			Proto-Indo-European origin proposed by Koivulehto 1999, re-evaluated and rejected by Holopainen2021. Both possibities of early Indo-European or Indo-Iranian origin rejected.					VVS
votic_western	guts	1		sōli		sōli		soːli		s oː l i	1	a			Proto-Indo-European origin proposed by Koivulehto 1999, re-evaluated and rejected by Holopainen2021. Both possibities of early Indo-European or Indo-Iranian origin rejected.					VKJMS
erzya	hair	1		pona		pona		ponɑ		p o n ɑ	7	g				'Body hair'				MordWb
estonian_south	hair	1		karv				kɑrv		k ɑ r v	10	j	baltic	probable		'Body hair'			Junttila2015	VESr
estonian_standard	hair	1		karv		karv		kɑrv		k ɑ r v	10	j	baltic	probable		'Body hair'			Junttila2015	SVSk
finnish_standard	hair	1		karva		karva		kɑrʋɑ		k ɑ r ʋ ɑ	10	j	baltic	probable		'Body hair'			Junttila2015	JL
hungarian	hair	1		szőr		söör		søːr		s øː r	9	i				'Body hair'				FMSz
ingrian	hair	1		karva		karva		kɑrvɑ		k ɑ r v ɑ	10	j	baltic	probable		'Body hair'			Junttila2015	InkmSk
karelian_proper	hair	1		hivus				hivus		h i v u s	1	a	germanic	possible		'Hair on head'			SSA, NES, LAGLOS, EES	KKSV
karelian_proper	hair	2		karva				kɑrvɑ		k ɑ r v ɑ	10	j	baltic	probable		'Body hair'			Junttila2015	KKSV
khanty_vakh_vasyugan	hair	1		pun		pun		pun		p u n	7	g				'Body hair, fur'				DEWbOstj
komi_permyak	hair	1		ge̮n		ge̮n		ɡɤn		ɡ ɤ n	5	e	iranian	probable		'Hair on body'			Csucs2005, Redei1986, Holopainen2019	KoPRSl
komi_zyrian	hair	1		ge̮n		ge̮n		ɡɤn		ɡ ɤ n	5	e	iranian	probable					Csucs2005, Redei1986, Holopainen2019	SyrjWsch
livonian_courland	hair	1		kōra				koːrɑ		k oː r ɑ	1	a	baltic	probable		'Hair'			Junttila2015	LivWb
mansi_sosva	hair	1		pun		pun		pun		p u n	7	g								WogWb
mari_hill	hair	1		pə̑n				pən		p ə n	7	g						SES, Bereczki2013		
mari_meadow	hair	1		pun		pun		pun		p u n	7	g				'Body hair, animal hair'				SMSk, TscherWb
moksha	hair	1		pona				ponɑ		p o n ɑ	7	g						SES, UEW, MordWb		
nenets_tundra	hair	1		tər				tər		t ə r	8	h				'Body hair, feather'				JurSWb
nganasan	hair	1		ŋabtə		ŋabtə		ŋɑbtə		ŋ ɑ b t ə	2	b								SlNgaRus
proto_uralic	hair	1		*i̮pti̮				ɨptɨ		ɨ p t ɨ	2	b				'Hair on head'?				UEW, Sam88
saami_inari	hair	1		soovsâ				soːvsə		s oː v s ə	12	l			"Cogn. with Fin ""höyhen"" 'feather'"					InsSSk
saami_kildin	hair	1		sefs		sefs		sefs		s e f s	12	l								WOLD
saami_north	hair	1		guolga				kuolkɑ		k u o l k ɑ	11	k			From PFV *kalki̮ 'hair, straw'	'Body hair'				SSSg
saami_pite	hair	1		guallga				kuɑlːkɑ		k u ɑ lː k ɑ	11	k						Lehtiranta2001		
saami_skolt	hair	1		sõõus				səːus		s əː u s	12	l			"Cogn. with Fin ""höyhen"" 'feather'"	'Animal hair'				SKosSk
saami_skolt	hair	2		vuõptt				vuəptː		v u ə p tː	2	b				'Hair on head'				SKosSk
saami_south	hair	1		goelke				ɡuelke		ɡ u e l k e	11	k			From PFV *kalki̮ 'hair, straw'					NSsNdb
saami_ume	hair	1		gualˈga				kuɑlˈkɑ		k u ɑ lˈ k ɑ	11	k			From PFV *kalki̮ 'hair, straw'	'Animal hair'				WbWlap
selkup_northern	hair	1		tar		tar		tɑr		t ɑ r	8	h				'Body hair, feather'				SolkWb
udmurt	hair	1		gon		gon		ɡon		ɡ o n	5	e	iranian	probable					Csucs2005, Redei1986, Holopainen2019	WotjWsch
veps	hair	1		karv				kɑrv		k ɑ r v	10	j	baltic	probable		'Body hair'			Junttila2015	VVS
votic_western	hair	1		karva		karva		ivuz̥		i v u z̥	10	j	baltic	probable				Junttila2015	Junttila2015	
erzya	hand	1		kedʹ		kedʹ		kedʲ		k e dʲ	1	a								MordWb
estonian_south	hand	1		käsi				kæsi		k æ s i	1	a								VESr
estonian_standard	hand	1		käsi		käsi		kæsi		k æ s i	1	a								SVSk
finnish_standard	hand	1		käsi		käsi		kæsi		k æ s i	1	a								JL
hungarian	hand	1		kéz		keez		keːz		k eː z	1	a								FMSz
ingrian	hand	1		käzi		käzi		kæzi		k æ z i	1	a								InkmSk
karelian_proper	hand	1		käsi				kæsi		k æ s i	1	a								KKSV
khanty_vakh_vasyugan	hand	1		köt		köt		køt		k ø t	1	a								DEWbOstj
komi_permyak	hand	1		ki		ki		ki		k i	1	a								KoPRSl
komi_zyrian	hand	1		ki		ki		ki		k i	1	a								SyrjWsch
livonian_courland	hand	1		kež				keʒ		k e ʒ	1	a								LivWb
mansi_sosva	hand	1		kāt		kāt		kɑːt		k ɑː t	1	a								WogWb
mari_hill	hand	1		kid				kid		k i d	1	a						SES, UEW		
mari_meadow	hand	1		kit		kit		kit		k i t	1	a								SMSk, TscherWb
moksha	hand	1		käd'				kædʲ		k æ dʲ	1	a						SES, UEW		
nenets_tundra	hand	1		ŋuda				ŋudɑ		ŋ u d ɑ	2	b								JurSWb
nganasan	hand	1		dʹütü		dʹütü		dʲyty		dʲ y t y	2	b								SlNgaRus
proto_uralic	hand	1		*käti				kæti		k æ t i	1	a					PFU: *käti			UEW, Sam88
saami_inari	hand	1		kietâ				kietə		k i e t ə	1	a								InsSSk
saami_kildin	hand	1		kīdt		kiidd		kiːdː		k iː dː	1	a								WOLD
saami_north	hand	1		giehta				kiehtɑ		k i e h t ɑ	1	a								SSSg
saami_pite	hand	1		giehta				kiehtɑ		k i e h t ɑ	1	a								EZ
saami_skolt	hand	1		ǩiõtt				ciətː		c i ə tː	1	a								SKosSk
saami_south	hand	1		gïete				ɡɨete		ɡ ɨ e t e	1	a								NSsNdb
saami_ume	hand	1		giahta				kiɑhtɑ		k i ɑ h t ɑ	1	a								WbWlap
selkup_northern	hand	1		utə		utə		utə		u t ə	2	b								SolkWb
udmurt	hand	1		ki		ki		ki		k i	1	a								WotjWsch
veps	hand	1		käźi				kæzʲi		k æ zʲ i	1	a								VVS
votic_western	hand	1		tšäsi		čäsi		tʃæsi		tʃ æ s i	1	a								VKJMS
erzya	hard	1		kalgodo		kalgodo		kɑlɡodo		k ɑ l ɡ o d o	3	c								MordWb
estonian_south	hard	1		kõva				kɤvɑ		k ɤ v ɑ	1	a								VESr
estonian_standard	hard	1		kõva		kə̑va		kɤvɑ		k ɤ v ɑ	1	a								SVSk
finnish_standard	hard	1		kova		kova		ko̞ʋɑ		k o̞ ʋ ɑ	1	a								JL
hungarian	hard	1		kemény		kemeeń		kɛmeːɲ		k ɛ m eː ɲ	6	f								FMSz
ingrian	hard	1		kova		kova		kovɑ		k o v ɑ	1	a								InkmSk
karelian_proper	hard	1		kova				kovɑ		k o v ɑ	1	a								KKSV
khanty_vakh_vasyugan	hard	1		serɜ		serə		serə		s e r ə	8	h								DEWbOstj
komi_permyak	hard	1		ćori̮t		ćori̮t		tɕorɯt		tɕ o r ɯ t	5	e			From PFP (PU?) *ćarV 'hard, strong'					KoPRSl
komi_zyrian	hard	1		ćori̮d		ćori̮d		tɕorɯd		tɕ o r ɯ d	5	e			From PFP (PU?) *ćarV 'hard, strong'					SyrjWsch
livonian_courland	hard	1		vizā				vizɑː		v i z ɑː	1	a								LivWb
mansi_sosva	hard	1		ńaŋra		ńaŋra		ɲɑŋrɑ		ɲ ɑ ŋ r ɑ	7	g								WogWb
mari_hill	hard	1		pingəδə				piŋɡəðə		p i ŋ ɡ ə ð ə	9	i						SES, Bereczki2013		
mari_meadow	hard	1		peŋgə̑δe		peŋgə̑δe		peŋɡəðe		p e ŋ ɡ ə ð e	9	i								SMSk, TscherWb
mari_meadow	hard	2		peškə̑δe		peškə̑δe		peʃkəðe		p e ʃ k ə ð e	4	d								SMSk, TscherWb
moksha	hard	1		kalgoda				kɑlɡodɑ		k ɑ l ɡ o d ɑ	3	c						SES, EES		
nenets_tundra	hard	1		yabtyiy°	yabtiy°			jɑbtʲij		j ɑ b tʲ i j	11	k								JurSWb
nganasan	hard	1		tud'aruo				tudʲɑruo		t u dʲ ɑ r u o	20	t			Cognacy reference lacking			MdH		
nganasan	hard	2		dʹanti̮ə		dʹanti̮ə		dʲɑntɯə		dʲ ɑ n t ɯ ə	17	q								SlNgaRus
nganasan	hard	3		nosəgə̄		nosəgə̄		nosəɡəː		n o s ə ɡ əː	18	r								SlNgaRus
nganasan	hard	4		tujmuə		tujmuə		tujmuə		t u j m u ə	19	s								SlNgaRus
proto_uralic	hard	1		*kämä ?				kæmæ		k æ m æ	6	f								UEW, Sam88
saami_inari	hard	1		kievrâ				kievrə		k i e v r ə	21	u						Itkonen1986		
saami_kildin	hard	1		kērr		keerr		keːrː		k eː rː	2	b								WOLD
saami_north	hard	1		garas				kɑrɑs		k ɑ r ɑ s	2	b								SSSg
saami_pite	hard	1		garra				kɑrːɑ		k ɑ rː ɑ	2	b								EZ
saami_pite	hard	2		tjavvga				cɑvːkɑ		c ɑ vː k ɑ	16	p								EZ
saami_skolt	hard	1		kõõrâs				kəːrɐs		k əː r ɐ s	2	b								SKosSk
saami_south	hard	1		garre				ɡɑrːe		ɡ ɑ rː e	2	b								NSsNdb
saami_south	hard	2		tjamke				t͡ɕɑmke		t͡ɕ ɑ m k e	16	p								NSsNdb
saami_ume	hard	1		garras				kɑrːɑs		k ɑ rː ɑ s	2	b								WbWlap
selkup_northern	hard	1		śarə		śarə		ɕɑrə		ɕ ɑ r ə	10	j								SolkWb
udmurt	hard	1		ćuri̮t		ćuri̮t		tɕurɯt		tɕ u r ɯ t	5	e			From PFP (PU?) *ćarV 'hard, strong'					WotjWsch
veps	hard	1		kova				kovɑ		k o v ɑ	1	a								VVS
votic_western	hard	1		kõva		ke̮va		kɤvɑ		k ɤ v ɑ	1	a								VKJMS
erzya	he_she	1		son		son		son		s o n	1	a								MordWb
estonian_south	he_she	1		timä				timæ		t i m æ	2	b								VESr
estonian_standard	he_she	1		tema		tema		temɑ		t e m ɑ	2	b								SVSk
estonian_standard	he_she	2		ta		ta		tɑ		t ɑ	2	b								SVSk
finnish_standard	he_she	1		hän		hän		hæn		h æ n	1	a								JL
hungarian	he_she	1		ő		öö		øː		øː	1	a								FMSz
ingrian	he_she	1		hǟ		hǟ		hæː		h æː	1	a								InkmSk
karelian_proper	he_she	1		heän				heæn		h e æ n	1	a								KKSV
khanty_vakh_vasyugan	he_she	1		lö̆ɣ	jö̆ɣ	lö̆ɣ	jö̆ɣ	lø̆ɣ	jø̆ɣ	l ø ̆ ɣ	1	a								DEWbOstj
komi_permyak	he_she	1		sija		sija		sijɑ		s i j ɑ	1	a								KoPRSl
komi_zyrian	he_she	1		si̮		si̮		sɯ		s ɯ	1	a					Former only with postpositions etc., latter also as independent form			SyrjWsch
komi_zyrian	he_she	2		sije̮		sije̮		sijɤ		s i j ɤ	1	a					Former only with postpositions etc., latter also as independent form			SyrjWsch
livonian_courland	he_she	1		tämā				tæmɑː		t æ m ɑː	2	b								LivWb
livonian_courland	he_she	2		ta				tɑ		t ɑ	2	b								LivWb
mansi_sosva	he_she	1		taw		taw		tɑw		t ɑ w	1	a								WogWb
mari_hill	he_she	1		tədə				tədə		t ə d ə	3	c						SES, Bereczki2013		
mari_meadow	he_she	1		tuδo		tuδo		tuðo		t u ð o	3	c								SMSk, TscherWb
moksha	he_she	1		son				son		s o n	1	a						SES, UEW		
nenets_tundra	he_she	1		pida				pidɑ		p i d ɑ	4	d								JurSWb
nganasan	he_she	1		si̮ti̮		si̮ti̮		sɯtɯ		s ɯ t ɯ	7	g								SlNgaRus
proto_uralic	he_she	1	not_reconstructable														PFU: *sV-			UEW, Sam88
saami_inari	he_she	1		sun				sun		s u n	1	a								InsSSk
saami_kildin	he_she	1		sōnn		soonn		soːnː		s oː nː	1	a								WOLD
saami_north	he_she	1		dat				tɑt		t ɑ t	6	f								SSSg
saami_north	he_she	2		son				son		s o n	1	a								SSSg
saami_pite	he_she	1		sån				sɔn		s ɔ n	1	a								EZ
saami_skolt	he_she	1		son				son		s o n	1	a								SKosSk
saami_south	he_she	1		dïhte				dɨhte		d ɨ h t e	6	f								NSsNdb
saami_south	he_she	2		satne				sɑtne		s ɑ t n e	1	a								NSsNdb
saami_ume	he_she	1		sådˈna				sɔtˈnɑ		s ɔ tˈ n ɑ	1	a								WbWlap
selkup_northern	he_she	1		tep	te̮p	tep	te̮p	tep	tɤp	t e p	5	e								SolkWb
udmurt	he_she	1		so		so		so		s o	1	a								WotjWsch
veps	he_she	1		hʹän				hʲæn		hʲ æ n	1	a								VVS
votic_western	he_she	1		tämä		tämä		tæmæ		t æ m æ	2	b								VKJMS
erzya	head	1		pŕa		pŕa		prʲɑ		p rʲ ɑ	3	c			Semantic development from earlier 'rear end' > ('either end' >) 'front end = head'					MordWb
estonian_south	head	1		pää				pæː		p æː	1	a								VESr
estonian_standard	head	1		pea		pea		peɑ		p e ɑ	1	a								SVSk
finnish_standard	head	1		pää		pää		pæː		p æː	1	a								JL
hungarian	head	1		fej		fej		fɛj		f ɛ j	1	a								FMSz
hungarian	head	2		fő		föö		føː		f øː	1	a								FMSz
ingrian	head	1		pǟ		pǟ		pæː		p æː	1	a								InkmSk
karelian_proper	head	1		peä				peæ		p e æ	1	a								KKSV
khanty_vakh_vasyugan	head	1		oɣ		oɣ		oɣ		o ɣ	5	e								DEWbOstj
komi_permyak	head	1		jur		jur		jur		j u r	4	d								KoPRSl
komi_zyrian	head	1		jur		jur		jur		j u r	4	d								SyrjWsch
livonian_courland	head	1		pǟ				pæː		p æː	1	a								LivWb
mansi_sosva	head	1		puŋk		puŋk		puŋk		p u ŋ k	1	a								WogWb
mari_hill	head	1		βuj				βuj		β u j	2	b						SES, Bereczki2013		
mari_meadow	head	1		βuj		βuj		βuj		β u j	2	b								SMSk, TscherWb
moksha	head	1		pŕä				prʲæ		p rʲ æ	3	c			Cognacy referencelacking			SES		
nenets_tundra	head	1		ŋæwa				ŋæwɑ		ŋ æ w ɑ	2	b								JurSWb
nganasan	head	1		ŋojbu		ŋojbu		ŋojbu		ŋ o j b u	2	b								SlNgaRus
proto_uralic	head	1		*ojwa				ojwɑ		o j w ɑ	2	b								UEW, Sam88
proto_uralic	head	2		*päŋi				pæŋi		p æ ŋ i	1	a								UEW, Sam88
saami_inari	head	1		uáivi				uæivi		u æ i v i	2	b								InsSSk
saami_kildin	head	1		vuejjv		vuejjv		vuejːv		v u e jː v	2	b								WOLD
saami_north	head	1		oaivi				oɑivi		o ɑ i v i	2	b								SSSg
saami_pite	head	1		åjjve				ɔjːve		ɔ jː v e	2	b								EZ
saami_skolt	head	1		vueiʹvv				vueivʲː		v u e i vʲː	2	b								SKosSk
saami_south	head	1		åejjie				ɔejːie		ɔ e jː i e	2	b								NSsNdb
saami_ume	head	1		å̀ivee				ɔiveː		ɔ i v eː	2	b								WbWlap
selkup_northern	head	1		olə		olə		olə		o l ə	6	f								SolkWb
udmurt	head	1		ji̮r		ji̮r		jɯr		j ɯ r	4	d								WotjWsch
veps	head	1		pä				pæ		p æ	1	a								VVS
votic_western	head	1		pǟ		pǟ		pæː		p æː	1	a								VKJMS
erzya	hear	1		maŕams		maŕams		mɑrʲɑms		m ɑ rʲ ɑ m s	4	d								MordWb
estonian_south	hear	1		kuuldma				kuːldmɑ		k uː l d m ɑ	1	a								VESr
estonian_standard	hear	1		kuulda		kuulta		kuːltɑ		k uː l t ɑ	1	a								SVSk
finnish_standard	hear	1		kuulla		kuulla		kuːlːɑ		k uː lː ɑ	1	a								JL
hungarian	hear	1		hall		hall		hɒlː		h ɒ lː	5	e			From PFU *kunti̮-li̮- 'listen' (through intermediate “hadl”, attested)					FMSz
ingrian	hear	1		kūlla		kūlla		kuːlːɑ		k uː lː ɑ	1	a								InkmSk
karelian_proper	hear	1		kuulla				kuːlːɑ		k uː lː ɑ	1	a								KKSV
khanty_vakh_vasyugan	hear	1		kɔl		kɔl		kɔl		k ɔ l	1	a								DEWbOstj
komi_permyak	hear	1		ki̮vni̮		ki̮vni̮		kɯvnɯ		k ɯ v n ɯ	1	a								KoPRSl
komi_zyrian	hear	1		ki̮vni̮		ki̮vni̮		kɯvnɯ		k ɯ v n ɯ	1	a								SyrjWsch
livonian_courland	hear	1		kūlõ				kuːlɯ		k uː l ɯ	1	a								LivWb
mansi_sosva	hear	1		χūli		χūli		xuːli		x uː l i	1	a								WogWb
mari_hill	hear	1		kolaš				kolɑʃ		k o l ɑ ʃ	1	a								
mari_meadow	hear	1		kolam		kolam		kolɑm		k o l ɑ m	1	a								SMSk, TscherWb
moksha	hear	1		kulems				kulems		k u l e m s	1	a								
nenets_tundra	hear	1		nəmtə°				nəmtə		n ə m t ə	2	b								JurSWb
nganasan	hear	1		dʹindiśi		dʹindiśi		dʲindiɕi		dʲ i n d i ɕ i	3	c								SlNgaRus
proto_uralic	hear	1	not_reconstructable														PFU: *kuli̮- (?*kVwli̮-)			UEW, Sam88
saami_inari	hear	1		kuullâđ				kuːlːəð		k uː lː ə ð	1	a								InsSSk
saami_kildin	hear	1		kulle		kulle		kulːe		k u lː e	1	a								WOLD
saami_north	hear	1		gullat				kulːɑt		k u lː ɑ t	1	a								SSSg
saami_pite	hear	1		gullat				kulːɑt		k u lː ɑ t	1	a								EZ
saami_skolt	hear	1		kuullâd				kuːlːɐd		k uː lː ɐ d	1	a								SKosSk
saami_south	hear	1		govledh				ɡovledh		ɡ o v l e d h	1	a								NSsNdb
saami_ume	hear	1		gùllat				kulːɑt		k u lː ɑ t	1	a								WbWlap
selkup_northern	hear	1		üntə-		üntə-		yntə-		y n t ə	3	c								SolkWb
udmurt	hear	1		ki̮li̮ni̮		ki̮li̮ni̮		kɯlɯnɯ		k ɯ l ɯ n ɯ	1	a								WotjWsch
veps	hear	1		kulda	kūda			kuldɑ		k u l d ɑ	1	a								VVS
votic_western	hear	1		kūlla		kūlla		kuːlɤmɑ		k uː l ɤ m ɑ	1	a								VKJMS
erzya	heart	1		śedʹej		śedʹej		ɕedʲej		ɕ e dʲ e j	1	a								MordWb
estonian_south	heart	1		süä				syæ		s y æ	1	a								VESr
estonian_standard	heart	1		süda		süda		sydɑ		s y d ɑ	1	a								SVSk
finnish_standard	heart	1		sydän		südän		sydæn		s y d æ n	1	a								JL
hungarian	heart	1		szív		siiv		siːv		s iː v	1	a								FMSz
ingrian	heart	1		süän		süän		syæn		s y æ n	1	a								InkmSk
karelian_proper	heart	1		seän				seæn		s e æ n	1	a								KKSV
khanty_vakh_vasyugan	heart	1		səm		səm		səm		s ə m	1	a								DEWbOstj
komi_permyak	heart	1		śe̮le̮m		śe̮le̮m		ɕɤlɤm		ɕ ɤ l ɤ m	1	a								KoPRSl
komi_zyrian	heart	1		śe̮le̮m		śe̮le̮m		ɕɤlɤm		ɕ ɤ l ɤ m	1	a								SyrjWsch
livonian_courland	heart	1		sidām				sidɑːm		s i d ɑː m	1	a								LivWb
mansi_sosva	heart	1		sim		sim		sim		s i m	1	a								WogWb
mari_hill	heart	1		šüm				ʃym		ʃ y m	1	a						SES, UEW		
mari_meadow	heart	1		šüm		šüm		ʃym		ʃ y m	1	a								SMSk, TscherWb
moksha	heart	1		śed'i				sʲedʲi		sʲ e dʲ i	1	a						SES, Bereczki2013		
nenets_tundra	heart	1		syey°				sʲej		sʲ e j	1	a								JurSWb
nganasan	heart	1		sə̄		sə̄		səː		s əː	1	a								SlNgaRus
proto_uralic	heart	1		*śüδä-m-				sʲyðæm		sʲ y ð æ m	1	a								UEW, Sam88
saami_inari	heart	1		váimu				væimu		v æ i m u	2	b	finnic	probable					Aikio2009	InsSSk
saami_kildin	heart	1		kūtt’k		kuuttʹk		kuːtːʲk		k uː tːʲ k	3	c						Riessler2009		WOLD
saami_north	heart	1		váibmu				vɑːipmu		v ɑː i p m u	2	b	finnic	probable					Aikio2009	SSSg
saami_pite	heart	1		vájbmo				vɑːjpmo		v ɑː j p m o	2	b	finnic	probable					Aikio2009	EZ
saami_skolt	heart	1		čââʹđ				t͡ʃɐːðʲ		t͡ʃ ɐː ðʲ	1	a								SKosSk
saami_south	heart	1		vaajmoe				vɑːjmue		v ɑː j m u e	2	b	finnic	probable					Aikio2009	NSsNdb
saami_ume	heart	1		vàibmoo				vɑipmoː		v ɑ i p m oː	2	b	finnic	probable					Aikio2009	WbWlap
selkup_northern	heart	1		sīćə		sīćə		siːtɕə		s iː tɕ ə	1	a			Deriv. from PU *śüδä?					SolkWb
udmurt	heart	1		śulem		śulem		ɕulem		ɕ u l e m	1	a								WotjWsch
veps	heart	1		südäin				sydæin		s y d æ i n	1	a								VVS
votic_western	heart	1		süä		süä		syæ		s y æ	1	a								VKJMS
erzya	heavy	1		staka		staka		stɑkɑ		s t ɑ k ɑ	6	f								MordWb
estonian_south	heavy	1		rassõ				rɑsːɤ		r ɑ sː ɤ	1	a								VESr
estonian_standard	heavy	1		raske		raske		rɑske		r ɑ s k e	1	a								SVSk
finnish_standard	heavy	1		painava		painava		pɑinɑʋɑ		p ɑ i n ɑ ʋ ɑ	2	b								JL
finnish_standard	heavy	2		raskas		raskas		rɑskɑs		r ɑ s k ɑ s	1	a								JL
hungarian	heavy	1		nehéz		neheez		nɛɦeːz		n ɛ ɦ eː z	8	h								FMSz
hungarian	heavy	2		súlyos		šuujoš		ʃuːjoʃ		ʃ uː j o ʃ	9	i								FMSz
ingrian	heavy	1		raŋkka		raŋkka		rɑŋkːɑ		r ɑ ŋ kː ɑ	14	n								InkmSk
ingrian	heavy	2		raskaz		raskaz		rɑskɑz		r ɑ s k ɑ z	1	a								InkmSk
karelian_proper	heavy	1		jykie				jykie		j y k i e	3	c								KKSV
karelian_proper	heavy	2		raskas				rɑskɑs		r ɑ s k ɑ s	1	a								KKSV
khanty_vakh_vasyugan	heavy	1		läɣərt		läɣərt		læɣərt		l æ ɣ ə r t	10	j								DEWbOstj
komi_permyak	heavy	1		śe̮ki̮t		śe̮ki̮t		ɕɤkɯt		ɕ ɤ k ɯ t	7	g	volga bulgar turkic	possible					Csucs2005, RedeiRonaTas1983	KoPRSl
komi_zyrian	heavy	1		śe̮ki̮d		śe̮ki̮d		ɕɤkɯd		ɕ ɤ k ɯ d	7	g	volga bulgar turkic	possible					Csucs2005, RedeiRonaTas1983	SyrjWsch
livonian_courland	heavy	1		lǟlam				læːlɑm		l æː l ɑ m	4	d								LivWb
mansi_sosva	heavy	1		tārwitəŋ		tārwitəŋ		tɑːrʷitəŋ		t ɑː rʷ i t ə ŋ	10	j								WogWb
mari_hill	heavy	1		nelə				nelə		n e l ə	4	d								
mari_meadow	heavy	1		nele		nele		nele		n e l e	4	d								SMSk, TscherWb
moksha	heavy	1		staka				stɑkɑ		s t ɑ k ɑ	6	f								
nenets_tundra	heavy	1		səŋkowocy°				səŋkowot͡sʲ		s ə ŋ k o w o t͡sʲ	11	k				'Be heavy (v.)'				JurSWb
nganasan	heavy	1		səŋkutuo		səŋkutuo		səŋkutuo		s ə ŋ k u t u o	11	k								SlNgaRus
proto_uralic	heavy	1	not_reconstructable																	UEW, Sam88
saami_inari	heavy	1		lussâd				lusːəd		l u sː ə d	5	e								InsSSk
saami_kildin	heavy	1		lōss’es’		loossʹesʹ		loːsːʲesʲ		l oː sːʲ e sʲ	5	e								WOLD
saami_north	heavy	1		lossat				losːɑt		l o sː ɑ t	5	e								SSSg
saami_pite	heavy	1		luossis				luosːis		l u o sː i s	5	e								JL, EZ
saami_pite	heavy	2		låssåt				lɔsːɔt		l ɔ sː ɔ t	5	e								JL, EZ
saami_skolt	heavy	1		lossâd				losːɐd		l o sː ɐ d	5	e								SKosSk
saami_south	heavy	1		leevles	löövles			leːvles		l eː v l e s	4	d								NSsNdb
saami_south	heavy	2		lyövlehke				lyøvlehke		l y ø v l e h k e	4	d								NSsNdb
saami_ume	heavy	1		låssada				lɔsːɑtɑ		l ɔ sː ɑ t ɑ	5	e								WbWlap
selkup_northern	heavy	1		se̮ččəm		se̮ččəm		sɤtʃːəm		s ɤ tʃː ə m	12	l								SolkWb
udmurt	heavy	1		śeki̮t		śeki̮t		ɕekɯt		ɕ e k ɯ t	7	g	volga bulgar turkic	possible					Csucs2005, RedeiRonaTas1983	WotjWsch
veps	heavy	1		jüged				jyɡed		j y ɡ e d	3	c								VVS
votic_western	heavy	1		raskaz		raskaz		rɑskɑz		r ɑ s k ɑ z	1	a								VKJMS
erzya	heel	1		kočkaŕa		kočkaŕa		kotʃkɑrʲɑ		k o tʃ k ɑ rʲ ɑ	4	d			Derivation. Possibly developed from 'corner, angle'.					MordWb
estonian_south	heel	1		kunds				kunds		k u n d s	14	n								VESr
estonian_standard	heel	1		kand		kant		kɑnt		k ɑ n t	1	a								SVSk
finnish_standard	heel	1		kantapää		kantapää		kɑn̪t̪ɑpæː		k ɑ n̪ t̪ ɑ p æː	1	a								JL
hungarian	heel	1		sarok		šarok		ʃɒrok		ʃ ɒ r o k	6	f								FMSz
ingrian	heel	1		kanᴅa		kanᴅa		kɑnd̥ɑ		k ɑ n d̥ ɑ	1	a								InkmSk
karelian_proper	heel	1		kantapeä				kɑntɑpeæ		k ɑ n t ɑ p e æ	1	a								KKSV
khanty_vakh_vasyugan	heel	1		po̭č		po̭č		po̻tʃ		p o̻ tʃ	13	m								DEWbOstj
komi_permyak	heel	1		kokʒ́ir		kokʒ́ir		kokdʑir		k o k dʑ i r	15	o				"Different compounds with ""kok"" 'foot'"				KoPRSl
komi_permyak	heel	2		kokpjata		kokpjata		kokpjɑtɑ		k o k p j ɑ t ɑ	15	o				"Different compounds with ""kok"" 'foot'"				KoPRSl
komi_zyrian	heel	1		koklʹa-be̮r		koklʹa-be̮r		kokʎɑ-bɤr		k o k ʎ ɑ b ɤ r	5	e				"""Kok"" 'foot', ""be̮r"" 'back'"				SyrjWsch
livonian_courland	heel	1		kūonda				kuːondɑ		k uː o n d ɑ	1	a								LivWb
mansi_sosva	heel	1		lāɣəl-junɣa		lāɣəl-junɣa		lɑːɣəl-junɣɑ		l ɑː ɣ ə l j u n ɣ ɑ	9	i				"Comp.; ""lāɣəl"" 'foot', ""junɣa"" 'heel (of shoe, foot)'"				WogWb
mari_hill	heel	1		kaβal				kɑβɑl		k ɑ β ɑ l	17	q			Cognacy reference lacking			SES		
mari_meadow	heel	1		joltaɣan		joltaɣan		joltɑɣɑn		j o l t ɑ ɣ ɑ n	7	g				"Former comp., ""jol"" 'foot'"				SMSk, TscherWb
mari_meadow	heel	2		taɣan		taɣan		tɑɣɑn		t ɑ ɣ ɑ n	7	g				"Former comp., ""jol"" 'foot'"				SMSk, TscherWb
moksha	heel	1		kočkäŕä				kot͡ʃkærʲæ		k o t͡ʃ k æ rʲ æ	4	d			Derivation. Possibly developed from 'corner, angle'.			SES, UEW		
nenets_tundra	heel	1		yarcoŋkey°				jɑrt͡soŋkej		j ɑ r t͡s o ŋ k e j	10	j								JurSWb
nganasan	heel	1		biatə		biatə		biɑtə		b i ɑ t ə	16	p								SlNgaRus
proto_uralic	heel	1	not_reconstructable																	UEW, Sam88
saami_inari	heel	1		šušme				ʃuʃme		ʃ u ʃ m e	2	b								InsSSk
saami_kildin	heel	1		kānnt		kaannt		kɑːnːt		k ɑː nː t	1	a								WOLD
saami_north	heel	1		šušmi				ʃuʃmi		ʃ u ʃ m i	2	b								SSSg
saami_pite	heel	1		båsske				pɔsːke		p ɔ sː k e	3	c								EZ
saami_skolt	heel	1		jueʹlǧǧkädd				juelʲɟːkædː		j u e lʲ ɟː k æ dː	1	a				"Former comp.; ""jueʹlǧǧ"" 'foot'"				SKosSk
saami_skolt	heel	2		kädd				kædː		k æ dː	1	a				"Former comp.; ""jueʹlǧǧ"" 'foot'"				SKosSk
saami_south	heel	1		båetskie				bɔet͡skie		b ɔ e t͡s k i e	3	c								NSsNdb
saami_ume	heel	1		båsskee				pɔsːkeː		p ɔ sː k eː	3	c								WbWlap
selkup_northern	heel	1		lʹakćəń		lʹakćəń		ʎɑktɕəɲ		ʎ ɑ k tɕ ə ɲ	11	k								SolkWb
selkup_northern	heel	2		moćća	moććə	moćća	moććə	motɕːɑ	motɕːə	m o tɕː ɑ	12	l								SolkWb
udmurt	heel	1		pi̮d-ti̮š		pi̮d-ti̮š		pɯd-tɯʃ		p ɯ d t ɯ ʃ	8	h				Comp.; lit. 'foot-back'				WotjWsch
veps	heel	1		kand				kɑnd		k ɑ n d	1	a								VVS
votic_western	heel	1		kanta		kanta		kɑnt		k ɑ n t	1	a								VKJMS
erzya	hen	1		saraz		saraz		sɑrɑz		s ɑ r ɑ z	4	d								MordWb
estonian_south	hen	1		kana				kɑnɑ		k ɑ n ɑ	1	a	germanic	clear					LAGLOS, SSA, EES, NES	VESr, MH
estonian_standard	hen	1		kana		kana		kɑnɑ		k ɑ n ɑ	1	a	germanic	clear					LAGLOS, SSA, EES, NES	SVSk, MH
finnish_standard	hen	1		kana		kana		kɑnɑ		k ɑ n ɑ	1	a	germanic	clear					LAGLOS, SSA, EES, NES	JL, MH
hungarian	hen	1		tyúk		cuuk		cuːk		c uː k	8	h	west old turkic	clear					WOT	FMSz
ingrian	hen	1		kana		kana		kɑnɑ		k ɑ n ɑ	1	a	germanic	clear					LAGLOS, SSA, EES, NES	InkmSk, MH
karelian_proper	hen	1		kana				kɑnɑ		k ɑ n ɑ	1	a	germanic	clear					LAGLOS, SSA, EES, NES	KKSV, MH
khanty_vakh_vasyugan	hen	1		tʹutʹ-kö̆rǝk		tʹutʹ-kö̆rək		tʲutʲ-kø̆rək		tʲ u tʲ k ø ̆ r ə k	7	k	komi	clear					Toivonen1956, DEWOS	DEWbOstj
komi_permyak	hen	1		kure̮g		kure̮g		kurɤɡ		k u r ɤ ɡ	7	g	iranian	clear					Holopainen2019, Csucs2005	KoPRSl
komi_zyrian	hen	1		ćipan		ćipan		tɕipɑn		tɕ i p ɑ n	6	f	turkic	clear					KESK	SyrjWsch
komi_zyrian	hen	2		kure̮g		kure̮g		kurɤɡ		k u r ɤ ɡ	7	g	iranian	clear					Holopainen2019, Csucs2005	SyrjWsch
livonian_courland	hen	1		kanā				kɑnɑː		k ɑ n ɑː	1	a	germanic	clear				SES	LAGLOS, SSA, EES, NES	
mansi_sosva	hen	1		kurka		kurka		kurkɑ		k u r k ɑ	7	j	komi	clear					Toivonen1956, DEWOS	WogWb
mari_hill	hen	1		cəβə				t͡səβə		t͡s ə β ə	5	e	chuvash	clear					TscherWb	
mari_meadow	hen	1		čə̑βe		čə̑βe		tʃəβe		tʃ ə β e	5	e	chuvash	clear					TscherWb	SMSk, TscherWb
moksha	hen	1		saras				sɑrɑs		s ɑ r ɑ s	4	d								
nenets_tundra	hen	1		xarad° xorki°				xɑrɑd xorki		x ɑ r ɑ d x o r k i	2	m					Lit.'house ptarmigan'	SES		RusskoNeneckij
nganasan	hen	1	form_not_found																	SlNgaRus
proto_uralic	hen	1	not_reconstructable																	
saami_inari	hen	1		kääni				kæːni		k æː n i	1	l	finnic	clear					SSA	InsSSk, MH
saami_kildin	hen	1		kānn’		kaannʹ		kɑːnːʲ		k ɑː nːʲ	1	l	finnic	clear					SSA	WOLD, MH
saami_north	hen	1		vuonccis				vuonccis		v u o n c c i s	3	c	north germanic	clear					Lagercrantz1939	SSSg
saami_pite	hen	1		vuanntsa				vuɑnːt͡sɑ		v u ɑ nː t͡s ɑ	3	c	north germanic	clear					Lagercrantz1939	EZ
saami_skolt	hen	1		kääʹnn				kæːnʲː		k æː nʲː	1	l	finnic	clear					SSA	SKosSk, MH
saami_south	hen	1		vöönhtse				vøːnht͡se		v øː n h t͡s e	3	c	north germanic	clear					Lagercrantz1939	NSsNdb
saami_ume	hen	1		vuanntsá				vuɑnːt͡sɑː		v u ɑ nː t͡s ɑː	3	c	north germanic	clear					Lagercrantz1939	WbWlap
selkup_northern	hen	1		kūrəśka		kūrəśka		kuːrəɕkɑ		k uː r ə ɕ k ɑ	7	i	russian	clear		'Hen' or 'cock, rooster'; NB. chickens have been very rare among the Selkup			SolkWb	SolkWb
udmurt	hen	1		kureg		kureg		kureɡ		k u r e ɡ	7	g	iranian	clear					Holopainen2019, Csucs2005	WotjWsch
veps	hen	1		kana				kɑnɑ		k ɑ n ɑ	1	a	germanic	clear					LAGLOS, SSA, EES, NES	VVS, MH
votic_western	hen	1		kana		kana		kɑnɑ		k ɑ n ɑ	1	a	germanic	clear					LAGLOS, SSA, EES, NES	VKJMS, MH
erzya	here	1		tʹese		tʹese		tʲese		tʲ e s e	1	a								MordWb
estonian_south	here	1		siin	siihn			siːn		s iː n	2	b								VESr
estonian_standard	here	1		siin		siin		siːn		s iː n	2	b								SVSk
finnish_standard	here	1		täällä		täällä		t̪æːlːæ		t̪ æː lː æ	1	a								JL
finnish_standard	here	2		tässä		tässä		t̪æsːæ		t̪ æ sː æ	1	a								JL
hungarian	here	1		itt		itt		itː		i tː	3	c								FMSz
ingrian	here	1		sīn		sīn		siːn		s iː n	2	b								InkmSk
karelian_proper	here	1		teällä				teælːæ		t e æ lː æ	1	a								KKSV
khanty_vakh_vasyugan	here	1		tət		tət		tət		t ə t	1	a								DEWbOstj
komi_permyak	here	1		este̮n		este̮n		estɤn		e s t ɤ n	3	c								KoPRSl
komi_permyak	here	2		tate̮n		tate̮n		tɑtɤn		t ɑ t ɤ n	1	a								KoPRSl
komi_zyrian	here	1		tan	tani	tan	tani	tɑn	tɑni	t ɑ n	1	a								SyrjWsch
komi_zyrian	here	2		tate̮n		tate̮n		tɑtɤn		t ɑ t ɤ n	1	a								SyrjWsch
livonian_courland	here	1		täs				tæs		t æ s	1	a								LivWb
livonian_courland	here	2		täsā				tæsɑː		t æ s ɑː	1	a								LivWb
livonian_courland	here	3		sīn				siːn		s iː n	2	b								LivWb
livonian_courland	here	4		sīd				siːd		s iː d	2	b								LivWb
mansi_sosva	here	1		tit		tit		tit		t i t	1	a								WogWb
mari_hill	here	1		tištə				tiʃtə		t i ʃ t ə	1	a						SES, Bereczki2013		
mari_meadow	here	1		tə̑šte		tə̑šte		təʃte		t ə ʃ t e	1	a								SMSk, TscherWb
moksha	here	1		t'asa				tʲɑsɑ		tʲ ɑ s ɑ	1	a						SES, UEW		
nenets_tundra	here	1		tyukoxəna				tʲukoxənɑ		tʲ u k o x ə n ɑ	4	d								JurSWb
nganasan	here	1		əmni̮		əmni̮		əmnɯ		ə m n ɯ	6	f								SlNgaRus
nganasan	here	2		əmədʹa		əmədʹa		əmədʲɑ		ə m ə dʲ ɑ	6	f								SlNgaRus
nganasan	here	3		miˀia		miˀia		miʔiɑ		m i ʔ i ɑ	7	g								SlNgaRus
proto_uralic	here	1		*tä-(kä)				tækæ		t æ k æ	1	a					Possibly an inflected form of a pronominal stem used in this meaning; cannot be reconstructed			UEW, Sam88
saami_inari	here	1		tääbbin				tæːbːin		t æː bː i n	1	a								InsSSk
saami_kildin	here	1		tes’t		tesʹt		tesʲt		t e sʲ t	1	a								WOLD
saami_north	here	1		dáppe				tɑːpːe		t ɑː pː e	1	a								SSSg
saami_north	here	2		dá				tɑː		t ɑː	1	a								SSSg
saami_pite	here	1		dán				tɑːn		t ɑː n	1	a								EZ
saami_pite	here	2		dáppen				tɑːpːen		t ɑː pː e n	1	a								EZ
saami_pite	here	3		dánne				tɑːnːe		t ɑː nː e	1	a								EZ
saami_pite	here	4		däiigo				tæiːko		t æ iː k o	1	a								EZ
saami_pite	here	5		däggu				tækku		t æ k k u	1	a								EZ
saami_skolt	here	1		tääiʹb(en)				tæːibʲen		t æː i bʲ e n	1	a								SKosSk
saami_south	here	1		daagkoe				dɑːɡkue		d ɑː ɡ k u e	1	a								NSsNdb
saami_south	here	2		daebpene				dɑebpene		d ɑ e b p e n e	1	a								NSsNdb
saami_ume	here	1		dàdnee				tɑtneː		t ɑ t n eː	1	a								WbWlap
selkup_northern	here	1		tintə	ti̮ntə	tintə	ti̮ntə	tintə	tɯntə	t i n t ə	1	a								SolkWb
udmurt	here	1		tati̮n		tati̮n		tɑtɯn		t ɑ t ɯ n	1	a								WotjWsch
veps	here	1		tägä				tæɡæ		t æ ɡ æ	1	a								VVS
veps	here	2		täs				tæs		t æ s	1	a								VVS
votic_western	here	1		kassen		kassen		kɑsːen		k ɑ sː e n	5	e								VKJMS
votic_western	here	2		tǟllä		tǟllä		tæːlːæ		t æː lː æ	1	a								VKJMS
votic_western	here	3		siinä		sīnä		siːnæ		s iː n æ	2	b								VKS
erzya	hide	1		kekšems		kekšems		kekʃems		k e k ʃ e m s	2	b								MordWb
estonian_south	hide	1		paotama				pɑotɑmɑ		p ɑ o t ɑ m ɑ	17	q								VESr
estonian_south	hide	2		käk'mä				kækʲmæ		k æ kʲ m æ	2	b						SES		
estonian_standard	hide	1		ära peita		ära peitta		ærɑ peitːɑ		æ r ɑ p e i tː ɑ	3	c	germanic	possible		"""Ära"" 'away', (perfective)"			SSA	SVSk
finnish_standard	hide	1		kätkeä		kätkeä		kæt̪ke̞æ		k æ t̪ k e̞ æ	2	b								JL
finnish_standard	hide	2		piilottaa		piilottaa		piːlot̪ːɑː		p iː l o t̪ː ɑː	1	a								JL
hungarian	hide	1		(el)rejt		(er)rejt		(ɛr)rɛjt			10	j				"""El"" is prefix, also used without"				FMSz
hungarian	hide	2		eldug		eldug		ɛlduɡ		ɛ l d u ɡ	15	o				"""El"" is prefix"				FMSz
ingrian	hide	1		peittǟ		peittǟ		peitːæː		p e i tː æː	3	c	germanic	possible			Form from Saarove village		SSA	InkmSk
karelian_proper	hide	1		kätkie				kætkie		k æ t k i e	2	b								KKSV
karelian_proper	hide	2		peitteä				peitːeæ		p e i tː e æ	3	c	germanic	possible					SSA	KKSV
khanty_vakh_vasyugan	hide	1		kăńitǝ-		kăńitə-		kɑ̆ɲitə-		k ɑ ̆ ɲ i t ə	16	p								DEWbOstj
komi_permyak	hide	1		ʒ́ebni̮		ʒ́ebni̮		dʑebnɯ		dʑ e b n ɯ	8	h								KoPRSl
komi_permyak	hide	2		ʒ́ebavni̮		ʒ́ebavni̮		dʑebɑvnɯ		dʑ e b ɑ v n ɯ	8	h								KoPRSl
komi_zyrian	hide	1		ʒ́ebni̮		ʒ́ebni̮		dʑebnɯ		dʑ e b n ɯ	8	h								SyrjWsch
livonian_courland	hide	1		gläbbõ				ɡlæbːɯ		ɡ l æ bː ɯ	4	d	latvian	clear	"Cf. Latv ""glabāt"""				Suhonen1973	LivWb
mansi_sosva	hide	1		tūjti		tūjti		tuːjti		t uː j t i	11	k								WogWb
mari_hill	hide	1		šəltäš				ʃəltæʃ		ʃ ə l t æ ʃ	6	f								
mari_hill	hide	2		tajaš				tɑjɑʃ		t ɑ j ɑ ʃ	12	l								
mari_meadow	hide	1		šə̑ltem		šə̑ltem		ʃəltem		ʃ ə l t e m	6	f								SMSk, TscherWb
moksha	hide	1		käšems				kæʃems		k æ ʃ e m s	2	b								
nenets_tundra	hide	1		təkəlcy°				təkəlt͡sʲ		t ə k ə l t͡sʲ	13	m								JurSWb
nganasan	hide	1		čīdʹa		čīdʹa		tʃiːdʲɑ		tʃ iː dʲ ɑ	21	u								SlNgaRus
proto_uralic	hide	1	not_reconstructable														*sala- mainly 'steal' in PU? (UEW: 'hide, conceal, steal')			UEW, Sam88
saami_inari	hide	1		čiehâđ				t͡ʃiehəð		t͡ʃ i e h ə ð	5	e	baltic	clear					Sammallahti1998	InsSSk
saami_kildin	hide	1		čīgke		tšiigge		tʃiːɡːe		t ʃ iː ɡː e	5	e	baltic	clear					Sammallahti1998	WOLD
saami_north	hide	1		čiehkat				t͡ʃiehkɑt		t͡ʃ i e h k ɑ t	5	e	baltic	clear					Sammallahti1998	SSSg
saami_pite	hide	1		tjehkat				cehkɑt		c e h k ɑ t	5	e	baltic	clear					Sammallahti1998	EZ
saami_skolt	hide	1		peiʹtted				peitʲːed		p e i tʲː e d	3	w	finnic	clear	"Loan from Finnic, cf. Est ""(ära) peita"""				SSA	SKosSk
saami_south	hide	1		tjïekedh				t͡ɕɨekedh		t͡ɕ ɨ e k e d h	5	e	baltic	clear						NSsNdb
saami_south	hide	2		vöörhkedh				vøːrhkedh		v øː r h k e d h	20	t								NSsNdb
saami_ume	hide	1		tjiahkat				ciɑhkɑt		c i ɑ h k ɑ t	5	e	baltic	clear					Sammallahti1998	WbWlap
selkup_northern	hide	1		oćəŋ-		oćəŋ-		otɕəŋ-		o tɕ ə ŋ	14	n								SolkWb
udmurt	hide	1		vati̮ni̮		vati̮ni̮		vɑtɯnɯ		v ɑ t ɯ n ɯ	9	i								WotjWsch
veps	hide	1		peitta				peitːɑ		p e i tː ɑ	3	c	germanic	possible					SSA	VVS
votic_western	hide	1		kõrjata		ke̮rjata		kɤrjɑtɑ		k ɤ r j ɑ t ɑ	19	s								VKJMS
erzya	hit	1		vačkodʹems		vačkodʹems		vɑtʃkodʲems		v ɑ tʃ k o dʲ e m s	8	h			From PFV *wačka- 'slap, beat'					MordWb
estonian_south	hit	1		lüümä				lyːmæ		l yː m æ	1	a								VESr
estonian_standard	hit	1		lüüa		lüüa		lyːɑ		l yː ɑ	1	a								SVSk
finnish_standard	hit	1		lyödä		lüödä		lyø̞dæ		l y ø̞ d æ	1	a								JL
hungarian	hit	1		üt		üt		yt		y t	16	p								FMSz
hungarian	hit	2		ver		ver		vɛr		v ɛ r	15	o								FMSz
ingrian	hit	1		lȫvvä		lȫvvä		løːvːæ		l øː vː æ	1	a								InkmSk
karelian_proper	hit	1		iskie				iskie		i s k i e	2	b								KKSV
karelian_proper	hit	2		lyyvä				lyːvæ		l yː v æ	1	a								KKSV
khanty_vakh_vasyugan	hit	1		jɔɣi̮-		jɔɣi̮-		jɔɣɯ-		j ɔ ɣ ɯ	20	t								DEWbOstj
khanty_vakh_vasyugan	hit	2		söŋət-		söŋət-		søŋət-		s ø ŋ ə t	19	s								DEWbOstj
komi_permyak	hit	1		vaćki̮ni̮		vaćki̮ni̮		vɑtɕkɯnɯ		v ɑ tɕ k ɯ n ɯ	11	k								KoPRSl
komi_zyrian	hit	1		kućki̮ni̮		kućki̮ni̮		kutɕkɯnɯ		k u tɕ k ɯ n ɯ	12	l								SyrjWsch
komi_zyrian	hit	2		vaćki̮ni̮		vaćki̮ni̮		vɑtɕkɯnɯ		v ɑ tɕ k ɯ n ɯ	11	k								SyrjWsch
livonian_courland	hit	1		rabbõ				rɑbːɯ		r ɑ bː ɯ	3	c	germanic	possible					EES	LivWb
mansi_sosva	hit	1		jūniɣti		jūniɣti		juːniɣti		j uː n i ɣ t i	17	q								WogWb
mansi_sosva	hit	2		rāti		rāti		rɑːti		r ɑː t i	18	r								WogWb
mari_hill	hit	1		šeläš				ʃelæʃ		ʃ e l æ ʃ	30	ad						SES		
mari_meadow	hit	1		perem		perem		perem		p e r e m	22	v	tatar	clear					TscherWb	SMSk, TscherWb
mari_meadow	hit	2		soβem		soβem		soβem		s o β e m	10	j	chuvash	clear					TscherWb	SMSk, TscherWb
moksha	hit	1		piksoms				piksoms		p i k s o m s	32	w						UEW		
nenets_tundra	hit	1		ladə°				lɑdə		l ɑ d ə	21	u								JurSWb
nganasan	hit	1		hośüdʹi		hośüdʹi		hoɕydʲi		h o ɕ y dʲ i	29	ac								SlNgaRus
nganasan	hit	2		hośitəsi̮		hośitəsi̮		hoɕitəsɯ		h o ɕ i t ə s ɯ	29	ac								SlNgaRus
proto_uralic	hit	1		*peksä-				peksæ		p e k s æ	23	w								UEW, Sam88
saami_inari	hit	1		časkeđ				t͡ʃɑskeð		t͡ʃ ɑ s k e ð	5	e								InsSSk
saami_kildin	hit	1		vasste		vasste		vɑsːte		v ɑ sː t e	7	g								WOLD
saami_north	hit	1		časkit				t͡ʃɑskit		t͡ʃ ɑ s k i t	5	e								SSSg
saami_pite	hit	1		tsábbmet				t͡sɑːppmet		t͡s ɑː p p m e t	4	d								EZ
saami_skolt	hit	1		čâʹcǩǩed				t͡ʃɐt͡sʲcːed		t͡ʃ ɐ t͡sʲ cː e d	5	e								SKosSk
saami_skolt	hit	2		västtled				væstːled		v æ s tː l e d	7	g								SKosSk
saami_south	hit	1		tsaepmedh				t͡sɑepmedh		t͡s ɑ e p m e d h	4	d								NSsNdb
saami_ume	hit	1		lå̀skat				lɔskɑt		l ɔ s k ɑ t	6	f								WbWlap
saami_ume	hit	2		tsàbmeet				t͡sɑpmeːt		t͡s ɑ p m eː t	4	d								WbWlap
selkup_northern	hit	1		qǟttə-		qǟttə-		qæːtːə-		q æː tː ə	24	x								SolkWb
udmurt	hit	1		šukki̮ni̮		šukki̮ni̮		ʃukːɯnɯ		ʃ u kː ɯ n ɯ	14	n								WotjWsch
veps	hit	1		lʹödä				lʲødæ		lʲ ø d æ	1	a								VVS
votic_western	hit	1		lüvvä		lüvvä		lyvːæ		l y vː æ	1	a								VKJMS
erzya	hold	1		kiŕdʹems		kiŕdʹems		kirʲdʲems		k i rʲ dʲ e m s	5	e	germanic	possible	From PFV *kärte- 'suffer, hold'				Koivulehto1971	MordWb
estonian_south	hold	1		hoitma				hoitmɑ		h o i t m ɑ	2	b								VESr
estonian_standard	hold	1		hoida		hoita		hoitɑ		h o i t ɑ	2	b								SVSk
finnish_standard	hold	1		pitää		pitää		pit̪æː		p i t̪ æː	1	a								JL
hungarian	hold	1		fog		fog		foɡ		f o ɡ	9	i								FMSz
hungarian	hold	2		tart		tart		tɒrt		t ɒ r t	8	h	west old turkic	possible					WOT	FMSz
ingrian	hold	1		pit̆tǟ		pit̆tǟ		pit̆tæː		p i t ̆ t æː	1	a								InkmSk
karelian_proper	hold	1		piteä				piteæ		p i t e æ	1	a								KKSV
khanty_vakh_vasyugan	hold	1		kätl-		kätl-		kætl-		k æ t l	11	k				'Hold, catch'				DEWbOstj
komi_permyak	hold	1		viʒ́ni̮		viʒ́ni̮		vidʑnɯ		v i dʑ n ɯ	7	g								KoPRSl
komi_zyrian	hold	1		kutni̮		kutni̮		kutnɯ		k u t n ɯ	14	n								SyrjWsch
livonian_courland	hold	1		piddõ				pidːɯ		p i dː ɯ	1	a								LivWb
mansi_sosva	hold	1		takti		takti		tɑkti		t ɑ k t i	10	j								WogWb
mari_hill	hold	1		kə̑čaš				kət͡ʃɑʃ		k ə t͡ʃ ɑ ʃ	6	f						SES, Bereczki2013		
mari_meadow	hold	1		kučem		kučem		kutʃem		k u tʃ e m	6	f			"Cogn. with NSa ""goaccâ-"" 'hold back, restrain'"					SMSk, TscherWb
moksha	hold	1		kiŕd'ems				kirʲdʲems		k i rʲ dʲ e m s	5	e	germanic	possible				Koivulehto1971	Koivulehto1971	
nenets_tundra	hold	1		nyəqm°bə°	nyəqmibə°			ɲəʔmbə		ɲ ə ʔ m b ə	12	l								JurSWb
nganasan	hold	1		kəmiasa		kəmiasa		kəmiɑsɑ		k ə m i ɑ s ɑ	16	p				'Hold, catch'				SlNgaRus
proto_uralic	hold	1	not_reconstructable														PFU: *pitä-			UEW, Sam88
saami_inari	hold	1		toollâđ				toːlːəð		t oː lː ə ð	3	c								InsSSk
saami_kildin	hold	1		oann’e		aannʹe		ɒːnːʲe		ɒː nːʲ e	4	d								WOLD
saami_north	hold	1		doallat				toɑlːɑt		t o ɑ lː ɑ t	3	c								SSSg
saami_pite	hold	1		anedit				ɑnetit		ɑ n e t i t	4	d								EZ
saami_skolt	hold	1		tuõʹlˈl’jed				tuəlʲːjʲed		t u ə lʲː jʲ e d	3	c								SKosSk
saami_south	hold	1		steeredh				steːredh		s t eː r e d h	15	o								NSsNdb
saami_south	hold	2		utniedidh				utniedidh		u t n i e d i d h	4	d								NSsNdb
saami_south	hold	3		utniehtidh				utniehtidh		u t n i e h t i d h	4	d								NSsNdb
saami_ume	hold	1		adnèhtit				ɑtnehtit		ɑ t n e h t i t	4	d								WbWlap
selkup_northern	hold	1		oralpi-		oralpi-		orɑlpi-		o r ɑ l p i	13	m					"Deriv. from ""or-"" 'grab'"			SolkWb
udmurt	hold	1		voźi̮ni̮		voźi̮ni̮		voʑɯnɯ		v o ʑ ɯ n ɯ	7	g								WotjWsch
veps	hold	1		pidäda				pidædɑ		p i d æ d ɑ	1	a								VVS
votic_western	hold	1		pitǟ		pitǟ		pitæmæ		p i t æ m æ	1	a								VKJMS
erzya	horn	1		śuro		śuro		ɕuro		ɕ u r o	1	a	indo-iranian	probable					Holopainen2019, Kallio2006,  Koivulehto1999, SSA, NES	MordWb
estonian_south	horn	1		sarv'				sɑrvʲ		s ɑ r vʲ	1	a	indo-iranian	probable					Holopainen2019, Kallio2006,  Koivulehto1999, SSA, NES	VESr
estonian_standard	horn	1		sarv		sarv		sɑrv		s ɑ r v	1	a	indo-iranian	probable					Holopainen2019, Kallio2006,  Koivulehto1999, SSA, NES	SVSk
finnish_standard	horn	1		sarvi		sarvi		sɑrʋi		s ɑ r ʋ i	1	a	indo-iranian	probable					Holopainen2019, Kallio2006,  Koivulehto1999, SSA, NES	JL
hungarian	horn	1		szarv		sarv		sɒrv		s ɒ r v	1	a	indo-iranian	probable					Holopainen2019, Kallio2006,  Koivulehto1999, SSA, NES	FMSz
ingrian	horn	1		sarvi		sarvi		sɑrvi		s ɑ r v i	1	a	indo-iranian	probable					Holopainen2019, Kallio2006,  Koivulehto1999, SSA, NES	InkmSk
karelian_proper	horn	1		sarvi				sɑrvi		s ɑ r v i	1	a	indo-iranian	probable					Holopainen2019, Kallio2006,  Koivulehto1999, SSA, NES	KKSV
khanty_vakh_vasyugan	horn	1		ăŋət		ăŋət		ɑ̆ŋət		ɑ ̆ ŋ ə t	3	c								DEWbOstj
komi_permyak	horn	1		śur		śur		ɕur		ɕ u r	1	a	indo-iranian	probable					Holopainen2019, Kallio2006,  Koivulehto1999, SSA, NES	KoPRSl
komi_zyrian	horn	1		śur		śur		ɕur		ɕ u r	1	a	indo-iranian	probable					Holopainen2019, Kallio2006,  Koivulehto1999, SSA, NES	SyrjWsch
livonian_courland	horn	1		sōra				soːrɑ		s oː r ɑ	1	a	indo-iranian	probable					Holopainen2019, Kallio2006,  Koivulehto1999, SSA, NES	LivWb
mansi_sosva	horn	1		āńt		āńt		ɑːɲt		ɑː ɲ t	3	c								WogWb
mari_hill	horn	1		šur				ʃur		ʃ u r	1	a	indo-iranian	probable				Holopainen2019	Holopainen2019, Kallio2006,  Koivulehto1999, SSA, NES	
mari_meadow	horn	1		tükö		tükö		tykø		t y k ø	4	d	chuvash	possible	"Deriv. from ""tükem"" 'shove, push'; possibly loan from Chuv, or Chuvash word from this"				TscherWb	SMSk, TscherWb
moksha	horn	1		śura				sʲurɑ		sʲ u r ɑ	1	a	indo-iranian	probable				Holopainen2019	Holopainen2019, Kallio2006,  Koivulehto1999, SSA, NES	
nenets_tundra	horn	1		nyamt°				ɲɑmt		ɲ ɑ m t	3	c								JurSWb
nganasan	horn	1		ŋamtə		ŋamtə		ŋɑmtə		ŋ ɑ m t ə	3	c								SlNgaRus
proto_uralic	horn	1		*śarwi̮				sʲɑrwɨ		sʲ ɑ r w ɨ	1	a	indo-iranian	probable			UEW: PU *aŋtV; however, in Ug and Sd only		Holopainen2019, Kallio2006,  Koivulehto1999, SSA, NES	UEW, Sam88
saami_inari	horn	1		čuárvi				t͡ʃuærvi		t͡ʃ u æ r v i	1	a	indo-iranian	probable					Holopainen2019, Kallio2006,  Koivulehto1999, SSA, NES	InsSSk
saami_kildin	horn	1		čuerr’v		tšuerrʹv		tʃuerːʲv		t ʃ u e rːʲ v	1	a	indo-iranian	probable					Holopainen2019, Kallio2006,  Koivulehto1999, SSA, NES	WOLD
saami_north	horn	1		čoarvi				t͡ʃoɑrvi		t͡ʃ o ɑ r v i	1	a	indo-iranian	probable					Holopainen2019, Kallio2006,  Koivulehto1999, SSA, NES	SSSg
saami_pite	horn	1		tjårrve				cɔrːve		c ɔ rː v e	1	a	indo-iranian	probable		Only of reindeer?			Holopainen2019, Kallio2006,  Koivulehto1999, SSA, NES	EZ
saami_skolt	horn	1		čuäʹrvv				t͡ʃuærʲvː		t͡ʃ u æ rʲ vː	1	a	indo-iranian	probable					Holopainen2019, Kallio2006,  Koivulehto1999, SSA, NES	SKosSk
saami_south	horn	1		tjåervie				t͡ɕɔervie		t͡ɕ ɔ e r v i e	1	a	indo-iranian	probable					Holopainen2019, Kallio2006,  Koivulehto1999, SSA, NES	NSsNdb
saami_ume	horn	1		tjåårvee				cɔːrveː		c ɔː r v eː	1	a	indo-iranian	probable		Only of reindeer horns?			Holopainen2019, Kallio2006,  Koivulehto1999, SSA, NES	WbWlap
selkup_northern	horn	1		āmtə		āmtə		ɑːmtə		ɑː m t ə	3	c								SolkWb
udmurt	horn	1		śur		śur		ɕur		ɕ u r	1	a	indo-iranian	probable					Holopainen2019, Kallio2006,  Koivulehto1999, SSA, NES	WotjWsch
veps	horn	1		saŕv				sɑrʲv		s ɑ rʲ v	1	a	indo-iranian	probable					Holopainen2019, Kallio2006,  Koivulehto1999, SSA, NES	VVS
votic_western	horn	1		sarvi		sarvi		sɑrvi		s ɑ r v i	1	a	indo-iranian	probable					Holopainen2019, Kallio2006,  Koivulehto1999, SSA, NES	VKJMS
erzya	house	1		kudo		kudo		kudo		k u d o	2	b	indo-iranian	possible	"Cf. Av ""kata-"" 'chamber, cellar'; old wanderword, cf. Turkic ""kota"" 'house' etc."				Holopainen2019, SSA, UEW	MordWb
estonian_south	house	1		maja				mɑjɑ		m ɑ j ɑ	3	c			North-Western-Indo-European origin proposed in EES, Koivulehto2016, re-evaluated and rejected in Holopainen2021					VESr
estonian_standard	house	1		maja		maja		mɑjɑ		m ɑ j ɑ	3	c			North-Western-Indo-European origin proposed in EES, Koivulehto2016, re-evaluated and rejected in Holopainen2021					SVSk
finnish_standard	house	1		talo		talo		t̪ɑlo̞		t̪ ɑ l o̞	1	a	indo-european	possible					SSA, NES, Joki1973	JL
hungarian	house	1		ház		haaz		haːz		h aː z	2	b	indo-iranian	possible	"Cf. Av ""kata-"" 'chamber, cellar'; old wanderword, cf. Turkic ""kota"" 'house' etc."				Holopainen2019, SSA, UEW	FMSz
ingrian	house	1		hōne		hōne		hoːne		h oː n e	10	j	baltic	clear					Junttila2015	InkmSk
ingrian	house	2		koᴅi		koᴅi		kod̥i		k o d̥ i	2	b	indo-iranian	possible	"Cf. Av ""kata-"" 'chamber, cellar'; old wanderword, cf. Turkic ""kota"" 'house' etc."				Holopainen2019, SSA, UEW	InkmSk
karelian_proper	house	1		talo	taloi			tɑlo		t ɑ l o	1	a	indo-european	possible					SSA, NES, Joki1973	KKSV
khanty_vakh_vasyugan	house	1		kat		kat		kɑt		k ɑ t	2	b	indo-iranian	possible	"Cf. Av ""kata-"" 'chamber, cellar'; old wanderword, cf. Turkic ""kota"" 'house' etc."				Holopainen2019, SSA, UEW	DEWbOstj
komi_permyak	house	1		kerku		kerku		kerku		k e r k u	6	f				"Comp. with ""ker"" 'timber'"				KoPRSl
komi_zyrian	house	1		kerka		ker-ka		ker-kɑ		k e r k ɑ	6	f				"Comp. with ""ker"" 'timber'"				SyrjWsch
livonian_courland	house	1		kuodā				kuodɑː		k u o d ɑː	2	b	indo-iranian	possible	"Cf. Av ""kata-"" 'chamber, cellar'; old wanderword, cf. Turkic ""kota"" 'house' etc."				Holopainen2019, SSA, UEW	LivWb
mansi_sosva	house	1		kol		kol		kol		k o l	7	g			"Cogn. with Fin ""kylä"" 'village'"					WogWb
mari_hill	house	1		pört				pørt		p ø r t	4	d						SES, TscherWb		
mari_meadow	house	1		pört		pört		pørt		p ø r t	4	d	russian	clear					TscherWb	SMSk, TscherWb
moksha	house	1		kud				kud		k u d	2	b	indo-iranian	possible				Holopainen2019	Holopainen2019, SSA, UEW	
nenets_tundra	house	1		xarəd°				xɑrəd		x ɑ r ə d	9	i								JurSWb
nganasan	house	1		koruˀ		koruˀ		koruʔ		k o r u ʔ	9	i								SlNgaRus
proto_uralic	house	1		*mättV ?				mættV		m æ t t V	8	h					Uncertain			UEW, Sam88
saami_inari	house	1		táálu				tæːlu		t æː l u	1	l	finnic	clear					Sammallahti1998	InsSSk
saami_kildin	house	1		pērrht		peerrt		peːr̥ːt		p eː r̥ː t	5	e	finnic	clear					Korhonen1981	WOLD
saami_north	house	1		dállu				tɑːlːu		t ɑː lː u	1	l	finnic	clear					Sammallahti1998	SSSg
saami_pite	house	1		dåhpe				tɔhpe		t ɔ h p e	12	l	finnic	clear					Sammallahti1998	EZ
saami_skolt	house	1		põrtt				pərtː		p ə r tː	5	e	finnic	clear					Korhonen1981	SKosSk
saami_south	house	1		gåetie				ɡɔetie		ɡ ɔ e t i e	2	b				'House, hut, Sami dwelling'				NSsNdb
saami_south	house	2		ståapa				stɔɑpɑ		s t ɔ ɑ p ɑ	11	k	north germanic	clear					Qvigstad1893	NSsNdb
saami_south	house	3		ståapoe				stɔɑpue		s t ɔ ɑ p u e	11	k	north germanic	clear					Qvigstad1893	NSsNdb
saami_ume	house	1		gååhtee				kɔːhteː		k ɔː h t eː	2	b				'Hut, Sami dwelling'				WbWlap
selkup_northern	house	1		māt		māt		mɑːt		m ɑː t	8	h								SolkWb
udmurt	house	1		kor-ka		kor-ka		kor-kɑ		k o r k ɑ	6	f				"Comp. with ""kor"" 'timber'"				WotjWsch
veps	house	1		pert'				pertʲ		p e r tʲ	18	m	russian	clear				SSA	SSA	
votic_western	house	1		koto		koto		koto		k o t o	2	b	indo-iranian	possible	"Cf. Av ""kata-"" 'chamber, cellar'; old wanderword, cf. Turkic ""kota"" 'house' etc."				Holopainen2019, SSA, UEW	VKJMS
votic_western	house	2		talo		talo		tɑlo		t ɑ l o	1	a	indo-european	possible					SSA, NES, Joki1973	VKJMS
erzya	how	1		koda		koda		kodɑ		k o d ɑ	2	b								MordWb
estonian_south	how	1		kui	kuis			kui		k u i	2	b								VESr
estonian_standard	how	1		kui		kui		kui		k u i	2	b								SVSk
estonian_standard	how	2		kuidas		kuitas		kuitɑs		k u i t ɑ s	2	b								SVSk
finnish_standard	how	1		kuinka		kuiŋka		kuiŋkɑ		k u i ŋ k ɑ	2	b								JL
finnish_standard	how	2		miten		miten		mit̪e̞n		m i t̪ e̞ n	1	a								JL
hungarian	how	1		hogy		hoǵ		hoɟ		h o ɟ	2	b								FMSz
hungarian	how	2		hogyan		hoǵan		hoɟɒn		h o ɟ ɒ n	2	b								FMSz
ingrian	how	1		kuin		kuin		kuin		k u i n	2	b								InkmSk
karelian_proper	how	1		kuin				kuin		k u i n	2	b								KKSV
karelian_proper	how	2		milleh				milːeh		m i lː e h	1	a								KKSV
karelian_proper	how	3		miten				miten		m i t e n	1	a								KKSV
khanty_vakh_vasyugan	how	1		kŏti̮		kŏti̮		kŏtɯ		k o ̆ t ɯ	2	b								DEWbOstj
komi_permyak	how	1		ki̮ʒ́		ki̮ʒ́		kɯdʑ		k ɯ dʑ	2	b								KoPRSl
komi_zyrian	how	1		ki̮ʒ́	ki̮ʒ́i	ki̮ʒ́	ki̮ʒ́i	kɯdʑ	kɯdʑi	k ɯ dʑ	2	b								SyrjWsch
livonian_courland	how	1		kui				kui		k u i	2	b								LivWb
mansi_sosva	how	1		χumlʹe		χumlʹe		xumʎe		x u m ʎ e	2	b								WogWb
mari_hill	how	1		kə̑ce				kət͡se		k ə t͡s e	2	b						SES, UEW		
mari_meadow	how	1		kuze		kuze		kuze		k u z e	2	b								SMSk, TscherWb
moksha	how	1		koda				kodɑ		k o d ɑ	2	b						SES, UEW		
nenets_tundra	how	1		xən-cyer°q				xən-t͡sʲerʔ		x ə n t͡sʲ e r ʔ	2	b								JurSWb
nganasan	how	1		kuńiˀia		kuńiˀia		kuɲiʔiɑ		k u ɲ i ʔ i ɑ	2	b								SlNgaRus
proto_uralic	how	1	not_reconstructable														Possibly an inflected form of a pronominal stem (*ku- ?) used in this meaning; cannot be reconstructed			UEW, Sam88
saami_inari	how	1		maht	mahte			mɑht		m ɑ h t	1	a								InsSSk
saami_kildin	how	1		kōxxt		kooxxt		koːxːt		k oː xː t	2	b								WOLD
saami_north	how	1		mō				moː		m oː	1	a								SSSg
saami_pite	how	1		gukte				kukte		k u k t e	2	b								EZ
saami_pite	how	2		mákkar				mɑːkːɑr		m ɑː kː ɑ r	1	a								EZ
saami_pite	how	3		maktes				mɑktes		m ɑ k t e s	1	a								EZ
saami_skolt	how	1		mäʹhtt				mæhʲtː		m æ hʲ tː	1	a								SKosSk
saami_south	how	1		guktie				ɡuktie		ɡ u k t i e	2	b								NSsNdb
saami_ume	how	1		maktè				mɑkte		m ɑ k t e	1	a								WbWlap
selkup_northern	how	1		kun tār		kun_tār		kun tɑːr		k u n t ɑː r	2	b								SolkWb
udmurt	how	1		ki̮źi̮		ki̮źi̮		kɯʑɯ		k ɯ ʑ ɯ	2	b								WotjWsch
veps	how	1		kut				kut		k u t	2	b								VVS
votic_western	how	1		kui		kui		kui		k u i	2	b								VKJMS
erzya	hunt	1	no_equivalent														No single word for 'hunt'			MordWb
estonian_south	hunt	1		jaht'ma				jɑhtʲmɑ		j ɑ h tʲ m ɑ	2	b	low german	clear					EES	VESr
estonian_standard	hunt	1		jahtida		jahtita		jɑhtitɑ		j ɑ h t i t ɑ	2	b	low german	clear					EES	SVSk
estonian_standard	hunt	2		küttida		jahtita		jɑhtitɑ		j ɑ h t i t ɑ	4	u								
finnish_standard	hunt	1		metsästää		metsästää		me̞t̪sæst̪æː		m e̞ t̪ s æ s t̪ æː	1	a	baltic	clear					SSA	JL
hungarian	hunt	1		vadászik		vadaasik		vɒdaːsik		v ɒ d aː s i k	11	k								FMSz
ingrian	hunt	1		jahti		jahti		jɑhti		j ɑ h t i	2	s	estonian	clear		Noun 'hunt'			EES	InkmSk
karelian_proper	hunt	1		metšätteä				metʃætːeæ		m e t ʃ æ tː e æ	1	a	baltic	clear			Latter different deriv.		SSA	KKSV
karelian_proper	hunt	2		mettšuija				metːʃuijɑ		m e tː ʃ u i j ɑ	1	a	baltic	clear			Latter different deriv.		SSA	KKSV
khanty_vakh_vasyugan	hunt	1		kəṇčil-		kəṇčil-		kəɳtʃil-		k ə ɳ tʃ i l	12	l			Deriv. from PFU *kenčV- 'search'	"Glossed in Rus as ""lovit'"" 'catch, fish, hunt'"				DEWbOstj
komi_permyak	hunt	1		ve̮ravni̮		ve̮ravni̮		vɤrɑvnɯ		v ɤ r ɑ v n ɯ	9	i					"Deriv. from ""ve̮r"" 'forest'"			KoPRSl
komi_zyrian	hunt	1		ve̮ravni̮		ve̮ravni̮		vɤrɑvnɯ		v ɤ r ɑ v n ɯ	9	i					"Deriv. from ""ve̮r"" 'forest'"			SyrjWsch
livonian_courland	hunt	1		jaktõ				jɑktɯ		j ɑ k t ɯ	2	p	latvian	clear	"Latv ""jaktēt"""				Suhonen1973	LivWb
livonian_courland	hunt	2		meḑḑõ				meɟːɯ		m e ɟː ɯ	1	q	latvian	clear	"Latv ""medīt"""				Suhonen1973	LivWb
mansi_sosva	hunt	1		kinsi		kinsi		kinsi		k i n s i	12	l			From PFU *kenčV- 'search'					WogWb
mari_hill	hunt	1		oχotničäjäš				oxotnit͡ʃæjæʃ		o x o t n i t͡ʃ æ j æ ʃ	3	v	russian	clear				SES	MdH	
mari_meadow	hunt	1		sonarlem		sonarlem		sonɑrlem		s o n ɑ r l e m	8	h	tatar	clear					Isanbaev1994	SMSk, TscherWb
moksha	hunt	1		oχot'əndams				oxotʲəndɑms		o x o tʲ ə n d ɑ m s	16	t	russian	clear					MdH	
nenets_tundra	hunt	1		xanye°				xɑɲe		x ɑ ɲ e	7	g								JurSWb
nganasan	hunt	1		basudʹa		basudʹa		bɑsudʲɑ		b ɑ s u dʲ ɑ	15	s								SlNgaRus
nganasan	hunt	2		kotədʹa		kotədʹa		kotədʲɑ		k o t ə dʲ ɑ	7	g				"Cf. ""kotudʹa"" 'kill'"	Deriv. from PSd *kåə- 'kill'			SlNgaRus
proto_uralic	hunt	1	not_reconstructable																	UEW, Sam88
saami_inari	hunt	1		miäcástiđ				miæt͡sæstið		m i æ t͡s æ s t i ð	1	o	finnic	clear	From PSa *mɛ̄ccē, cf. Fin “meččä”				SSA	InsSSk
saami_kildin	hunt	1		miehc’		miehcʹ		miehcʲ		m i e h cʲ	1	o	baltic	probable	From PSa *mɛ̄ccē, cf. Fin “meččä”				Riessler2009	WOLD
saami_north	hunt	1		bivdit				pivtit		p i v t i t	5	e	finnic	clear	Cf. Fin “pǖtä-” 'hunt, ask for'				SSA	SSSg
saami_pite	hunt	1		bivvdet				pivːtet		p i vː t e t	5	e	finnic	clear					SSA	EZ
saami_pite	hunt	2		jáktet				jɑːktet		j ɑː k t e t	2	r	north germanic	clear					MH	EZ
saami_skolt	hunt	1		miẹʹc(c)sted				miet͡sʲːsted		m i e t͡sʲː s t e d	1	o	finnic	clear	From PSa *mɛ̄ccē, cf. Fin “meččä”				SSA	SKosSk
saami_south	hunt	1		vïjredh				vɨjredh		v ɨ j r e d h	14	n								NSsNdb
saami_ume	hunt	1		biwˈdeet				piwˈteːt		p i wˈ t eː t	5	e	finnic	clear			Cf. Fin “pǖtä-” 'hunt, ask for'		SSA	WbWlap
selkup_northern	hunt	1		sūrəməj-		sūrəməj-		suːrəməj-		s uː r ə m ə j	13	m								SolkWb
udmurt	hunt	1		pe̮jšurani̮		pe̮jšurani̮		pɤjʃurɑnɯ		p ɤ j ʃ u r ɑ n ɯ	6	f								WotjWsch
veps	hunt	1		metsata				metsɑtɑ		m e t s ɑ t ɑ	1	a	baltic	clear					SSA	VVS
votic_western	hunt	1		jahtì mennä		jahtì mennä		jɑhti menemæ		j ɑ h t i m e n e m æ	2	s	estonian	clear					EES	VKJMS
erzya	husband	1		miŕdʹe		miŕdʹe		mirʲdʲe		m i rʲ dʲ e	6	f	indo-iranian_or_indo-european	possible					Holopainen2019, Koivulehto1999, CygankinMosin2015,	MordWb
estonian_south	husband	1		ülä				ylæ		y l æ	16	p								VESr
estonian_south	husband	2		miis				miːs		m iː s	1	a								SI
estonian_standard	husband	1		mees		mees		meːs		m eː s	1	a	germanic	probable		'Man, husband'			LAGLOS	SVSk
finnish_standard	husband	1		(avio)mies		(avio)mies		(ɑʋio̞)mie̞s			1	a	germanic	probable		"Compound of ""avio"" 'marriage' and ""mies"" 'man'; also just “mies”"			LAGLOS	JL
hungarian	husband	1		férj		feerʝ		feːrʝ		f eː r ʝ	10	j			Old compound; PFU *poji̮ 'son', latter part from PFU *ürkä 'son, boy'					FMSz
ingrian	husband	1		mēz		mēz		meːz		m eː z	1	a	germanic	probable					LAGLOS	InkmSk
karelian_proper	husband	1		mies				mies		m i e s	1	a	germanic	probable					LAGLOS	KKSV
khanty_vakh_vasyugan	husband	1		ku		ku		ku		k u	11	k								DEWbOstj
komi_permyak	husband	1		ajka		ajka		ɑjkɑ		ɑ j k ɑ	12	l								KoPRSl
komi_permyak	husband	2		mužik		mužik		muʒik		m u ʒ i k	2	r	russian	clear	"Cf. Rus ""muž"" 'man, husband', deriv. ""mužik"""				KoPRSl	KoPRSl
komi_permyak	husband	3		že̮nik		že̮nik		ʒɤnik		ʒ ɤ n i k	17	q								KoPRSl
komi_zyrian	husband	1		vere̮s		vere̮s		verɤs		v e r ɤ s	8	h	indo-iranian	clear	"Cogn. with Fin ""orja"" 'slave'"		Not in dialect of Sysola?		Holopainen2019	SyrjWsch
livonian_courland	husband	1		(naiz-)mīez				nɑiz-miːez		n ɑ i z m iː e z	1	a	germanic	probable		Comp.; literally 'woman-man', ie. 'man having a wife'			LAGLOS	LivWb
mansi_sosva	husband	1		ōjka		ōjka		oːjkɑ		oː j k ɑ	12	s	komi	clear					DEWOS	WogWb
mansi_sosva	husband	2		χum		χum		xum		x u m	11	k			From PU deriv. *koji̮-mV 'man, person'					WogWb
mari_hill	husband	1		marə̑				mɑrə		m ɑ r ə	7	g	indo-iranian_or_iranian	possible				TscherWb	TscherWb	
mari_meadow	husband	1		marij		marij		mɑrij		m ɑ r i j	7	g	indo-iranian_or_iranian	possible		Also 'Mari person'			TscherWb	SMSk, TscherWb
moksha	husband	1		miŕd'ä				mirʲdʲæ		m i rʲ dʲ æ	6	f	indo-iranian_or_indo-european	possible				Holopainen2019	Holopainen2019, Koivulehto1999, CygankinMosin2015,	
nenets_tundra	husband	1		xasawa				xɑsɑwɑ		x ɑ s ɑ w ɑ	13	m								JurSWb
nganasan	husband	1		bəbə čərə		bəbə_čərə		bəbə tʃərə		b ə b ə t ʃ ə r ə	19	u				Lit. 'bed contents'				SlNgaRus
nganasan	husband	2		kuədʹumu		kuədʹumu		kuədʲumu		k u ə dʲ u m u	11	k				'Man, husband'				SlNgaRus
proto_uralic	husband	1		*koje(-mV) ?				kojemV		k o j e m V	11	k				'Man, person'; used in meaning of 'husband' in principal branches				UEW, Sam88
saami_inari	husband	1		käälis				kæːlis		k æː l i s	15	o	north germanic	clear					Aikio2009	InsSSk
saami_kildin	husband	1		kūjj		kuujj		kuːjː		k uː jː	5	e								WOLD
saami_north	husband	1		isit				isit		i s i t	3	c	finnic	clear	"Cf. Finnish ""isäntä"" 'man of the house, host'"				Sammallahti1998	SSSg
saami_pite	husband	1		båddnje				pɔttɲe		p ɔ t t ɲ e	18	t								EZ
saami_skolt	husband	1		kuõjj				kuəjː		k u ə jː	5	e								SKosSk
saami_south	husband	1		geelle				ɡeːlːe		ɡ eː lː e	15	o	north germanic	clear					Aikio2009	NSsNdb
saami_south	husband	2		gaalla				ɡɑːlːɑ		ɡ ɑː lː ɑ	15	o	north germanic	clear					Aikio2009	NSsNdb
saami_ume	husband	1		gàllès				kɑlːes		k ɑ lː e s	15	o	north germanic	clear					Aikio2009	WbWlap
saami_ume	husband	2		kràdˈna				krɑtˈnɑ		k r ɑ tˈ n ɑ	4	d	north germanic	clear	"Cf. Sw ""granne"" 'neighbour'"				Schlachter1958	WbWlap
selkup_northern	husband	1		tipi		tipi		tipi		t i p i	14	n								SolkWb
udmurt	husband	1		kart		kart		kɑrt		k ɑ r t	9	i	tatar	clear					Tarakanov1993, WotjWsch	WotjWsch
veps	husband	1		mužik				muʒik		m u ʒ i k	2	b	russian	clear	"Cf. Rus ""muž"" 'man, husband', deriv. ""mužik"""				MH	VVS
votic_western	husband	1		mēᴢ		mēᴢ		meːz̥		m eː z̥	1	a	germanic	probable					LAGLOS	VKJMS
erzya	ice	1		ej		ej		ej		e j	1	a								MordWb
estonian_south	ice	1		ijä	iä			ijæ		i j æ	1	a								VESr
estonian_standard	ice	1		jää		jää		jæː		j æː	1	a								SVSk
finnish_standard	ice	1		jää		jää		jæː		j æː	1	a								JL
hungarian	ice	1		jég		jeeg		jeːɡ		j eː ɡ	1	a								FMSz
ingrian	ice	1		jǟ		jǟ		jæː		j æː	1	a								InkmSk
karelian_proper	ice	1		jeä				jeæ		j e æ	1	a								KKSV
khanty_vakh_vasyugan	ice	1		jöŋk		jöŋk		jøŋk		j ø ŋ k	1	a								DEWbOstj
komi_permyak	ice	1		ji̮		ji̮		jɯ		j ɯ	1	a								KoPRSl
komi_zyrian	ice	1		ji̮		ji̮		jɯ		j ɯ	1	a								SyrjWsch
livonian_courland	ice	1		jei				jei		j e i	1	a								LivWb
mansi_sosva	ice	1		jāŋk		jāŋk		jɑːŋk		j ɑː ŋ k	1	a								WogWb
mari_hill	ice	1		i				i		i	1	a								
mari_meadow	ice	1		ij		ij		ij		i j	1	a								SMSk, TscherWb
moksha	ice	1		äj				æj		æ j	1	a								
nenets_tundra	ice	1		salaba				sɑlɑbɑ		s ɑ l ɑ b ɑ	3	c								JurSWb
nganasan	ice	1		si̮r		si̮r		sɯr		s ɯ r	4	d								SlNgaRus
proto_uralic	ice	1		*jäŋi̮				jæŋɨ		j æ ŋ ɨ	1	a					PFU: *jäŋi			UEW, Sam88
saami_inari	ice	1		jieŋâ				jieŋə		j i e ŋ ə	1	a								InsSSk
saami_kildin	ice	1		īŋŋ		iiŋŋ		iːŋː		iː ŋː	1	a								WOLD
saami_north	ice	1		jiekŋa				jiekŋɑ		j i e k ŋ ɑ	1	a								SSSg
saami_pite	ice	1		jegŋa	jiegŋa			jekŋɑ		j e k ŋ ɑ	1	a								EZ
saami_skolt	ice	1		jiõŋŋ				jiəŋː		j i ə ŋː	1	a								SKosSk
saami_south	ice	1		jïenge				jɨenɡe		j ɨ e n ɡ e	1	a								NSsNdb
saami_ume	ice	1		jeägˈŋa				jeækˈŋɑ		j e æ kˈ ŋ ɑ	1	a								WbWlap
selkup_northern	ice	1		ūlqo		ūlqo		uːlqo		uː l q o	2	b	yeniseian	possible					SolkWb	SolkWb
udmurt	ice	1		je̮		je̮		jɤ		j ɤ	1	a								WotjWsch
veps	ice	1		jä				jæ		j æ	1	a								VVS
votic_western	ice	1		jǟ		jǟ		jæː		j æː	1	a								VKJMS
erzya	if	1		butʹi	budʹi	butʹi	budʹi	butʲi	budʲi	b u tʲ i	4	d	russian	clear					MordWb	MordWb
estonian_south	if	1		ku	kuq			ku		k u	3	c								VESr
estonian_standard	if	1		kui		kui		kui		k u i	3	c					Deriv.			SVSk
finnish_standard	if	1		jos		jos		jo̞s		j o̞ s	1	a								JL
hungarian	if	1		ha		ha		hɒ		h ɒ	3	c								FMSz
ingrian	if	1		joz		joz		joz		j o z	1	a								InkmSk
karelian_proper	if	1		jeesli				jeːsli		j eː s l i	2	b	russian	clear					MH	KKSV
karelian_proper	if	2		jos				jos		j o s	1	a								KKSV
khanty_vakh_vasyugan	if	1	no_equivalent														No freestanding word in general use			DEWbOstj
komi_permyak	if	1		ke̮		ke̮		kɤ		k ɤ	3	c								KoPRSl
komi_zyrian	if	1		ke̮		ke̮		kɤ		k ɤ	3	c					In sentences as suffix			SyrjWsch
komi_zyrian	if	2		(-ke̮)		-ke̮		kɤ		k ɤ	3	c					In sentences as suffix			SyrjWsch
livonian_courland	if	1		ku				ku		k u	3	c			Cognacy reference lacking			MdH		
livonian_courland	if	2		až				ɑʒ		ɑ ʒ	1	a			"""ja"" probably influenced by Latv ""ja"""					LivWb
mansi_sosva	if	1		(-ke	-kē)	-kē		eːrt		eː r t	3	h	komi	clear					WogWb	WogWb
mansi_sosva	if	2		ērt		ērt		eːrt		eː r t	5	e								WogWb
mari_hill	if	1		gəń				ɡənʲ		ɡ ə nʲ	3	c						SES, Bereczki2013		
mari_meadow	if	1		ɣə̑n		ɣə̑n		ɣən		ɣ ə n	3	c								SMSk, TscherWb
moksha	if	1		kəda				kədɑ		k ə d ɑ	5	i	russian	clear	Highly uncertain Russian borrowing. No competing etymologies?			Versinin2004	Versinin2004	
nenets_tundra	if	1	no_equivalent														Conditional constructions employ subordinative verb forms			JurSWb
nganasan	if	1	form_not_found																	SlNgaRus
proto_uralic	if	1	not_reconstructable																	UEW, Sam88
saami_inari	if	1		jis				jis		j i s	1	a	finnic	clear					Sammallahti1998, SSA	InsSSk
saami_inari	if	2		jos				jos		j o s	1	a	finnic	clear					Sammallahti1998, SSA	InsSSk
saami_kildin	if	1		koale		kaale		kɒːle		k ɒː l e	3	c								WOLD
saami_north	if	1		jos	jus etc.			jos		j o s	1	a	finnic	clear					Sammallahti1998, SSA	SSSg
saami_pite	if	1		jus				jus		j u s	1	a	finnic	clear					Sammallahti1998, SSA	EZ
saami_skolt	if	1		jos	jõs			jos		j o s	1	a	finnic	clear					Sammallahti1998, SSA	SKosSk
saami_south	if	1		jus	jis			jus		j u s	1	a	finnic	clear					Sammallahti1998, SSA	NSsNdb
saami_ume	if	1		jus	jüs etc.			jus		j u s	1	a	finnic	clear					Sammallahti1998, SSA	WbWlap
selkup_northern	if	1		qata		qata		qɑtɑ		q ɑ t ɑ	7	g			Etymology unknown					SolkWb
udmurt	if	1		ke		ke		ke		k e	3	c								WotjWsch
veps	if	1		jōs				joːs		j oː s	1	a								VVS
votic_western	if	1		ku		ku		ku		k u	3	c								VKJMS
erzya	in	1		potso		potso		potso		p o t s o	3	c			"From ""potmo"" 'inside (n.), belly'"					MordWb
estonian_south	in	1		seen	seeh ~ seehn ~ sisen etc.			seːn		s eː n	1	j								VESr
estonian_standard	in	1		sees		sees		seːs		s eː s	1	j								SVSk
finnish_standard	in	1		sisällä		sisällä		sisælːæ		s i s æ lː æ	1	j								JL
finnish_standard	in	2		sisässä		sisässä		sisæsːæ		s i s æ sː æ	1	j								JL
hungarian	in	1		benn		benn		bɛnː		b ɛ nː	6	f			From PFU *pälɜ 'inside' ?					FMSz
hungarian	in	2		bent		bent		bɛnt		b ɛ n t	6	f			From PFU *pälɜ 'inside' ?					FMSz
hungarian	in	3		(-ban/ben)		(-ban/ben)		(-bɒn/bɛn)			6	f			From PFU *pälɜ 'inside' ?					FMSz
ingrian	in	1		sizez		sizez		sizez		s i z e z	1	j								InkmSk
karelian_proper	in	1		seämessä				seæmesːæ		s e æ m e sː æ	2	b								KKSV
karelian_proper	in	2		sisällä				sisælːæ		s i s æ lː æ	1	j								KKSV
karelian_proper	in	3		sisässä				sisæsːæ		s i s æ sː æ	1	j								KKSV
khanty_vakh_vasyugan	in	1		ontnɜ				ontnɜ		o n t n ɜ	8	h					No freestanding word in general use			DEWbOstj
komi_permyak	in	1		pi̮čki̮n		pi̮čki̮n		pɯtʃkɯn		p ɯ tʃ k ɯ n	5	e								KoPRSl
komi_zyrian	in	1		pi̮č̣ki̮n		pi̮čki̮n		pɯtʃkɯn		p ɯ tʃ k ɯ n	5	e								SyrjWsch
livonian_courland	in	1		sizāl				sizɑːl		s i z ɑː l	1	j								LivWb
mansi_sosva	in	1		kiwərt		kiwərt		kiwərt		k i w ə r t	4	d								WogWb
mari_hill	in	1		körgəštə				kørɡəʃtə		k ø r ɡ ə ʃ t ə	4	d								
mari_meadow	in	1		körɣə̑štö		körɣə̑štö		kørɣəʃtø		k ø r ɣ ə ʃ t ø	4	d								SMSk, TscherWb
moksha	in	1		potmosa				potmosɑ		p o t m o s ɑ	3	c						SES, Versinin2009, CygankinMosin2015		
nenets_tundra	in	1		myunya				mʲuɲɑ		mʲ u ɲ ɑ	7	g								JurSWb
nganasan	in	1		kunsi̮		kunsi̮		kunsɯ		k u n s ɯ	10	k								SlNgaRus
proto_uralic	in	1		*pučkV ?				put͡ʃkV		p u t͡ʃ k V	5	e				'Inside, interior'				UEW, Sam88
saami_inari	in	1		siste				siste		s i s t e	1	a	finnic	clear					Sammallahti1998, SSA	InsSSk
saami_kildin	in	1		sɨz’n		sə̑zʹn		sɨzʲn		s ɨ zʲ n	1	a	finnic	clear					Sammallahti1998, SSA	WOLD
saami_north	in	1		siste				siste		s i s t e	1	a	finnic	clear					Sammallahti1998, SSA	SSSg
saami_pite	in	1		sinne				sinːe		s i nː e	1	a	finnic	clear					Sammallahti1998, SSA	EZ
saami_skolt	in	1		seʹst				sesʲt		s e sʲ t	1	a	finnic	clear					Sammallahti1998, SSA	SKosSk
saami_south	in	1		sisnie				sisnie		s i s n i e	1	a	finnic	clear					Sammallahti1998, SSA	NSsNdb
saami_ume	in	1		sissnee				sisːneː		s i sː n eː	1	a	finnic	clear					Sammallahti1998, SSA	WbWlap
selkup_northern	in	1		pūčə		pūčə		puːtʃə		p uː tʃ ə	5	e								SolkWb
selkup_northern	in	2		śünćə		śünćə		ɕyntɕə		ɕ y n tɕ ə	9	i								SolkWb
udmurt	in	1		puški̮n		puški̮n		puʃkɯn		p u ʃ k ɯ n	5	e								WotjWsch
veps	in	1		südäimes				sydæimes		s y d æ i m e s	2	b								VVS
votic_western	in	1		süämmeᴢä		süämmeᴢä		syæmez̥		s y æ m e z̥	2	b								VKJMS
erzya	keep	1		kirdʹems		kirdʹems		kirdʲems		k i r dʲ e m s	6	f	germanic	possible		'Hold, store, keep'			Koivulehto1984, CygankinMosin2015	MordWb
estonian_south	keep	1		hoitma				hoitmɑ		h o i t m ɑ	3	c								VESr
estonian_standard	keep	1		hoida		hoita		hoitɑ		h o i t ɑ	3	c								SVSk
estonian_standard	keep	2		pidada		pitata		pitɑtɑ		p i t ɑ t ɑ	1	a								SVSk
finnish_standard	keep	1		pitää		pitää		pit̪æː		p i t̪ æː	1	a								JL
hungarian	keep	1		tart		tart		tɒrt		t ɒ r t	8	h	west old turkic	possible					WOT	FMSz
ingrian	keep	1		pittǟ				pitːæː		p i tː æː	1	a								InkmSk
karelian_proper	keep	1		piteä				piteæ		p i t e æ	1	a								KKSV
khanty_vakh_vasyugan	keep	1		tăja-		tăja-		tɑ̆jɑ-		t ɑ ̆ j ɑ	14	n								DEWbOstj
komi_permyak	keep	1		viʒ́ni̮		viʒ́ni̮		vidʑnɯ		v i dʑ n ɯ	15	o								KoPRSl
komi_zyrian	keep	1		kutni̮		kutni̮		kutnɯ		k u t n ɯ	7	g				'Hold, keep'				SyrjWsch
livonian_courland	keep	1		piddõ				pidːɯ		p i dː ɯ	1	a								LivWb
mansi_sosva	keep	1		takti		takti		tɑkti		t ɑ k t i	16	p				'Reach out, hold'				WogWb
mari_hill	keep	1		kə̑čaš				kət͡ʃɑʃ		k ə t͡ʃ ɑ ʃ	7	g								
mari_meadow	keep	1		kučem		kučem		kutʃem		k u tʃ e m	7	g				'Hold, keep'				SMSk, TscherWb
moksha	keep	1		kiŕd'ems				kirʲdʲems		k i rʲ dʲ e m s	6	f	germanic	possible					Koivulehto1984, CygankinMosin2015	
nenets_tundra	keep	1		mecy°				met͡sʲ		m e t͡sʲ	10	j				'Use, keep'				JurSWb
nganasan	keep	1		huanulusa		huanulusa		huɑnulusɑ		h u ɑ n u l u s ɑ	17	q				'Keep, hold'				SlNgaRus
nganasan	keep	2		kəmüðüśa		kəmüδüśa		kəmyðyɕɑ		k ə m y ð y ɕ ɑ	18	r				'Catch; keep; get, receive'				SlNgaRus
proto_uralic	keep	1	not_reconstructable																	
saami_inari	keep	1		anneeđ				ɑnːeːð		ɑ nː eː ð	5	e								InsSSk
saami_inari	keep	2		toollâđ				toːlːəð		t oː lː ə ð	4	d								InsSSk
saami_kildin	keep	1		rūkne		ruukne		ruːkne		r uː k n e	13	m								WOLD
saami_north	keep	1		atnit				ɑtnit		ɑ t n i t	5	e				'Use, need, hold, keep'				SSSg
saami_north	keep	2		doallat				toɑlːɑt		t o ɑ lː ɑ t	4	d								SSSg
saami_north	keep	3		doaladit				toɑlɑtit		t o ɑ l ɑ t i t	4	d								SSSg
saami_pite	keep	1		adnet				ɑtnet		ɑ t n e t	5	e								EZ
saami_skolt	keep	1		ââʹnned				ɐːnʲːed		ɐː nʲː e d	5	e								SKosSk
saami_south	keep	1		utniedidh				utniedidh		u t n i e d i d h	5	e								NSsNdb
saami_south	keep	2		utniehtidh				utniehtidh		u t n i e h t i d h	5	e								NSsNdb
saami_ume	keep	1		adnalit				ɑtnɑlit		ɑ t n ɑ l i t	5	e								WbWlap
selkup_northern	keep	1		oralpi-		oralpi-		orɑlpi-		o r ɑ l p i	11	k					"Deriv. from ""or-"" 'grab'"			SolkWb
selkup_northern	keep	2		uə̑rə-		uə̑rə-		uərə-		u ə r ə	12	l								SolkWb
udmurt	keep	1		voźi̮ni̮		voźi̮ni̮		voʑɯnɯ		v o ʑ ɯ n ɯ	9	i				'Hold, keep'				WotjWsch
veps	keep	1		kaita				kɑitɑ		k ɑ i t ɑ	2	b			"Cf. Fin ""kaitsea"" 'watch over (someone)'"					VVS
veps	keep	2		pidäda				pidædɑ		p i d æ d ɑ	1	a								VVS
votic_western	keep	1		pitǟ		pitǟ		pitæː		p i t æː	1	a								VKJMS
votic_western	keep	2		oitā		oitā		oitɑː		o i t ɑː	3	c								
erzya	kill	1		čavoms		čavoms		tʃɑvoms		tʃ ɑ v o m s	6	f								MordWb
erzya	kill	2		maštoms		maštoms		mɑʃtoms		m ɑ ʃ t o m s	5	e								MordWb
estonian_south	kill	1		tapma				tɑpmɑ		t ɑ p m ɑ	1	a								VESr
estonian_standard	kill	1		tappa		tappa		tɑpːɑ		t ɑ pː ɑ	1	a								SVSk
finnish_standard	kill	1		tappaa		tappaa		t̪ɑpːɑː		t̪ ɑ pː ɑː	1	a								JL
hungarian	kill	1		(meg)öl		(meg)öl		(mɛɡ)øl			9	i				"""Meg"" is prefix (also used without)"				FMSz
ingrian	kill	1		surmaᴅa		surmaᴅa		surmɑd̥ɑ		s u r m ɑ d̥ ɑ	11	k								InkmSk
karelian_proper	kill	1		tappoa				tɑpːoɑ		t ɑ pː o ɑ	1	a								KKSV
khanty_vakh_vasyugan	kill	1		wel-		wel-		wel-		w e l	9	i								DEWbOstj
komi_permyak	kill	1		vijni̮		vijni̮		vijnɯ		v i j n ɯ	9	i								KoPRSl
komi_zyrian	kill	1		vijni̮		vijni̮		vijnɯ		v i j n ɯ	9	i								SyrjWsch
livonian_courland	kill	1		tappõ				tɑpːɯ		t ɑ pː ɯ	1	a								LivWb
mansi_sosva	kill	1		ali		ali		ɑli		ɑ l i	9	i								WogWb
mari_hill	kill	1		puštaš				puʃtɑʃ		p u ʃ t ɑ ʃ	7	g	chuvash	possible				TscherWb	TscherWb	
mari_meadow	kill	1		puštam		puštam		puʃtɑm		p u ʃ t ɑ m	7	g	chuvash	possible					TscherWb	SMSk, TscherWb
moksha	kill	1		šavoms				ʃɑvoms		ʃ ɑ v o m s	6	f			Cognacy refernce lacking			SES, MordWb		
nenets_tundra	kill	1		xada°				xɑdɑ		x ɑ d ɑ	8	h								JurSWb
nganasan	kill	1		kotudʹa		kotudʹa		kotudʲɑ		k o t u dʲ ɑ	8	h								SlNgaRus
proto_uralic	kill	1	not_reconstructable														Possibly a deriv. of *kali̮- 'die'; cf. PSd *kåə-tå- 'die-(caus.)'?			UEW, Sam88
saami_inari	kill	1		koddeđ				kodːeð		k o dː e ð	3	c								InsSSk
saami_kildin	kill	1		koann’te		kaannʹte		kɒːnːʲte		k ɒː nːʲ t e	3	c								WOLD
saami_north	kill	1		goddit				kottit		k o t t i t	3	c								SSSg
saami_pite	kill	1		gåddet				kɔttet		k ɔ t t e t	3	c								EZ
saami_skolt	kill	1		kåʹdded				kɔdʲːed		k ɔ dʲː e d	3	c								SKosSk
saami_south	kill	1		buvvedh				buvːedh		b u vː e d h	12	l								NSsNdb
saami_ume	kill	1		gådˈdeet				kɔtˈteːt		k ɔ tˈ t eː t	3	c								WbWlap
saami_ume	kill	2		jaamèhtit				jɑːmehtit		j ɑː m e h t i t	4	d								WbWlap
selkup_northern	kill	1		quə̑t-		quə̑t-		quət-		q u ə t	8	h								SolkWb
udmurt	kill	1		vii̮ni̮		vii̮ni̮		viɯnɯ		v i ɯ n ɯ	9	i								WotjWsch
veps	kill	1		rikta				riktɑ		r i k t ɑ	2	b			"Cogn. with Fin ""rikkoa"" 'break'"					VVS
votic_western	kill	1		tappaa		tappā		tɑpːɑː		t ɑ pː ɑː	1	a								VKJMS
erzya	knee	1		kumaža		kumaža		kumɑʒɑ		k u m ɑ ʒ ɑ	7	g			"Dissim. from earlier *pu(l)manža, cf. Moksha ""pulmańžä"""			SES, CygankinMosin2015		MordWb
estonian_south	knee	1		põlv'				pɤlvʲ		p ɤ l vʲ	1	a								VESr
estonian_standard	knee	1		põlv		pə̑lv		pɤlv		p ɤ l v	1	a								SVSk
finnish_standard	knee	1		polvi		polvi		po̞lʋi		p o̞ l ʋ i	1	a								JL
hungarian	knee	1		térd		teerd		teːrd		t eː r d	4	d	west old turkic	clear					WOT	FMSz
ingrian	knee	1		polvi		polvi		polvi		p o l v i	1	a								InkmSk
karelian_proper	knee	1		polvi				polvi		p o l v i	1	a								KKSV
khanty_vakh_vasyugan	knee	1		čäṇč		čäṇč		tʃæɳtʃ		tʃ æ ɳ tʃ	5	e								DEWbOstj
komi_permyak	knee	1		piʒ́e̮s		piʒ́e̮s		pidʑɤs		p i dʑ ɤ s	3	c								KoPRSl
komi_zyrian	knee	1		piʒ́e̮s		piʒ́e̮s		pidʑɤs		p i dʑ ɤ s	3	c								SyrjWsch
livonian_courland	knee	1		pūola				puːolɑ		p uː o l ɑ	1	a								LivWb
mansi_sosva	knee	1		sāns		sāns		sɑːns		s ɑː n s	5	e								WogWb
mari_hill	knee	1		pə̑lβuj				pəlβuj		p ə l β u j	1	a								
mari_meadow	knee	1		pulβuj		pulβuj		pulβuj		p u l β u j	1	a				"Compounded with ""βuj"" 'head'"				SMSk, TscherWb
moksha	knee	1		pəlmanža				pəlmɑnʒɑ		p ə l m ɑ n ʒ ɑ	1	a						SES, Versinin2018		
nenets_tundra	knee	1		púli°				puli		p u l i	1	a								JurSWb
nganasan	knee	1		həagaj		həagaj		həɑɡɑj		h ə ɑ ɡ ɑ j	1	a					Without an *-l- element, deriv.			SlNgaRus
proto_uralic	knee	1		*powi̮(-li̮) ?				powɨlɨ		p o w ɨ l ɨ	1	a								UEW, Sam88
saami_inari	knee	1		iidâ				iːdə		iː d ə	6	f								InsSSk
saami_kildin	knee	1		pūvvl		puuvvl		puːvːl		p uː vː l	1	a								WOLD
saami_north	knee	1		čibbi				t͡ʃippi		t͡ʃ i p p i	2	b								SSSg
saami_pite	knee	1		buallva				puɑlːvɑ		p u ɑ lː v ɑ	1	a								EZ
saami_skolt	knee	1		puõlvv				puəlvː		p u ə l vː	1	a								SKosSk
saami_south	knee	1		boelve				buelve		b u e l v e	1	a								NSsNdb
saami_ume	knee	1		bualˈva				puɑlˈvɑ		p u ɑ lˈ v ɑ	1	a								WbWlap
selkup_northern	knee	1		pūlə		pūlə		puːlə		p uː l ə	1	a								SolkWb
udmurt	knee	1		pi̮dʹes		pi̮dʹes		pɯdʲes		p ɯ dʲ e s	3	c								WotjWsch
veps	knee	1		polʹv				polʲv		p o lʲ v	1	a								VVS
votic_western	knee	1		põlvi		pe̮lvi		pɤlvi		p ɤ l v i	1	a								VKJMS
erzya	know	1		sodams		sodams		sodɑms		s o d ɑ m s	4	d								MordWb
estonian_south	know	1		tiidmä				tiːdmæ		t iː d m æ	1	a								VESr
estonian_standard	know	1		teada		teata		teɑtɑ		t e ɑ t ɑ	1	a								SVSk
finnish_standard	know	1		tietää		tietää		tie̯tæː		t i e̯ t æː	1	a								JL
hungarian	know	1		tud		tud		tud		t u d	2	b								FMSz
ingrian	know	1		tītǟ		tītǟ		tiːtæː		t iː t æː	1	a								InkmSk
karelian_proper	know	1		tieteä				tieteæ		t i e t e æ	1	a								KKSV
karelian_proper	know	2		tuntie	tuta			tuntie		t u n t i e	2	b								KKSV
khanty_vakh_vasyugan	know	1		tŏŋəmt-		tŏŋəmt-		tŏŋəmt-		t o ̆ ŋ ə m t	8	h				'Know, understand, be able'				DEWbOstj
komi_permyak	know	1		te̮dni̮		te̮dni̮		tɤdnɯ		t ɤ d n ɯ	2	b								KoPRSl
komi_zyrian	know	1		te̮dni̮		te̮dni̮		tɤdnɯ		t ɤ d n ɯ	2	b								SyrjWsch
livonian_courland	know	1		tieudõ				tieudɯ		t i e u d ɯ	1	a								LivWb
mansi_sosva	know	1		χāsi		χāsi		xɑːsi		x ɑː s i	6	f			From PFU *kačV- 'understand, know'					WogWb
mari_hill	know	1		päläš				pælæʃ		p æ l æ ʃ	11	k								
mari_meadow	know	1		palem		palem		pɑlem		p ɑ l e m	11	k								SMSk, TscherWb
moksha	know	1		sodams				sodɑms		s o d ɑ m s	4	d								
nenets_tundra	know	1		tyenyewə°				tʲeɲewə		tʲ e ɲ e w ə	9	i								JurSWb
nganasan	know	1		čəni̮dʹi		čəni̮dʹi		tʃənɯdʲi		tʃ ə n ɯ dʲ i	9	i								SlNgaRus
proto_uralic	know	1		*tumti̮-				tumtɨ		t u m t ɨ	2	b								UEW, Sam88
saami_inari	know	1		tiettiđ				tietːið		t i e tː i ð	1	a	finnic	clear					Sammallahti1998	InsSSk
saami_kildin	know	1		tīdte		tiidde		tiːdːe		t iː dː e	1	a	finnic	clear					Riessler2009	WOLD
saami_north	know	1		diehtit				tiehtit		t i e h t i t	1	a	finnic	clear					Sammallahti1998	SSSg
saami_pite	know	1		diehtet				tiehtet		t i e h t e t	3	c	finnic	clear					Lagercrantz1939	EZ
saami_skolt	know	1		tieʹtted				tietʲːed		t i e tʲː e d	1	a	finnic	clear					Sammallahti1998	SKosSk
saami_south	know	1		daejredh				dɑejredh		d ɑ e j r e d h	3	c	finnic	clear					Lagercrantz1939	NSsNdb
saami_ume	know	1		dàideet				tɑiteːt		t ɑ i t eː t	3	c	finnic	clear					Lagercrantz1939	WbWlap
selkup_northern	know	1		tenəmə-	tünəmə- etc.	tenəmə-	tünəmə-	tenəmə-	tynəmə-	t e n ə m ə	9	i			"Deriv. from ""teni ~ teńi"" 'mind, intellect'"					SolkWb
udmurt	know	1		todi̮ni̮		todi̮ni̮		todɯnɯ		t o d ɯ n ɯ	2	b								WotjWsch
veps	know	1		tʹeta				tʲetɑ		tʲ e t ɑ	1	a								VVS
votic_western	know	1		tǟtǟ		tǟtǟ		tæːtæː		t æː t æː	1	a								VKJMS
erzya	lake	1		eŕke		eŕke		erʲke		e rʲ k e	1	f	baltic	probable					SSA, EES	MordWb
estonian_south	lake	1		järv'				jærvʲ		j æ r vʲ	1	a	baltic	probable					Junttila2012, SSA, EES	VESr
estonian_standard	lake	1		järv		järv		jærv		j æ r v	1	a	baltic	probable					Junttila2012, SSA, EES	SVSk
finnish_standard	lake	1		järvi		järvi		jærʋi		j æ r ʋ i	1	a	baltic	probable					Junttila2012, SSA, EES	JL
hungarian	lake	1		tó		too		toː		t oː	2	b								FMSz
ingrian	lake	1		järvi		järvi		jærvi		j æ r v i	1	a	baltic	probable					Junttila2012, SSA, EES	InkmSk
karelian_proper	lake	1		järvi				jærvi		j æ r v i	1	a	baltic	probable					Junttila2012, SSA, EES	KKSV
khanty_vakh_vasyugan	lake	1		emtər		emtər		emtər		e m t ə r	4	d								DEWbOstj
komi_permyak	lake	1		ti̮		ti̮		tɯ		t ɯ	2	b								KoPRSl
komi_zyrian	lake	1		ti̮		ti̮		tɯ		t ɯ	2	b								SyrjWsch
livonian_courland	lake	1		jōra				joːrɑ		j oː r ɑ	1	a	baltic	probable					Junttila2012, SSA, EES	LivWb
mansi_sosva	lake	1		tūr		tūr		tuːr		t uː r	3	c	indo-iranian	possible	From PUg *ϑarɜ 'lake at high water'				Holopainen2019, Koivulehto1999	WogWb
mari_hill	lake	1		jär				jær		j æ r	1	e	baltic	probable				SSA, EES	SSA	
mari_meadow	lake	1		jer		jer		jer		j e r	1	e	baltic	probable					SSA, EES	SMSk, TscherWb
moksha	lake	1		äŕχk'ä				ærʲxkʲæ		æ rʲ x kʲ æ	1	f	baltic	probable				SSA, EES	SSA	
nenets_tundra	lake	1		to				to		t o	2	b								JurSWb
nganasan	lake	1		turku		turku		turku		t u r k u	2	b								SlNgaRus
proto_uralic	lake	1		*toɣi̮				toɣɨ		t o ɣ ɨ	2	b								UEW, Sam88
saami_inari	lake	1		jävri				jævri		j æ v r i	1	a	baltic	probable					SSA	InsSSk
saami_kildin	lake	1		jāvv’r		jaavvʹr		jɑːvːʲr		j ɑː vːʲ r	1	a	baltic	probable					Riessler2009	WOLD
saami_north	lake	1		jávri				jɑːvri		j ɑː v r i	1	a	baltic	probable					SSA	SSSg
saami_pite	lake	1		jávvre				jɑːvːre		j ɑː vː r e	1	a	baltic	probable					SSA	EZ
saami_skolt	lake	1		jäuʹrr				jæurʲː		j æ u rʲː	1	a	baltic	probable					SSA	SKosSk
saami_south	lake	1		jaevrie				jɑevrie		j ɑ e v r i e	1	a	baltic	probable					SSA	NSsNdb
saami_ume	lake	1		jàuree				jɑureː		j ɑ u r eː	1	a	baltic	probable					SSA	WbWlap
selkup_northern	lake	1		tō	tū	tō	tū	toː	tuː	t oː	2	b								SolkWb
udmurt	lake	1		ti̮		ti̮		tɯ		t ɯ	2	b								WotjWsch
veps	lake	1		järv				jærv		j æ r v	1	a	baltic	probable					Junttila2012, SSA, EES	VVS
votic_western	lake	1		järvi		järvi		jærvi		j æ r v i	1	a	baltic	probable					Junttila2012, SSA, EES	VKJMS
votic_western	lake	2		jarvi				jærvi		j æ r v i	1	a	baltic	probable					Junttila2012, SSA, EES	VKJMS
erzya	laugh	1		rakams		rakams		rɑkɑms		r ɑ k ɑ m s	11	k								MordWb
estonian_south	laugh	1		naardma				nɑːrdmɑ		n ɑː r d m ɑ	1	a								VESr
estonian_south	laugh	2		naarma				nɑːrmɑ		n ɑː r m ɑ	1	a								VESr
estonian_standard	laugh	1		naerda		naerta		nɑertɑ		n ɑ e r t ɑ	1	a								SVSk
finnish_standard	laugh	1		nauraa		nawraa		nɑwrɑː		n ɑ w r ɑː	1	a								JL
hungarian	laugh	1		nevet		nevet		nɛvɛt		n ɛ v ɛ t	7	g			In Medieval Hu with initial m-					FMSz
ingrian	laugh	1		nagrā		nagrā		nɑɡrɑː		n ɑ ɡ r ɑː	1	a								InkmSk
karelian_proper	laugh	1		nakroa				nɑkroɑ		n ɑ k r o ɑ	1	a								KKSV
khanty_vakh_vasyugan	laugh	1		ḷi̮səɣ-		ḷi̮səɣ-		ɭɯsəɣ-		ɭ ɯ s ə ɣ	8	h								DEWbOstj
komi_permyak	laugh	1		seravni̮		seravni̮		serɑvnɯ		s e r ɑ v n ɯ	6	f								KoPRSl
komi_zyrian	laugh	1		śeravni̮		śeravni̮		ɕerɑvnɯ		ɕ e r ɑ v n ɯ	6	f								SyrjWsch
livonian_courland	laugh	1		nagrõ				nɑɡrɯ		n ɑ ɡ r ɯ	1	a								LivWb
mansi_sosva	laugh	1		muwali		muwali		muwɑli		m u w ɑ l i	7	g								WogWb
mari_hill	laugh	1		βaštə̑laš				βɑʃtəlɑʃ		β ɑ ʃ t ə l ɑ ʃ	5	e								
mari_meadow	laugh	1		βoštə̑lam		βoštə̑lam		βoʃtəlɑm		β o ʃ t ə l ɑ m	5	e								SMSk, TscherWb
moksha	laugh	1		raχams				rɑxɑms		r ɑ x ɑ m s	11	k								
nenets_tundra	laugh	1		pyisyəncy°				pʲisʲənt͡sʲ		pʲ i sʲ ə n t͡sʲ	9	i								JurSWb
nganasan	laugh	1		hidʹiśi		hidʹiśi		hidʲiɕi		h i dʲ i ɕ i	9	i								SlNgaRus
proto_uralic	laugh	1	not_reconstructable																	UEW, Sam88
saami_inari	laugh	1		povvustiđ				povːustið		p o vː u s t i ð	2	b								InsSSk
saami_inari	laugh	2		povvâstiđ				povːəstið		p o vː ə s t i ð	2	b								InsSSk
saami_kildin	laugh	1		sījjne		siijjne		siːjːne		s iː jː n e	13	m								WOLD
saami_north	laugh	1		boagustit				poɑkustit		p o ɑ k u s t i t	2	b								SSSg
saami_north	laugh	2		čaibmat				t͡ʃɑipmɑt		t͡ʃ ɑ i p m ɑ t	3	c								SSSg
saami_pite	laugh	1		tjájbmat				cɑːjpmɑt		c ɑː j p m ɑ t	3	c				'Smile, laugh'				EZ
saami_pite	laugh	2		tjájmadit				cɑːjmɑtit		c ɑː j m ɑ t i t	3	c				'Smile, laugh'				EZ
saami_skolt	laugh	1		påǥsted	pååǥǥsted			pɔɣsted		p ɔ ɣ s t e d	2	b								SKosSk
saami_south	laugh	1		föörhkedidh				føːrhkedidh		f øː r h k e d i d h	10	j								NSsNdb
saami_ume	laugh	1		tjaimadiht				cɑimɑtiht		c ɑ i m ɑ t i h t	3	c								WbWlap
selkup_northern	laugh	1		pisəj-		pisəj-		pisəj-		p i s ə j	9	i								SolkWb
udmurt	laugh	1		śerekjani̮		śerekjani̮		ɕerekjɑnɯ		ɕ e r e k j ɑ n ɯ	6	f								WotjWsch
veps	laugh	1		nagrda				nɑɡrdɑ		n ɑ ɡ r d ɑ	1	a								VVS
votic_western	laugh	1		nagrā		nagrā		nɑɡrɤmɑ		n ɑ ɡ r ɤ m ɑ	1	a								VKJMS
erzya	leaf	1		lopa		lopa		lopɑ		l o p ɑ	2	b	baltic	possible					VanPareren2009	MordWb
estonian_south	leaf	1		leht'				lehtʲ		l e h tʲ	1	a	north-western-indo-european	possible	Cf. PIE *bʰleh-to- 'leaf'				Koivulehto2001, SSA	VESr
estonian_standard	leaf	1		leht		leht		leht		l e h t	1	a	north-western-indo-european	possible	Cf. PIE *bʰleh-to- 'leaf'				Koivulehto2001, SSA	SVSk
finnish_standard	leaf	1		lehti		lehti		le̞çt̪i		l e̞ ç t̪ i	1	a	north-western-indo-european	possible	Cf. PIE *bʰleh-to- 'leaf'				Koivulehto2001, SSA	JL
hungarian	leaf	1		levél		leveel		lɛveːl		l ɛ v eː l	5	e			According to Holopainen2023, not necessarily connected as Proto-Ugric cognates. Type of connection unclear.					FMSz
ingrian	leaf	1		lehti		lehti		lehti		l e h t i	1	a	north-western-indo-european	possible	Cf. PIE *bʰleh-to- 'leaf'				Koivulehto2001, SSA	InkmSk
karelian_proper	leaf	1		lehti				lehti		l e h t i	1	a	north-western-indo-european	possible	Cf. PIE *bʰleh-to- 'leaf'				Koivulehto2001, SSA	KKSV
khanty_vakh_vasyugan	leaf	1		ḷi̮wət		ḷi̮wət		ɭɯwət		ɭ ɯ w ə t	5	e								DEWbOstj
komi_permyak	leaf	1		kor		kor		kor		k o r	4	d					"Stem ""korj-"""			KoPRSl
komi_zyrian	leaf	1		kor		kor		kor		k o r	4	d								SyrjWsch
livonian_courland	leaf	1		lēḑ				leːɟ		l eː ɟ	1	a	north-western-indo-european	possible	Cf. PIE *bʰleh-to- 'leaf'				Koivulehto2001, SSA	LivWb
mansi_sosva	leaf	1		lūpta		lūpta		luːptɑ		l uː p t ɑ	5	e			According to Holopainen2023, not necessarily connected as Proto-Ugric cognates. Type of connection unclear.					WogWb
mari_hill	leaf	1		ələštäš				ələʃtæʃ		ə l ə ʃ t æ ʃ	1	a	north-western-indo-european	possible	Cf. PIE *bʰleh-to- 'leaf'			Koivulehto2001	Koivulehto2001, SSA	
mari_meadow	leaf	1		lə̑štaš		lə̑štaš		ləʃtɑʃ		l ə ʃ t ɑ ʃ	1	a	north-western-indo-european	possible	Cf. PIE *bʰleh-to- 'leaf'				Koivulehto2001, SSA	SMSk, TscherWb
moksha	leaf	1		lopa				lopɑ		l o p ɑ	2	b	baltic	possible				VanPareren2009	VanPareren2009	
nenets_tundra	leaf	1		weba				webɑ		w e b ɑ	6	f								JurSWb
nganasan	leaf	1		horaδiaj		horaδiaj		horɑðiɑj		h o r ɑ ð i ɑ j	8	i								SlNgaRus
proto_uralic	leaf	1	not_reconstructable																	UEW, Sam88
saami_inari	leaf	1		lostâ				lostə		l o s t ə	1	a	north-western-indo-european	possible	Cf. PIE *bʰleh-to- 'leaf'				Koivulehto2001, SSA	InsSSk
saami_kildin	leaf	1		lēsst		leesst		leːsːt		l eː sː t	1	a	north-western-indo-european	possible	Cf. PIE *bʰleh-to- 'leaf'				Riessler2009	WOLD
saami_north	leaf	1		lasta				lɑstɑ		l ɑ s t ɑ	1	a	north-western-indo-european	possible	Cf. PIE *bʰleh-to- 'leaf'				Koivulehto2001, SSA	SSSg
saami_pite	leaf	1		lássta				lɑːsːtɑ		l ɑː sː t ɑ	1	a	north-western-indo-european	possible	Cf. PIE *bʰleh-to- 'leaf'				Koivulehto2001, SSA	EZ
saami_skolt	leaf	1		lõstt				ləstː		l ə s tː	1	a	north-western-indo-european	possible	Cf. PIE *bʰleh-to- 'leaf'				Koivulehto2001, SSA	SKosSk
saami_south	leaf	1		plaerie				plɑerie		p l ɑ e r i e	1	h	north germanic	clear					Lagercrantz1939	NSsNdb
saami_ume	leaf	1		lassta				lɑsːtɑ		l ɑ sː t ɑ	1	a	north-western-indo-european	possible	Cf. PIE *bʰleh-to- 'leaf'				Koivulehto2001, SSA	WbWlap
selkup_northern	leaf	1		ćāpə		ćāpə		tɕɑːpə		tɕ ɑː p ə	7	g								SolkWb
udmurt	leaf	1		ku̯ar		ku̯ar		ku̯ɑr		k u̯ ɑ r	4	d								WotjWsch
veps	leaf	1		lʹeht				lʲext		lʲ e x t	1	a	north-western-indo-european	possible	Cf. PIE *bʰleh-to- 'leaf'				Koivulehto2001, SSA	VVS
votic_western	leaf	1		lehto		lehto		lehto		l e h t o	1	a	north-western-indo-european	possible	Cf. PIE *bʰleh-to- 'leaf'				Koivulehto2001, SSA	VKJMS
erzya	leave	1		tujems		tujems		tujems		t u j e m s	6	f	indo-european	possible					SSA	MordWb
estonian_south	leave	1	form_not_found																	VESr
estonian_standard	leave	1		lahkuda		lahkuta		lɑhkutɑ		l ɑ h k u t ɑ	3	c								SVSk
finnish_standard	leave	1		poistua		poistua		po̞ist̪uɑ		p o̞ i s t̪ u ɑ	1	a								JL
hungarian	leave	1		kimegy		kimeǵ		kimɛɟ		k i m ɛ ɟ	8	h				"""Ki"" is prefix 'out'"				FMSz
hungarian	leave	2		távozik		taavozik		taːvozik		t aː v o z i k	9	i								FMSz
ingrian	leave	1	form_not_found																	InkmSk
karelian_proper	leave	1		uitie				uitie		u i t i e	2	o	russian	clear					MH	KKSV
khanty_vakh_vasyugan	leave	1		ḷɔ̈kǝn-		ḷɔ̈kən-		ɭɔ̈kən-		ɭ ɔ̈ k ə n	11	k								DEWbOstj
komi_permyak	leave	1		munni̮		munni̮		munːɯ		m u nː ɯ	8	h								KoPRSl
komi_permyak	leave	2		petni̮		petni̮		petnɯ		p e t n ɯ	7	g								KoPRSl
komi_zyrian	leave	1		petni̮		petni̮		petnɯ		p e t n ɯ	7	g								SyrjWsch
livonian_courland	leave	1		järā lǟdõ				jærɑː læːdɯ		j æ r ɑː l æː d ɯ	3	c				Lit. 'leave off, away'				LivWb
mansi_sosva	leave	1		χot-mini		χot-mini		xot-mini		x o t m i n i	8	h					"Cf. ""mini"" 'go'"			WogWb
mari_hill	leave	1		läktäš				læktæʃ		l æ k t æ ʃ	3	c						SES, SSA		
mari_meadow	leave	1		lektam		lektam		lektɑm		l e k t ɑ m	3	c				'Depart, set out, go out'				SMSk, TscherWb
moksha	leave	1		tums				tums		t u m s	6	f						SES		
nenets_tundra	leave	1		tərpə°				tərpə		t ə r p ə	12	l								JurSWb
nganasan	leave	1		ŋonsi̮dʹi		ŋonsi̮dʹi		ŋonsɯdʲi		ŋ o n s ɯ dʲ i	14	n								SlNgaRus
proto_uralic	leave	1	not_reconstructable																	UEW, Sam88
saami_inari	leave	1		kaidâđ				kɑidəð		k ɑ i d ə ð	13	m								InsSSk
saami_kildin	leave	1		vɨjjte		və̑jjte		vɨjːte		v ɨ jː t e	2	p	russian	clear				MdH	Riessler2009	WOLD
saami_north	leave	1		geassádit				keæsːɑːtit		k e æ sː ɑː t i t	4	d								SSSg
saami_pite	leave	1	form_not_found																	EZ
saami_skolt	leave	1		uuidâd				uːidɐd		uː i d ɐ d	2	b	russian	clear					Itkonen1958b	SKosSk
saami_skolt	leave	2		võõidâd				vəːidɐd		v əː i d ɐ d	2	b	russian	clear					Itkonen1958b	SKosSk
saami_south	leave	1		laehpedh				lɑehpedh		l ɑ e h p e d h	5	q						Lehtiranta2001		NSsNdb
saami_ume	leave	1	form_not_found																	WbWlap
selkup_northern	leave	1	form_not_found																	SolkWb
udmurt	leave	1		koški̮ni̮		koški̮ni̮		koʃkɯnɯ		k o ʃ k ɯ n ɯ	10	j								WotjWsch
veps	leave	1		lähtta				læxtːɑ		l æ x tː ɑ	3	s						SSA		VVS
votic_western	leave	1		lahgota		lahgota		lɑhɡotɑ		l ɑ h ɡ o t ɑ	16	r			Cognacy reference lacking			MdH		VKJMS
erzya	left	1		kerš		kerš		kerʃ		k e r ʃ	5	e	baltic	probable					Grunthal2012	MordWb
estonian_south	left	1		kura				kurɑ		k u r ɑ	3	c								VESr
estonian_standard	left	1		vasak		vasak		vɑsɑk		v ɑ s ɑ k	1	a								SVSk
finnish_standard	left	1		vasen		vasen		ʋɑse̞n		ʋ ɑ s e̞ n	1	a								JL
hungarian	left	1		bal		bal		bɒl		b ɒ l	9	i								FMSz
ingrian	left	1		kura		kura		kurɑ		k u r ɑ	3	c			Not cognate with Finnic “hura”					InkmSk
karelian_proper	left	1		hura				hurɑ		h u r ɑ	2	b			Not cognate with Finnic “kura”					KKSV
karelian_proper	left	2		vasen				vɑsen		v ɑ s e n	1	a								KKSV
khanty_vakh_vasyugan	left	1		pəɣi		pəɣi		pəɣi		p ə ɣ i	11	k								DEWbOstj
komi_permyak	left	1		šulʹga		šulʹga		ʃuʎɡɑ		ʃ u ʎ ɡ ɑ	7	g	russian	possible					Kalima1911	KoPRSl
komi_zyrian	left	1		šujga		šujga		ʃujɡɑ		ʃ u j ɡ ɑ	7	g	russian	possible					Kalima1911	SyrjWsch
livonian_courland	left	1		kurā				kurɑː		k u r ɑː	3	c								LivWb
mansi_sosva	left	1		wōrti-pal		wōrti-pal		woːrti-pɑl		w oː r t i p ɑ l	10	j			"Comp; ""wōrti"" 'support', ""pal"" 'side' (cognacy according to modifier ""wōrti"")"					WogWb
mari_hill	left	1		šalahaj				ʃɑlɑhɑj		ʃ ɑ l ɑ h ɑ j	6	f	chuvash	clear					TscherWb	
mari_meadow	left	1		šola		šola		ʃolɑ		ʃ o l ɑ	6	f	chuvash	clear					TscherWb, Rasanen1920	SMSk, TscherWb
moksha	left	1		kerži				kerʒi		k e r ʒ i	5	e	baltic	probable					Grunthal2012	
nenets_tundra	left	1		syata-nyaŋi°				sʲɑtɑ-ɲɑŋi		sʲ ɑ t ɑ ɲ ɑ ŋ i	12	l				Lit. 'on the side of one's face'				JurSWb
nganasan	left	1		bətiə		bətiə		bətiə		b ə t i ə	1	a								SlNgaRus
proto_uralic	left	1		*wasa ?				wɑsɑ		w ɑ s ɑ	1	a					Only found in Finnic and Sd; connection uncertain			UEW, Sam88
saami_inari	left	1		čižet				t͡ʃiʒet		t͡ʃ i ʒ e t	4	d								InsSSk
saami_kildin	left	1		činč		tšintš		tʃintʃ		t ʃ i n t ʃ	4	d								WOLD
saami_north	left	1		gurut				kurut		k u r u t	3	n	finnic	clear					Aikio2006	SSSg
saami_pite	left	1		gåro				kɔro		k ɔ r o	3	n	finnic	clear					Aikio2006	EZ
saami_skolt	left	1		čiʹǯǯ-	čiʹǯs-			t͡ʃid͡ʒʲd͡ʒ-		t͡ʃ i d͡ʒʲ d͡ʒ	4	d								SKosSk
saami_south	left	1		gårroeh				ɡɔrːueh		ɡ ɔ rː u e h	3	n	finnic	clear					Aikio2006	NSsNdb
saami_ume	left	1		gårroo				kɔrːoː		k ɔ rː oː	3	n	finnic	clear					Aikio2006	WbWlap
selkup_northern	left	1		kuə̑ti		kuə̑ti		kuəti		k u ə t i	1	a					Latter deriv.			SolkWb
selkup_northern	left	2		kuə̑tikä		kuə̑tikä		kuətikæ		k u ə t i k æ	1	a					Latter deriv.			SolkWb
udmurt	left	1		palʹlʹan		palʹlʹan		pɑʎːɑn		p ɑ ʎː ɑ n	8	h			"Comp., earlier lit. 'left-side'; ending from Tatar ""jan"" 'side'"					WotjWsch
veps	left	1		hura				hurɑ		h u r ɑ	2	b			Not cognate with Finnic “kura”					VVS
votic_western	left	1		kurõa		kure̮a		kurɤɑ		k u r ɤ ɑ	3	c			Not cognate with Finnic “hura”					VKJMS
erzya	leg	1		pilʹge		pilʹge		piʎɡe		p i ʎ ɡ e	2	b								MordWb
estonian_south	leg	1		jalg				jɑlɡ		j ɑ l ɡ	1	a								VESr
estonian_standard	leg	1		jalg		jalk		jɑlk		j ɑ l k	1	a								SVSk
finnish_standard	leg	1		jalka		jalka		jɑlkɑ		j ɑ l k ɑ	1	a								JL
hungarian	leg	1		láb		laab		laːb		l aː b	4	d			Old Hungarian jalog, cf. Fin jalka	Latter 'leg, shin'				FMSz
hungarian	leg	2		lábszár		laabsaar		laːbsaːr		l aː b s aː r	4	d			Old Hungarian jalog, cf. Fin jalka	Latter 'leg, shin'				FMSz
ingrian	leg	1		jalɢa		jalɢa		jɑlɡ̥ɑ		j ɑ l ɡ̥ ɑ	1	a								InkmSk
karelian_proper	leg	1		jalka				jɑlkɑ		j ɑ l k ɑ	1	a								KKSV
khanty_vakh_vasyugan	leg	1		kö̆r		kö̆r		kø̆r		k ø ̆ r	6	f								DEWbOstj
komi_permyak	leg	1		kok		kok		kok		k o k	3	c								KoPRSl
komi_zyrian	leg	1		kok		kok		kok		k o k	3	c								SyrjWsch
livonian_courland	leg	1		jālga				jɑːlɡɑ		j ɑː l ɡ ɑ	1	a								LivWb
mansi_sosva	leg	1		lāɣəl		lāɣəl		lɑːɣəl		l ɑː ɣ ə l	5	e								WogWb
mari_hill	leg	1		jal				jɑl		j ɑ l	1	a						SES, UEW		
mari_meadow	leg	1		jol		jol		jol		j o l	1	a								SMSk, TscherWb
moksha	leg	1		piĺgä				pilʲɡæ		p i lʲ ɡ æ	2	b						SES, UEW		
nenets_tundra	leg	1		ŋæ				ŋæ		ŋ æ	7	g								JurSWb
nganasan	leg	1		ŋoj		ŋoj		ŋoj		ŋ o j	7	g								SlNgaRus
proto_uralic	leg	1		*jalka				jɑlkɑ		j ɑ l k ɑ	1	a					PFU: *ji̮lka 'foot, leg'			UEW, Sam88
saami_inari	leg	1		jyelgi				jyelɡi		j y e l ɡ i	1	a								InsSSk
saami_kildin	leg	1		jūll’k		juullʹk		juːlːʲk		j uː lːʲ k	1	a								WOLD
saami_north	leg	1		juolgi				juolki		j u o l k i	1	a								SSSg
saami_pite	leg	1		juällge				juælːke		j u æ lː k e	1	a								EZ
saami_skolt	leg	1		jueʹlǧǧ				juelʲɟː		j u e lʲ ɟː	1	a								SKosSk
saami_south	leg	1		juelkie				juelkie		j u e l k i e	1	a								NSsNdb
saami_ume	leg	1		jüelˈgee				jyelˈkeː		j y e lˈ k eː	1	a								WbWlap
selkup_northern	leg	1		topə		topə		topə		t o p ə	8	h								SolkWb
udmurt	leg	1		pi̮d		pi̮d		pɯd		p ɯ d	9	i	iranian	possible					Redei1986	WotjWsch
veps	leg	1		jaug				jɑuɡ		j ɑ u ɡ	1	a								VVS
votic_western	leg	1		jalka		jalka		jɑlkɑ		j ɑ l k ɑ	1	a								VKJMS
erzya	lend	1		maksoms pandomga		maksoms_pandomga		mɑksoms pɑndomɡɑ		m ɑ k s o m s p ɑ n d o m ɡ ɑ	5	e				"""Maksoms"" 'give'"				MordWb
estonian_south	lend	1		lainama				lɑinɑmɑ		l ɑ i n ɑ m ɑ	1	l	germanic	clear					LAGLOS, SSA, EES, NES	VESr
estonian_standard	lend	1		laenata		laenatta		lɑenɑtːɑ		l ɑ e n ɑ tː ɑ	1	l	germanic	clear					LAGLOS, SSA, EES, NES	SVSk
estonian_standard	lend	2		laenu anda		laenu anta		lɑenu ɑntɑ		l ɑ e n u ɑ n t ɑ	1	l	germanic	clear					LAGLOS, SSA, EES, NES	SVSk
finnish_standard	lend	1		lainata		lainata		lɑinɑt̪ɑ		l ɑ i n ɑ t̪ ɑ	1	l	germanic	clear						JL
hungarian	lend	1		kölcsönöz		kölčönöz		kølt͡ʃønøz		k ø l t͡ʃ ø n ø z	7	g	west old turkic	clear					WOT	FMSz
hungarian	lend	2		kölcsönad		kölčönad		kølt͡ʃønɒd		k ø l t͡ʃ ø n ɒ d	7	g	west old turkic	clear					WOT	FMSz
ingrian	lend	1		antā velaks				ɑntɑː velɑks		ɑ n t ɑː v e l ɑ k s	20	m			Complex. Cognacy reference lacking			MdH		InkmSk
karelian_proper	lend	1		antoa laihinah				ɑntoɑ lɑihinɑh		ɑ n t o ɑ l ɑ i h i n ɑ h	1	l	germanic	clear		Lit. 'give for loan'			LAGLOS, SSA, EES, NES	KKSV
khanty_vakh_vasyugan	lend	1	form_not_found																	DEWbOstj
komi_permyak	lend	1		oʒ́e̮stni̮		oʒ́e̮stni̮		odʑɤstnɯ		o dʑ ɤ s t n ɯ	6	f								KoPRSl
komi_zyrian	lend	1		uǯdi̮ni̮		uǯdi̮ni̮		udʒdɯnɯ		u dʒ d ɯ n ɯ	6	f								SyrjWsch
livonian_courland	lend	1		līenõ				liːenɯ		l iː e n ɯ	1	l	germanic	clear				EES	EES	
livonian_courland	lend	2		täpīņtõ				tæpiːɲtɯ		t æ p iː ɲ t ɯ	3	c	latvian	clear					Suhonen1973	LivWb
mansi_sosva	lend	1	form_not_found																	WogWb
mari_hill	lend	1		küsläš				kyslæʃ		k y s l æ ʃ	21	n			Complex. Cognacy reference lacking			MdH		
mari_meadow	lend	1		küsə̑n puem		küsə̑n_puem		kysən puem		k y s ə n p u e m	8	h				Lit. 'give loan'				SMSk, TscherWb
moksha	lend	1		maksoms pandomda				mɑksoms pɑndomdɑ		m ɑ k s o m s p ɑ n d o m d ɑ	5	e			Complex. Cognacy reference lacking			SES		
nenets_tundra	lend	1		ŋatyewlempa-				ŋɑtʲewlempɑ-		ŋ ɑ tʲ e w l e m p ɑ	11	o								RusskoNeneckij
nganasan	lend	1	form_not_found													"Cf. ""ətīˀtəsi̮"" 'borrow (from someone)'"				SlNgaRus
proto_uralic	lend	1	not_reconstructable																	UEW, Sam88
saami_inari	lend	1		luoikkâđ				luoikːəð		l u o i kː ə ð	4	d	germanic	clear					Koivulehto1976	InsSSk
saami_kildin	lend	1		lājnse		laajnse		lɑːjnse		l ɑː j n s e	1	k								WOLD
saami_north	lend	1		luoikat				luoikɑt		l u o i k ɑ t	4	d	germanic	clear					Koivulehto1976	SSSg
saami_pite	lend	1		lådnut				lɔtnut		l ɔ t n u t	1	a	north germanic	clear					Lagercrantz1939	EZ
saami_skolt	lend	1		laiʹnn’jed				lɑinʲːjʲed		l ɑ i nʲː jʲ e d	1	k	finnic	clear		'Lend, borrow'?			MH	SKosSk
saami_skolt	lend	2		luõikkâd				luəikːɐd		l u ə i kː ɐ d	4	d	germanic	clear		'Lend, borrow'?			Lehtiranta1989	SKosSk
saami_south	lend	1		löönedh				løːnedh		l øː n e d h	1	a	north germanic	clear					Lagercrantz1939	NSsNdb
saami_south	lend	2		mïetedh				mɨetedh		m ɨ e t e d h	10	j								NSsNdb
saami_ume	lend	1		luunat				luːnɑt		l uː n ɑ t	1	a	north germanic	clear					Lagercrantz1939	WbWlap
selkup_northern	lend	1		səjmi-		səjmi-		səjmi-		s ə j m i	9	i					Marginal?			SolkWb
udmurt	lend	1	form_not_found																	WotjWsch
veps	lend	1		antta velgha				ɑntːɑ velɡhɑ		ɑ n tː ɑ v e l ɡ h ɑ	2	b				Lit. 'give for loan'			LAGLOS, SSA, EES, NES	VVS
votic_western	lend	1		antā võlkā				ɑntaː vɤlkaː		ɑ n t aː v ɤ l k aː	20	m			Complex. Cognacy reference lacking			MdH		VKJMS
erzya	lie	1		madʹeź aštʹems		madʹeź_aštʹems		mɑdʲeʑ ɑʃtʲems		m ɑ dʲ e ʑ ɑ ʃ tʲ e m s	7	g				Lit. 'be set down'				MordWb
estonian_south	lie	1		lammõma				lɑmːɤmɑ		l ɑ mː ɤ m ɑ	3	c	germanic	clear					LAGLOS, SSA, NES	VESr
estonian_standard	lie	1		lamada		lamata		lɑmɑtɑ		l ɑ m ɑ t ɑ	3	c	germanic	clear					LAGLOS, SSA, NES	SVSk
finnish_standard	lie	1		maata		maata		mɑːt̪ɑ		m ɑː t̪ ɑ	1	a	germanic	clear					LAGLOS, SSA, NES	JL
hungarian	lie	1		fekszik		feksik		fɛksik		f ɛ k s i k	9	i								FMSz
ingrian	lie	1	form_not_found																	InkmSk
karelian_proper	lie	1		viruo				viruo		v i r u o	2	b								KKSV
khanty_vakh_vasyugan	lie	1		ăla-		ăla-		ɑ̆lɑ-		ɑ ̆ l ɑ	10	j								DEWbOstj
komi_permyak	lie	1		kujli̮ni̮		kujli̮ni̮		kujlɯnɯ		k u j l ɯ n ɯ	8	h								KoPRSl
komi_zyrian	lie	1		kujli̮ni̮		kujli̮ni̮		kujlɯnɯ		k u j l ɯ n ɯ	8	h								SyrjWsch
livonian_courland	lie	1		maggõ				mɑɡːɯ		m ɑ ɡː ɯ	1	a	germanic	clear					LAGLOS, SSA, NES	LivWb
mansi_sosva	lie	1		χuji	χoji	χuji	χoji	xuji	xoji	x u j i	8	h								WogWb
mari_hill	lie	1		kiäš				kiæʃ		k i æ ʃ	8	h						SES, Bereczki2013		
mari_meadow	lie	1		kijem		kijem		kijem		k i j e m	8	h								SMSk, TscherWb
moksha	lie	1		madoź aščems				mɑdozʲ ɑʃt͡ʃems		m ɑ d o zʲ ɑ ʃ t͡ʃ e m s	7	g			Analytic expression. Cognacy reference lacking			SES		
nenets_tundra	lie	1		yúsyeda°				jusʲedɑ		j u sʲ e d ɑ	11	k								JurSWb
nganasan	lie	1		tońdʹiajčisi̮		tońdʹiajčisi̮		toɲdʲiɑjtʃisɯ		t o ɲ dʲ i ɑ j tʃ i s ɯ	15	p								SlNgaRus
proto_uralic	lie	1	not_reconstructable																	UEW, Sam88
saami_inari	lie	1		viälláđ				viælːæð		v i æ lː æ ð	4	d								InsSSk
saami_kildin	lie	1		luvve		luvve		luvːe		l u vː e	13	m								WOLD
saami_north	lie	1		vealˈlát				veælːɑːt		v e æ lː ɑː t	4	d								SSSg
saami_pite	lie	1		vällahit				vælːɑhit		v æ lː ɑ h i t	4	d								EZ
saami_skolt	lie	1		liâššâd				liɐʃːɐd		l i ɐ ʃː ɐ d	5	e	russian	clear					Itkonen1958b	SKosSk
saami_skolt	lie	2		lieʹnˈnjsted				lienʲːjsted		l i e nʲː j s t e d	6	f								SKosSk
saami_south	lie	1		gællasjidh				ɡælːɑɕidh		ɡ æ lː ɑ ɕ i d h	14	n								NSsNdb
saami_ume	lie	1		veälˈlàhit				veælˈlɑhit		v e æ lˈ l ɑ h i t	4	d								WbWlap
selkup_northern	lie	1		ippi-		ippi-		ipːi-		i pː i	12	l								SolkWb
udmurt	lie	1		ki̮lʹlʹi̮ni̮		ki̮lʹlʹi̮ni̮		kɯʎːɯnɯ		k ɯ ʎː ɯ n ɯ	8	h								WotjWsch
veps	lie	1		magata				mɑɡɑtɑ		m ɑ ɡ ɑ t ɑ	1	a	germanic	clear					LAGLOS, SSA, NES	VVS
votic_western	lie	1		ležiä		ležiä		leʒiæ		l e ʒ i æ	5	o	russian	clear					VKJMS	VKJMS
erzya	light	1		kirvastʹems		kirvastʹems		kirvɑstʲems		k i r v ɑ s tʲ e m s	6	f								MordWb
erzya	light	2		veŕgedʹems		veŕgedʹems		verʲɡedʲems		v e rʲ ɡ e dʲ e m s	2	b								MordWb
estonian_south	light	1		läütmä				læytmæ		l æ y t m æ	23	w			Cognacy reference lacking			SES		
estonian_south	light	2		palama pandma				pɑlɑmɑ pɑndmɑ		p ɑ l ɑ m ɑ p ɑ n d m ɑ	4	d				Lit. 'set burning'				VESr
estonian_standard	light	1		süüdata		süütatta		syːtɑtːɑ		s yː t ɑ tː ɑ	1	a	iranian	possible					SSA, EES	SVSk
finnish_standard	light	1		sytyttää		sütüttää		syt̪yt̪ːæː		s y t̪ y t̪ː æː	1	a	iranian	possible					SSA, EES	JL
hungarian	light	1		gyújt		ǵuujt		ɟuːjt		ɟ uː j t	10	j								FMSz
hungarian	light	2		meggyújt		megǵuujt		mɛɡɟuːjt		m ɛ ɡ ɟ uː j t	10	j								FMSz
ingrian	light	1		süᴅüttǟ		süᴅüttǟ		syd̥ytːæː		s y d̥ y tː æː	1	a	iranian	possible					SSA, EES	InkmSk
ingrian	light	2		virittǟ		virittǟ		viritːæː		v i r i tː æː	2	b								InkmSk
karelian_proper	light	1		sytytteä				sytytːeæ		s y t y tː e æ	1	a	iranian	possible					SSA, EES	KKSV
karelian_proper	light	2		viritteä				viritːeæ		v i r i tː e æ	2	b								KKSV
khanty_vakh_vasyugan	light	1		wǝtʹǝɣtǝ-		wətʹəɣtə-		wətʲəɣtə-		w ə tʲ ə ɣ t ə	19	s								DEWbOstj
komi_permyak	light	1		e̮zti̮ni̮		e̮zti̮ni̮		ɤztɯnɯ		ɤ z t ɯ n ɯ	20	t								KoPRSl
komi_zyrian	light	1		özti̮ni̮				øztɨnɨ		ø z t ɨ n ɨ	20	t						KESK		
komi_zyrian	light	2		biaśni̮		biaśni̮		biɑɕnɯ		b i ɑ ɕ n ɯ	9	i					"From ""bi"" 'fire'"			SyrjWsch
komi_zyrian	light	3		pesti̮ni̮		pesti̮ni̮		pestɯnɯ		p e s t ɯ n ɯ	7	g					"From ""pes"" 'wood, firewood'"			SyrjWsch
livonian_courland	light	1		altõ				ɑltɯ		ɑ l t ɯ	3	c								LivWb
mansi_sosva	light	1		kosamti		kosamti		kosɑmti		k o s ɑ m t i	16	p								WogWb
mansi_sosva	light	2		pēlamti		pēlamti		peːlɑmti		p eː l ɑ m t i	15	o								WogWb
mari_hill	light	1		čüktäš				t͡ʃyktæʃ		t͡ʃ y k t æ ʃ	22	v			Cognacy reference lacking			SES		
mari_meadow	light	1		ə̑lə̑štem		ə̑lə̑štem		ələʃtem		ə l ə ʃ t e m	11	k								SMSk, TscherWb
mari_meadow	light	2		pižə̑ktem		pižə̑ktem		piʒəktem		p i ʒ ə k t e m	12	l								SMSk, TscherWb
moksha	light	1		kərväśt'ems				kərvæsʲtʲems		k ə r v æ sʲ tʲ e m s	6	f						SES, SSA		
nenets_tundra	light	1		tyunye°				tʲuɲe		tʲ u ɲ e	17	q								JurSWb
nganasan	light	1		torəðusa		torəδusa		torəðusɑ		t o r ə ð u s ɑ	21	u								SlNgaRus
proto_uralic	light	1	not_reconstructable																	UEW, Sam88
saami_inari	light	1		cokkiittiđ				t͡sokːiːtːið		t͡s o kː iː tː i ð	5	e								InsSSk
saami_kildin	light	1		puell’te		puellʹte		puelːʲte		p u e lːʲ t e	4	d								WOLD
saami_north	light	1		bulˈlehit				pulːehit		p u lː e h i t	4	d								SSSg
saami_north	light	2		buolˈlàhit				puolːɑhit		p u o lː ɑ h i t	4	d								SSSg
saami_pite	light	1		bulledit				pulːetit		p u lː e t i t	4	d								EZ
saami_pite	light	2		bullet				pulːet		p u lː e t	4	d								EZ
saami_pite	light	3		tsehkedit				t͡sehketit		t͡s e h k e t i t	5	e								EZ
saami_skolt	light	1		puâlˈlted				puɐlːted		p u ɐ lː t e d	4	d								SKosSk
saami_south	light	1		båaltajehtedh				bɔɑltɑjehtedh		b ɔ ɑ l t ɑ j e h t e d h	4	d								NSsNdb
saami_south	light	2		tsïhkijehtedh				t͡sɨhkijehtedh		t͡s ɨ h k i j e h t e d h	5	e								NSsNdb
saami_ume	light	1		bualahtit				puɑlɑhtit		p u ɑ l ɑ h t i t	4	d								WbWlap
saami_ume	light	2		tsähkdit				t͡sæhktit		t͡s æ h k t i t	5	e								WbWlap
selkup_northern	light	1		ćātə-		ćātə-		tɕɑːtə-		tɕ ɑː t ə	18	r								SolkWb
udmurt	light	1		arati̮ni̮		arati̮ni̮		ɑrɑtɯnɯ		ɑ r ɑ t ɯ n ɯ	14	n								WotjWsch
veps	light	1		sütutada				sytutɑdɑ		s y t u t ɑ d ɑ	1	a	iranian	possible					SSA, EES	VVS
veps	light	2		viritada				viritɑdɑ		v i r i t ɑ d ɑ	2	b								VVS
votic_western	light	1		süttǟ		süttǟ		sytːæː		s y tː æː	1	a	iranian	possible					SSA, EES	VKJMS
erzya	live	1		eŕams		eŕams		erʲɑms		e rʲ ɑ m s	6	f					Does not correspond to PU *elä-			MordWb
estonian_south	live	1		elämä				elæmæ		e l æ m æ	1	a								VESr
estonian_standard	live	1		elada		elata		elɑtɑ		e l ɑ t ɑ	1	a								SVSk
finnish_standard	live	1		elää		elää		e̞læː		e̞ l æː	1	a								JL
hungarian	live	1		él		eel		eːl		eː l	1	a								FMSz
ingrian	live	1		el̆lǟ		el̆lǟ		el̆læː		e l ̆ l æː	1	a								InkmSk
karelian_proper	live	1		eleä				eleæ		e l e æ	1	a								KKSV
khanty_vakh_vasyugan	live	1		wăl-		wăl-		wɑ̆l-		w ɑ ̆ l	5	e					From PFU *woli̮- 'be, become'			DEWbOstj
khanty_vakh_vasyugan	live	2		wăs-		wăs-		wɑ̆s-		w ɑ ̆ s	5	e					From PFU *woli̮- 'be, become'			DEWbOstj
komi_permyak	live	1		ovni̮		ovni̮		ovnɯ		o v n ɯ	1	a								KoPRSl
komi_zyrian	live	1		ovni̮		ovni̮		ovnɯ		o v n ɯ	1	a								SyrjWsch
livonian_courland	live	1		jellõ				jelːɯ		j e lː ɯ	1	a								LivWb
mansi_sosva	live	1		ōli		ōli		oːli		oː l i	5	e					From PFU *woli̮- 'be, become'			WogWb
mari_hill	live	1		əläš				əlæʃ		ə l æ ʃ	1	a								
mari_meadow	live	1		ilem		ilem		ilem		i l e m	1	a								SMSk, TscherWb
moksha	live	1		eŕams				erʲɑms		e rʲ ɑ m s	6	f								
nenets_tundra	live	1		yilye°				jilʲe		j i lʲ e	1	a								JurSWb
nganasan	live	1		ńili̮dʹi		ńili̮dʹi		ɲilɯdʲi		ɲ i l ɯ dʲ i	1	a								SlNgaRus
proto_uralic	live	1		*elä-				elæ		e l æ	1	a								UEW, Sam88
saami_inari	live	1		eelliđ				eːlːið		eː lː i ð	1	a								InsSSk
saami_kildin	live	1		jēll’e		jeellʹe		jeːlːʲe		j eː lːʲ e	1	a								WOLD
saami_north	live	1		eallit				eælːit		e æ lː i t	1	a								SSSg
saami_pite	live	1		viessot				viesːot		v i e sː o t	2	b	north germanic	clear					Qvigstad1893	EZ
saami_skolt	live	1		jiẹʹlled				jielʲːed		j i e lʲː e d	1	a								SKosSk
saami_south	live	1		jieledh				jieledh		j i e l e d h	1	a								NSsNdb
saami_south	live	2		veasodh				veɑsodh		v e ɑ s o d h	2	b	north germanic	clear					Qvigstad1893	NSsNdb
saami_ume	live	1		viessoot				viesːoːt		v i e sː oː t	2	b	north germanic	clear					Qvigstad1893	WbWlap
selkup_northern	live	1		ilə-		ilə-		ilə-		i l ə	1	a								SolkWb
udmurt	live	1		uli̮ni̮		uli̮ni̮		ulɯnɯ		u l ɯ n ɯ	1	a								WotjWsch
veps	live	1		elʹada				elʲɑdɑ		e lʲ ɑ d ɑ	1	a								VVS
votic_western	live	1		elää		elǟ		elæmæ		e l æ m æ	1	a								VKJMS
erzya	liver	1		makso		makso		mɑkso		m ɑ k s o	1	a								MordWb
estonian_south	liver	1		mass				mɑsː		m ɑ sː	1	a								VESr
estonian_standard	liver	1		maks		maks		mɑks		m ɑ k s	1	a								SVSk
finnish_standard	liver	1		maksa		maksa		mɑksɑ		m ɑ k s ɑ	1	a								JL
hungarian	liver	1		máj		maaj		maːj		m aː j	1	a								FMSz
ingrian	liver	1		maksa		maksa		mɑksɑ		m ɑ k s ɑ	1	a								InkmSk
karelian_proper	liver	1		maksa				mɑksɑ		m ɑ k s ɑ	1	a								KKSV
khanty_vakh_vasyugan	liver	1		muɣəl		muɣəl		muɣəl		m u ɣ ə l	1	a								DEWbOstj
komi_permyak	liver	1		mus		mus		mus		m u s	1	a					Stem “musk-”			KoPRSl
komi_zyrian	liver	1		mus		mus		mus		m u s	1	a								SyrjWsch
livonian_courland	liver	1		maksā				mɑksɑː		m ɑ k s ɑː	1	a								LivWb
mansi_sosva	liver	1		mājt		mājt		mɑːjt		m ɑː j t	1	a								WogWb
mari_hill	liver	1		mokš				mokʃ		m o k ʃ	1	a								
mari_meadow	liver	1		mokš		mokš		mokʃ		m o k ʃ	1	a								SMSk, TscherWb
moksha	liver	1		maksa				mɑksɑ		m ɑ k s ɑ	1	a								
nenets_tundra	liver	1		mid°				mid		m i d	1	a								JurSWb
nganasan	liver	1		mitə		mitə		mitə		m i t ə	1	a								SlNgaRus
proto_uralic	liver	1		*maksa				mɑksɑ		m ɑ k s ɑ	1	a								UEW, Sam88
saami_inari	liver	1		vuoivâs				vuoivəs		v u o i v ə s	2	b								InsSSk
saami_kildin	liver	1		vūjvas		vuujvas		vuːjvɑs		v uː j v ɑ s	2	b								WOLD
saami_north	liver	1		vuoivvas				vuoivːɑs		v u o i vː ɑ s	2	b								SSSg
saami_pite	liver	1		ribbre				rippre		r i p p r e	3	c	north germanic	clear	Assimil.: *l...r > “r...r”				Lagercrantz1939	EZ
saami_skolt	liver	1		vuõivâs				vuəivɐs		v u ə i v ɐ s	2	b								SKosSk
saami_south	liver	1		librie				librie		l i b r i e	3	c	north germanic	clear					Lagercrantz1939	NSsNdb
saami_south	liver	2		mueksie				mueksie		m u e k s i e	1	a								NSsNdb
saami_ume	liver	1		ribrrie				riprːie		r i p rː i e	3	c	north germanic	clear	Assimil.: *l...r > “r...r”				Lagercrantz1939	WbWlap
saami_ume	liver	2		muökssie				muøksːie		m u ø k sː i e	1	a								WbWlap
selkup_northern	liver	1		mī̮tə		mī̮tə		mɯːtə		m ɯː t ə	1	a								SolkWb
udmurt	liver	1		mus		mus		mus		m u s	1	a								WotjWsch
veps	liver	1		maks				mɑks		m ɑ k s	1	a								VVS
votic_western	liver	1		petšoŋk		pečoŋk		petʃoŋk		p e tʃ o ŋ k	4	d	russian	clear					VKJMS	VKJMS
votic_western	liver	2		mahsa		mahsa		mɑhsɑ		m ɑ h s ɑ	1	a								VKJMS
erzya	long	1		kuvaka		kuvaka		kuvɑkɑ		k u v ɑ k ɑ	2	b								MordWb
estonian_south	long	1		pikk				pikː		p i kː	1	a								VESr
estonian_standard	long	1		pikk		pikk		pikː		p i kː	1	a								SVSk
finnish_standard	long	1		pitkä		pitkä		pit̪kæ		p i t̪ k æ	1	a								JL
hungarian	long	1		hosszú		hossuu		hosːuː		h o sː uː	3	c								FMSz
ingrian	long	1		pitki		pitki		pitki		p i t k i	1	a								InkmSk
karelian_proper	long	1		pitkä				pitkæ		p i t k æ	1	a								KKSV
khanty_vakh_vasyugan	long	1		koχ		koχ		kox		k o x	2	b								DEWbOstj
komi_permyak	long	1		kuź		kuź		kuʑ		k u ʑ	3	c								KoPRSl
komi_zyrian	long	1		kuź		kuź		kuʑ		k u ʑ	3	c								SyrjWsch
livonian_courland	long	1		pitkā				pitkɑː		p i t k ɑː	1	a								LivWb
mansi_sosva	long	1		χosa		χosa		xosɑ		x o s ɑ	3	c								WogWb
mari_hill	long	1		kužə̑				kuʒə		k u ʒ ə	3	c								
mari_meadow	long	1		kužu		kužu		kuʒu		k u ʒ u	3	c								SMSk, TscherWb
moksha	long	1		kuvaka				kuvɑkɑ		k u v ɑ k ɑ	2	b								
nenets_tundra	long	1		yamp°				jɑmp		j ɑ m p	4	d								JurSWb
nganasan	long	1		kuntәguә		kuntәguә		kuntəɡuə		k u n t ə ɡ u ə	6	f								SlNgaRus
proto_uralic	long	1	not_reconstructable														Cf. PFU *kaśi̮ and PSd *kuntə			UEW, Sam88
saami_inari	long	1		kukke				kukːe		k u kː e	2	b								InsSSk
saami_kildin	long	1		kuk’es’		kukʹesʹ		kukʲesʲ		k u kʲ e sʲ	2	b								WOLD
saami_north	long	1		guhkki				kuhkːi		k u h kː i	2	b								SSSg
saami_pite	long	1		guhkke				kuhkːe		k u h kː e	2	b								EZ
saami_skolt	long	1		kuʹǩǩ				kucː		k u cː	2	b								SKosSk
saami_south	long	1		guhkies				ɡuhkies		ɡ u h k i e s	2	b								NSsNdb
saami_ume	long	1		gühkee				kyhkeː		k y h k eː	2	b								WbWlap
selkup_northern	long	1		ćumpu		ćumpu		tɕumpu		tɕ u m p u	4	d								SolkWb
udmurt	long	1		kuź		kuź		kuʑ		k u ʑ	3	c								WotjWsch
veps	long	1		pitʹk				pitʲk		p i tʲ k	1	a								VVS
votic_western	long	1		pittšä		pitčä		pittʃ		p i t tʃ	1	a								VKJMS
erzya	lose	1		jomavtoms		jomavtoms		jomɑvtoms		j o m ɑ v t o m s	6	f								MordWb
estonian_south	lose	1		kaotama				kɑotɑmɑ		k ɑ o t ɑ m ɑ	1	a								VESr
estonian_standard	lose	1		kaotada		kaottata		kɑotːɑtɑ		k ɑ o tː ɑ t ɑ	1	a								SVSk
finnish_standard	lose	1		hukata				hukɑtɑ		h u k ɑ t ɑ	16	s						EES, SSA		
finnish_standard	lose	2		kadottaa		kadottaa		kɑdo̞t̪ːɑː		k ɑ d o̞ t̪ː ɑː	1	a								JL
hungarian	lose	1		elveszt		elvest		ɛlvɛst		ɛ l v ɛ s t	8	h								FMSz
hungarian	lose	2		elveszít		elvesiit		ɛlvɛsiːt		ɛ l v ɛ s iː t	8	h								FMSz
ingrian	lose	1		hävittǟ		hävittǟ		hævitːæː		h æ v i tː æː	2	b								InkmSk
ingrian	lose	2		huɢaᴅa		huɢaᴅa		huɡ̥ɑd̥ɑ		h u ɡ̥ ɑ d̥ ɑ	14	n								InkmSk
karelian_proper	lose	1		hävitteä				hævitːeæ		h æ v i tː e æ	2	b								KKSV
karelian_proper	lose	2		kavottoa				kɑvotːoɑ		k ɑ v o tː o ɑ	1	a								KKSV
khanty_vakh_vasyugan	lose	1		joχat-		joχat-		joxɑt-		j o x ɑ t	12	l	tatar	clear					DEWOS	DEWbOstj
komi_permyak	lose	1		e̮šti̮ni̮		e̮šti̮ni̮		ɤʃtɯnɯ		ɤ ʃ t ɯ n ɯ	7	g								KoPRSl
komi_zyrian	lose	1		vošti̮ni̮		vošti̮ni̮		voʃtɯnɯ		v o ʃ t ɯ n ɯ	7	g								SyrjWsch
livonian_courland	lose	1		kōtõ				koːtɯ		k oː t ɯ	1	a								LivWb
mansi_sosva	lose	1		ūsti		ūsti		uːsti		uː s t i	7	o	komi	clear					Redei1970	WogWb
mansi_sosva	lose	2		χoltilāli		χoltilāli		xoltilɑːli		x o l t i l ɑː l i	9	i								WogWb
mari_hill	lose	1		jamδaš				jɑmðɑʃ		j ɑ m ð ɑ ʃ	6	f						SES, Bereczki2013		
mari_meadow	lose	1		jomδarem		jomδarem		jomðɑrem		j o m ð ɑ r e m	6	f								SMSk, TscherWb
moksha	lose	1		jumaftoms				jumɑftoms		j u m ɑ f t o m s	6	f						SES, Bereczki2013		
nenets_tundra	lose	1		yocy°				jot͡sʲ		j o t͡sʲ	10	j								JurSWb
nganasan	lose	1		dʹusa		dʹusa		dʲusɑ		dʲ u s ɑ	15	q								SlNgaRus
proto_uralic	lose	1	not_reconstructable																	UEW, Sam88
saami_inari	lose	1		läppiđ				læpːið		l æ pː i ð	4	d								InsSSk
saami_kildin	lose	1		kādxe		kaadxe		kɑːdxe		k ɑː d x e	1	a								WOLD
saami_north	lose	1		láhppit				lɑːhpːit		l ɑː h pː i t	4	d								SSSg
saami_pite	lose	1		láhppet				lɑːhpːet		l ɑː h pː e t	4	d								EZ
saami_skolt	lose	1		läʹpped				læpʲːed		l æ pʲː e d	4	d								SKosSk
saami_skolt	lose	2		rââʹppted	rõõppted			rɐːpʲːted		r ɐː pʲː t e d	5	e								SKosSk
saami_south	lose	1		dassedh				dɑsːedh		d ɑ sː e d h	13	m								NSsNdb
saami_ume	lose	1		laahpèhtit				lɑːhpehtit		l ɑː h p e h t i t	4	d								WbWlap
selkup_northern	lose	1		ürupčə-		ürupčə-		yruptʃə-		y r u p tʃ ə	11	k					"Deriv. from ""üru-"" 'disappear'"			SolkWb
udmurt	lose	1		i̮šti̮ni̮		i̮šti̮ni̮		ɯʃtɯnɯ		ɯ ʃ t ɯ n ɯ	7	g								WotjWsch
veps	lose	1		hajetada				hɑjetɑdɑ		h ɑ j e t ɑ d ɑ	3	c								VVS
veps	lose	2		kadotada				kɑdotɑdɑ		k ɑ d o t ɑ d ɑ	1	a								VVS
votic_western	lose	1		kavottā		kavottā		kɑvotːɑː		k ɑ v o tː ɑː	1	a								VKJMS
erzya	loud	1		ečke				et͡ʃke		e t͡ʃ k e	17	t								MordWb
estonian_south	loud	1		kõva				kɤvɑ		k ɤ v ɑ	1	a								VESr
estonian_standard	loud	1		kõva		kɣva		kɣvɑ		k ɣ v ɑ	1	a								SVSk
finnish_standard	loud	1		kova		kova		ko̞ʋɑ		k o̞ ʋ ɑ	1	a								JL
finnish_standard	loud	2		kovaääninen		kovaääninen		ko̞ʋɑæːnine̞n		k o̞ ʋ ɑ æː n i n e̞ n	1	a								JL
hungarian	loud	1		hangos		haŋgoš		hɒŋɡoʃ		h ɒ ŋ ɡ o ʃ	9	i								FMSz
ingrian	loud	1		kūluva		kūluva		kuːluvɑ		k uː l u v ɑ	14	n								InkmSk
karelian_proper	loud	1		jalo				jɑlo		j ɑ l o	2	b								KKSV
karelian_proper	loud	2		kova				kovɑ		k o v ɑ	1	a								KKSV
khanty_vakh_vasyugan	loud	1		sö̆jəŋ				sø̆jəŋ		s ø̆ j ə ŋ	25	y				voice+Adj				DEWbOstj
komi_permyak	loud	1		gora		gora		ɡorɑ		ɡ o r ɑ	8	h				Deriv. from “gor” 'sound, noise'				KoPRSl
komi_zyrian	loud	1		gora		gora		ɡorɑ		ɡ o r ɑ	8	h								SyrjWsch
livonian_courland	loud	1		dikțõ				dikcɯ		d i k c ɯ	4	d	latvian	clear					Suhonen1973	LivWb
livonian_courland	loud	2		kildzi				kildzi		k i l d z i	6	s						SES		
mansi_sosva	loud	1		sujən		sujən		sujən		s u j ə n	12	l				"Deriv. from ""suj"" 'sound'"				WogWb
mansi_sosva	loud	2		turiŋ		turiŋ		turiŋ		t u r i ŋ	11	k								WogWb
mari_hill	loud	1		koɣo				koɣo		k o ɣ o	18	v						SES		
mari_meadow	loud	1		tale		tale		tɑle		t ɑ l e	10	j								SMSk, TscherWb
moksha	loud	1		kajgi				kɑjɡi		k ɑ j ɡ i	19	u						SES		
nenets_tundra	loud	1		xingk°				xinɡk		x i n ɡ k	22	z								JurSWb
nganasan	loud	1		ŋirminsəkə		ŋirminsəkə		ŋirminsəkə		ŋ i r m i n s ə k ə	16	p				'Noisy, loud'	"Deriv. from ""ŋirmi"" 'noise'"			SlNgaRus
proto_uralic	loud	1	not_reconstructable																	
saami_inari	loud	1	form_not_found															SES		InsSSk
saami_kildin	loud	1		innjes’		ińńesʹ		iɲːesʲ		i ɲː e sʲ	13	m								WOLD
saami_north	loud	1		allat				ɑlːɑt		ɑ lː ɑ t	5	e								SSSg
saami_pite	loud	1	form_not_found																	EZ
saami_skolt	loud	1		jiõʹnni				jiənʲːi		j i ə nʲː i	21	r				"Cf. ""kõõrâs"" 'hard, strict'"		SES		SKosSk
saami_south	loud	1	form_not_found																	NSsNdb
saami_ume	loud	1		lugˈŋa				lukˈŋɑ		l u kˈ ŋ ɑ	7	g								WbWlap
selkup_northern	loud	1		ćari̮si̮mi̮j				t͡sʲɑrɨsɨmɨj		t͡sʲ ɑ r ɨ s ɨ m ɨ j	20	aa				"Possibly a form of ""or"" 'force, power' used in this sense"				SolkWb
udmurt	loud	1		zol		zol		zol		z o l	23	w								WotjWsch
udmurt	loud	2		šara		šara		ʃɑrɑ		ʃ ɑ r ɑ	24	x								
veps	loud	1		komed				komed		k o m e d	3	c								NRVS
votic_western	loud	1		valʹlʹu		valʹlʹu		vɑʎːu		v ɑ ʎː u	15	o								VKJMS
erzya	louse	1		śij		śij		eʎi		e ʎ i	2	b	russian	clear					MordWb	MordWb
estonian_south	louse	1		täi				tæi		t æ i	1	a								VESr
estonian_standard	louse	1		täi		täi		tæi		t æ i	1	a								SVSk
finnish_standard	louse	1		täi		täi		t̪æi		t̪ æ i	1	a								JL
hungarian	louse	1		tetű		tetüü		tɛtyː		t ɛ t yː	1	a			Deriv. of PFU *täji					FMSz
ingrian	louse	1		täi		täi		tæi		t æ i	1	a								InkmSk
karelian_proper	louse	1		täi				tæi		t æ i	1	a								KKSV
khanty_vakh_vasyugan	louse	1		töɣtəm		töɣtəm		tøɣtəm		t ø ɣ t ə m	1	a								DEWbOstj
komi_permyak	louse	1		toj		toj		toj		t o j	1	a								KoPRSl
komi_zyrian	louse	1		toj		toj		toj		t o j	1	a								SyrjWsch
livonian_courland	louse	1		tei				tei		t e i	1	a								LivWb
mansi_sosva	louse	1		tākəm		tākəm		tɑːkəm		t ɑː k ə m	1	a								WogWb
mari_hill	louse	1		ti		ti		ti		t i	1	a						SES, Bereczki2013, UEW		
mari_meadow	louse	1		tij		tij		tij		t i j	1	a								SMSk, TscherWb
moksha	louse	1		śi				sʲi		sʲ i	5	e						SES, MordWb		
nenets_tundra	louse	1		pəncyeq°				pənt͡sʲeʔ		p ə n t͡sʲ e ʔ	3	c								JurSWb
nganasan	louse	1		ŋomtu				ŋomtu		ŋ o m t u	6	f			Cognacy reference lacking					Kortt-Simchenko
proto_uralic	louse	1		*täji				tæji		t æ j i	1	a					PFU: *täji?			UEW, Sam88
saami_inari	louse	1		tikke				tikːe		t i kː e	1	a			Deriv. of PFU *täji					InsSSk
saami_kildin	louse	1		tɨhk’		tə̑hkʹ		tɨhkʲ		t ɨ h kʲ	1	a			Deriv. of PFU *täji					WOLD
saami_north	louse	1		dihkki				tihkːi		t i h kː i	1	a			Deriv. of PFU *täji					SSSg
saami_pite	louse	1		dihke				tihke		t i h k e	1	a			Deriv. of PFU *täji					EZ
saami_skolt	louse	1		teʹǩǩ				tecː		t e cː	1	a			Deriv. of PFU *täji					SKosSk
saami_south	louse	1		dihkie				dihkie		d i h k i e	1	a			Deriv. of PFU *täji					NSsNdb
saami_ume	louse	1		dihkee				tihkeː		t i h k eː	1	a			Deriv. of PFU *täji					WbWlap
selkup_northern	louse	1		unču		unču		untʃu		u n tʃ u	4	d			From PU *omča 'some insect, beetle'					SolkWb
udmurt	louse	1		tej		tej		tej		t e j	1	a								WotjWsch
veps	louse	1		tʹäi				tʲæi		tʲ æ i	1	a								VVS
votic_western	louse	1		täi		täi		tæi		t æ i	1	a								VKJMS
erzya	lung	1		melʹke		melʹke		meʎke		m e ʎ k e	5	e								MordWb
erzya	lung	2		tʹevelʹav		tʹevelʹav		tʲeveʎɑv		tʲ e v e ʎ ɑ v	2	b								MordWb
estonian_south	lung	1		tävv	täü			tævː		t æ vː	2	b								VESr, SI
estonian_south	lung	2		kops				kops		k o p s	3	c								SI
estonian_standard	lung	1		kopsud		koppsut		kopːsut		k o pː s u t	3	c								SVSk
finnish_standard	lung	1		keuhkot		keuhkot		ke̞uxko̞t̪		k e̞ u x k o̞ t̪	1	a								JL
hungarian	lung	1		tüdő		tüdöö		tydøː		t y d øː	2	b								FMSz
ingrian	lung	1		kouhkut		kouhkut		kouhkut		k o u h k u t	1	a								InkmSk
karelian_proper	lung	1		kouhko	kouhkoi			kouhko		k o u h k o	1	a								KKSV
khanty_vakh_vasyugan	lung	1		tărɣǝt		tărɣət		tɑ̆rɣət		t ɑ ̆ r ɣ ə t	7	g								DEWbOstj
komi_permyak	lung	1		lʹogko		lʹogko		ʎoɡko		ʎ o ɡ k o	8	h								KoPRSl
komi_zyrian	lung	1		ti̮		ti̮		tɯ		t ɯ	2	b								SyrjWsch
livonian_courland	lung	1		täv	tävd			tæv		t æ v	2	b								LivWb
mansi_sosva	lung	1		χōpsi		χōpsi		xoːpsi		x oː p s i	4	d								WogWb
mari_hill	lung	1		šoδə̑				ʃoðə		ʃ o ð ə	6	f								
mari_meadow	lung	1		šoδo		šoδo		ʃoðo		ʃ o ð o	6	f								SMSk, TscherWb
moksha	lung	1		t'evlav				tʲevlɑv		tʲ e v l ɑ v	2	b								
nenets_tundra	lung	1		tyiwak°				tʲiwɑk		tʲ i w ɑ k	2	b								JurSWb
nganasan	lung	1		čəińdʹə		čəińdʹə		tʃəiɲdʲə		tʃ ə i ɲ dʲ ə	2	b					Deriv. from PU *tä/ewiw			SlNgaRus
proto_uralic	lung	1		*täwiw				tæwiw		t æ w i w	2	b								UEW, Sam88
saami_inari	lung	1		keepis				keːpis		k eː p i s	1	a								InsSSk
saami_kildin	lung	1		kiehp’ness		kiehpʹness		kiehpʲnesː		k i e h pʲ n e sː	1	a								WOLD
saami_north	lung	1		geahpis				keæhpis		k e æ h p i s	1	a								SSSg
saami_pite	lung	1		giehpes				kiehpes		k i e h p e s	1	a								EZ
saami_pite	lung	2		gähppa				kæhpːɑ		k æ h pː ɑ	1	a								EZ
saami_skolt	lung	1		ǩeäppnõs				ceæpːnəs		c e æ pː n ə s	1	a								SKosSk
saami_south	lung	1		geahpoe				ɡeɑhpue		ɡ e ɑ h p u e	1	a								NSsNdb
saami_ume	lung	1		giehpies				kiehpies		k i e h p i e s	1	a								WbWlap
selkup_northern	lung	1	form_not_found																	SolkWb
udmurt	lung	1		ti̮		ti̮		tɯ		t ɯ	2	b								WotjWsch
veps	lung	1		tävu				tævu		t æ v u	2	b								VVS
votic_western	lung	1		kopsõᴅ		kopse̮ᴅ		kopsɤd̥		k o p s ɤ d̥	3	c								VKJMS
votic_western	lung	2		l'ohkõiᴅ		lʹohke̮iᴅ		kopsɤd̥		k o p s ɤ d̥	9	i						SES		
erzya	man	1		alʹa		alʹa		ɑʎɑ		ɑ ʎ ɑ	5	e								MordWb
erzya	man	2		ćora		ćora		tɕorɑ		tɕ o r ɑ	7	g	tatar	clear					Butylov2007	MordWb
estonian_south	man	1		miis'				miːsʲ		m iː sʲ	1	a	germanic	probable					LAGLOS, SSA, EES, NES	VESr
estonian_standard	man	1		mees		mees		meːs		m eː s	1	a	germanic	probable					LAGLOS, SSA, EES, NES	SVSk
finnish_standard	man	1		mies		mies		mie̞s		m i e̞ s	1	a	germanic	probable					LAGLOS, SSA, EES, NES	JL
hungarian	man	1		ember		ember		ɛmbɛr		ɛ m b ɛ r	15	o				'Man, human'				FMSz
hungarian	man	2		férfi		feerfi		feːrfi		f eː r f i	10	j								FMSz
ingrian	man	1		mēz		mēz		meːz		m eː z	1	a	germanic	probable					LAGLOS, SSA, EES, NES	InkmSk
karelian_proper	man	1		mies				mies		m i e s	1	a	germanic	probable					LAGLOS, SSA, EES, NES	KKSV
khanty_vakh_vasyugan	man	1		kăsi̮		kăsi̮		kɑ̆sɯ		k ɑ ̆ s ɯ	16	p			"No connection with TNen ""xasawa"" ?"					DEWbOstj
khanty_vakh_vasyugan	man	2		ku		ku		ku		k u	11	k			"Latter compounded with ""kăsi̮"" (also 'man' by itself)"					DEWbOstj
khanty_vakh_vasyugan	man	3		kujǝkăsi̮		kujəkăsi̮		kujəkɑ̆sɯ		k u j ə k ɑ ̆ s ɯ	11	k			"Latter compounded with ""kăsi̮"" (also 'man' by itself)"					DEWbOstj
komi_permyak	man	1		mužik		mužik		muʒik		m u ʒ i k	2	q	russian	clear					Kalima1911	KoPRSl
komi_zyrian	man	1		mužik		mužik		muʒik		m u ʒ i k	2	q	russian	clear					Kalima1911	SyrjWsch
livonian_courland	man	1		mīez				miːez		m iː e z	1	a	germanic	probable					LAGLOS, SSA, EES, NES	LivWb
mansi_sosva	man	1		χum		χum		xum		x u m	11	k			From PU deriv. *koji̮-mV 'man, person'					WogWb
mari_hill	man	1		püerɣə				pyerɣə		p y e r ɣ ə	18	t						SES		
mari_meadow	man	1		marij		marij		mɑrij		m ɑ r i j	13	m	indo-iranian_or_iranian	possible					Holopainen2019	SMSk, TscherWb
mari_meadow	man	2		pörjeŋ		pörjeŋ		pørjeŋ		p ø r j e ŋ	9	i	chuvash	clear					Bereczki2013	SMSk, TscherWb
moksha	man	1		al'ä				ɑlʲæ		ɑ lʲ æ	5	e								
nenets_tundra	man	1		xasawa				xɑsɑwɑ		x ɑ s ɑ w ɑ	12	l			"No connection with EKhan ""kăsi̮"" ?"					JurSWb
nganasan	man	1		kuədʹumu		kuədʹumu		kuədʲumu		k u ə dʲ u m u	12	l				'Man, husband'	From PSd *kåəsåmå?			SlNgaRus
nganasan	man	2		ŋanaˀsa		ŋanaˀsa		ŋɑnɑʔsɑ		ŋ ɑ n ɑ ʔ s ɑ	17	s				'Man', (plural) 'people'				SlNgaRus
proto_uralic	man	1		*koji̮				kojɨ		k o j ɨ	11	k								UEW, Sam88
saami_inari	man	1		almai				ɑlmɑi		ɑ l m ɑ i	3	c			From PSa *e̮lmāj					InsSSk
saami_kildin	man	1		oalmolma		aalmolma		ɒːlmolmɑ		ɒː l m o l m ɑ	3	c			From PSa *e̮lmāj					WOLD
saami_north	man	1		almmái				ɑlmːɑːi		ɑ l mː ɑː i	3	c			From PSa *e̮lmāj					SSSg
saami_north	man	2		dievdu				tievtu		t i e v t u	6	f	north germanic	clear					Koivulehto1976	SSSg
saami_pite	man	1		ålmaj				ɔlmɑj		ɔ l m ɑ j	3	c			From PSa *e̮lmāj					EZ
saami_skolt	man	1		åålm(ai)	ååum(ai)			ɔːlmɑi		ɔː l m ɑ i	3	c			From PSa *e̮lmāj					SKosSk
saami_skolt	man	2		ååumaž	ooumaž			ɔːumɑʒ		ɔː u m ɑ ʒ	4	d			From PSa *olmɔ̄-					SKosSk
saami_south	man	1		alma	ålma			ɑlmɑ		ɑ l m ɑ	3	c			From PSa *e̮lmāj					NSsNdb
saami_ume	man	1		ålmài				ɔlmɑi		ɔ l m ɑ i	3	c			From PSa *e̮lmāj					WbWlap
saami_ume	man	2		ålˈmaah				ɔlˈmɑːh		ɔ lˈ m ɑː h	3	c			From PSa *e̮lmāj					WbWlap
selkup_northern	man	1		tipi		tipi		tipi		t i p i	14	n								SolkWb
udmurt	man	1		piosmurt		piosmurt		piosmurt		p i o s m u r t	8	h	indo-iranian_or_indo-european	possible	"Comp; latter part from PFP *mertä 'person, man'; cf. Avestan ""marəta"" 'person, mortal'"				Holopainen2019, Koivulehto1999, Katz1983	WotjWsch
udmurt	man	2		vorgoron		vorgoron		vorɡoron		v o r ɡ o r o n	14	n								WotjWsch
veps	man	1		meź				mezʲ		m e zʲ	1	a	germanic	probable					LAGLOS, SSA, EES, NES	VVS
veps	man	2		mužik				muʒik		m u ʒ i k	2	b	russian	clear					MH	VVS
votic_western	man	1		mēᴢ		mēᴢ		meːz̥		m eː z̥	1	a	germanic	probable					LAGLOS, SSA, EES, NES	VKJMS
erzya	many	1		lamo		lamo		lɑmo		l ɑ m o	9	i								MordWb
estonian_south	many	1		pall'o				pɑlːʲo		p ɑ lːʲ o	5	e								SI
estonian_standard	many	1		palju		paljut		pɑljut		p ɑ l j u t	5	e	slavic	possible					Saarikivi2009	SVSk
finnish_standard	many	1		moni		moni		mo̞ni		m o̞ n i	1	a	indo-european	possible			Latter infl./deriv.		SSA, NES, EES, UEW	JL
finnish_standard	many	2		paljon				pɑljon		p ɑ l j o n	5	e								
hungarian	many	1		sok		šok		ʃok		ʃ o k	13	m								FMSz
ingrian	many	1		moni		moni		moni		m o n i	1	a	indo-european	possible					SSA, NES, EES, UEW	InkmSk
karelian_proper	many	1		äijä				æijæ		æ i j æ	3	c								KKSV
karelian_proper	many	2		moni				moni		m o n i	1	a	indo-european	possible					SSA, NES, EES, UEW	KKSV
khanty_vakh_vasyugan	many	1		är		är		ær		æ r	15	o								DEWbOstj
khanty_vakh_vasyugan	many	2		ärki		ärki		ærki		æ r k i	15	o								DEWbOstj
komi_permyak	many	1		una		una		unɑ		u n ɑ	11	k								KoPRSl
komi_zyrian	many	1		una		una		unɑ		u n ɑ	11	k								SyrjWsch
livonian_courland	many	1		pǟgiņ				pæːɡiɲ		p æː ɡ i ɲ	23	t			Cognacy reference lacking			SES		
livonian_courland	many	2		jennõ				jenːɯ		j e nː ɯ	24	f			Cognacy reference lacking			SES		
mansi_sosva	many	1		sāw		sāw		sɑːw		s ɑː w	13	m								WogWb
mari_hill	many	1		šukə̑				ʃukə		ʃ u k ə	10	j								
mari_meadow	many	1		jatə̑r		jatə̑r		jɑtər		j ɑ t ə r	12	l	volga bulgar turkic	clear					TscherWb	SMSk, TscherWb
mari_meadow	many	2		šuko		šuko		ʃuko		ʃ u k o	10	j								SMSk, TscherWb
moksha	many	1		lama				lɑmɑ		l ɑ m ɑ	9	i								
nenets_tundra	many	1		ŋoka				ŋokɑ		ŋ o k ɑ	16	p								JurSWb
nganasan	many	1		ŋuŋkəgə		ŋuŋkəgə		ŋuŋkəɡə		ŋ u ŋ k ə ɡ ə	16	p								SlNgaRus
proto_uralic	many	1		*enä				enæ		e n æ	11	k				Possibly used in this meaning in addition to 'big'				UEW, Sam88
saami_inari	many	1		eenâs				eːnəs		eː n ə s	22	f			Cognacy reference lacking			SES		
saami_kildin	many	1		jēnne		jeenne		jeːnːe		j eː nː e	6	f	finnic	clear					Riessler2009	WOLD
saami_north	many	1		ollu				olːu		o lː u	21	u						UEW		
saami_north	many	2		eatnat				eætnɑt		e æ t n ɑ t	6	f	finnic	clear					Sammallahti1998	SSSg
saami_pite	many	1		edna				etnɑ		e t n ɑ	6	f	finnic	clear					Sammallahti1998	EZ
saami_pite	many	2		suhtte				suhtːe		s u h tː e	19	s								EZ
saami_skolt	many	1		mäŋgg				mæŋɡː		m æ ŋ ɡː	7	g	north germanic	clear					Sammallahti1998	SKosSk
saami_south	many	1		gellie				ɡelːie		ɡ e lː i e	18	r								NSsNdb
saami_ume	many	1		mǜhtema				myhtemɑ		m y h t e m ɑ	8	h	finnic	clear					Schlachter1958	WbWlap
selkup_northern	many	1		koććə		koććə		kotɕːə		k o tɕː ə	17	q								SolkWb
udmurt	many	1		tros		tros		tros		t r o s	14	n								WotjWsch
veps	many	1		äi				æi		æ i	3	c					Latter attr.			VVS
veps	many	2		äjad				æjɑd		æ j ɑ d	3	c					Latter attr.			VVS
votic_western	many	1		pal'l'o		palʹlʹo		mɤni		m ɤ n i	5	e								
erzya	meat	1		sivelʹ		sivelʹ		siveʎ		s i v e ʎ	4	d			From PFP *siwi-(lʹi?)					MordWb
estonian_south	meat	1		liha				lihɑ		l i h ɑ	1	a								VESr
estonian_standard	meat	1		liha		liha		lihɑ		l i h ɑ	1	a								SVSk
finnish_standard	meat	1		liha		liha		liɦɑ		l i ɦ ɑ	1	a								JL
hungarian	meat	1		hús		huuš		huːʃ		h uː ʃ	7	g	iranian	possible					Zaicz2006, TESz	FMSz
ingrian	meat	1		liha		liha		lihɑ		l i h ɑ	1	a								InkmSk
karelian_proper	meat	1		liha				lihɑ		l i h ɑ	1	a								KKSV
khanty_vakh_vasyugan	meat	1		ńoɣi̮		ńoɣi̮		ɲoɣɯ		ɲ o ɣ ɯ	9	i								DEWbOstj
komi_permyak	meat	1		jaj		jaj		jɑj		j ɑ j	6	f								KoPRSl, RB
komi_zyrian	meat	1		jai		jai		jɑi		j ɑ i	6	f								SyrjWsch
livonian_courland	meat	1		vȯzā				vɤzɑː		v ɤ z ɑː	2	b	indo-iranian_or_indo-european	possible					EVE	LivWb
mansi_sosva	meat	1		ńowəlʹ		ńowəlʹ		ɲowəʎ		ɲ o w ə ʎ	8	h								WogWb
mari_hill	meat	1		šəl				ʃəl		ʃ ə l	4	d						SES, Bereczki2013		
mari_meadow	meat	1		šə̑l		šə̑l		ʃəl		ʃ ə l	4	d			From PFP *siwi-(lʹi?)					SMSk, TscherWb
moksha	meat	1		śivol'				sʲivolʲ		sʲ i v o lʲ	4	d						SES, UEW		
nenets_tundra	meat	1		ŋəmca				ŋəmt͡sɑ		ŋ ə m t͡s ɑ	10	j								JurSWb
nganasan	meat	1		śahi̮		śahi̮		ɕɑhɯ		ɕ ɑ h ɯ	12	l				'Body, flesh, meat'				SlNgaRus
proto_uralic	meat	1	not_reconstructable																	UEW, Sam88
saami_inari	meat	1		uážži				uæʒːi		u æ ʒː i	2	b	indo-iranian_or_indo-european	possible					EVE, Sammallahti1998	InsSSk
saami_kildin	meat	1		vuennč		vuenntš		vuenːtʃ		v u e nː t ʃ	2	b	indo-iranian_or_indo-european	possible					EVE, Sammallahti1998	WOLD
saami_north	meat	1		oažži				oɑʒːi		o ɑ ʒː i	2	b	indo-iranian_or_indo-european	possible					EVE, Sammallahti1998	SSSg
saami_pite	meat	1		bärrgo				pærːko		p æ rː k o	3	c	north germanic	clear	Cf. PGer *bergō				Lehtiranta1989	EZ, Koi88
saami_skolt	meat	1		vuäʹǯˈǯ	vueʹǯˈǯ			vuæd͡ʒʲd͡ʒ		v u æ d͡ʒʲ d͡ʒ	2	b	indo-iranian_or_indo-european	possible					EVE, Sammallahti1998	SKosSk
saami_south	meat	1		bearkoe				beɑrkue		b e ɑ r k u e	3	c	north germanic	clear	Cf. PGer *bergō				Lehtiranta1989	NSsNdb, Koi88
saami_ume	meat	1		beärˈgoo				peærˈkoː		p e æ rˈ k oː	3	c	north germanic	clear	Cf. PGer *bergō				Lehtiranta1989	WbWlap, Koi88
selkup_northern	meat	1		uə̑ćə		uə̑ćə		uətɕə		u ə tɕ ə	11	k								SolkWb
udmurt	meat	1		silʹ		silʹ		siʎ		s i ʎ	4	d			From PFP *siwi-(lʹi?)					WotjWsch
veps	meat	1		liha				lihɑ		l i h ɑ	1	a								VVS
votic_western	meat	1		liha		liha		lihɑ		l i h ɑ	1	a								VKJMS
erzya	millet	1		suro		suro		suro		s u r o	3	c								MordWb
estonian_south	millet	1		hirss'				hirsːʲ		h i r sːʲ	1	a	german	clear	From German or Estonian				EES	VESr
estonian_standard	millet	1		hirss		hirss		hirsː		h i r sː	1	a	german	clear					EES	SVSk
finnish_standard	millet	1		hirssi		hirssi		hirsːi		h i r sː i	1	a	swedish	clear					SSA, NES	JL
hungarian	millet	1		köles		köleš		kølɛʃ		k ø l ɛ ʃ	4	d			Holopainen2023 suggets a substrate origin for the word but item needs more investigation to be assigned as a borrowing					FMSz
ingrian	millet	1	form_not_found																	InkmSk
karelian_proper	millet	1		prossa				prosːɑ		p r o sː ɑ	2	g	russian	clear					MH	KKSV
khanty_vakh_vasyugan	millet	1	form_not_found																	DEWbOstj
komi_permyak	millet	1		prosa		prosa		prosɑ		p r o s ɑ	2	j	russian	clear					Kalima1911	KoPRSl
komi_zyrian	millet	1		prosa		prosa		brosɑ		b r o s ɑ	2	o	russian	clear				Kalima1911	Kalima1911	SyrjWsch
livonian_courland	millet	1		prōs				proːs		p r oː s	2	n	russian	clear					MdH	LivWb
mansi_sosva	millet	1	form_not_found																	WogWb
mari_hill	millet	1		pros				pros		p r o s	2	m	russian	clear				MdH	MdH	
mari_meadow	millet	1		tar		tar		tɑr		t ɑ r	5	e	tatar	clear					Isanbaev1994, TscherWb	SMSk, TscherWb
moksha	millet	1		sura				surɑ		s u r ɑ	3	c			Cognacy reference lacking			SES		
nenets_tundra	millet	1	form_not_found																	JurSWb
nganasan	millet	1	form_not_found																	SlNgaRus
proto_uralic	millet	1	not_reconstructable																	UEW, Sam88
saami_inari	millet	1		hirssâ				hirsːə		h i r sː ə	7	l	finnish	clear				MdH	MdH, SES	InsSSk
saami_kildin	millet	1		šienn’		šiennʹ		ʃienːʲ		ʃ i e nːʲ	6	f	russian	clear					Riessler2009	WOLD
saami_north	millet	1	form_not_found																	SSSg
saami_pite	millet	1	form_not_found																	EZ
saami_skolt	millet	1		prååss				prɔːsː		p r ɔː sː	2	b	russian	clear					Itkonen1958b	SKosSk
saami_south	millet	1	form_not_found																	NSsNdb
saami_ume	millet	1	form_not_found																	WbWlap
selkup_northern	millet	1	form_not_found																	SolkWb
udmurt	millet	1		tari		tari		tɑri		t ɑ r i	5	e	tatar	clear					Tarakanov1993, Csucs1990	WotjWsch
veps	millet	1	form_not_found																	VVS
votic_western	millet	1		pšona		pšona		proːsː		p r oː sː	8	k						MdH		
votic_western	millet	2		prōssa		prōssa		proːsː		p r oː sː	2	h	russian	clear					VKJMS	VKJMS
erzya	mind	1		melʹ		melʹ		meʎ		m e ʎ	1	a								MordWb
estonian_south	mind	1		miil'				miːlʲ		m iː lʲ	1	a								VESr
estonian_standard	mind	1		meel		meel		meːl		m eː l	1	a								SVSk
estonian_standard	mind	2		vaim		vaim		vɑim		v ɑ i m	2	b								SVSk
finnish_standard	mind	1		mieli		mieli		mie̞li		m i e̞ l i	1	a								JL
hungarian	mind	1		értelem		eertelem		eːrtɛlɛm		eː r t ɛ l ɛ m	4	d								FMSz
hungarian	mind	2		ész		ees		eːs		eː s	3	k	west old turkic	clear					WOT	FMSz
ingrian	mind	1		mēli		mēli		meːli		m eː l i	1	a								InkmSk
karelian_proper	mind	1		mieli				mieli		m i e l i	1	a								KKSV
khanty_vakh_vasyugan	mind	1		nămǝs		năməs		nɑ̆məs		n ɑ ̆ m ə s	7	g								DEWbOstj
komi_permyak	mind	1		veže̮r		veže̮r		veʒɤr		v e ʒ ɤ r	9	i								KoPRSl
komi_zyrian	mind	1		mi̮v-ki̮d		mi̮l-ki̮d		mɯl-kɯd		m ɯ l k ɯ d	1	a								SyrjWsch
livonian_courland	mind	1		mēļ				meːʎ		m eː ʎ	1	a								LivWb
mansi_sosva	mind	1		nomt		nomt		nomt		n o m t	7	g								WogWb
mansi_sosva	mind	2		sājt		sājt		sɑːjt		s ɑː j t	12	m	komi	clear					Redei1970	WogWb
mari_hill	mind	1		ə̑š				əʃ		ə ʃ	3	c	turkic	clear					Rasanen1923	
mari_meadow	mind	1		uš		uš		uʃ		u ʃ	3	c	turkic	clear					Rasanen1923	SMSk, TscherWb
moksha	mind	1		mäl'				mælʲ		m æ lʲ	1	a								
nenets_tundra	mind	1		yí				ji		j i	5	e								JurSWb
nganasan	mind	1		dʹia		dʹia		dʲiɑ		dʲ i ɑ	5	e				'Brain, mind'				SlNgaRus
nganasan	mind	2		korsa		korsa		korsɑ		k o r s ɑ	10	j				'Thought, mind, soul'				SlNgaRus
nganasan	mind	3		ŋonda		ŋonda		ŋondɑ		ŋ o n d ɑ	11	l				'Mind, thought'				SlNgaRus
proto_uralic	mind	1	not_reconstructable																	UEW, Sam88
saami_inari	mind	1		mielâ				mielə		m i e l ə	1	a								InsSSk
saami_kildin	mind	1		mīll		miill		miːlː		m iː lː	1	a								WOLD
saami_north	mind	1		miella				mielːɑ		m i e lː ɑ	1	a								SSSg
saami_pite	mind	1		miella				mielːɑ		m i e lː ɑ	1	a								EZ
saami_skolt	mind	1		miõll				miəlː		m i ə lː	1	a								SKosSk
saami_south	mind	1		mïele				mɨele		m ɨ e l e	1	a								NSsNdb
saami_ume	mind	1		miälla				miælːɑ		m i æ lː ɑ	1	a								WbWlap
selkup_northern	mind	1		teni	teńi	teni	teńi	teni	teɲi	t e n i	6	f								SolkWb
udmurt	mind	1		mi̮l-ki̮d		mi̮l-ki̮d		mɯl-kɯd		m ɯ l k ɯ d	1	a								WotjWsch
veps	mind	1		melʹ				melʲ		m e lʲ	1	a								VVS
votic_western	mind	1		melʹ		melʹ		meʎ		m e ʎ	1	a								EESR
erzya	molar_tooth	1		kamakš		kamakš		kɑmɑkʃ		k ɑ m ɑ k ʃ	7	g	tatar	clear				Butylov2007	Butylov2007	MordWb
estonian_south	molar_tooth	1		purimanõ hammas				purimɑnɤ hɑmːɑs		p u r i m ɑ n ɤ h ɑ mː ɑ s	5	e				“Hammas” 'tooth'; modifier deriv. from *puri̮- 'bite'				VESr
estonian_standard	molar_tooth	1		purihammas		pə̑skhammas		pɤskhɑmːɑs		p ɤ s k h ɑ mː ɑ s	1	a								SVSk
finnish_standard	molar_tooth	1		poskihammas		poskihammas		po̞skiɦɑmːɑs		p o̞ s k i ɦ ɑ mː ɑ s	1	a								JL
hungarian	molar_tooth	1		zápfog		zaapfog		zaːpfoɡ		z aː p f o ɡ	9	i				"""Fog"" 'tooth'"				FMSz
ingrian	molar_tooth	1	form_not_found																	InkmSk
karelian_proper	molar_tooth	1		perähammas				peræhɑmːɑs		p e r æ h ɑ mː ɑ s	2	b								KKSV
karelian_proper	molar_tooth	2		šokkahammas				ʃokːɑhɑmːɑs		ʃ o kː ɑ h ɑ mː ɑ s	3	c								KKSV
khanty_vakh_vasyugan	molar_tooth	1		ŏŋǝl-pö̭ŋk		ŏŋəl-pö̭ŋk		ŏŋəl-pø̻ŋk		o ̆ ŋ ə l p ø̻ ŋ k	10	j				Lit. 'jaw-(bottom)-tooth'				DEWbOstj
khanty_vakh_vasyugan	molar_tooth	2		ŏŋǝl-pǝtɜ-pö̭ŋk	ŏŋǝl-pǝtä-pö̭ŋk	ŏŋəl-pətə-pö̭ŋk	ŏŋəl-pətä-pö̭ŋk	ŏŋəl-pətə-pø̝ŋk	ŏŋəl-pətæ-pø̝ŋk	ŏ ŋ ə l p ə t ə p ø̝ ŋ k	10	j				Lit. 'jaw-(bottom)-tooth'				DEWbOstj
komi_permyak	molar_tooth	1		jur piń		jur_piń		jur piɲ		j u r p i ɲ	8	h				Lit. 'head tooth'				KoPRSl
komi_zyrian	molar_tooth	1		jur-piń		jur-piń		jur-piɲ		j u r p i ɲ	8	h				Lit. 'head tooth'				SyrjWsch
livonian_courland	molar_tooth	1		purmõz				purmɯz		p u r m ɯ z	5	e					Deriv. from *puri̮- 'bite'			LivWb
mansi_sosva	molar_tooth	1		tār-puŋk		tār-puŋk		tɑːr-puŋk		t ɑː r p u ŋ k	12	l				Comp.; 'root-tooth'				WogWb
mansi_sosva	molar_tooth	2		ūləś-puŋk		ūləś-puŋk		uːləɕ-puŋk		uː l ə ɕ p u ŋ k	13	m				Comp.; 'chin-tooth'				WogWb
mari_hill	molar_tooth	1		onɣə̑rβü				onɣərβy		o n ɣ ə r β y	10	j						SES		
mari_meadow	molar_tooth	1		oŋgə̑rpüj		oŋgə̑rpüj		oŋɡərpyj		o ŋ ɡ ə r p y j	10	j				"Comp.; ""püj"" 'tooth'"				SMSk, TscherWb
moksha	molar_tooth	1		kamakš				kɑmɑkʃ		k ɑ m ɑ k ʃ	7	g	tatar	clear				Butylov2007	Butylov2007	
nenets_tundra	molar_tooth	1		təqwanəbcy°h				təʔwɑnəbt͡sʲʔ		t ə ʔ w ɑ n ə b t͡sʲ ʔ	14	n					"Deriv. from ""təqwanə-"" 'chew'"			JurSWb
nganasan	molar_tooth	1		mund'utofśa				mundʲutofsʲɑ		m u n dʲ u t o f sʲ ɑ	18	s								Kortt-Simchenko
proto_uralic	molar_tooth	1	not_reconstructable																	UEW, Sam88
saami_inari	molar_tooth	1		madâpääni				mɑdəpæːni		m ɑ d ə p æː n i	17	r								InsSSk
saami_kildin	molar_tooth	1		moant-pannj		maant-pańń		mɒːnt-pɑɲː		m ɒː n t p ɑ ɲː	6	f								WOLD
saami_north	molar_tooth	1		máttabátni				mɑːtːɑpɑːtni		m ɑː tː ɑ p ɑː t n i	6	f				Lit. 'root tooth'				SSSg
saami_pite	molar_tooth	1		muohto-bádne				muohto-pɑːtne		m u o h t o p ɑː t n e	16	p				Lit. 'cheek/face tooth'				EZ
saami_skolt	molar_tooth	1		maaddpääʹnn				mɑːdːpæːnʲː		m ɑː dː p æː nʲː	17	r								SKosSk
saami_south	molar_tooth	1	form_not_found																	NSsNdb
saami_ume	molar_tooth	1		màdt-bàdnee				mɑtt-pɑtneː		m ɑ t t p ɑ t n eː	6	f				Lit. 'root-tooth'				WbWlap
selkup_northern	molar_tooth	1		poŋə-ćī̮pəl timə		poŋə-ćī̮pəl_timə		poŋə-tɕɯːpəl timə		p o ŋ ə tɕ ɯː p ə l t i m ə	15	o				Lit. 'back-of-esophagus tooth'				SolkWb
udmurt	molar_tooth	1		ji̮r-piń		waźer-piń		wɑʑer-piɲ		w ɑ ʑ e r p i ɲ	11	k				"Comp; ""Piń"" 'tooth'"				WotjWsch
veps	molar_tooth	1		juŕhambaz				jurʲhɑmbɑz		j u rʲ h ɑ m b ɑ z	4	d				Lit. 'root-tooth'				VVS
votic_western	molar_tooth	1		leipäammaz		leipäammaz		leipæɑmːɑz		l e i p æ ɑ mː ɑ z	19	q			Cognacy reference lacking, Compound			MdH		VKJMS
erzya	moon	1		kov		kov		kov		k o v	1	a								MordWb
estonian_south	moon	1		kuu				kuː		k uː	1	a								VESr
estonian_standard	moon	1		kuu		kuu		kuː		k uː	1	a								SVSk
finnish_standard	moon	1		kuu		kuu		kuː		k uː	1	a								JL
hungarian	moon	1		hold		hold		hold		h o l d	1	a								FMSz
ingrian	moon	1		kū		kū		kuː		k uː	1	a								InkmSk
karelian_proper	moon	1		kuu				kuː		k uː	1	a					Latter deriv.			KKSV
karelian_proper	moon	2		kuutama				kuːtɑmɑ		k uː t ɑ m ɑ	1	a					Latter deriv.			KKSV
khanty_vakh_vasyugan	moon	1		iki		iki		iki		i k i	5	e								DEWbOstj
komi_permyak	moon	1		te̮liś		te̮liś		tɤliɕ		t ɤ l i ɕ	3	c								KoPRSl
komi_zyrian	moon	1		te̮li̮ś		te̮li̮ś		tɤlɯɕ		t ɤ l ɯ ɕ	3	c								SyrjWsch
livonian_courland	moon	1		kū				kuː		k uː	1	a								LivWb
mansi_sosva	moon	1		ētpos		ētpos		eːtpos		eː t p o s	4	d				"Comp; ""ēt"" 'night', ""pos"" 'light'"				WogWb
mari_hill	moon	1		təlzə				təlzə		t ə l z ə	3	c								
mari_meadow	moon	1		tə̑lze		tə̑lze		təlze		t ə l z e	3	c								SMSk, TscherWb
moksha	moon	1		kov				kov		k o v	1	a								
nenets_tundra	moon	1		yiryiy°	yiri°			jirʲij		j i rʲ i j	6	f								JurSWb
nganasan	moon	1		kičəðə̄		kičəδə̄		kitʃəðəː		k i tʃ ə ð əː	1	a					Deriv. from PU *kuŋi			SlNgaRus
proto_uralic	moon	1		*kuŋi̮				kuŋɨ		k u ŋ ɨ	1	a								UEW, Sam88
saami_inari	moon	1		máno				mæno		m æ n o	2	b	north germanic	clear					Lehtiranta1989	InsSSk
saami_inari	moon	2		máánu				mæːnu		m æː n u	2	b	north germanic	clear					Lehtiranta1989	InsSSk
saami_kildin	moon	1		mānn		maann		mɑːnː		m ɑː nː	2	b	north germanic	clear					Riessler2009	WOLD
saami_north	moon	1		mánnu				mɑːnːu		m ɑː nː u	2	b	north germanic	clear					Lehtiranta1989	SSSg
saami_pite	moon	1		mánno				mɑːnːo		m ɑː nː o	2	b	north germanic	clear					Lehtiranta1989	EZ
saami_skolt	moon	1		mään				mæːn		m æː n	2	b	north germanic	clear					Lehtiranta1989	SKosSk
saami_south	moon	1		aske				ɑske		ɑ s k e	7	g								NSsNdb
saami_ume	moon	1		mànnoo				mɑnːoː		m ɑ nː oː	2	b	north germanic	clear		Only 'month'?			Lehtiranta1989	WbWlap
selkup_northern	moon	1		irä		irä		iræ		i r æ	6	f								SolkWb
udmurt	moon	1		toleź		toleź		toleʑ		t o l e ʑ	3	c								WotjWsch
veps	moon	1		ku				ku		k u	1	a								VVS
votic_western	moon	1		kū		kū		kuː		k uː	1	a								VKJMS
erzya	morning	1		valske		valske		vɑlske		v ɑ l s k e	6	f								MordWb
erzya	morning	2		valskemarto		valskemarto		vɑlskemɑrto		v ɑ l s k e m ɑ r t o	6	f								MordWb
estonian_south	morning	1		hummok	hummong			humːok		h u mː o k	2	b								VESr
estonian_standard	morning	1		hommik		hommik		homːik		h o mː i k	2	b								SVSk
finnish_standard	morning	1		aamu		aamu		ɑːmu		ɑː m u	1	a								JL
hungarian	morning	1		reggel		reggel		rɛɡːɛl		r ɛ ɡː ɛ l	9	i								FMSz
ingrian	morning	1		hōmuz		hōmuz		hoːmuz		h oː m u z	2	b								InkmSk
karelian_proper	morning	1		huomenes				huomenes		h u o m e n e s	2	b								KKSV
khanty_vakh_vasyugan	morning	1		ālǝŋ		āləŋ		ɑːləŋ		ɑː l ə ŋ	14	n								DEWbOstj
komi_permyak	morning	1		asi̮v		asi̮v		ɑsɯv		ɑ s ɯ v	8	h								KoPRSl
komi_zyrian	morning	1		asi̮v		asi̮v		ɑsɯv		ɑ s ɯ v	8	h								SyrjWsch
livonian_courland	morning	1		ūomõg				uːomɯɡ		uː o m ɯ ɡ	2	b								LivWb
mansi_sosva	morning	1		χol		χol		xol		x o l	10	j								WogWb
mari_hill	morning	1		irok				irok		i r o k	7	g	chuvash	clear					TscherWb	
mari_meadow	morning	1		er		er		er		e r	7	g	chuvash	clear					TscherWb	SMSk, TscherWb
moksha	morning	1		šobdava				ʃobdɑvɑ		ʃ o b d ɑ v ɑ	16	p								
nenets_tundra	morning	1		xúb°ta				xubtɑ		x u b t ɑ	11	k								JurSWb
nganasan	morning	1		küðiatu		küδiatu		kyðiɑtu		k y ð i ɑ t u	15	o								SlNgaRus
proto_uralic	morning	1	not_reconstructable																	
saami_inari	morning	1		iiđeed				iːðeːd		iː ð eː d	3	c	finnic	clear					Koivulehto1988a	InsSSk
saami_kildin	morning	1		īnckenč		iinckentš		iːnckentʃ		iː n c k e n t ʃ	13	m								WOLD
saami_north	morning	1		iđit				iðit		i ð i t	3	c	finnic	clear					Koivulehto1988a	SSSg
saami_pite	morning	1		árrat				ɑːrːɑt		ɑː rː ɑ t	4	d	north germanic	clear	"Cf. ON ""árr"" 'early'"				Qvigstad1893	EZ
saami_skolt	morning	1		eeʹđääldõž				eːðʲæːldəʒ		eː ðʲ æː l d ə ʒ	3	c								SKosSk
saami_skolt	morning	2		tueʹlääž				tuelʲæːʒ		t u e lʲ æː ʒ	5	e								SKosSk
saami_south	morning	1		aerede				ɑerede		ɑ e r e d e	4	d	north germanic	clear	"Cf. ON ""árr"" 'early'"				Qvigstad1893	NSsNdb
saami_ume	morning	1		árrade				ɑːrːɑte		ɑː rː ɑ t e	4	d	north germanic	clear	"Cf. ON ""árr"" 'early'"				Qvigstad1893	WbWlap
selkup_northern	morning	1		qarə		qarə		qɑrə		q ɑ r ə	12	l								SolkWb
udmurt	morning	1		tšukna				tʃuknɑ		t ʃ u k n ɑ	17	q					"Cf. ""tšukna"" 'in the morning', deriv. from ""tšuk"", 'early'"			WotjWsch
veps	morning	1		homendez				homendez		h o m e n d e z	2	b								VVS
votic_western	morning	1		ōmnikko		ōmnikko		oːmnikːo		oː m n i kː o	2	b								VKJMS
erzya	mosquito	1		śeśke		śeśke		ɕeɕke		ɕ e ɕ k e	2	b								MordWb
estonian_south	mosquito	1		kiholanõ				kiholɑnɤ		k i h o l ɑ n ɤ	13	m								VESr
estonian_standard	mosquito	1		sääsk		sääsk		sæːsk		s æː s k	2	b								SVSk
finnish_standard	mosquito	1		hyttynen		hüttünen		hyt̪ːyne̞n		h y t̪ː y n e̞ n	1	a								JL, SSA
finnish_standard	mosquito	2		sääski		sääski		sæːski		s æː s k i	2	b								JL, SSA
hungarian	mosquito	1		szúnyog		suuńog		suːɲoɡ		s uː ɲ o ɡ	6	f	west old turkic	probable					WOT, TESz	FMSz
ingrian	mosquito	1		sǟski		sǟski		sæːski		s æː s k i	2	b								InkmSk
karelian_proper	mosquito	1		seäksi				seæksi		s e æ k s i	2	b								KKSV
khanty_vakh_vasyugan	mosquito	1		kö̭jŋi		kö̭jŋi		kø̻jŋi		k ø̻ j ŋ i	12	l								DEWbOstj
komi_permyak	mosquito	1		nom		nom		nom		n o m	5	e					"Stem ""nomj-"""			KoPRSl
komi_zyrian	mosquito	1		nom		nom		nom		n o m	5	e								SyrjWsch
livonian_courland	mosquito	1		knoušõļ				knouʃɯʎ		k n o u ʃ ɯ ʎ	4	d	latvian	clear					Suhonen1973	LivWb
mansi_sosva	mosquito	1		lʹōm-woj		lʹōm-woj		ʎoːm-woj		ʎ oː m w o j	9	i				"Comp.; ""woj ~ uj"" 'animal'"				WogWb
mari_hill	mosquito	1		kužə̑ner				kuʒəner		k u ʒ ə n e r	14	n			Cognacy reference lacking	Comp. 'long' + 'nose'		SES		
mari_meadow	mosquito	1		šə̑ŋa		šə̑ŋa		ʃəŋɑ		ʃ ə ŋ ɑ	7	g								SMSk, TscherWb
moksha	mosquito	1		śäśkä				sʲæsʲkæ		sʲ æ sʲ k æ	2	b						SES, SSA		
nenets_tundra	mosquito	1		nyenyaŋk°				ɲeɲɑŋk		ɲ e ɲ ɑ ŋ k	10	j								JurSWb
nganasan	mosquito	1		ńenəŋkə		ńenəŋkə		ɲenəŋkə		ɲ e n ə ŋ k ə	10	j								SlNgaRus
proto_uralic	mosquito	1	not_reconstructable																	UEW, Sam88
saami_inari	mosquito	1		čuoškâ				t͡ʃuoʃkə		t͡ʃ u o ʃ k ə	2	b								InsSSk
saami_kildin	mosquito	1		čūššk		tšuuššk		tʃuːʃːk		t ʃ uː ʃː k	2	b								WOLD
saami_north	mosquito	1		čuoika				t͡ʃuoikɑ		t͡ʃ u o i k ɑ	2	b								SSSg
saami_pite	mosquito	1		tjuajjka				cuɑjːkɑ		c u ɑ jː k ɑ	2	b								EZ
saami_skolt	mosquito	1		čuõškk				t͡ʃuəʃkː		t͡ʃ u ə ʃ kː	2	b								SKosSk
saami_south	mosquito	1		tjoejhke				t͡ɕuejhke		t͡ɕ u e j h k e	2	b								NSsNdb
saami_ume	mosquito	1		tjuaihka				cuɑihkɑ		c u ɑ i h k ɑ	2	b								WbWlap
selkup_northern	mosquito	1		nenəŋqa		nenəŋqa		nenəŋqɑ		n e n ə ŋ q ɑ	10	j								SolkWb
udmurt	mosquito	1		ćibiń		ćibiń		tɕibiɲ		tɕ i b i ɲ	8	h	tatar	clear			Dialectal?		Tarakanov1993	WotjWsch
veps	mosquito	1		säsk				sæsk		s æ s k	2	b								NRVS
votic_western	mosquito	1		sǟski		sǟski		sæɕc		s æ ɕ c	2	b								EESR
erzya	mother	1		ava		ava		ɑvɑ		ɑ v ɑ	6	f	volga bulgar turkic	clear					Butylov2007, Paasonen1897	MordWb
estonian_south	mother	1		imä				imæ		i m æ	2	b								VESr
estonian_standard	mother	1		ema		ema		emɑ		e m ɑ	2	b								SVSk
finnish_standard	mother	1		äiti		äiti		æit̪i		æ i t̪ i	1	a	germanic	clear					LAGLOS, SSA, EES, NES	JL
hungarian	mother	1		anya		ańa		ɒɲɒ		ɒ ɲ ɒ	8	h			Possibly from PU *ańa 'wife of some older relative'					FMSz
ingrian	mother	1		emä		emä		emæ		e m æ	2	b								InkmSk
karelian_proper	mother	1		emä				emæ		e m æ	2	b								KKSV
khanty_vakh_vasyugan	mother	1		ǝŋki		əŋki		əŋki		ə ŋ k i	10	j			Probably not connected to PU *ańa 'wife of some older relative'					DEWbOstj
khanty_vakh_vasyugan	mother	2		əs		əs		əs		ə s	11	k								DEWbOstj
komi_permyak	mother	1		mam		mam		mɑm		m ɑ m	3	m	russian	clear					MH	KoPRSl
komi_zyrian	mother	1		mam		mam		mɑm		m ɑ m	3	l	russian	clear					SyrjWsch	SyrjWsch
livonian_courland	mother	1		jemā				jemɑː		j e m ɑː	2	b								LivWb
livonian_courland	mother	2		ǟma				æːmɑ		æː m ɑ	2	b								LivWb
mansi_sosva	mother	1		āŋkw		āŋk˳		ɑːŋkʷ		ɑː ŋ kʷ	10	j			Probably not connected to PU *ańa 'wife of some older relative'					WogWb
mansi_sosva	mother	2		śiś		śiś		ɕiɕ		ɕ i ɕ	9	i								WogWb
mari_hill	mother	1		äβä				æβæ		æ β æ	6	n	chuvash	clear					TscherWb	
mari_meadow	mother	1		aβa		aβa		ɑβɑ		ɑ β ɑ	6	n	chuvash	clear					TscherWb	SMSk, TscherWb
moksha	mother	1		t'äd'ä				tʲædʲæ		tʲ æ dʲ æ	12	l								
nenets_tundra	mother	1		nyebya				ɲebʲɑ		ɲ e bʲ ɑ	2	b								JurSWb
nganasan	mother	1		ńemi̮		ńemi̮		ɲemɯ		ɲ e m ɯ	2	b				'Mother, female'				SlNgaRus
proto_uralic	mother	1		*emä				emæ		e m æ	2	b								UEW, Sam88
saami_inari	mother	1		enni				enːi		e nː i	4	d								InsSSk
saami_kildin	mother	1		jēnn’		jeennʹ		jeːnːʲ		j eː nːʲ	4	d								WOLD
saami_north	mother	1		eadni				eætni		e æ t n i	4	d								SSSg
saami_pite	mother	1		äddne				ættne		æ t t n e	4	d								EZ
saami_pite	mother	2		tjidtje				citce		c i t c e	5	e								EZ
saami_skolt	mother	1		jeäʹnˈn	jieʹnˈn			jeænʲː		j e æ nʲː	4	d								SKosSk
saami_south	mother	1		ietnie				ietnie		i e t n i e	4	d								NSsNdb
saami_south	mother	2		tjidtjie				t͡ɕit͡ɕːie		t͡ɕ i t͡ɕː i e	5	e								NSsNdb
saami_ume	mother	1		eädˈnee				eætˈneː		e æ tˈ n eː	4	d								WbWlap
saami_ume	mother	2		tjidtjee				citceː		c i t c eː	5	e								WbWlap
selkup_northern	mother	1		e̮mə		e̮mə		ɤmə		ɤ m ə	2	b								SolkWb
udmurt	mother	1		anai		anai		ɑnɑi		ɑ n ɑ i	7	g	tatar	clear					WotjWsch	WotjWsch
veps	mother	1		mam				mɑm		m ɑ m	3	c	russian	clear					SSA	VVS
votic_western	mother	1		emä		emä		emæ		e m æ	2	b								VKJMS
erzya	mountain	1		pando		pando		pɑndo		p ɑ n d o	4	d								MordWb
estonian_south	mountain	1		mägi				mæɡi		m æ ɡ i	2	b								VESr
estonian_standard	mountain	1		mägi		mäki		mæki		m æ k i	2	b								SVSk
finnish_standard	mountain	1		vuori		vuori		ʋuo̞ri		ʋ u o̞ r i	1	a								JL
hungarian	mountain	1		hegy		heǵ		hɛɟ		h ɛ ɟ	8	h			Possibly has cognates in FS or alternatively in Sd					FMSz
ingrian	mountain	1		mäki		mäki		mæki		m æ k i	2	b								InkmSk
karelian_proper	mountain	1		vuori				vuori		v u o r i	1	a								KKSV
khanty_vakh_vasyugan	mountain	1		jŏɣ		jŏɣ		jŏɣ		j o ̆ ɣ	14	n								DEWbOstj
khanty_vakh_vasyugan	mountain	2		pelɜ	pelä	pelə	pelä	pelə	pelæ	p e l ə	11	k								DEWbOstj
komi_permyak	mountain	1		kere̮s		kere̮s		kerɤs		k e r ɤ s	7	g								KoPRSl
komi_zyrian	mountain	1		ćoj		ćoj		tɕoj		tɕ o j	6	f								SyrjWsch
livonian_courland	mountain	1		mäg				mæɡ		m æ ɡ	2	b								LivWb
mansi_sosva	mountain	1		ńōr		ńōr		ɲoːr		ɲ oː r	10	j								WogWb
mansi_sosva	mountain	2		ur		ur		ur		u r	9	i			From PUg *arV 'edge, direction'					WogWb
mari_hill	mountain	1		kə̑rə̑k				kərək		k ə r ə k	5	e								
mari_meadow	mountain	1		kurə̑k		kurə̑k		kurək		k u r ə k	5	e								SMSk, TscherWb
moksha	mountain	1		panda				pɑndɑ		p ɑ n d ɑ	4	d								
nenets_tundra	mountain	1		xoy°				xoj		x o j	15	o				'Mountain, ridge, highlands'				JurSWb
nganasan	mountain	1		bəru		bəru		bəru		b ə r u	17	r				'Mountain, rock'				SlNgaRus
proto_uralic	mountain	1		*wärä				wæræ		w æ r æ	1	a					Representation in Sd uncertain			UEW, Sam88
saami_inari	mountain	1		vääri				væːri		v æː r i	3	c								InsSSk
saami_kildin	mountain	1		pāhk’		paahkʹ		pɑːhkʲ		p ɑː h kʲ	13	m	north germanic	probable					Riessler2009	WOLD
saami_north	mountain	1		várri				vɑːrːi		v ɑː rː i	3	c								SSSg
saami_pite	mountain	1		várre				vɑːrːe		v ɑː rː e	3	c								EZ
saami_skolt	mountain	1		vääʹrr				væːrʲː		v æː rʲː	3	c								SKosSk
saami_south	mountain	1		bïerje				bɨerje		b ɨ e r j e	16	p	swedish	clear					MH	NSsNdb
saami_south	mountain	2		vaerie				vɑerie		v ɑ e r i e	3	c								NSsNdb
saami_ume	mountain	1		vàrree				vɑrːeː		v ɑ rː eː	3	c								WbWlap
selkup_northern	mountain	1		qē̮		qē̮		qɤː		q ɤː	12	l			"Connection with Hu ""hegy"" suggested but unclear"					SolkWb
udmurt	mountain	1		gureź		gureź		ɡureʑ		ɡ u r e ʑ	7	q	iranian	possible					Metsaranta2020	WotjWsch
veps	mountain	1		mägi				mæɡi		m æ ɡ i	2	b								VVS
votic_western	mountain	1		mätši		mäči		mætʃi		m æ tʃ i	2	b								VKJMS
erzya	mouth	1		kurgo		kurgo		kurɡo		k u r ɡ o	3	c								MordWb
estonian_south	mouth	1		suu				suː		s uː	1	a								VESr
estonian_standard	mouth	1		suu		suu		suː		s uː	1	a								SVSk
finnish_standard	mouth	1		suu		suu		suː		s uː	1	a								JL
hungarian	mouth	1		száj		saaj		saːj		s aː j	1	a								FMSz
ingrian	mouth	1		sū		sū		suː		s uː	1	a								InkmSk
karelian_proper	mouth	1		suu				suː		s uː	1	a								KKSV
khanty_vakh_vasyugan	mouth	1		lul		lul		lul		l u l	7	g								DEWbOstj
komi_permyak	mouth	1		e̮m		e̮m		ɤm		ɤ m	5	e								KoPRSl
komi_zyrian	mouth	1		vom		vom		vom		v o m	5	e								SyrjWsch
livonian_courland	mouth	1		sū				suː		s uː	1	a								LivWb
mansi_sosva	mouth	1		sūp		sūp		suːp		s uː p	1	a								WogWb
mari_hill	mouth	1		ə̑šma		ə̑šma		əʃmɑ		ə ʃ m ɑ	4	d						SES, TscherWb		
mari_meadow	mouth	1		umša		umša		umʃɑ		u m ʃ ɑ	4	d								SMSk, TscherWb
moksha	mouth	1		kurga				kurɡɑ		k u r ɡ ɑ	3	c						SES, Versinin2004		
nenets_tundra	mouth	1		nyah				ɲɑʔ		ɲ ɑ ʔ	5	e								JurSWb
nganasan	mouth	1		ŋaŋ		ŋaŋ		ŋɑŋ		ŋ ɑ ŋ	5	e								SlNgaRus
proto_uralic	mouth	1		*aŋi̮				ɑŋɨ		ɑ ŋ ɨ	5	e				'Opening, hollow'; 'mouth'				UEW, Sam88
saami_inari	mouth	1		njälmi				ɲælmi		ɲ æ l m i	2	b								InsSSk
saami_kildin	mouth	1		njāll’m		ńaallʹm		ɲɑːlːʲm		ɲ ɑː lːʲ m	2	b								WOLD
saami_north	mouth	1		njálbmi				ɲɑːlpmi		ɲ ɑː l p m i	2	b								SSSg
saami_pite	mouth	1		njálbme				ɲɑːlpme		ɲ ɑː l p m e	2	b								EZ
saami_skolt	mouth	1		njäʹlmm				ɲælʲmː		ɲ æ lʲ mː	2	b								SKosSk
saami_south	mouth	1		njaelmie				ɲɑelmie		ɲ ɑ e l m i e	2	b								NSsNdb
saami_ume	mouth	1		njàlˈbmee				ɲɑlˈpmeː		ɲ ɑ lˈ p m eː	2	b								WbWlap
selkup_northern	mouth	1		āŋ		āŋ		ɑːŋ		ɑː ŋ	5	e								SolkWb
udmurt	mouth	1		i̮m		i̮m		ɯm		ɯ m	5	e								WotjWsch
veps	mouth	1		su				su		s u	1	a								VVS
votic_western	mouth	1		sū		sū		suː		s uː	1	a								VKJMS
erzya	mumble	1		motkodʹems		motkodʹems		motkodʲems		m o t k o dʲ e m s	7	g								MordWb
erzya	mumble	2		motordoms		motordoms		motordoms		m o t o r d o m s	7	g								MordWb
estonian_south	mumble	1		pobisõma				pobisɤmɑ		p o b i s ɤ m ɑ	14	n								VESr
estonian_standard	mumble	1		pomiseda		mɣmiseta		mɣmisetɑ		m ɣ m i s e t ɑ	1	a								SVSk
finnish_standard	mumble	1		mutista		mutista		mut̪ist̪ɑ		m u t̪ i s t̪ ɑ	1	a					Similar descriptive forms			JL
finnish_standard	mumble	2		mumista		mumista		mumist̪ɑ		m u m i s t̪ ɑ	1	a					Similar descriptive forms			JL
hungarian	mumble	1		motyog		mocog		mocoɡ		m o c o ɡ	13	m								FMSz
ingrian	mumble	1		muᴅissa				mudisːɑ		m u d i sː ɑ	1	a								InkmSk
karelian_proper	mumble	1		mummettoa				mumːetːoɑ		m u mː e tː o ɑ	1	a								KKSV
khanty_vakh_vasyugan	mumble	1		mŏḷǝɣ-		mŏḷəɣ-		mŏɭəɣ-		m o ̆ ɭ ə ɣ	12	l								DEWbOstj
komi_permyak	mumble	1		bobgi̮ni̮		bobgi̮ni̮		bobɡɯnɯ		b o b ɡ ɯ n ɯ	15	o					Descriptive form			KoPRSl
komi_zyrian	mumble	1		name̮dni̮				nɑmədnɨ		n ɑ m ə d n ɨ	10	v								SyrjWsch
komi_zyrian	mumble	2		ropki̮ni̮				ropkɨnɨ		r o p k ɨ n ɨ	16	w								
livonian_courland	mumble	1		bumīkšõ				bumiːkʃɯ		b u m iː k ʃ ɯ	3	c					Similar descriptive forms			LivWb
livonian_courland	mumble	2		bobīkšõ				bobiːkʃɯ		b o b iː k ʃ ɯ	14	n						EES		
livonian_courland	mumble	3		buŗīkšõ				burʲiːkʃɯ		b u rʲ iː k ʃ ɯ	4	r								
mansi_sosva	mumble	1		lomɣi		lomɣi		lomɣi		l o m ɣ i	11	k				'Crackle (fire), mumble'				WogWb
mari_hill	mumble	1		münɣäš				mynɣæʃ		m y n ɣ æ ʃ	8	u								
mari_hill	mumble	2		məɣəmaktaš				məɣəmɑktɑʃ		m ə ɣ ə m ɑ k t ɑ ʃ	9	t						SES		
mari_meadow	mumble	1		mugə̑matem				muɡəmɑtem		m u ɡ ə m ɑ t e m	9	t								
moksha	mumble	1		mətərdəms				mətərdəms		m ə t ə r d ə m s	17	s								
nenets_tundra	mumble	1		nyiwna-				ɲiwnɑ-		ɲ i w n ɑ	19	y								JurSWb
nganasan	mumble	1	form_not_found																	SlNgaRus
proto_uralic	mumble	1	not_reconstructable																	
saami_inari	mumble	1		muli(j)diđ				mulijdið		m u l i j d i ð	6	f	finnic	possible					SSA	InsSSk
saami_kildin	mumble	1	form_not_found																	WOLD
saami_north	mumble	1		cuhllat				cuhlːɑt		c u h lː ɑ t	5	e								SSSg
saami_pite	mumble	1		muldardit				multɑrtit		m u l t ɑ r t i t	6	f								EZ
saami_skolt	mumble	1		muälted				muælted		m u æ l t e d	6	f	finnic	possible					SSA	SKosSk
saami_south	mumble	1		måaveldidh				mɔɑveldidh		m ɔ ɑ v e l d i d h	18	p								NSsNdb
saami_ume	mumble	1		mùllardit				mulːɑrtit		m u lː ɑ r t i t	6	f								WbWlap
selkup_northern	mumble	1	form_not_found																	SolkWb
udmurt	mumble	1		dzurgeti̮ni̮				dzurɡetɨnɨ		d z u r ɡ e t ɨ n ɨ	20	x								WotjWsch
veps	mumble	1		burbutada				burbutɑdɑ		b u r b u t ɑ d ɑ	2	b			"Cf. Rus ""bormotat'"""					VVS
veps	mumble	2		murmutada				murmutɑdɑ		m u r m u t ɑ d ɑ	2	b			"Cf. Rus ""bormotat'"""					VVS
votic_western	mumble	1		bomisa		bomisa		bomizɤmɑ		b o m i z ɤ m ɑ	3	c								VKJMS
erzya	name	1		lʹem		lʹem		ʎem		ʎ e m	1	a	proto-indo-european	probable	Sporadic dissimilation n-m > l-m				Koivulehto1999, SSA, NES, UEW, EES	MordWb
estonian_south	name	1		nimi				nimi		n i m i	1	a	proto-indo-european	probable					Koivulehto1999, SSA, NES, UEW, EES	VESr
estonian_standard	name	1		nimi		nimi		nimi		n i m i	1	a	proto-indo-european	probable					Koivulehto1999, SSA, NES, UEW, EES	SVSk
finnish_standard	name	1		nimi		nimi		nimi		n i m i	1	a	proto-indo-european	probable					Koivulehto1999, SSA, NES, UEW, EES	JL
hungarian	name	1		név		neev		neːv		n eː v	1	a	proto-indo-european	probable					Koivulehto1999, SSA, NES, UEW, EES	FMSz
ingrian	name	1		nimi	imi	nimi	imi	nimi	imi	n i m i	1	a	proto-indo-european	probable					Koivulehto1999, SSA, NES, UEW, EES	InkmSk
karelian_proper	name	1		nimi				nimi		n i m i	1	a	proto-indo-european	probable					Koivulehto1999, SSA, NES, UEW, EES	KKSV
khanty_vakh_vasyugan	name	1		nem		nem		nem		n e m	1	a	proto-indo-european	probable					Koivulehto1999, SSA, NES, UEW, EES	DEWbOstj
komi_permyak	name	1		ńim		ńim		ɲim		ɲ i m	1	a	proto-indo-european	probable					Koivulehto1999, SSA, NES, UEW, EES	KoPRSl
komi_zyrian	name	1		ńim		ńim		ɲim		ɲ i m	1	a	proto-indo-european	probable					Koivulehto1999, SSA, NES, UEW, EES	SyrjWsch
livonian_courland	name	1		nim				nim		n i m	1	a	proto-indo-european	probable					Koivulehto1999, SSA, NES, UEW, EES	LivWb
mansi_sosva	name	1		nam		nam		nɑm		n ɑ m	1	a	proto-indo-european	probable					Koivulehto1999, SSA, NES, UEW, EES	WogWb
mari_hill	name	1		ləm		ləm		ləm		l ə m	1	a	proto-indo-european	probable					Koivulehto1999, SSA, NES, UEW, EES	
mari_meadow	name	1		lüm		lüm		lym		l y m	1	a	proto-indo-european	probable	Sporadic dissimilation n-m > l-m				Koivulehto1999, SSA, NES, UEW, EES	SMSk, TscherWb
moksha	name	1		l'em				lʲem		lʲ e m	1	a	proto-indo-european	probable					Koivulehto1999, SSA, NES, UEW, EES	
nenets_tundra	name	1		nyum				ɲum		ɲ u m	1	a	proto-indo-european	probable					Koivulehto1999, SSA, NES, UEW, EES	JurSWb
nganasan	name	1		ńim		ńim		ɲim		ɲ i m	1	a	proto-indo-european	probable					Koivulehto1999, SSA, NES, UEW, EES	SlNgaRus
proto_uralic	name	1		*nimi				nimi		n i m i	1	a	proto-indo-european	probable					Koivulehto1999, SSA, NES, UEW, EES	UEW, Sam88
saami_inari	name	1		nommâ				nomːə		n o mː ə	1	a	proto-indo-european	probable					Koivulehto1999, SSA, NES, UEW, EES	InsSSk
saami_kildin	name	1		nēmm		neemm		neːmː		n eː mː	1	a	proto-indo-european	probable					Koivulehto1999, SSA, NES, UEW, EES	WOLD
saami_north	name	1		namma				nɑmːɑ		n ɑ mː ɑ	1	a	proto-indo-european	probable					Koivulehto1999, SSA, NES, UEW, EES	SSSg
saami_pite	name	1		namma				nɑmːɑ		n ɑ mː ɑ	1	a	proto-indo-european	probable					Koivulehto1999, SSA, NES, UEW, EES	EZ
saami_skolt	name	1		nõmm				nəmː		n ə mː	1	a	proto-indo-european	probable					Koivulehto1999, SSA, NES, UEW, EES	SKosSk
saami_south	name	1		nomme				nomːe		n o mː e	1	a	proto-indo-european	probable					Koivulehto1999, SSA, NES, UEW, EES	NSsNdb
saami_ume	name	1		namma				nɑmːɑ		n ɑ mː ɑ	1	a	proto-indo-european	probable					Koivulehto1999, SSA, NES, UEW, EES	WbWlap
selkup_northern	name	1		nim	ńim	nim	ńim	nim	ɲim	n i m	1	a	proto-indo-european	probable					Koivulehto1999, SSA, NES, UEW, EES	SolkWb
udmurt	name	1		ńim		ńim		ɲim		ɲ i m	1	a	proto-indo-european	probable					Koivulehto1999, SSA, NES, UEW, EES	WotjWsch
veps	name	1		nimi				nimi		n i m i	1	a	proto-indo-european	probable					Koivulehto1999, SSA, NES, UEW, EES	VVS
votic_western	name	1		nimi		nimi		nimi		n i m i	1	a	proto-indo-european	probable					Koivulehto1999, SSA, NES, UEW, EES	VKJMS
erzya	narrow	1		tʹejińe		tʹejińe		tʲejiɲe		tʲ e j i ɲ e	9	i			"Possibly cognate with Nen ""tiya"", but too widely separated to disregard change correspondence"					MordWb
estonian_south	narrow	1		ahtagõnõ				ɑhtɑɡɤnɤ		ɑ h t ɑ ɡ ɤ n ɤ	4	d	baltic	probable					SSA, Junttila2015	VESr
estonian_south	narrow	2		ahas				ɑhɑs		ɑ h ɑ s	4	d	baltic	probable					SSA, Junttila2015	VESr
estonian_south	narrow	3		kitsas				kitsɑs		k i t s ɑ s	3	c	germanic_or_baltic	possible					EES	VESr
estonian_standard	narrow	1		kitsas		kitsas		kitsɑs		k i t s ɑ s	3	c	germanic_or_baltic	possible					EES	SVSk
finnish_standard	narrow	1		kapea		kapea		kɑpe̞ɑ		k ɑ p e̞ ɑ	1	a								JL
hungarian	narrow	1		keskeny		keškeń		kɛʃkɛɲ		k ɛ ʃ k ɛ ɲ	13	m								FMSz
hungarian	narrow	2		szűk		süük		syːk		s yː k	14	n								FMSz
ingrian	narrow	1		kaiᴅa		kaiᴅa		kɑid̥ɑ		k ɑ i d̥ ɑ	2	b	germanic	probable					SSA	InkmSk
karelian_proper	narrow	1		kaita				kɑitɑ		k ɑ i t ɑ	2	b	germanic	probable					SSA	KKSV
khanty_vakh_vasyugan	narrow	1		wäńtʹ		wäńtʹ		wæɲtʲ		w æ ɲ tʲ	16	p								DEWbOstj
komi_permyak	narrow	1		ʒ́eski̮t		ʒ́eski̮t		dʑeskɯt		dʑ e s k ɯ t	21	u								KoPRSl
komi_zyrian	narrow	1		vekńi		vekńi		vekɲi		v e k ɲ i	11	k			Deriv. from PFU *wekkV 'thin'					SyrjWsch
livonian_courland	narrow	1		ōdõz				oːdɯz		oː d ɯ z	4	d	baltic	probable					SSA, Junttila2015	LivWb
mansi_sosva	narrow	1		ośśa		ośśa		oɕːɑ		o ɕː ɑ	15	o								WogWb
mari_hill	narrow	1		ängəsər				æŋɡəsər		æ ŋ ɡ ə s ə r	10	j	chuvash	clear					TscherWb	
mari_meadow	narrow	1		aŋə̑sə̑r		aŋə̑sə̑r		ɑŋəsər		ɑ ŋ ə s ə r	10	j	chuvash	clear					TscherWb	SMSk, TscherWb
moksha	narrow	1		t'äjńä				tʲæjnʲæ		tʲ æ j nʲ æ	9	i								
nenets_tundra	narrow	1		tiya				tijɑ		t i j ɑ	17	q			"Possibly cognate with Mord ""tʹejińe"", but too widely separated to disregard change correspondence"					JurSWb
nganasan	narrow	1		ńeu		ńeu		ɲeu		ɲ e u	22	v				'Narrow, thin'				SlNgaRus
nganasan	narrow	2		śiküə		śiküə		ɕikyə		ɕ i k y ə	23	w								SlNgaRus
proto_uralic	narrow	1	not_reconstructable																	UEW, Sam88
saami_inari	narrow	1		kezzi				ked͡zːi		k e d͡zː i	6	f								InsSSk
saami_kildin	narrow	1		kien’ces’		kienʹcesʹ		kienʲcesʲ		k i e nʲ c e sʲ	6	f								WOLD
saami_north	narrow	1		seaggi				seækki		s e æ k k i	8	h								SSSg
saami_pite	narrow	1		gähttse				kæhtːse		k æ h tː s e	6	f								EZ
saami_skolt	narrow	1		korččai				kort͡ʃːɑi		k o r t͡ʃː ɑ i	7	g								SKosSk
saami_south	narrow	1		giedtsies				ɡiet͡sːies		ɡ i e t͡sː i e s	6	f								NSsNdb
saami_ume	narrow	1		gä̀dtsee				kætt͡seː		k æ t t͡s eː	6	f								WbWlap
saami_ume	narrow	2		gàrtjee				kɑrceː		k ɑ r c eː	5	e								WbWlap
selkup_northern	narrow	1		ćuə̑sə		ćuə̑sə		tɕuəsə		tɕ u ə s ə	18	r								SolkWb
udmurt	narrow	1		śubeg		śubeg		ɕubeɡ		ɕ u b e ɡ	20	t								WotjWsch
veps	narrow	1		kaid				kɑid		k ɑ i d	2	b	germanic	probable					SSA	VVS
votic_western	narrow	1		ahaᴢ		ahaᴢ		ɑhɑz̥		ɑ h ɑ z̥	4	d								VKJMS
erzya	navel	1		počo		počo		potʃo		p o tʃ o	2	b								MordWb
estonian_south	navel	1		naba				nɑbɑ		n ɑ b ɑ	1	a	germanic_or_baltic	possible	"Balt, cf. Latv ""naba"" 'navel, shaft pole'; or Ger, cf. ON ""nǫf"" 'nave'"				SSA, NES, EES	VESr
estonian_standard	navel	1		naba		napa		nɑpɑ		n ɑ p ɑ	1	a	germanic_or_baltic	possible	"Balt, cf. Latv ""naba"" 'navel, shaft pole'; or Ger, cf. ON ""nǫf"" 'nave'"				SSA, NES, EES	SVSk
finnish_standard	navel	1		napa		napa		nɑpɑ		n ɑ p ɑ	1	a	germanic_or_baltic	possible	"Balt, cf. Latv ""naba"" 'navel, shaft pole'; or Ger, cf. ON ""nǫf"" 'nave'"				SSA, NES, EES	JL
hungarian	navel	1		köldök		köldök		køldøk		k ø l d ø k	5	h	west old turkic	clear	Probably loan from Turkic *kin- (”kindik” etc.); earliest attested form ”keldek”				WOT	FMSz
ingrian	navel	1		naʙa		naʙa		nɑb̥ɑ		n ɑ b̥ ɑ	1	a	germanic_or_baltic	possible	"Balt, cf. Latv ""naba"" 'navel, shaft pole'; or Ger, cf. ON ""nǫf"" 'nave'"				SSA, NES, EES	InkmSk
karelian_proper	navel	1		napa				nɑpɑ		n ɑ p ɑ	1	a	germanic_or_baltic	possible	"Balt, cf. Latv ""naba"" 'navel, shaft pole'; or Ger, cf. ON ""nǫf"" 'nave'"				SSA, NES, EES	KKSV
khanty_vakh_vasyugan	navel	1		pö̆ɣḷəŋ		pö̆ɣḷəŋ		pø̆ɣɭəŋ		p ø ̆ ɣ ɭ ə ŋ	6	f			Deriv. from PFU *pükkV 'navel'					DEWbOstj
komi_permyak	navel	1		ge̮g		ge̮g		ɡɤɡ		ɡ ɤ ɡ	4	d								KoPRSl
komi_zyrian	navel	1		ge̮g		ge̮g		ɡɤɡ		ɡ ɤ ɡ	4	d								SyrjWsch
livonian_courland	navel	1		nabā				nɑbɑː		n ɑ b ɑː	1	a	germanic_or_baltic	possible	"Balt, cf. Latv ""naba"" 'navel, shaft pole'; or Ger, cf. ON ""nǫf"" 'nave'"				SSA, NES, EES	LivWb
mansi_sosva	navel	1		pukńi		pukńi		pukɲi		p u k ɲ i	6	f			Deriv. from PFU *pükkV 'navel'					WogWb
mari_hill	navel	1		kələmdə				kələmdə		k ə l ə m d ə	3	c	tatar	possible				TscherWb	TscherWb	
mari_meadow	navel	1		kə̑lə̑mde		kə̑lə̑mde		kələmde		k ə l ə m d e	3	c	tatar	possible					TscherWb	SMSk, TscherWb
moksha	navel	1		pokon				pokon		p o k o n	6	f	tatar	possible	Possibly a Tatar borrowing			MordWb	MordWb	
nenets_tundra	navel	1		syúh				sʲuʔ		sʲ u ʔ	5	e	turkic	clear					JurSWb	JurSWb
nganasan	navel	1		kīŋ		kīŋ		kiːŋ		k iː ŋ	5	e	turkic	clear					Lehtisalo1956	SlNgaRus
proto_uralic	navel	1	not_reconstructable																	UEW, Sam88
saami_inari	navel	1		nääpi				næːpi		n æː p i	1	g	finnic	clear					Lehtiranta1989, SSA	InsSSk
saami_kildin	navel	1		nābp’		naabbʹ		nɑːbːʲ		n ɑː bːʲ	1	g	finnic	clear					Riessler2009	WOLD
saami_north	navel	1		náhpi				nɑːhpi		n ɑː h p i	1	g	finnic	clear					Sammallahti1998, Lehtiranta1989, SSA	SSSg
saami_pite	navel	1		náhpe				nɑːhpe		n ɑː h p e	1	g	finnic	clear					Lehtiranta1989, SSA	EZ
saami_skolt	navel	1		nääʹpp				næːpʲː		n æː pʲː	1	g	finnic	clear					Lehtiranta1989, SSA	SKosSk
saami_south	navel	1		naepie				nɑepie		n ɑ e p i e	1	g	finnic	clear					Lehtiranta1989, SSA	NSsNdb
saami_ume	navel	1		naahpee				nɑːhpeː		n ɑː h p eː	1	g	finnic	clear					Lehtiranta1989, SSA	WbWlap
selkup_northern	navel	1		śȫń		śȫń		ɕøːɲ		ɕ øː ɲ	5	e	turkic	clear					SolkWb	SolkWb
udmurt	navel	1		gogi̮		gogi̮		ɡoɡɯ		ɡ o ɡ ɯ	4	d								WotjWsch
veps	navel	1		naba				nɑbɑ		n ɑ b ɑ	1	a	germanic_or_baltic	possible	"Balt, cf. Latv ""naba"" 'navel, shaft pole'; or Ger, cf. ON ""nǫf"" 'nave'"				SSA, NES, EES	VVS
votic_western	navel	1		napa		napa		nɑpɑ		n ɑ p ɑ	1	a	germanic_or_baltic	possible	"Balt, cf. Latv ""naba"" 'navel, shaft pole'; or Ger, cf. ON ""nǫf"" 'nave'"				SSA, NES, EES	VKJMS
erzya	near	1		malaso		malaso		mɑlɑso		m ɑ l ɑ s o	5	e			From PFV *mala 'edge, rim' ?					MordWb
estonian_south	near	1		lähiksel				læhiksel		l æ h i k s e l	1	a								VESr
estonian_standard	near	1		lähedal		lähetal		læhetɑl		l æ h e t ɑ l	1	a								SVSk
finnish_standard	near	1		lähellä		lähellä		læɦe̞lːæ		l æ ɦ e̞ lː æ	1	a								JL
hungarian	near	1		közel		közel		køzɛl		k ø z ɛ l	7	g								FMSz
ingrian	near	1		liɢi		liɢi		liɡ̥i		l i ɡ̥ i	2	b								InkmSk
karelian_proper	near	1		lähellä				læhelːæ		l æ h e lː æ	1	a								KKSV
khanty_vakh_vasyugan	near	1		wäṇ		wäṇ		wæɳ		w æ ɳ	10	j					Former as attribute, latter as freestanding word			DEWbOstj
khanty_vakh_vasyugan	near	2		wäṇəki		wäṇəki		wæɳəki		w æ ɳ ə k i	10	j					Former as attribute, latter as freestanding word			DEWbOstj
komi_permyak	near	1		mati̮n		mati̮n		mɑtɯn		m ɑ t ɯ n	6	f			From PFP *mättV 'house, tent' ?					KoPRSl
komi_zyrian	near	1		mati̮n		mati̮n		mɑtɯn		m ɑ t ɯ n	6	f			From PFP *mättV 'house, tent' ?					SyrjWsch
livonian_courland	near	1		ležgõl				leʒɡɯl		l e ʒ ɡ ɯ l	1	a								LivWb
mansi_sosva	near	1		lʹapat		lʹapat		ʎɑpɑt		ʎ ɑ p ɑ t	9	i								WogWb
mansi_sosva	near	2		wātʹi		wātʹi		wɑːtʲi		w ɑː tʲ i	8	h								WogWb
mari_hill	near	1		lišnə				liʃnə		l i ʃ n ə	1	a								
mari_meadow	near	1		lišne		lišne		liʃne		l i ʃ n e	1	a					Derivs.; latter attr.			SMSk, TscherWb
mari_meadow	near	2		lišə̑l		lišə̑l		liʃəl		l i ʃ ə l	1	a					Derivs.; latter attr.			SMSk, TscherWb
moksha	near	1		malasa				mɑlɑsɑ		m ɑ l ɑ s ɑ	5	e								
nenets_tundra	near	1		xax°yə°				xɑxʲə		x ɑ xʲ ə	11	k				'Be near (v.)'				JurSWb
nganasan	near	1		nogaˀlʹukü		nogaˀlʹukü		noɡɑʔʎuky		n o ɡ ɑ ʔ ʎ u k y	17	q								SlNgaRus
proto_uralic	near	1	not_reconstructable																	UEW, Sam88
saami_inari	near	1		alda				ɑldɑ		ɑ l d ɑ	4	d								InsSSk
saami_kildin	near	1		all’t		allʹt		ɑlːʲt		ɑ lːʲ t	4	d								WOLD
saami_north	near	1		lahka				lɑhkɑ		l ɑ h k ɑ	2	b								SSSg
saami_pite	near	1		lahka				lɑhkɑ		l ɑ h k ɑ	2	b								EZ
saami_pite	near	2		lehkusin				lehkusin		l e h k u s i n	2	b								EZ
saami_skolt	near	1		ââld(a)	âʹldd			ɐːldɑ		ɐː l d ɑ	4	d								SKosSk
saami_south	near	1		gïetskese				ɡɨet͡skese		ɡ ɨ e t͡s k e s e	15	o								NSsNdb
saami_ume	near	1		lahka				lɑhkɑ		l ɑ h k ɑ	2	b								WbWlap
selkup_northern	near	1		čačä		čačä		tʃɑtʃæ		tʃ ɑ tʃ æ	12	l								SolkWb
udmurt	near	1		mati̮n		mati̮n		mɑtɯn		m ɑ t ɯ n	6	f			From PFP *mättV 'house, tent' ?					WotjWsch
veps	near	1		lähen				læhen		l æ h e n	1	a								VVS
votic_western	near	1		litši		liči		litʃi		l i tʃ i	2	b								VKJMS
erzya	neck	1		kiŕga		kiŕga		kirʲɡɑ		k i rʲ ɡ ɑ	3	c			"Perhaps connected with Fin ""kurkku"" 'throat'; if so, vowel correspondence unusual (note however dialectal variant with o)"					MordWb
estonian_south	neck	1		kaal				kɑːl		k ɑː l	1	a	baltic	clear					Junttila2015, SSA, NES, EES	VESr
estonian_standard	neck	1		kael		kael		kɑel		k ɑ e l	1	a	baltic	clear					Junttila2015, SSA, NES, EES	SVSk
finnish_standard	neck	1		kaula		kawla		kɑwlɑ		k ɑ w l ɑ	1	a	baltic	clear					Junttila2015, SSA, NES, EES	JL
hungarian	neck	1		nyak		ńak		ɲɒk		ɲ ɒ k	5	e								FMSz
ingrian	neck	1		kaɢla		kaɢla		kɑɡ̥lɑ		k ɑ ɡ̥ l ɑ	1	a	baltic	clear					Junttila2015, SSA, NES, EES	InkmSk
karelian_proper	neck	1		kakla				kɑklɑ		k ɑ k l ɑ	1	a	baltic	clear					Junttila2015, SSA, NES, EES	KKSV
khanty_vakh_vasyugan	neck	1		säwəl		säwəl		sæwəl		s æ w ə l	2	b			Deriv.					DEWbOstj
komi_permyak	neck	1		golʹa		golʹa		ɡoʎɑ		ɡ o ʎ ɑ	6	f			Proto-Permic etymology					KoPRSl
komi_zyrian	neck	1		golʹa		golʹa		ɡoʎɑ		ɡ o ʎ ɑ	6	f			Proto-Permic etymology					SyrjWsch
komi_zyrian	neck	2		śili̮		śili̮		ɕilɯ		ɕ i l ɯ	2	b				"Comp.; ""li̮"" 'bone'"				SyrjWsch
livonian_courland	neck	1		kaggõl				kɑɡːɯl		k ɑ ɡː ɯ l	1	a	baltic	clear					Junttila2015, SSA, NES, EES	LivWb
mansi_sosva	neck	1		sip		sip		sip		s i p	2	b				"Latter comp.; ""luw"" 'bone'"				WogWb
mansi_sosva	neck	2		sip-luw		sip-luw		sip-luw		s i p l u w	2	b				"Latter comp.; ""luw"" 'bone'"				WogWb
mari_hill	neck	1		šü				ʃy		ʃ y	2	b						SES, Bereczki2013		
mari_meadow	neck	1		šüj		šüj		ʃyj		ʃ y j	2	b								SMSk, TscherWb
moksha	neck	1		kərga				kərɡɑ		k ə r ɡ ɑ	3	c						SES, UEW		
nenets_tundra	neck	1		yík°				jik		j i k	7	g			From PSd *wäjkkə					JurSWb
nganasan	neck	1		bakəδə		bakəδə		bɑkəðə		b ɑ k ə ð ə	7	g			From PSd *wäjkkə					SlNgaRus
proto_uralic	neck	1	not_reconstructable														PFU: *śepä			UEW, Sam88
saami_inari	neck	1		čeve				t͡ʃeve		t͡ʃ e v e	2	b								InsSSk
saami_kildin	neck	1		čāpex		tšaapex		tʃɑːpex		t ʃ ɑː p e x	2	b								WOLD
saami_north	neck	1		čeabet				t͡ʃeæpet		t͡ʃ e æ p e t	2	b								SSSg
saami_pite	neck	1		gáhtsem				kɑːht͡sem		k ɑː h t͡s e m	10	j					"Cf. ""tjiebot"" 'throat'"			EZ
saami_skolt	neck	1		čeäppat				t͡ʃeæpːɑt		t͡ʃ e æ pː ɑ t	2	b								SKosSk
saami_south	neck	1		tjeapohke				t͡ɕeɑpohke		t͡ɕ e ɑ p o h k e	2	b								NSsNdb
saami_ume	neck	1		tjiäbòhta				ciæpohtɑ		c i æ p o h t ɑ	2	b								WbWlap
selkup_northern	neck	1		sōlʹ		sōlʹ		soːʎ		s oː ʎ	8	h			From PSd *soj ~ söj					SolkWb
udmurt	neck	1		tʹsʹi̮rti̮		ći̮rti̮		tɕɯrtɯ		tɕ ɯ r t ɯ	4	d								WotjWsch
veps	neck	1		kagl				kɑɡl		k ɑ ɡ l	1	a	baltic	clear					Junttila2015, SSA, NES, EES	VVS
votic_western	neck	1		kagla		kagla		kɑɡl		k ɑ ɡ l	1	a	baltic	clear					Junttila2015, SSA, NES, EES	VKJMS
erzya	new	1		od		od		od		o d	1	a								MordWb
estonian_south	new	1		vahtsõnõ				vɑhtsɤnɤ		v ɑ h t s ɤ n ɤ	5	e								VESr
estonian_standard	new	1		uus		uus		uːs		uː s	1	a								SVSk
finnish_standard	new	1		uusi		uusi		uːsi		uː s i	1	a								JL
hungarian	new	1		új		uuj		uːj		uː j	1	a								FMSz
ingrian	new	1		ūz		ūz		uːz		uː z	1	a								InkmSk
karelian_proper	new	1		uusi				uːsi		uː s i	1	a								KKSV
khanty_vakh_vasyugan	new	1		jələw		jələw		jələw		j ə l ə w	3	c								DEWbOstj
komi_permyak	new	1		vilʹ		vilʹ		viʎ		v i ʎ	1	a								KoPRSl
komi_zyrian	new	1		vi̮lʹ		vi̮lʹ		vɯʎ		v ɯ ʎ	1	a								SyrjWsch
livonian_courland	new	1		ūž				uːʒ		uː ʒ	1	a								LivWb
mansi_sosva	new	1		lʹilʹpi	jilʹpi	lʹilʹpi	jilʹpi	ʎiʎpi	jiʎpi	ʎ i ʎ p i	2	b								WogWb
mari_hill	new	1		u				u		u	1	a								
mari_meadow	new	1		u		u		u		u	1	a								SMSk, TscherWb
moksha	new	1		od				od		o d	1	a								
nenets_tundra	new	1		yedey°				jedej		j e d e j	4	d								JurSWb
nganasan	new	1		meńdʹadʹe		meńdʹadʹe		meɲdʲɑdʲe		m e ɲ dʲ ɑ dʲ e	6	f								SlNgaRus
proto_uralic	new	1		*wuði̮				wuðɨ		w u ð ɨ	1	a					PFU: *wudʹi̮?			UEW, Sam88
saami_inari	new	1		uuđâs				uːðəs		uː ð ə s	1	a								InsSSk
saami_kildin	new	1		ōdt		oodd		oːdː		oː dː	1	a								WOLD
saami_north	new	1		ođas				oðɑs		o ð ɑ s	1	a								SSSg
saami_pite	new	1		årrå				ɔrːɔ		ɔ rː ɔ	1	a								EZ
saami_skolt	new	1		oođâs				oːðɐs		oː ð ɐ s	1	a								SKosSk
saami_south	new	1		orre				orːe		o rː e	1	a								NSsNdb
saami_ume	new	1		uddas				uttɑs		u t t ɑ s	1	a								WbWlap
selkup_northern	new	1		śentə		śentə		ɕentə		ɕ e n t ə	7	g								SolkWb
udmurt	new	1		vi̮lʹ		vi̮lʹ		vɯʎ		v ɯ ʎ	1	a								WotjWsch
veps	new	1		uź				uzʲ		u zʲ	1	a								VVS
votic_western	new	1		ūsi		ūs, ūsi		uːs		uː s	1	a								VKJMS
erzya	night	1		ve		ve		ve		v e	1	a								MordWb
estonian_south	night	1		üü				yː		yː	1	a								VESr
estonian_standard	night	1		öö		öö		øː		øː	1	a								SVSk
finnish_standard	night	1		yö		üö		yø̯		y ø̯	1	a								JL
hungarian	night	1		éj		eej		eːj		eː j	1	a								FMSz
ingrian	night	1		ȫ		ȫ		øː		øː	1	a								InkmSk
karelian_proper	night	1		yö				yø		y ø	1	a								KKSV
khanty_vakh_vasyugan	night	1		jəj	əj	jəj	əj	jəj	əj	j ə j	1	a								DEWbOstj
komi_permyak	night	1		oj		oj		oj		o j	1	a								KoPRSl
komi_zyrian	night	1		voj		voj		voj		v o j	1	a								SyrjWsch
livonian_courland	night	1		īe				iːe		iː e	1	a								LivWb
mansi_sosva	night	1		ēt		ēt		eːt		eː t	2	b								WogWb
mari_hill	night	1		jə̑d				jəd		j ə d	2	b						SES, Bereczki2013		
mari_meadow	night	1		jüt		jüt		jyt		j y t	2	b								SMSk, TscherWb
moksha	night	1		ve				ve		v e	1	a						SES, UEW		
nenets_tundra	night	1		pyi				pʲi		pʲ i	3	c								JurSWb
nganasan	night	1		hii		hī		hiː		h iː	3	c								SlNgaRus
proto_uralic	night	1		*üji				yji		y j i	1	a					*jütV primarily 'evening'?; PFU: *üji			UEW, Sam88
saami_inari	night	1		ijjâ				ijːə		i jː ə	1	a								InsSSk
saami_kildin	night	1		ɨjj		ə̑jj		ɨjː		ɨ jː	1	a								WOLD
saami_north	night	1		idja				iɟɑ		i ɟ ɑ	1	a								SSSg
saami_pite	night	1		idja				iɟɑ		i ɟ ɑ	1	a								EZ
saami_skolt	night	1		inn				inː		i nː	4	d						SES, Itkonen1958		SKosSk
saami_skolt	night	2		ijj				ijː		i jː	1	a								SKosSk
saami_south	night	1		jïjje				jɨjːe		j ɨ jː e	1	a								NSsNdb
saami_ume	night	1		jijja				jijːɑ		j i jː ɑ	1	a								WbWlap
selkup_northern	night	1		pi		pi		pi		p i	3	c								SolkWb
udmurt	night	1		uj		uj		uj		u j	1	a								WotjWsch
veps	night	1		ö				ø		ø	1	a								VVS
votic_western	night	1		ǖ (öö)		ǖ		yː		yː	1	a								VKJMS
erzya	nine	1		veikse		veikse		veikse		v e i k s e	1	a								MordWb
estonian_south	nine	1		ütesä	ütessä			ytesæ		y t e s æ	1	a								VESr
estonian_standard	nine	1		üheksa		üheksa		yheksɑ		y h e k s ɑ	1	a								SVSk
finnish_standard	nine	1		yhdeksän		ühdeksän		yçde̞ksæn		y ç d e̞ k s æ n	1	a								JL
hungarian	nine	1		kilenc		kilenc		kilɛnt͡s		k i l ɛ n t͡s	3	c								FMSz
ingrian	nine	1		üheksän		üheksän		yheksæn		y h e k s æ n	1	a								InkmSk
karelian_proper	nine	1		yheksän				yheksæn		y h e k s æ n	1	a								KKSV
khanty_vakh_vasyugan	nine	1		ǝj-ǝrʽ-jǝŋ	ǝj-ǝrt-jǝŋ	əj-ər-jəŋ	əj-ərt-jəŋ	əj-ər-jəŋ	əj-ərt-jəŋ	ə j ə r j ə ŋ	7	g					"Cf. ""jǝŋ"" 'ten'; lit. ""one-additional-ten"""			DEWbOstj
komi_permyak	nine	1		e̮kmi̮s		e̮kmi̮s		ɤkmɯs		ɤ k m ɯ s	2	b								KoPRSl
komi_zyrian	nine	1		e̮k-mi̮s		e̮k-mi̮s		ɤk-mɯs		ɤ k m ɯ s	2	b								SyrjWsch
livonian_courland	nine	1		īdõks				iːdɯks		iː d ɯ k s	1	a								LivWb
mansi_sosva	nine	1		ōntolow		ōntolow		oːntolow		oː n t o l o w	4	d					"Cf. ""low"" 'ten'"			WogWb
mari_hill	nine	1		əndekšə				əndekʃə		ə n d e k ʃ ə	1	a						SES, UEW		
mari_meadow	nine	1		indeš		indeš		indeʃ		i n d e ʃ	1	a					Former attr.			SMSk, TscherWb
mari_meadow	nine	2		indeše		indeše		indeʃe		i n d e ʃ e	1	a					Former attr.			SMSk, TscherWb
moksha	nine	1		vejχksa				vejxksɑ		v e j x k s ɑ	1	a						SES, UEW		
nenets_tundra	nine	1		xasawa yúq				xɑsɑwɑ juʔ		x ɑ s ɑ w ɑ j u ʔ	5	e				Lit. 'man ten' [sic]				JurSWb
nganasan	nine	1		ŋamiajčumə		ŋamiajčumə		ŋɑmiɑjtʃumə		ŋ ɑ m i ɑ j tʃ u m ə	8	h								SlNgaRus
proto_uralic	nine	1	not_reconstructable																	UEW, Sam88
saami_inari	nine	1		oovce				oːvt͡se		oː v t͡s e	1	a								InsSSk
saami_kildin	nine	1		axxc		axxc		ɑxːc		ɑ xː c	1	a								WOLD
saami_north	nine	1		ovcci				ovcci		o v c c i	1	a								SSSg
saami_pite	nine	1		åktse				ɔkt͡se		ɔ k t͡s e	1	a								EZ
saami_skolt	nine	1		ååʹuc	åʹhcc			ɔːut͡s		ɔː u t͡s	1	a								SKosSk
saami_south	nine	1		uktsie				ukt͡sie		u k t͡s i e	1	a								NSsNdb
saami_ume	nine	1		åktse				ɔkt͡se		ɔ k t͡s e	1	a								WbWlap
selkup_northern	nine	1		okkər-ćāŋkut		okkər-ćāŋkut		okːər-tɕɑːŋkut		o kː ə r tɕ ɑː ŋ k u t	6	f					Formed by the principle '10-1'			SolkWb
udmurt	nine	1		uk-mi̮s		uk-mi̮s		uk-mɯs		u k m ɯ s	2	b								WotjWsch
veps	nine	1		ühesa				yhesɑ		y h e s ɑ	1	a								NRVS
votic_western	nine	1		ühesǟ		ühesǟ		yhesæ		y h e s æ	1	a								VKJMS
erzya	nit	1		śarko		śarko		ɕɑrko		ɕ ɑ r k o	1	a								MordWb
estonian_south	nit	1		ting				tiŋɡ		t i ŋ ɡ	8	h	latvian	possible					EES	VESr
estonian_standard	nit	1		täimuna		täimuna		tæimunɑ		t æ i m u n ɑ	3	c				Lit. 'louse egg'				SVSk
estonian_standard	nit	2		ting		tiŋk		tiŋk		t i ŋ k	8	h	latvian	possible					EES	SVSk
finnish_standard	nit	1		saivare		saivare		sɑiʋɑre̞		s ɑ i ʋ ɑ r e̞	1	a								JL
hungarian	nit	1		serke		šerke		ʃɛrkɛ		ʃ ɛ r k ɛ	9	i	west old turkic	probable	Possible connection with Turkic and Finno-Ugric words				WOT, TESz	FMSz
ingrian	nit	1		saivar		saivar		sɑivɑr		s ɑ i v ɑ r	1	a								InkmSk
karelian_proper	nit	1		saivar				sɑivɑr		s ɑ i v ɑ r	1	a								KKSV
karelian_proper	nit	2		tšaivoi				tʃɑivoi		t ʃ ɑ i v o i	2	b								KKSV
khanty_vakh_vasyugan	nit	1		seṇǝɣ		seṇəɣ		seɳəɣ		s e ɳ ə ɣ	5	e								DEWbOstj
komi_permyak	nit	1		śere̮v		śere̮v		ɕerɤv		ɕ e r ɤ v	1	a								KoPRSl
komi_zyrian	nit	1		śerov		śerov		ɕerov		ɕ e r o v	1	a								SyrjWsch
livonian_courland	nit	1		lid				lid		l i d	4	d			"Might be loan from Latv. ""gnīda"" 'nit', if n- > l- sporadically"					LivWb
mansi_sosva	nit	1		sāniɣ		sāniɣ		sɑːniɣ		s ɑː n i ɣ	5	e								WogWb
mari_hill	nit	1		šarɣeńə				ʃɑrɣenʲə		ʃ ɑ r ɣ e nʲ ə	1	a								
mari_meadow	nit	1		šarɣenče		šarɣenče		ʃɑrɣentʃe		ʃ ɑ r ɣ e n tʃ e	1	a								SMSk, TscherWb
moksha	nit	1		śarχka				sʲɑrxkɑ		sʲ ɑ r x k ɑ	1	a								
nenets_tundra	nit	1		talyek°				tɑlʲek		t ɑ lʲ e k	6	f								JurSWb
nganasan	nit	1	form_not_found																	SlNgaRus
proto_uralic	nit	1	not_reconstructable																	UEW, Sam88
saami_inari	nit	1		čiivros				t͡ʃiːvros		t͡ʃ iː v r o s	1	a								InsSSk
saami_kildin	nit	1		čivvras		tšivvras		tʃivːrɑs		t ʃ i vː r ɑ s	1	a								WOLD
saami_north	nit	1		čivrrus				t͡ʃivrːus		t͡ʃ i v rː u s	1	a				Singular form, meaning plural 'nits'				SSSg
saami_pite	nit	1		tjovrese				covrese		c o v r e s e	1	a								EZ
saami_skolt	nit	1		čeeuʹres				t͡ʃeːurʲes		t͡ʃ eː u rʲ e s	1	a								SKosSk
saami_south	nit	1		tjovrese				t͡ɕovrese		t͡ɕ o v r e s e	1	a								NSsNdb
saami_ume	nit	1	form_not_found																	WbWlap
selkup_northern	nit	1		čūra		čūra		tʃuːrɑ		tʃ uː r ɑ	7	g			Not connected to FPF *śajᴕrV 'nit'					SolkWb
udmurt	nit	1		śerer		śerer		ɕerer		ɕ e r e r	1	a					Dialectal?			WotjWsch
veps	nit	1		saivar				sɑivɑr		s ɑ i v ɑ r	1	a								VVS
votic_western	nit	1		saivar		saivar		sɑivɤr		s ɑ i v ɤ r	1	a								VKJMS
erzya	nose	1		sudo		sudo		sudo		s u d o	2	b								MordWb
estonian_south	nose	1		nõna				nɤnɑ		n ɤ n ɑ	1	a								VESr
estonian_standard	nose	1		nina		nina		ninɑ		n i n ɑ	1	a								SVSk
finnish_standard	nose	1		nenä		nenä		ne̞næ		n e̞ n æ	1	a								JL
hungarian	nose	1		orr		orr		orː		o rː	4	d								FMSz
ingrian	nose	1		nenä		nenä		nenæ		n e n æ	1	a								InkmSk
karelian_proper	nose	1		nenä				nenæ		n e n æ	1	a								KKSV
khanty_vakh_vasyugan	nose	1		ńŏl		ńŏl		ɲŏl		ɲ o ̆ l	5	e								DEWbOstj
komi_permyak	nose	1		ni̮r		ni̮r		nɯr		n ɯ r	3	c								KoPRSl
komi_zyrian	nose	1		ni̮r		ni̮r		nɯr		n ɯ r	3	c								SyrjWsch
livonian_courland	nose	1		nanā				nɑnɑː		n ɑ n ɑː	1	a								LivWb
mansi_sosva	nose	1		ńol		ńol		ɲol		ɲ o l	5	e								WogWb
mari_hill	nose	1		ner		ner		ner		n e r	3	c						SES, UEW		
mari_meadow	nose	1		ner		ner		ner		n e r	3	c								SMSk, TscherWb
moksha	nose	1		šalχka				ʃɑlxkɑ		ʃ ɑ l x k ɑ	8	h						SES		
nenets_tundra	nose	1		piya				pijɑ		p i j ɑ	6	f								JurSWb
nganasan	nose	1		ŋüŋkə		ŋüŋkə		ŋyŋkə		ŋ y ŋ k ə	7	g								SlNgaRus
proto_uralic	nose	1		*ńäri ?				ɲæri		ɲ æ r i	3	c					Reconstructability and original meaning uncertain			UEW, Sam88
saami_inari	nose	1		njune				ɲune		ɲ u n e	1	a								InsSSk
saami_kildin	nose	1		njunn’		ńunnʹ		ɲunːʲ		ɲ u nːʲ	1	a								WOLD
saami_north	nose	1		njunni				ɲunːi		ɲ u nː i	1	a								SSSg
saami_pite	nose	1		njuonne				ɲuonːe		ɲ u o nː e	1	a								EZ
saami_skolt	nose	1		njuuʹnn				ɲuːnʲː		ɲ uː nʲː	1	a								SKosSk
saami_south	nose	1		njuenie				ɲuenie		ɲ u e n i e	1	a			The Finnic and Saami words can be traced back to the proto-forms					NSsNdb
saami_ume	nose	1		njüennee				ɲyenːeː		ɲ y e nː eː	1	a			*ńenä and *ńana < *ńe̮na					WbWlap
selkup_northern	nose	1		īnčäl´				putɕə		p u tɕ ə	9	i						Bykonja2005		
selkup_northern	nose	2		pućə		pućə		putɕə		p u tɕ ə	6	f								SolkWb
udmurt	nose	1		ni̮r		ni̮r		nɯr		n ɯ r	3	c								WotjWsch
veps	nose	1		ńena				nʲenɑ		nʲ e n ɑ	1	a								VVS
votic_western	nose	1		nenä		nenä		nenæ		n e n æ	1	a								VKJMS
erzya	not	1		a		a		ɑ		ɑ	1	a				Nonpast particle				MordWb
estonian_south	not	1		ei	eiq			ei		e i	1	a								VESr
estonian_standard	not	1		ei		ei		ei		e i	1	a				Pres. (all persons)				SVSk
finnish_standard	not	1		ei		ej		e̞j		e̞ j	1	a				3sg pres.				JL
hungarian	not	1		nem		nem		nɛm		n ɛ m	2	b								FMSz
ingrian	not	1		ei		ei		ei		e i	1	a								InkmSk
karelian_proper	not	1		ei				ei		e i	1	a				3sg pres.				KKSV
khanty_vakh_vasyugan	not	1		ənt		ənt		ənt		ə n t	1	a								DEWbOstj
khanty_vakh_vasyugan	not	2		əntɜ	əntə	əntə	əntə	əntə	əntə	ə n t ə	1	a								DEWbOstj
komi_permyak	not	1		abu		abu		ɑbu		ɑ b u	1	a				Neg. aux.				KoPRSl
komi_permyak	not	2		ńe		ńe		ɲe		ɲ e	3	c	indo-european	possible					KESK	KoPRSl
komi_zyrian	not	1		oz		oz		oz		o z	1	a				3sg pres.				SyrjWsch
livonian_courland	not	1		äb				æb		æ b	1	a				Form used for 1,3sg, 1,3pl pres.; from BF *e-pä (neg.3sg.pres)				LivWb
mansi_sosva	not	1		at		at		ɑt		ɑ t	1	a								WogWb
mari_hill	not	1		ak				ɑk		ɑ k	1	a								
mari_meadow	not	1		ok	oɣə̑š	ok	oɣə̑š	ok	oɣəʃ	o k	1	a				3sg.pres; derivs.				SMSk, TscherWb
moksha	not	1		af				ɑf		ɑ f	1	a								
nenets_tundra	not	1		nyisy°				ɲisʲ		ɲ i sʲ	1	a				Negative auxiliary verb				JurSWb
nganasan	not	1		ńisi̮		ńisi̮		ɲisɯ		ɲ i s ɯ	1	a					Negative auxiliary verb and particle, respectively			SlNgaRus
nganasan	not	2		ńintū		ńintū		ɲintuː		ɲ i n t uː	1	a					Negative auxiliary verb and particle, respectively			SlNgaRus
proto_uralic	not	1		*e-				e		e	1	a					Verbal auxiliary stem			UEW, Sam88
saami_inari	not	1		ij				ij		i j	1	a								InsSSk
saami_kildin	not	1		e-		e-		e-		e	1	a								WOLD
saami_north	not	1		ii				ii		i i	1	a				3sg pres.				SSSg
saami_pite	not	1		ij				ij		i j	1	a				3sg pres.				EZ
saami_skolt	not	1		ij				ij		i j	1	a				3sg pres.				SKosSk
saami_south	not	1		ij				ij		i j	1	a								NSsNdb
saami_ume	not	1		ii				iː		iː	1	a				3sg pres.				WbWlap
selkup_northern	not	1		aśa	asə etc.	aśa	asə	ɑɕɑ	ɑsə	ɑ ɕ ɑ	1	a								SolkWb
udmurt	not	1		uz		uz		uz		u z	1	a				3sg pres.				WotjWsch
veps	not	1		ī				iː		iː	1	a				3sg pres. and stem, respectively				VVS
veps	not	2		e-				e-		e	1	a				3sg pres. and stem, respectively				VVS
votic_western	not	1		ei		ei		ei		e i	1	a								VKJMS
erzya	old	1		siŕe		siŕe		sirʲe		s i rʲ e	5	e	iranian	clear	"Possibly connected to Hung ""öreg"""				Koivulehto1999, Holopainen2019	MordWb
estonian_south	old	1		vana				vɑnɑ		v ɑ n ɑ	1	a								VESr
estonian_standard	old	1		vana		vana		vɑnɑ		v ɑ n ɑ	1	a								SVSk
finnish_standard	old	1		vanha		vanha		ʋɑnxɑ		ʋ ɑ n x ɑ	1	a								JL
hungarian	old	1		öreg		öreg		ørɛɡ		ø r ɛ ɡ	8	h	west old turkic	possible	"Possibly connected to Mord ""siŕe"""	Of people			WOT, Zaicz2006, TESz	FMSz
ingrian	old	1		vanha		vanha		vɑnhɑ		v ɑ n h ɑ	1	a								InkmSk
karelian_proper	old	1		vanha	vahna			vɑnhɑ		v ɑ n h ɑ	1	a								KKSV
khanty_vakh_vasyugan	old	1		pi̮rəs		pi̮rəs		pɯrəs		p ɯ r ə s	2	q	komi	clear					UEW, Toivonen1956	DEWbOstj
komi_permyak	old	1		pe̮riś		pe̮riś		pɤriɕ		p ɤ r i ɕ	2	s	indo-iranian	clear	Not cognate with saamic, parallel borrowing? Needs to be assessed. *porɜ 'old' Khanty equivalent loan from Komi	Of people			Koivulehto1999, Holopainen2019	KoPRSl, Holop18, LAGLOS
komi_zyrian	old	1		pe̮ri̮ś		pe̮ri̮ś		pɤrɯɕ		p ɤ r ɯ ɕ	2	s	indo-iranian	clear	Not cognate with saamic, parallel borrowing? Needs to be assessed. *porɜ 'old' Khanty equivalent loan from Komi				Koivulehto1999, Holopainen2019	SyrjWsch, Holop18, LAGLOS
livonian_courland	old	1		vanā				vɑnɑː		v ɑ n ɑː	1	a								LivWb
mansi_sosva	old	1		matəm		matəm		mɑtəm		m ɑ t ə m	10	j								WogWb
mari_hill	old	1		šongə̑				ʃoŋɡə		ʃ o ŋ ɡ ə	7	g	indo-iranian	clear					Holopainen2019, Koivulehto2001	
mari_meadow	old	1		šoŋɣo		šoŋɣo		ʃoŋɣo		ʃ o ŋ ɣ o	7	g	indo-iranian	clear	"Cogn. with Hung ""agg"" 'aged man, very old'"	'Old person'			Holopainen2019, Koivulehto2001	SMSk, TscherWb
moksha	old	1		śiŕä				sʲirʲæ		sʲ i rʲ æ	5	e	iranian	clear					Koivulehto1999, Holopainen2019	
nenets_tundra	old	1		puxu				puxu		p u x u	9	i								
nenets_tundra	old	2		wæsey				wæsej		w æ s e j	17	r								
nganasan	old	1		bəjkua		bəjkua		bəjkuɑ		b ə j k u ɑ	17	r				Of people				SlNgaRus
proto_uralic	old	1	not_reconstructable														Cf. PU *oma? 'former'?			UEW, Sam88
saami_inari	old	1		puáris				puæris		p u æ r i s	2	b	indo-iranian_or_indo-european	possible	Loan from Indo-Ir *para-				Holopainen2018	InsSSk
saami_kildin	old	1		puer’es’		puerʹesʹ		puerʲesʲ		p u e rʲ e sʲ	2	b	indo-iranian_or_indo-european	possible	Loan from Indo-Ir *para-				Holopainen2018	WOLD
saami_north	old	1		boaris				poɑris		p o ɑ r i s	2	b	indo-iranian_or_indo-european	possible	Loan from Indo-Ir *para-				Holopainen2018	SSSg
saami_pite	old	1		vuoras				vuorɑs		v u o r ɑ s	4	d	baltic	clear					SSA	EZ
saami_skolt	old	1		puäʹres				puærʲes		p u æ rʲ e s	2	b	indo-iranian_or_indo-european	possible	Loan from Indo-Ir *para-				Holopainen2018	SKosSk
saami_south	old	1		båeries				bɔeries		b ɔ e r i e s	2	b	indo-iranian_or_indo-european	possible	Loan from Indo-Ir *para-				Holopainen2018	NSsNdb
saami_south	old	2		voeres				vueres		v u e r e s	4	d	baltic	clear	Cf. Lith “võras”				SSA	NSsNdb
saami_ume	old	1		å̀bmee				ɔpmeː		ɔ p m eː	3	c								WbWlap
saami_ume	old	2		båårès				pɔːres		p ɔː r e s	2	b	indo-iranian_or_indo-european	possible	Loan from Indo-Ir *para-				Holopainen2018	WbWlap
saami_ume	old	3		vuaras				vuɑrɑs		v u ɑ r ɑ s	4	d	baltic	clear	Cf. Lith “võras”				SSA	WbWlap
selkup_northern	old	1		iraj				meːntæʎ		m eː n t æ ʎ	6	f								
udmurt	old	1		pereś		pereś		pereɕ		p e r e ɕ	2	b	indo-iranian	clear					Koivulehto1999, Holopainen2019	WotjWsch
veps	old	1		vanh				vɑnh		v ɑ n h	1	a								VVS
votic_western	old	1		vana		vana		vɑnɑ		v ɑ n ɑ	1	a								VKJMS
erzya	one	1		vejke		vejke		vejke		v e j k e	1	a					Latter attr.			MordWb
erzya	one	2		ve		ve		ve		v e	1	a					Latter attr.			MordWb
estonian_south	one	1		üts'				ytsʲ		y t sʲ	1	a								VESr
estonian_standard	one	1		üks		ükks		ykːs		y kː s	1	a								SVSk
finnish_standard	one	1		yksi		üksi		yksi		y k s i	1	a								JL
hungarian	one	1		egy		eǵǵ		ɛɟː		ɛ ɟː	2	b								FMSz
ingrian	one	1		üks		üks		yks		y k s	1	a								InkmSk
karelian_proper	one	1		yksi				yksi		y k s i	1	a								KKSV
khanty_vakh_vasyugan	one	1		əjəl		əjəl		əjəl		ə j ə l	1	a					Latter attr.			DEWbOstj
khanty_vakh_vasyugan	one	2		əj		əj		əj		ə j	1	a					Latter attr.			DEWbOstj
komi_permyak	one	1		e̮tʹik		e̮tʹik		ɤtʲik		ɤ tʲ i k	1	a								KoPRSl
komi_zyrian	one	1		e̮tʹi(k)		e̮tʹi, e̮tʹik		ɤtʲi		ɤ tʲ i	1	a								SyrjWsch
livonian_courland	one	1		ikš				ikʃ		i k ʃ	1	a								LivWb
mansi_sosva	one	1		akwa		ak˳a		ɑkʷɑ		ɑ kʷ ɑ	1	a					Latter attr.			WogWb
mansi_sosva	one	2		akw		ak˳		ɑkʷɑ		ɑ kʷ ɑ	1	a					Latter attr.			WogWb
mari_hill	one	1		iktə				iktə		i k t ə	1	a						SES, UEW		
mari_meadow	one	1		ikte		ikte		ikte		i k t e	1	a					Latter attr.			SMSk, TscherWb
mari_meadow	one	2		ik		ik		ik		i k	1	a					Latter attr.			SMSk, TscherWb
moksha	one	1		f'k'ä				fʲkʲæ		fʲ kʲ æ	1	a						SES, UEW		
nenets_tundra	one	1		ŋob				ŋob		ŋ o b	3	c								JurSWb
nganasan	one	1		ŋuˀəiˀ		ŋuˀəiˀ		ŋuʔəiʔ		ŋ u ʔ ə i ʔ	3	c								SlNgaRus
proto_uralic	one	1		*ükti				ykti		y k t i	1	a					PFU: *üki			UEW, Sam88
saami_inari	one	1		ohtâ				ohtə		o h t ə	1	a								InsSSk
saami_kildin	one	1		ēxxt		eexxt		eːxːt		eː xː t	1	a								WOLD
saami_north	one	1		okta				oktɑ		o k t ɑ	1	a								SSSg
saami_pite	one	1		ákkta				ɑːkːtɑ		ɑː kː t ɑ	1	a								EZ
saami_skolt	one	1		õhtt				əhtː		ə h tː	1	a								SKosSk
saami_south	one	1		akte				ɑkte		ɑ k t e	1	a								NSsNdb
saami_ume	one	1		akta				ɑktɑ		ɑ k t ɑ	1	a								WbWlap
selkup_northern	one	1		okkər		okkər		okːər		o kː ə r	3	c					Cognacy uncertain			SolkWb
udmurt	one	1		odig		odig		odiɡ		o d i ɡ	1	a								WotjWsch
udmurt	one	2		og		og		oɡ		o ɡ	1	a								WotjWsch
veps	one	1		ükś				yksʲ		y k sʲ	1	a								VVS
votic_western	one	1		ühsi		ühsi		yhs		y h s	1	a								VKJMS
erzya	only	1		anśak		anśak		ɑnɕɑk		ɑ n ɕ ɑ k	11	k	tatar	possible					Butylov2007, Paasonen1897	MordWb
estonian_south	only	1		õnnõ				ɤnːɤ		ɤ nː ɤ	19	s								VESr
estonian_standard	only	1		ainult		ainult		ɑinult		ɑ i n u l t	2	b								SVSk
finnish_standard	only	1		vain		vain		ʋɑin		ʋ ɑ i n	1	a								JL
hungarian	only	1		csak		čak		t͡ʃɒk		t͡ʃ ɒ k	12	l								FMSz
ingrian	only	1		vā		vā		vɑː		v ɑː	1	a								InkmSk
karelian_proper	only	1		vain				vɑin		v ɑ i n	1	a								KKSV
khanty_vakh_vasyugan	only	1		mǝrǝm		mərəm		mərəm		m ə r ə m	18	r								DEWbOstj
komi_permyak	only	1		ʒ́ir		ʒ́ir		dʑir		dʑ i r	20	t								KoPRSl
komi_zyrian	only	1		se̮mi̮n		tolʹke̮		toʎkɤ		t o ʎ k ɤ	9	u	russian	clear					Kalima1911	SyrjWsch
livonian_courland	only	1		set				set		s e t	17	z						SES		
mansi_sosva	only	1		nas		nas		nɑs		n ɑ s	15	o								WogWb
mansi_sosva	only	2		pat		pat		pɑt		p ɑ t	13	m								WogWb
mansi_sosva	only	3		sar		sar		sɑr		s ɑ r	14	n								WogWb
mari_hill	only	1		βele				βele		β e l e	22	x						SES		
mari_meadow	only	1		ɣə̑na		ɣə̑na		ɣənɑ		ɣ ə n ɑ	13	m								SMSk, TscherWb
moksha	only	1		ańćek				ɑnʲt͡sʲek		ɑ nʲ t͡sʲ e k	11	k	tatar	possible					Butylov2007, Paasonen1897	
nenets_tundra	only	1		tæryi				tærʲi		t æ rʲ i	16	p				'Usually, only'				JurSWb
nganasan	only	1		ŋuəðəbtə		ŋuəδəbtə		ŋuəðəbtə		ŋ u ə ð ə b t ə	21	y				'Only, sole'	"Deriv. from ""ŋuˀəiˀ"" 'one'"			SlNgaRus
proto_uralic	only	1	not_reconstructable																	
saami_inari	only	1		tuš	tuše			tuʃ		t u ʃ	4	d	finnic	possible					SSA	InsSSk
saami_inari	only	2		váá				væː		v æː	1	a	finnic	clear					SSA	InsSSk
saami_kildin	only	1		ōxxte		ooxxte		oːxːte		oː xː t e	3	c								WOLD
saami_north	only	1		aivvẹ				ɑivːe		ɑ i vː e	5	e	finnic	clear					Sammallahti1998, SSA	SSSg
saami_north	only	2		duššẹ				tuʃːe		t u ʃː e	4	d	finnic	probable					Aikio2006, SSA	SSSg
saami_pite	only	1		ájdna				ɑːjtnɑ		ɑː j t n ɑ	2	w	finnic	clear					SSA	EZ
saami_pite	only	2		ber				per		p e r	6	f	north germanic	clear					Lagercrantz1939	EZ
saami_skolt	only	1		pâi				pɐi		p ɐ i	10	j								SKosSk
saami_skolt	only	2		tåʹlǩ				tɔlʲc		t ɔ lʲ c	9	i	russian	possible					Itkonen1958b	SKosSk
saami_south	only	1		ajve				ɑjve		ɑ j v e	5	e	finnic	clear					SSA	NSsNdb
saami_south	only	2		barre				bɑrːe		b ɑ rː e	6	f	north germanic	clear					Lagercrantz1939	NSsNdb
saami_ume	only	1		bara				pɑrɑ		p ɑ r ɑ	6	f	north germanic	clear					Lagercrantz1939	WbWlap
saami_ume	only	2		dàuhk				tɑuhk		t ɑ u h k	7	g	north germanic	clear					Qvigstad1893	WbWlap
saami_ume	only	3		garra				kɑrːɑ		k ɑ rː ɑ	8	h								WbWlap
selkup_northern	only	1		tolʹko		tolʹko		toʎko		t o ʎ k o	9	v	russian	clear					SolkWb	SolkWb
udmurt	only	1		tolʹko		tolʹko		toʎko		t o ʎ k o	9	u	russian	clear					WotjWsch	WotjWsch
veps	only	1		vaiše				vɑiʃe		v ɑ i ʃ e	1	a								VVS
votic_western	only	1		vā		vā		vɑ		v ɑ	1	a								VKJMS
erzya	other	1		lʹija		lʹija		ʎijɑ		ʎ i j ɑ	12	l	baltic	possible					Grunthal2012,VanPareren2009	MordWb
erzya	other	2		ombo		ombo		ombo		o m b o	5	e								MordWb
estonian_south	other	1		tõõnõ	tõnõ			tɤːnɤ		t ɤː n ɤ	1	a								VESr
estonian_standard	other	1		teine		teine		teine		t e i n e	1	a								SVSk
finnish_standard	other	1		toinen		toinen		t̪o̞ine̞n		t̪ o̞ i n e̞ n	1	a								JL
hungarian	other	1		más		maaš		maːʃ		m aː ʃ	2	b								FMSz
hungarian	other	2		másik		maašik		maːʃik		m aː ʃ i k	2	b								FMSz
ingrian	other	1		toin		toin		toin		t o i n	1	a								InkmSk
karelian_proper	other	1		muu				muː		m uː	2	b								KKSV
karelian_proper	other	2		toine				toine		t o i n e	1	a								KKSV
khanty_vakh_vasyugan	other	1		pä		pä		pæ		p æ	8	h								DEWbOstj
khanty_vakh_vasyugan	other	2		perǝɣ		perəɣ		perəɣ		p e r ə ɣ	13	m								DEWbOstj
komi_permyak	other	1		me̮d		me̮d		mɤd		m ɤ d	2	b								KoPRSl
komi_permyak	other	2		me̮dik		me̮dik		mɤdik		m ɤ d i k	2	b								KoPRSl
komi_zyrian	other	1		me̮d		me̮d		mɤd		m ɤ d	2	b								SyrjWsch
komi_zyrian	other	2		muke̮d		muke̮d		mukɤd		m u k ɤ d	2	b								SyrjWsch
livonian_courland	other	1		mū				muː		m uː	2	b								LivWb
mansi_sosva	other	1		mōt		mōt		moːt		m oː t	2	b								WogWb
mari_hill	other	1		βesə				βesə		β e s ə	6	f								
mari_meadow	other	1		molo		molo		molo		m o l o	2	b								SMSk, TscherWb
mari_meadow	other	2		βes(e)		βes, βese		βes, βese			6	f								SMSk, TscherWb
moksha	other	1		il'ä				ilʲæ		i lʲ æ	5	e						SES, CygankinMosin2015		
nenets_tundra	other	1		nyabyi				ɲɑbʲi		ɲ ɑ bʲ i	10	j								JurSWb
nenets_tundra	other	2		ŋanyi				ŋɑɲi		ŋ ɑ ɲ i	9	i								JurSWb
nganasan	other	1		hunsə̄		hunsə̄		hunsəː		h u n s əː	11	k								SlNgaRus
nganasan	other	2		ŋamiaj		ŋamiaj		ŋɑmiɑj		ŋ ɑ m i ɑ j	10	j								SlNgaRus
proto_uralic	other	1	not_reconstructable														PFU: *mu-			UEW, Sam88
saami_inari	other	1		eres				eres		e r e s	4	d								InsSSk
saami_kildin	other	1		mudta		mudda		mudːɑ		m u dː ɑ	2	n	finnic	probable	Cf. Finnish “muutoin” 'otherwise'				Riessler2009	WOLD
saami_north	other	1		eará				eærɑː		e æ r ɑː	4	d	finnic	possible					Sammallahti1998	SSSg
saami_north	other	2		nubbi				nuppi		n u p p i	2	b			m- > n- through dissimilation with earier following -mp-					SSSg
saami_pite	other	1		ehtja				ehcɑ		e h c ɑ	3	c								EZ
saami_pite	other	2		nubbe				nuppe		n u p p e	2	b								EZ
saami_skolt	other	1		jeeʹres				jeːrʲes		j eː rʲ e s	4	d								SKosSk
saami_south	other	1		jeatjebe				jeɑt͡ɕebe		j e ɑ t͡ɕ e b e	3	c								NSsNdb
saami_south	other	2		mubpie				mubpie		m u b p i e	2	b								NSsNdb
saami_ume	other	1		jietjaa				jiecɑː		j i e c ɑː	3	c					Not as attr.			WbWlap
saami_ume	other	2		mübˈbee				mypˈpeː		m y pˈ p eː	2	b					Attr.			WbWlap
selkup_northern	other	1		āmə		āmə		ɑːmə		ɑː m ə	5	e								SolkWb
udmurt	other	1		muket		muket		muket		m u k e t	2	b								WotjWsch
veps	other	1		toińe				toinʲe		t o i nʲ e	1	a								VVS
votic_western	other	1		mū		mū		muː		m uː	2	b								VKJMS
votic_western	other	2		tõin		te̮in		tɤin		t ɤ i n	1	a								VKJMS
erzya	person	1		lomań		lomań		lomɑɲ		l o m ɑ ɲ	6	f	iranian	possible					Joki1973	MordWb
estonian_south	person	1		inemine				inemine		i n e m i n e	1	a			Indo-European origin for the Finnic word rejected in Holopainen2021				Koivulehto2001, SSA	VESr
estonian_standard	person	1		inimene		inimene		inimene		i n i m e n e	1	a			Indo-European origin for the Finnic word rejected in Holopainen2021				Koivulehto2001, SSA	SVSk
finnish_standard	person	1		ihminen		ihminen		içmine̞n		i ç m i n e̞ n	1	a			Contr. from inhiminen. Indo-European origin for the Finnic word rejected in Holopainen2021				Koivulehto2001, SSA	JL
hungarian	person	1		ember		ember		ɛmbɛr		ɛ m b ɛ r	10	j			Arch. compound of PU *emä 'woman, mother' (?) and PFU *ürkä '(young) man, son'					FMSz
ingrian	person	1		el̆lǟjä		el̆lǟjä		el̆læːjæ		e l ̆ l æː j æ	18	r								InkmSk
ingrian	person	2		ihmīn	inmīn ~ inhimin	ihmīn	inmīn ~ inhimin	ihmiːn	inmiːn ~ inhimin	i h m iː n	1	a			Indo-European origin for the Finnic word rejected in Holopainen2021				Koivulehto2001, SSA	InkmSk
karelian_proper	person	1		imehnine	inehmine			imehnine		i m e h n i n e	1	a			Metath. from *inhemine. Indo-European origin for the Finnic word rejected in Holopainen2021.				Koivulehto2001, SSA	KKSV
khanty_vakh_vasyugan	person	1		kăsi̮		kăsi̮		kɑ̆sɯ		k ɑ ̆ s ɯ	13	m								DEWbOstj
komi_permyak	person	1		mort		mort		mort		m o r t	9	i	indo-iranian_or_indo-european	probable	"From PFP *mertä 'person, man'; cf. Avestan ""marəta"" 'person, mortal'"				Holopainen2019, Koivulehto1999	KoPRSl
komi_zyrian	person	1		mort		mort		mort		m o r t	9	i	indo-iranian_or_indo-european	probable	"From PFP *mertä 'person, man'; cf. Avestan ""marəta"" 'person, mortal'"				Holopainen2019, Koivulehto1999	SyrjWsch
livonian_courland	person	1		rištīng				riʃtiːŋɡ		r i ʃ t iː ŋ ɡ	3	c			From *risti-henki 'cross (ie. christened) spirit'					LivWb
mansi_sosva	person	1		ēləmχōlas		ēləmχōlas		eːləmxoːlɑs		eː l ə m x oː l ɑ s	12	l			Arch. compound; *ēləm 'weather, time'					WogWb
mansi_sosva	person	2		χum		χum		xum		x u m	11	k			From PU deriv. *koji̮-mV 'man, person'					WogWb
mari_hill	person	1		eδem				eðem		e ð e m	7	g						TscherWb		
mari_meadow	person	1		ajδeme		ajδeme		ɑjðeme		ɑ j ð e m e	7	g	chuvash	clear					TscherWb	SMSk, TscherWb
mari_meadow	person	2		jeŋ		jeŋ		jeŋ		j e ŋ	8	h								SMSk, TscherWb
moksha	person	1		lomań				lomɑnʲ		l o m ɑ nʲ	6	f	iranian	possible				Joki1973	Joki1973	
nenets_tundra	person	1		nyenecy°h				ɲenet͡sʲʔ		ɲ e n e t͡sʲ ʔ	14	n								JurSWb
nganasan	person	1		ŋanaˀsa		ŋanaˀsa		ŋɑnɑʔsɑ		ŋ ɑ n ɑ ʔ s ɑ	14	n				'Man', (plural) 'people'				SlNgaRus
proto_uralic	person	1		*koji̮(-mV)				kojɨmV		k o j ɨ m V	11	k								UEW, Sam88
saami_inari	person	1		olmooš				olmoːʃ		o l m oː ʃ	4	d	north germanic	clear	Cf. Swe “almogen”				Sammallahti1998	InsSSk
saami_kildin	person	1		olma		olma		olmɑ		o l m ɑ	4	d	north germanic	clear	Cf. Swe “almogen”				Riessler2009	WOLD
saami_north	person	1		olmmoš				olmːoʃ		o l mː o ʃ	4	d	north germanic	clear	Cf. Swe “almogen”				Sammallahti1998	SSSg
saami_pite	person	1		almatj				ɑlmɑc		ɑ l m ɑ c	4	d	north germanic	clear	Cf. Swe “almogen”				Sammallahti1998	EZ
saami_skolt	person	1		ooumaž	ååumaž			oːumɑʒ		oː u m ɑ ʒ	4	d	north germanic	clear	Cf. Swe “almogen”				Sammallahti1998	SKosSk
saami_south	person	1		almetje				ɑlmet͡ɕe		ɑ l m e t͡ɕ e	4	d	north germanic	clear	Cf. Swe “almogen”				Sammallahti1998	NSsNdb
saami_ume	person	1		alˈmatja				ɑlˈmɑcɑ		ɑ lˈ m ɑ c ɑ	4	d	north germanic	clear	Cf. Swe “almogen”				Sammallahti1998	WbWlap
selkup_northern	person	1		qum		qum		qum		q u m	11	k			From PU deriv. *koji̮-mV 'man, person'					SolkWb
udmurt	person	1		adʹami		adʹami		ɑdʲɑmi		ɑ dʲ ɑ m i	7	u	tatar	clear				Tarakanov1993	Tarakanov1993	WotjWsch
udmurt	person	2		murt		murt		murt		m u r t	9	i	indo-iranian_or_indo-european	probable	"From PFP *mertä 'person, man'; cf. Avestan ""marəta"" 'person, mortal'"				Holopainen2019, Koivulehto1999	WotjWsch
veps	person	1		mez'				mezʲ		m e zʲ	20	t	germanic	probable				LAGLOS	LAGLOS	
veps	person	2		ristit				ristit		r i s t i t	3	c			Orig. 'christened'					VVS
votic_western	person	1		inehmin		inehmin		inehmin		i n e h m i n	1	a	proto-indo-european	possible					Koivulehto2001, SSA	VKJMS
erzya	pick_up	1		purnams		purnams		purnɑms		p u r n ɑ m s	8	h								MordWb
estonian_south	pick_up	1		nobima				nobimɑ		n o b i m ɑ	3	c								VESr
estonian_standard	pick_up	1		korjata		korjatta		korjɑtːɑ		k o r j ɑ tː ɑ	2	b								SVSk
finnish_standard	pick_up	1		poimia		poimia		po̞imiɑ		p o̞ i m i ɑ	1	a								JL
hungarian	pick_up	1		felszed		felsed		fɛlsɛd		f ɛ l s ɛ d	10	j								FMSz
ingrian	pick_up	1		noblia		noblia		nobliɑ		n o b l i ɑ	3	c								InkmSk
ingrian	pick_up	2		noppia		noppia		nopːiɑ		n o pː i ɑ	3	c								InkmSk
karelian_proper	pick_up	1		poimie				poimie		p o i m i e	1	a								KKSV
khanty_vakh_vasyugan	pick_up	1	form_not_found																	DEWbOstj
komi_permyak	pick_up	1		bośtni̮		bośtni̮		boɕtnɯ		b o ɕ t n ɯ	15	o				'Pick up, buy'				KoPRSl
komi_zyrian	pick_up	1		e̮kti̮ni̮		e̮kti̮ni̮		leptɯnɯ		l e p t ɯ n ɯ	9	i						SES, KESK		
livonian_courland	pick_up	1		kuoŗŗõ				kuorʲːɯ		k u o rʲː ɯ	2	b								LivWb
mansi_sosva	pick_up	1		nōχ-ālmi				noːxɑːlmi		n oː x ɑː l m i	19	q								WogWb
mari_hill	pick_up	1		lüktäläš				lyktælæʃ		l y k t æ l æ ʃ	11	t			Cognacy reference lacking			MdH		
mari_meadow	pick_up	1		nalam		nalam		nɑlɑm		n ɑ l ɑ m	12	l				'Take, pick up'				SMSk, TscherWb
mari_meadow	pick_up	2		poɣem		poɣem		poɣem		p o ɣ e m	11	k	chuvash	clear		'Pick up, gather'			TscherWb	SMSk, TscherWb
moksha	pick_up	1		kepəd'əms				kepədʲəms		k e p ə dʲ ə m s	18	s						SES, Versinin2004		
nenets_tundra	pick_up	1	form_not_found																	JurSWb
nganasan	pick_up	1		ŋənsubti̮si̮		ŋənsubti̮si̮		ŋənsubtɯsɯ		ŋ ə n s u b t ɯ s ɯ	17	r				'Pick up, lift; bring to a stop'				SlNgaRus
proto_uralic	pick_up	1	not_reconstructable																	UEW, Sam88
saami_inari	pick_up	1		čuággiđ				t͡ʃuæɡːið		t͡ʃ u æ ɡː i ð	4	d								InsSSk
saami_inari	pick_up	2		puáimuđ				puæimuð		p u æ i m u ð	1	a								InsSSk
saami_kildin	pick_up	1		pajne		pajne		pɑjne		p ɑ j n e	14	n								WOLD
saami_north	pick_up	1		čoaggit				t͡ʃoɑkkit		t͡ʃ o ɑ k k i t	4	d								SSSg
saami_pite	pick_up	1		tjågget				cɔkket		c ɔ k k e t	4	d								EZ
saami_skolt	pick_up	1		tuäpˈpad				tuæpːɑd		t u æ pː ɑ d	7	g								SKosSk
saami_skolt	pick_up	2		uussâd				uːsːɐd		uː sː ɐ d	6	f								SKosSk
saami_south	pick_up	1		bihkedh				bihkedh		b i h k e d h	16	p								NSsNdb
saami_ume	pick_up	1		lügˈŋjat				lykˈŋjɑt		l y kˈ ŋ j ɑ t	5	e								WbWlap
selkup_northern	pick_up	1		uə̑ććə-		uə̑ććə-		uətɕːə-		u ə tɕː ə	13	m					"Deriv. from ""uə̑śə-"" 'stand up, rise'"			SolkWb
udmurt	pick_up	1		baśti̮ni̮				bɑsʲtɨnɨ		b ɑ sʲ t ɨ n ɨ	15	o								WotjWsch
veps	pick_up	1		poimda				poimdɑ		p o i m d ɑ	1	a								VVS
votic_western	pick_up	1		korjata		korjata		korjɑtɑ		k o r j ɑ t ɑ	2	b						EES		VKJMS
erzya	piece	1		pal		pal		pɑl		p ɑ l	1	a								MordWb
erzya	piece	2		panks		panks		pɑnks		p ɑ n k s	7	g								MordWb
erzya	piece	3		pelʹks		pelʹks		peʎks		p e ʎ k s	8	h								MordWb
estonian_south	piece	1		tükk				tykː		t y kː	3	c	germanic	clear					EES	VESr
estonian_standard	piece	1		tükk		tükk		tykː		t y kː	3	c	germanic	clear					EES	SVSk
finnish_standard	piece	1		pala		pala		pɑlɑ		p ɑ l ɑ	1	a								JL
hungarian	piece	1		darab		darab		dɒrɒb		d ɒ r ɒ b	11	k	slavic	clear					Kniezsa1974,  Zaicz2006, TESz	FMSz
ingrian	piece	1		pala		pala		pɑlɑ		p ɑ l ɑ	1	a								InkmSk
karelian_proper	piece	1		kappaleh				kɑpːɑleh		k ɑ pː ɑ l e h	2	b	finnish	possible					SSA	KKSV
karelian_proper	piece	2		pala				pɑlɑ		p ɑ l ɑ	1	a								KKSV
khanty_vakh_vasyugan	piece	1		čop		čop		tʃop		tʃ o p	21	u								DEWbOstj
komi_permyak	piece	1		tor		tor		tor		t o r	10	j					"Stem ""torj-"""			KoPRSl
komi_zyrian	piece	1		tor		tor		tor		t o r	10	j				'Thing, object, part, piece'				SyrjWsch
livonian_courland	piece	1		kabāl				kɑbɑːl		k ɑ b ɑː l	2	b	baltic	clear					Junttila2015, SSA	LivWb
livonian_courland	piece	2		palā				pɑlɑː		p ɑ l ɑː	1	a								LivWb
mansi_sosva	piece	1		lomt	lōmt	lomt	lōmt	lomt	loːmt	l o m t	16	p								WogWb
mansi_sosva	piece	2		oχsa		oχsa		oxsɑ		o x s ɑ	18	r								WogWb
mansi_sosva	piece	3		pār		pār		pɑːr		p ɑː r	17	q								WogWb
mari_hill	piece	1		čästjä				t͡ʃæstjæ		t͡ʃ æ s t j æ	9	y								
mari_hill	piece	2		pə̑čkə̑k				pət͡ʃkək		p ə t͡ʃ k ə k	23	z								
mari_meadow	piece	1		komə̑lʹa		komə̑lʹa		koməʎɑ		k o m ə ʎ ɑ	12	l								SMSk, TscherWb
mari_meadow	piece	2		laštə̑k		laštə̑k		lɑʃtək		l ɑ ʃ t ə k	14	n								SMSk, TscherWb
mari_meadow	piece	3		moklaka		moklaka		moklɑkɑ		m o k l ɑ k ɑ	13	m	chuvash	possible					TscherWb	SMSk, TscherWb
moksha	piece	1		pakš				pɑkʃ		p ɑ k ʃ	24	x								
nenets_tundra	piece	1		mun°				mun		m u n	19	s								JurSWb
nganasan	piece	1		dʹukə		dʹukə		dʲukə		dʲ u k ə	22	w								SlNgaRus
proto_uralic	piece	1	not_reconstructable																	
saami_inari	piece	1		pittá				pitːæ		p i tː æ	4	d	north germanic	clear					Lehtiranta1989	InsSSk
saami_inari	piece	2		stukkâ				stukːə		s t u kː ə	3	c	north germanic	clear					Lehtiranta1989	InsSSk
saami_kildin	piece	1		kuss’k		kussʹk		kusːʲk		k u sːʲ k	6	f	russian	clear					Riessler2009	WOLD
saami_north	piece	1		bihttá				pihtːɑː		p i h tː ɑː	4	d	north germanic	clear					Sammallahti1998	SSSg
saami_north	piece	2		stuhkka				stuhkːɑ		s t u h kː ɑ	3	c	north germanic	clear					Lehtiranta1989	SSSg
saami_pite	piece	1		bähkke				pæhkːe		p æ h kː e	5	e								EZ
saami_skolt	piece	1		kuʹsǩǩ				kusʲcː		k u sʲ cː	6	f	russian	clear					MH	SKosSk
saami_south	piece	1		bæhta				bæhtɑ		b æ h t ɑ	4	d	north germanic	clear					Lehtiranta1989	NSsNdb
saami_south	piece	2		biehkie				biehkie		b i e h k i e	5	e								NSsNdb
saami_ume	piece	1		bä̀hkee				pæhkeː		p æ h k eː	5	e				'Large piece'				WbWlap
saami_ume	piece	2		bihtaa				pihtɑː		p i h t ɑː	4	d	north germanic	clear					Lehtiranta1989	WbWlap
selkup_northern	piece	1		līpə		līpə		liːpə		l iː p ə	20	t					Precise meaning unclear			SolkWb
udmurt	piece	1		keseg		keseg		keseɡ		k e s e ɡ	15	o	tatar	clear					WotjWsch	WotjWsch
veps	piece	1		pala				pɑlɑ		p ɑ l ɑ	1	a								VVS
votic_western	piece	1		paлa		pala		pɑlɑ		p ɑ l ɑ	1	a								VKJMS
votic_western	piece	2		tükkü		tükkü		tykːy		t y kː y	3	c	estonian	clear					EES	VKJMS
erzya	play	1		nalkśems		nalkśems		nɑlkɕems		n ɑ l k ɕ e m s	6	f								MordWb
estonian_south	play	1		mäng'mä				mæŋɡmæ		m æ ŋ ɡ m æ	5	e								VESr
estonian_standard	play	1		mängida		mänkita		mænkitɑ		m æ n k i t ɑ	5	e								SVSk
finnish_standard	play	1		leikkiä		lejkkiä		le̞jkːiæ		l e̞ j kː i æ	1	a	north germanic	clear	"Cf. late OSw, cf. Sw ""leka"" 'play'"				SSA	JL
finnish_standard	play	2		pelata		pelata		pelɑt̪ɑ		p e l ɑ t̪ ɑ	2	q	north germanic_or_low german	possible					Bentlin2008, SSA	JL
hungarian	play	1		játszik		jaacsik		jaːt͡sːik		j aː t͡sː i k	13	m			Possibly from PFU *jukta- 'speak, tell'					FMSz
ingrian	play	1		pelaᴅa		pelaᴅa		pelɑd̥ɑ		p e l ɑ d̥ ɑ	2	q	north germanic	clear					SSA	InkmSk
ingrian	play	2		tiukkā		tiukkā		tiukːɑː		t i u kː ɑː	16	p								InkmSk
karelian_proper	play	1		kisata				kisɑtɑ		k i s ɑ t ɑ	3	c								KKSV
karelian_proper	play	2		leikitä				leikitæ		l e i k i t æ	1	r	finnic	clear	"Cf. Finnish ""leikkiä"" (< ""leikitä"")"				SSA	KKSV
khanty_vakh_vasyugan	play	1		jăŋ(k)ka-		jăŋ, jăŋkka-		jɑ̆ŋkkɑ-		j ɑ ̆ ŋ k k ɑ	14	n								DEWbOstj
komi_permyak	play	1		orsni̮		orsni̮		orsnɯ		o r s n ɯ	11	k								KoPRSl
komi_zyrian	play	1		vorsni̮		vorsni̮		vorsnɯ		v o r s n ɯ	11	k								SyrjWsch
livonian_courland	play	1		mängõ				mæŋɡɯ		m æ ŋ ɡ ɯ	5	e								LivWb
mansi_sosva	play	1		jonɣi		jonɣi		jonɣi		j o n ɣ i	14	n								WogWb
mari_hill	play	1		maδaš				mɑðɑʃ		m ɑ ð ɑ ʃ	10	j								
mari_meadow	play	1		moδam		moδam		moðɑm		m o ð ɑ m	10	j								SMSk, TscherWb
moksha	play	1		nalχkoms				nɑlxkoms		n ɑ l x k o m s	6	f								
nenets_tundra	play	1		syanako°				sʲɑnɑko		sʲ ɑ n ɑ k o	15	o								JurSWb
nganasan	play	1		sanirśa		sanirśa		sɑnirɕɑ		s ɑ n i r ɕ ɑ	15	o					"Deriv. from ""sani"" 'toy'"			SlNgaRus
proto_uralic	play	1	not_reconstructable																	UEW, Sam88
saami_inari	play	1		spelliđ				spelːið		s p e lː i ð	2	b	north germanic	clear					SSA	InsSSk
saami_inari	play	2		stokkâđ				stokːəð		s t o kː ə ð	7	g	north germanic	clear					MH	InsSSk
saami_inari	play	3		leihâšiđ				leihəʃið		l e i h ə ʃ i ð	1	s	finnic	clear					MH	InsSSk
saami_kildin	play	1		sīrre		siirre		siːrːe		s iː rː e	8	h								WOLD
saami_north	play	1		speallat				speælːɑt		s p e æ lː ɑ t	2	b	north germanic	clear					SSA	SSSg
saami_north	play	2		stoahkat				stoɑhkɑt		s t o ɑ h k ɑ t	7	g	north germanic	clear					Lagercrantz1939	SSSg
saami_north	play	3		duhkaraddat				tuhkɑrɑttɑt		t u h k ɑ r ɑ t t ɑ t	9	t						SES		
saami_pite	play	1		spiellat	spellat			spielːɑt		s p i e lː ɑ t	2	b	north germanic	clear					SSA	EZ
saami_pite	play	2		ståhkåt				stɔhkɔt		s t ɔ h k ɔ t	7	g	north germanic	clear					Lagercrantz1939	EZ
saami_skolt	play	1		siõrrâd				siərːɐd		s i ə rː ɐ d	8	h								SKosSk
saami_south	play	1		spealadidh				speɑlɑdidh		s p e ɑ l ɑ d i d h	2	b	north germanic	clear					SSA	NSsNdb
saami_south	play	2		stååkedidh				stoːkedidh		s t oː k e d i d h	7	g	north germanic	clear					Lagercrantz1939	NSsNdb
saami_ume	play	1		stååhkat				stɔːhkɑt		s t ɔː h k ɑ t	7	g	north germanic	clear					Schlachter1958	WbWlap
selkup_northern	play	1		sāntər-	sānčər-	sāntər-	sānčər-	sɑːntər-	sɑːntʃər-	s ɑː n t ə r	15	o								SolkWb
udmurt	play	1		šudi̮ni̮		šudi̮ni̮		ʃudɯnɯ		ʃ u d ɯ n ɯ	12	l								WotjWsch
veps	play	1		väta				vætɑ		v æ t ɑ	4	d								VVS
votic_western	play	1		peлata		pelata		pelɑtɑ		p e l ɑ t ɑ	2	q	north germanic	clear					SSA	VKJMS
votic_western	play	2		mäntšǟ		mänčǟ		mænt͡ʃæː		m æ n t͡ʃ æː	5	e								VKJMS
erzya	pull	1		uskoms		uskoms		uskoms		u s k o m s	5	e								MordWb
estonian_south	pull	1		tõmbama				tɤmbɑmɑ		t ɤ m b ɑ m ɑ	2	b	baltic	clear					EES	VESr
estonian_standard	pull	1		tõmmata		tə̑mmatta		tɤmːɑtːɑ		t ɤ mː ɑ tː ɑ	2	b	baltic	clear					EES	SVSk
finnish_standard	pull	1		vetää		vetää		ʋe̞t̪æː		ʋ e̞ t̪ æː	1	a	proto-indo-european	probable					Koivulehto2001	JL
hungarian	pull	1		húz		huuz		huːz		h uː z	8	h								FMSz
hungarian	pull	2		von		von		von		v o n	9	i								FMSz
ingrian	pull	1		tassia		tassia		tɑsːiɑ		t ɑ sː i ɑ	15	o								InkmSk
ingrian	pull	2		temmaᴅa		temmaᴅa		temːɑd̥ɑ		t e mː ɑ d̥ ɑ	2	b	baltic	clear					EES	InkmSk
karelian_proper	pull	1		veteä				veteæ		v e t e æ	1	a	proto-indo-european	probable					Koivulehto2001	KKSV
khanty_vakh_vasyugan	pull	1		täl-		täl-		tæl-		t æ l	11	k								DEWbOstj
khanty_vakh_vasyugan	pull	2		tälil-		tälil-		tælil-		t æ l i l	11	k								DEWbOstj
komi_permyak	pull	1		ki̮ski̮ni̮		ki̮ski̮ni̮		kɯskɯnɯ		k ɯ s k ɯ n ɯ	7	g	western uralic	possible					Saarikivi2018, Csucs2005, KESK	KoPRSl
komi_zyrian	pull	1		ki̮ski̮ni̮		ki̮ski̮ni̮		kɯskɯnɯ		k ɯ s k ɯ n ɯ	7	g	western uralic	possible					Saarikivi2018, Csucs2005, KESK	SyrjWsch
livonian_courland	pull	1		vieddõ				viedːɯ		v i e dː ɯ	1	a	proto-indo-european	probable					Koivulehto2001	LivWb
livonian_courland	pull	2		tõmbõ				tɯmbɯ		t ɯ m b ɯ	2	b						SES, EES		
mansi_sosva	pull	1		χarti		χarti		xɑrti		x ɑ r t i	10	j								WogWb
mari_hill	pull	1		šə̑pšaš				ʃəpʃɑʃ		ʃ ə p ʃ ɑ ʃ	6	f								
mari_meadow	pull	1		šupšam		šupšam		ʃupʃɑm		ʃ u p ʃ ɑ m	6	f								SMSk, TscherWb
moksha	pull	1		targams				tɑrɡɑms		t ɑ r ɡ ɑ m s	4	r	tatar	clear				SES	Butylov2007	
moksha	pull	2		uskəms				uskəms		u s k ə m s	5	e						SES		
nenets_tundra	pull	1		nekəlcy°				nekəlt͡sʲ		n e k ə l t͡sʲ	13	m								JurSWb
nganasan	pull	1		ńagəbti̮si̮		ńagəbti̮si̮		ɲɑɡəbtɯsɯ		ɲ ɑ ɡ ə b t ɯ s ɯ	16	p								SlNgaRus
nganasan	pull	2		ńagiˀtəsi̮		ńagiˀtəsi̮		ɲɑɡiʔtəsɯ		ɲ ɑ ɡ i ʔ t ə s ɯ	16	p								SlNgaRus
proto_uralic	pull	1	not_reconstructable																	UEW, Sam88
saami_inari	pull	1		keessiđ				keːsːið		k eː sː i ð	3	c								InsSSk
saami_kildin	pull	1		kiess’e		kiessʹe		kiesːʲe		k i e sːʲ e	3	c								WOLD
saami_north	pull	1		geassit				keæsːit		k e æ sː i t	3	c								SSSg
saami_pite	pull	1		giessit ~ giesset				kiesːit ~ kiesːet			3	c								EZ
saami_skolt	pull	1		ǩiẹʹssed				ciesʲːed		c i e sʲː e d	3	c								SKosSk
saami_south	pull	1		giesedh				ɡiesedh		ɡ i e s e d h	3	c								NSsNdb
saami_south	pull	2		sigkedh				siɡkedh		s i ɡ k e d h	14	n	north germanic	possible					Lagercrantz1939	NSsNdb
saami_ume	pull	1		giesseet				kiesːeːt		k i e sː eː t	3	c								WbWlap
selkup_northern	pull	1		ǖ-		ǖ-		yː-		yː	12	l								SolkWb
udmurt	pull	1		ki̮ski̮ni̮		ki̮ski̮ni̮		kɯskɯnɯ		k ɯ s k ɯ n ɯ	7	g	western uralic	possible					Saarikivi2018, Csucs2005, KESK	WotjWsch
veps	pull	1		vedäda				vedædɑ		v e d æ d ɑ	1	a	proto-indo-european	probable					Koivulehto2001	VVS
votic_western	pull	1		tõmmata		te̮mmata		tɤmːɑtɑ		t ɤ mː ɑ t ɑ	2	b	baltic	clear					EES	VKJMS
erzya	push	1		tulkadʹems		tulkadʹems		tulkɑdʲems		t u l k ɑ dʲ e m s	8	h	russian	clear					Versinin2004	MordWb
estonian_south	push	1		toukama	tuukama			toukɑmɑ		t o u k ɑ m ɑ	18	r								VESr
estonian_standard	push	1		lükata		lükatta		lykɑtːɑ		l y k ɑ tː ɑ	4	d								SVSk
finnish_standard	push	1		työntää		tüöntää		t̪yø̞n̪t̪æː		t̪ y ø̞ n̪ t̪ æː	1	a								JL
hungarian	push	1		lök		lök		løk		l ø k	4	d								FMSz
hungarian	push	2		tol		tol		tol		t o l	11	k								FMSz
ingrian	push	1		lüɢäᴅä		lüɢäᴅä		lyɡ̥æd̥æ		l y ɡ̥ æ d̥ æ	4	d								InkmSk
ingrian	push	2		touɢaᴅa		touɢaᴅa		touɡ̥ɑd̥ɑ		t o u ɡ̥ ɑ d̥ ɑ	18	r								InkmSk
karelian_proper	push	1		tunkie				tuŋkie		t u ŋ k i e	2	b								KKSV
karelian_proper	push	2		työnteä				tyønteæ		t y ø n t e æ	1	a								KKSV
khanty_vakh_vasyugan	push	1		wart-		wart-		wɑrt-		w ɑ r t	14	n								DEWbOstj
komi_permyak	push	1		tojlavni̮		tojlavni̮		tojlɑvnɯ		t o j l ɑ v n ɯ	1	a								KoPRSl
komi_zyrian	push	1	form_not_found																	
livonian_courland	push	1		likkõ				likːɯ		l i kː ɯ	4	d								LivWb
mansi_sosva	push	1		nariɣti		nariɣti		nɑriɣti		n ɑ r i ɣ t i	13	m								WogWb
mansi_sosva	push	2		sāŋχwi		sāŋχwi		sɑːŋxʷi		s ɑː ŋ xʷ i	12	l								WogWb
mari_hill	push	1		šəkäš				ʃəkæʃ		ʃ ə k æ ʃ	9	i								
mari_meadow	push	1		šükem		šükem		ʃykem		ʃ y k e m	9	i								SMSk, TscherWb
mari_meadow	push	2		tükem		tükem		tykem		t y k e m	15	o	chuvash	clear					TscherWb	SMSk, TscherWb
moksha	push	1		ŕäfcod'ems				rʲæft͡sodʲems		rʲ æ f t͡s o dʲ e m s	21	z						SES		
nenets_tundra	push	1		tyircyidye°				tʲirt͡sʲidʲe		tʲ i r t͡sʲ i dʲ e	16	p								JurSWb
nganasan	push	1		nomədʹa		nomədʹa		nomədʲɑ		n o m ə dʲ ɑ	25	y								SlNgaRus
proto_uralic	push	1	not_reconstructable														PFU: *tekV-, *lükkä-			UEW, Sam88
saami_inari	push	1		nutkâđ				nutkəð		n u t k ə ð	19	s								InsSSk
saami_inari	push	2		saaččâđ				sɑːt͡ʃːəð		s ɑː t͡ʃː ə ð	20	t								InsSSk
saami_inari	push	3		uigâdiđ				uiɡədið		u i ɡ ə d i ð	5	e								InsSSk
saami_kildin	push	1		ojjkje		ojjkje		ojːkje		o jː k j e	5	e								WOLD
saami_north	push	1		hoigat				hoikɑt		h o i k ɑ t	5	e								SSSg
saami_pite	push	1	form_not_found																	EZ
saami_skolt	push	1		oiʹǧǧeed				oiɟːeːd		o i ɟː eː d	5	e								SKosSk
saami_south	push	1		dïelkestidh				dɨelkestidh		d ɨ e l k e s t i d h	23	w								NSsNdb
saami_south	push	2		dïemtjestehtedh				dɨemt͡ɕestehtedh		d ɨ e m t͡ɕ e s t e h t e d h	24	x								NSsNdb
saami_ume	push	1		nahkèlit				nɑhkelit		n ɑ h k e l i t	6	f								WbWlap
saami_ume	push	2		nårˈdat				nɔrˈtɑt		n ɔ rˈ t ɑ t	7	g								WbWlap
selkup_northern	push	1		noqqo-		noqqo-		noqːo-		n o qː o	17	q								SolkWb
udmurt	push	1		dongi̮ni̮		dongi̮ni̮		donɡɯnɯ		d o n ɡ ɯ n ɯ	10	j	western uralic	possible					Saarikivi2018	WotjWsch
veps	push	1		rehkta				rexktɑ		r e x k t ɑ	3	c								NRVS
votic_western	push	1		tõukkia		te̮ukkia		tɤukkiɑ		t ɤ u k k i ɑ	18	r						SES		
votic_western	push	2		tõukata				tɤukɑtɑ		t ɤ u k ɑ t ɑ	18	r						SES		
erzya	rain	1		piźeme		piźeme		piʑeme		p i ʑ e m e	5	e			"Cogn. with Fin ""pisara"" 'drop (n.)'"		V. and n., respectively			MordWb
estonian_south	rain	1		vihm				vihm		v i h m	2	b								VESr
estonian_standard	rain	1		vihm		vihm		vihm		v i h m	2	b								SVSk
finnish_standard	rain	1		sade		sade		sɑde̞		s ɑ d e̞	1	a	indo-iranian	probable			Deriv.; latter v.		Holopainen2019	JL
hungarian	rain	1		eső		ešöö		ɛʃøː		ɛ ʃ øː	8	h								FMSz
ingrian	rain	1		sae		sae		sɑe		s ɑ e	1	a	indo-iranian	probable					Holopainen2019	InkmSk
ingrian	rain	2		vihma		vihma		vihmɑ		v i h m ɑ	2	b								InkmSk
karelian_proper	rain	1		saje(h)				sɑjeh		s ɑ j e h	1	a	indo-iranian	probable			Deriv.		Holopainen2019	KKSV
karelian_proper	rain	2		vihma				vihmɑ		v i h m ɑ	2	b					Noun and verb, respectively			KKSV
khanty_vakh_vasyugan	rain	1		ḷăwətʹ		ḷăwətʹ		ɭɑ̆wətʲ		ɭ ɑ ̆ w ə tʲ	10	j								DEWbOstj
komi_permyak	rain	1		zer		zer		zer		z e r	7	g								KoPRSl
komi_zyrian	rain	1		zer		zer		zer		z e r	7	g					N. and v., respectively			SyrjWsch
livonian_courland	rain	1		vīm				viːm		v iː m	2	b								LivWb
mansi_sosva	rain	1		rakw		rak˳		rɑkʷ		r ɑ kʷ	9	i								WogWb
mari_hill	rain	1		jur		jur		jur		j u r	6	f						SES, TscherWb		
mari_meadow	rain	1		jür		jür		jyr		j y r	6	f								SMSk, TscherWb
moksha	rain	1		piźem				pizʲem		p i zʲ e m	5	e						SES, MordWb		
nenets_tundra	rain	1		saryo				sɑrʲo		s ɑ rʲ o	1	a	indo-iranian	probable					Holopainen2019	JurSWb
nganasan	rain	1		sorua		sorua		soruɑ		s o r u ɑ	1	a								SlNgaRus
proto_uralic	rain	1		*śaδa-				sʲɑðɑ		sʲ ɑ ð ɑ	1	a				'Rain (v.)'				UEW, Sam88
saami_inari	rain	1		arve				ɑrve		ɑ r v e	3	c	north-western-indo-european	probable					Koivulehto2001	InsSSk
saami_kildin	rain	1		ābb’r		aabbʹr		ɑːbːʲr		ɑː bːʲ r	3	c	north-western-indo-european	probable					Koivulehto2001	WOLD
saami_north	rain	1		arvi				ɑrvi		ɑ r v i	3	c	north-western-indo-european	probable					Koivulehto2001	SSSg
saami_pite	rain	1		rássjo				rɑːsːjo		r ɑː sː j o	4	d								EZ
saami_skolt	rain	1		âʹbrr				ɐbʲrː		ɐ bʲ rː	3	c	north-western-indo-european	probable					Koivulehto2001	SKosSk
saami_south	rain	1		ebrie				ebrie		e b r i e	3	c	north-western-indo-european	probable					Koivulehto2001	NSsNdb
saami_ume	rain	1		ràssjoo				rɑsːjoː		r ɑ sː j oː	4	d								WbWlap
saami_ume	rain	2		abrrie				ɑprːie		ɑ p rː i e	3	c								
selkup_northern	rain	1		sorənčä		sorənčä		sorəntʃæ		s o r ə n tʃ æ	1	a	indo-iranian	probable	Deriv. from PU *śaδa-				Holopainen2019	SolkWb
udmurt	rain	1		zor		zor		zor		z o r	7	g								WotjWsch
veps	rain	1		vihm				vihm		v i h m	2	b								VVS
votic_western	rain	1		vihma		vihma		vihm		v i h m	2	b								VKJMS
erzya	rainbow	1		piźemečiŕke		piźemečiŕke		piʑemetʃirʲke		p i ʑ e m e tʃ i rʲ k e	10	j				Lit. 'rain-bow'				MordWb
erzya	rainbow	2		puŕgińečiŕke		puŕgińečiŕke		purʲɡiɲetʃirʲke		p u rʲ ɡ i ɲ e tʃ i rʲ k e	11	k	baltic	clear		Lit. 'thunder-bow'			Versinin2004	MordWb
estonian_south	rainbow	1		vikaht'kaar'	vikakaar'			vikɑhtʲkɑːrʲ		v i k ɑ h tʲ k ɑː rʲ	4	d								VESr
estonian_standard	rainbow	1		vikerkaar		vikkerkaar		vikːerkɑːr		v i kː e r k ɑː r	4	d								SVSk
finnish_standard	rainbow	1		sateenkaari		sateenkaari		sɑt̪e̞ːnkɑːri		s ɑ t̪ e̞ː n k ɑː r i	1	a								JL
hungarian	rainbow	1		szivárvány		sivaarvaań		sivaːrvaːɲ		s i v aː r v aː ɲ	14	n								FMSz
ingrian	rainbow	1		vihmakārre		vihmakārre		vihmɑkɑːrːe		v i h m ɑ k ɑː rː e	18	r								InkmSk
ingrian	rainbow	2		-kārᴅo		-kārᴅo		-kɑːrd̥o		k ɑː r d̥ o	18	r								InkmSk
karelian_proper	rainbow	1		ukonkoari				ukoŋkoɑri		u k o ŋ k o ɑ r i	2	b								KKSV
khanty_vakh_vasyugan	rainbow	1		čuɣi-jo̭ɣǝl		čuɣi-jo̭ɣəl		tʃuɣi-jo̻ɣəl		tʃ u ɣ i j o̻ ɣ ə l	16	p								DEWbOstj
komi_permyak	rainbow	1		jene̮ška		jene̮ška		jenɤʃkɑ		j e n ɤ ʃ k ɑ	21	t								KoPRSl, RB
komi_zyrian	rainbow	1		e̮ška-me̮ška		e̮ška-me̮ška		ɤʃkɑ-mɤʃkɑ		ɤ ʃ k ɑ m ɤ ʃ k ɑ	13	m				Lit. 'ox-(and)-cow' (referring to both ends of the rainbow)				SyrjWsch
livonian_courland	rainbow	1		pițkīz-kōr				pickiːz-koːr		p i c k iː z k oː r	5	e				Lit. 'thunder-bow'				LivWb
livonian_courland	rainbow	2		õvātõks				ɯvɑːtɯks		ɯ v ɑː t ɯ k s	25	z								
mansi_sosva	rainbow	1		ńuli-jiw		ńuli-jiw		ɲuli-jiw		ɲ u l i j i w	20	u								WogWb
mari_hill	rainbow	1		šanaβəl				ʃɑnɑβəl		ʃ ɑ n ɑ β ə l	12	l								
mari_meadow	rainbow	1		šonanpə̑l		šonanpə̑l		ʃonɑnpəl		ʃ o n ɑ n p ə l	12	l								SMSk, TscherWb
moksha	rainbow	1		at'amjoŋga				ɑtʲɑmjoŋɡɑ		ɑ tʲ ɑ m j o ŋ ɡ ɑ	8	h								
nenets_tundra	rainbow	1		panuwdyo				pɑnuwdʲo		p ɑ n u w dʲ o	22	v								JurSWb
nganasan	rainbow	1		ŋuə hontə		ŋuə_hontə		ŋuə hontə		ŋ u ə h o n t ə	24	y				"""Ŋuə"" 'sky'"				SlNgaRus
proto_uralic	rainbow	1	not_reconstructable																	
saami_inari	rainbow	1		äijihtävgi				æijihtævɡi		æ i j i h t æ v ɡ i	17	q				Lit. 'thunder-bow'				InsSSk
saami_kildin	rainbow	1		tīr’mes’-jūkks		tiirʹmesʹ-juukks		tiːrʲmesʲ-juːkːs		t iː rʲ m e sʲ j uː kː s	9	i				Lit. 'thunder-bow'				WOLD
saami_north	rainbow	1		arvẹdávgi				ɑrvetɑːvki		ɑ r v e t ɑː v k i	6	f				Lit. 'rain-bow'				SSSg
saami_north	rainbow	2		čáhcẹdávgi				t͡ʃɑːhcetɑːvki		t͡ʃ ɑː h c e t ɑː v k i	7	g				Lit. 'water-bow'				SSSg
saami_pite	rainbow	1		átjajuaksa				ɑːcɑjuɑksɑ		ɑː c ɑ j u ɑ k s ɑ	8	h				Lit. 'thunder-bow'				EZ
saami_skolt	rainbow	1		teârmmazjohss				teɐrmːɑzjohsː		t e ɐ r mː ɑ z j o h sː	9	i				Lit. 'thunder-bow'				SKosSk
saami_south	rainbow	1		aatjanbalve				ɑːt͡ɕɑnbɑlve		ɑː t͡ɕ ɑ n b ɑ l v e	26	aa								NSsNdb
saami_ume	rainbow	1		aatjà-juaksa				ɑːcɑ-juɑksɑ		ɑː c ɑ j u ɑ k s ɑ	8	h				Lit. 'thunder-bow'				WbWlap
selkup_northern	rainbow	1		nut taŋkə				nut tɑŋkə		n u t t ɑ ŋ k ə	23	ab								SolkWb
udmurt	rainbow	1		vu-jui̮ś		vu-jui̮ś		vu-juɯɕ		v u j u ɯ ɕ	15	o				Comp.; lit. 'water-drinker'				WotjWsch
veps	rainbow	1		jumalanbembelʹ				jumɑlɑnbembelʲ		j u m ɑ l ɑ n b e m b e lʲ	3	c				Lit. 'god's-bow'				VVS
votic_western	rainbow	1		iko-лōkka		iko-lōkka		iko-loːkː		i k o l oː kː	19	s								VKJMS
erzya	raise_lift	1		kepedʹems		kepedʹems		kepedʲems		k e p e dʲ e m s	8	h								MordWb
estonian_south	raise_lift	1		nõstma				nɤstmɑ		n ɤ s t m ɑ	1	a								VESr
estonian_standard	raise_lift	1		tõsta		tə̑stta		tɤstːɑ		t ɤ s tː ɑ	1	a			Initial consonant sporadically changed					SVSk
finnish_standard	raise_lift	1		nostaa		nostaa		no̞st̪ɑː		n o̞ s t̪ ɑː	1	a								JL
hungarian	raise_lift	1		emel		emel		ɛmɛl		ɛ m ɛ l	9	i			Connection with Ob-Ugric and Samoyedic forms uncertain					FMSz
hungarian	raise_lift	2		felemel		felemel		fɛlɛmɛl		f ɛ l ɛ m ɛ l	9	i			Connection with Ob-Ugric and Samoyedic forms uncertain					FMSz
hungarian	raise_lift	3		megemel		megemel		mɛɡɛmɛl		m ɛ ɡ ɛ m ɛ l	9	i			Connection with Ob-Ugric and Samoyedic forms uncertain					FMSz
ingrian	raise_lift	1		nostā		nostā		nostɑː		n o s t ɑː	1	a								InkmSk
karelian_proper	raise_lift	1		nostoa				nostoɑ		n o s t o ɑ	1	a								KKSV
khanty_vakh_vasyugan	raise_lift	1		äləm-		äləm-		æləm-		æ l ə m	9	i								DEWbOstj
komi_permyak	raise_lift	1		lebti̮ni̮		lebti̮ni̮		lebtɯnɯ		l e b t ɯ n ɯ	12	l								KoPRSl
komi_zyrian	raise_lift	1		lepti̮ni̮		lepti̮ni̮		leptɯnɯ		l e p t ɯ n ɯ	12	l								SyrjWsch
livonian_courland	raise_lift	1		nustõ				nustɯ		n u s t ɯ	1	a								LivWb
mansi_sosva	raise_lift	1		ālmi		ālmi		ɑːlmi		ɑː l m i	9	i								WogWb
mari_hill	raise_lift	1		lüktäläš				lyktælæʃ		l y k t æ l æ ʃ	13	m						SES, TscherWb		
mari_meadow	raise_lift	1		nə̑ltem		nə̑ltem		nəltem		n ə l t e m	10	j								SMSk, TscherWb
moksha	raise_lift	1		kepśems				kepsʲems		k e p sʲ e m s	8	h						SES, Versinin2004		
moksha	raise_lift	2		kepod'ems				kepodʲems		k e p o dʲ e m s	8	h						SES, Versinin2004		
nenets_tundra	raise_lift	1		yilə°				jilə		j i l ə	9	i								JurSWb
nganasan	raise_lift	1		dʹilədʹi		dʹilədʹi		dʲilədʲi		dʲ i l ə dʲ i	9	i								SlNgaRus
nganasan	raise_lift	2		dʹiltədʹi		dʹiltədʹi		dʲiltədʲi		dʲ i l t ə dʲ i	9	i								SlNgaRus
proto_uralic	raise_lift	1	not_reconstructable																	UEW, Sam88
saami_inari	raise_lift	1		luptiđ				luptið		l u p t i ð	4	d	germanic	probable					Lehtiranta1989	InsSSk
saami_kildin	raise_lift	1		pajnelle		pajnelle		pɑjnelːe		p ɑ j n e lː e	5	e			From PSaa *pe̮jē-nᴅē-					WOLD
saami_north	raise_lift	1		loktet				loktet		l o k t e t	4	d	germanic	probable					Sammallahti1998	SSSg
saami_pite	raise_lift	1		bajedit				pɑjetit		p ɑ j e t i t	5	e								EZ
saami_pite	raise_lift	2		lugŋŋit				lukŋːit		l u k ŋː i t	6	f								EZ
saami_pite	raise_lift	3		luptit				luptit		l u p t i t	4	d	germanic	probable					Lehtiranta1989	EZ
saami_skolt	raise_lift	1		kaggâd				kɑɡːɐd		k ɑ ɡː ɐ d	7	g								SKosSk
saami_south	raise_lift	1		bijjiedidh				bijːiedidh		b i jː i e d i d h	5	e			From PSaa *pe̮jē-nᴅē-					NSsNdb
saami_south	raise_lift	2		lutnjedh				lutɲedh		l u t ɲ e d h	6	f								NSsNdb
saami_ume	raise_lift	1		lügˈŋjat				lykˈŋjɑt		l y kˈ ŋ j ɑ t	6	f								WbWlap
selkup_northern	raise_lift	1		qāqəl-		qāqəl-		qɑːqəl-		q ɑː q ə l	3	c								SolkWb
udmurt	raise_lift	1		ǯuti̮ni̮		ǯuti̮ni̮		dʒutɯnɯ		dʒ u t ɯ n ɯ	11	k								WotjWsch
veps	raise_lift	1		leta				letɑ		l e t ɑ	2	b				'Fly, lift, raise'				VVS
votic_western	raise_lift	1		nõssā		ne̮ssā		nɤsːɤːmɑ		n ɤ sː ɤː m ɑ	1	a								VKJMS
erzya	red	1		jakstʹeŕe		jakstʹeŕe		jɑkstʲerʲe		j ɑ k s tʲ e rʲ e	5	e								MordWb
estonian_south	red	1		verrev				verːev		v e rː e v	8	h								VESr
estonian_standard	red	1		punane		punane		punɑne		p u n ɑ n e	1	a								SVSk
finnish_standard	red	1		punainen		punainen		punɑine̞n		p u n ɑ i n e̞ n	1	a								JL
hungarian	red	1		piros		piroš		piroʃ		p i r o ʃ	7	g								FMSz
hungarian	red	2		vörös		vöröš		vørøʃ		v ø r ø ʃ	8	h								FMSz
ingrian	red	1		pun̆nain		puňnain		puɳnɑin		p u ɳ n ɑ i n	1	a				'Brown, red'				InkmSk
karelian_proper	red	1		ruskie				ruskie		r u s k i e	2	b	germanic	possible	"Cf. Fin ""ruskea"" 'brown'"				EES	KKSV
khanty_vakh_vasyugan	red	1		wertǝ		wertə		wertə		w e r t ə	8	h								DEWbOstj
komi_permyak	red	1		ge̮rd		ge̮rd		ɡɤrd		ɡ ɤ r d	6	f								KoPRSl
komi_zyrian	red	1		ge̮rd		ge̮rd		ɡɤrd		ɡ ɤ r d	6	f								SyrjWsch
livonian_courland	red	1		punni				punːi		p u nː i	1	a								LivWb
mansi_sosva	red	1		nērp		nērp		neːrp		n eː r p	9	i								WogWb
mansi_sosva	red	2		wiɣər		wiɣər		wiɣər		w i ɣ ə r	8	h								WogWb
mari_hill	red	1		jakšar				jɑkʃɑr		j ɑ k ʃ ɑ r	5	e								
mari_meadow	red	1		joškar		joškar		joʃkɑr		j o ʃ k ɑ r	5	e					Former attr.			SMSk, TscherWb
mari_meadow	red	2		joškarɣe		joškarɣe		joʃkɑrɣe		j o ʃ k ɑ r ɣ e	5	e					Former attr.			SMSk, TscherWb
moksha	red	1		jakśt'eŕ				jɑksʲtʲerʲ		j ɑ k sʲ tʲ e rʲ	5	e								
nenets_tundra	red	1		nyar°ya°				ɲɑrʲɑ		ɲ ɑ rʲ ɑ	10	j				Verb, 'be red'				JurSWb
nganasan	red	1		dʹabakuo	dʹabaˀkuo	dʹabakuo	dʹabaˀkuo	dʲɑbɑkuo	dʲɑbɑʔkuo	dʲ ɑ b ɑ k u o	12	l								SlNgaRus
proto_uralic	red	1	not_reconstructable																	UEW, Sam88
saami_inari	red	1		ruopsâd				ruopsəd		r u o p s ə d	3	c	germanic	clear					Koivulehto1999a	InsSSk
saami_kildin	red	1		rūppse		ruuppse		ruːpːse		r uː pː s e	3	c	germanic	clear					Koivulehto1999a	WOLD
saami_north	red	1		ruoksat				ruoksɑt		r u o k s ɑ t	3	c	germanic	clear					Koivulehto1999a	SSSg
saami_pite	red	1		ruappsat/ruäppsat				ruɑpːsɑt/ruæpːsɑt		r u ɑ pː s ɑ t / r u æ pː s ɑ t	3	c	germanic	clear					Koivulehto1999a	EZ
saami_skolt	red	1		ruõpssâd				ruəpsːɐd		r u ə p sː ɐ d	3	c	germanic	clear					Koivulehto1999a	SKosSk
saami_south	red	1		rööpses				røːpses		r øː p s e s	3	c	germanic	clear					Koivulehto1999a	NSsNdb
saami_ume	red	1		ruapˈsada				ruɑpˈsɑtɑ		r u ɑ pˈ s ɑ t ɑ	3	c	germanic	clear					Koivulehto1999a	WbWlap
selkup_northern	red	1		ńārqə		ńārqə		ɲɑːrqə		ɲ ɑː r q ə	10	j								SolkWb
udmurt	red	1		gord		gord		ɡord		ɡ o r d	6	f								WotjWsch
veps	red	1		rusked				rusked		r u s k e d	2	b	germanic	possible	"Cf. Fin ""ruskea"" 'brown'"				EES	VVS
veps	red	2		käbed				kæbed		k æ b e d	4	m						SES		
votic_western	red	1		kauniz		kauniz		kɑuniz		k ɑ u n i z	11	k	germanic	clear	From common Finnic *kaunis 'beautiful'				EES	VKJMS
erzya	right	1		vidʹe		vidʹe		vidʲe		v i dʲ e	1	a			Irreg. vowel correspondence					MordWb
estonian_south	right	1		õigõ				ɤiɡɤ		ɤ i ɡ ɤ	1	a								VESr
estonian_standard	right	1		õige		ə̑ike		ɤike		ɤ i k e	1	a								SVSk
finnish_standard	right	1		oikea		oikea		o̞ike̞ɑ		o̞ i k e̞ ɑ	1	a								JL
hungarian	right	1		helyes		heješ		hɛjɛʃ		h ɛ j ɛ ʃ	8	h								FMSz
hungarian	right	2		igaz		igaz		iɡɒz		i ɡ ɒ z	7	g								FMSz
ingrian	right	1		oikia		oikia		oikiɑ		o i k i ɑ	1	a								InkmSk
karelian_proper	right	1		oikie				oikie		o i k i e	1	a								KKSV
khanty_vakh_vasyugan	right	1		nemin				nemin		n e m i n	3	c								DEWbOstj
komi_permyak	right	1		pravilʹne̮j		pravilʹne̮j		prɑviʎnɤj		p r ɑ v i ʎ n ɤ j	14	n	russian	clear					KoPRSl	KoPRSl
komi_zyrian	right	1		veśki̮d		veśki̮d		veɕkɯd		v e ɕ k ɯ d	5	e								SyrjWsch
livonian_courland	right	1		õìgi				ɯiɡi		ɯ i ɡ i	1	o	estonian	probable					EES	LivWb
mansi_sosva	right	1		jomas		jomas		jomɑs		j o m ɑ s	9	i								WogWb
mari_hill	right	1		tör				tør		t ø r	17	r	chuvash	probable					TscherWb	
mari_meadow	right	1		čə̑n		čə̑n		tʃən		tʃ ə n	4	d	tatar	probable					Isanbaev1994	SMSk, TscherWb
moksha	right	1		vid'ä				vidʲæ		v i dʲ æ	1	a								
nenets_tundra	right	1		nyenesya				ɲenesʲɑ		ɲ e n e sʲ ɑ	10	j								JurSWb
nganasan	right	1		ŋəðiˀtəkə		ŋəδiˀtəkə		ŋəðiʔtəkə		ŋ ə ð i ʔ t ə k ə	16	q								SlNgaRus
proto_uralic	right	1	not_reconstructable																	UEW, Sam88
saami_inari	right	1		rievtis				rievtis		r i e v t i s	2	b	north germanic	clear					Sammallahti1998	InsSSk
saami_kildin	right	1		vūjjk		vuujjk		vuːjːk		v uː jː k	1	a								WOLD
saami_north	right	1		rievttes				rievtːes		r i e v tː e s	2	b	north germanic	clear					Sammallahti1998	SSSg
saami_north	right	2		vuoigat				vuoikɑt		v u o i k ɑ t	1	a								SSSg
saami_pite	right	1		duolla				tuolːɑ		t u o lː ɑ	15	p								EZ
saami_pite	right	2		räkta				ræktɑ		r æ k t ɑ	2	b	north germanic	clear					Sammallahti1998	EZ
saami_skolt	right	1		vuõiǥâs				vuəiɣɐs		v u ə i ɣ ɐ s	1	a								SKosSk
saami_south	right	1		rïektes				rɨektes		r ɨ e k t e s	2	b	north germanic	clear					Lagercrantz1939	NSsNdb
saami_ume	right	1		reäkˈta				reækˈtɑ		r e æ kˈ t ɑ	2	b	north germanic	clear					Lagercrantz1939	WbWlap
selkup_northern	right	1		tāt		tāt		tɑːt		t ɑː t	11	k	yeniseian	possible		'Right (side)', meaning of 'right, correct' uncertain			SolkWb	SolkWb
selkup_northern	right	2		tātəŋ ?		tātəŋ		tɑːtəŋ		t ɑː t ə ŋ	11	k	yeniseian	possible		'Right (side)', meaning of 'right, correct' uncertain			SolkWb	SolkWb
udmurt	right	1		šońer		šońer		ʃoɲer		ʃ o ɲ e r	6	f								WotjWsch
veps	right	1		oiged				oiɡed		o i ɡ e d	1	a								VVS
votic_western	right	1		õikõa		e̮ike̮a		ɤikɤɑ		ɤ i k ɤ ɑ	1	a						SES, EES		
erzya	rightside	1		vitʹ		vitʹ		vitʲ		v i tʲ	1	a			Irreg. vowel correspondence					MordWb
estonian_south	rightside	1		hääpoolinõ	hüäpoolinõ etc.			hæːpoːlinɤ		h æː p oː l i n ɤ	3	c				Comp.; lit. 'good-sided'				VESr
estonian_standard	rightside	1		parem		parem		pɑrem		p ɑ r e m	2	b	indo-iranian	possible		Orig. lit. 'better'			EES	SVSk
finnish_standard	rightside	1		oikea		oikea		o̞ike̞ɑ		o̞ i k e̞ ɑ	1	a								JL
hungarian	rightside	1		jobb		jobb		jobː		j o bː	6	f								FMSz
ingrian	rightside	1		oikia		oikia		oikiɑ		o i k i ɑ	1	a								InkmSk
karelian_proper	rightside	1		oikie				oikie		o i k i e	1	a								KKSV
khanty_vakh_vasyugan	rightside	1		jəmsi		jəmsi		jəmsi		j ə m s i	6	f								DEWbOstj
komi_permyak	rightside	1		veśki̮t		veśki̮t		veɕkɯt		v e ɕ k ɯ t	5	e								KoPRSl
komi_zyrian	rightside	1		veśki̮d		veśki̮d		veɕkɯd		v e ɕ k ɯ d	5	e								SyrjWsch
livonian_courland	rightside	1		jõvā				jɯvɑː		j ɯ v ɑː	3	c								LivWb
mansi_sosva	rightside	1		jomas-pal		jomas-pal		jomɑs-pɑl		j o m ɑ s p ɑ l	6	f				"Comp. with ""pal"" 'side'"				WogWb
mari_hill	rightside	1		βurgə̑mla				βurɡəmlɑ		β u r ɡ ə m l ɑ	9	i								
mari_meadow	rightside	1		purla		purla		purlɑ		p u r l ɑ	2	b								SMSk, TscherWb
moksha	rightside	1		vid'ä				vidʲæ		v i dʲ æ	1	a								
nenets_tundra	rightside	1		məxa-nyaŋi°				məxɑ-ɲɑŋi		m ə x ɑ ɲ ɑ ŋ i	7	g				"Lit. 'on the side of one's back'; ""məxa"" 'back'"				JurSWb
nganasan	rightside	1		məgu ńiidʹə		məgu_ńiidʹə		məɡu ɲiidʲə		m ə ɡ u ɲ i i dʲ ə	7	g				Lit. 'on the side of one's back'				SlNgaRus
proto_uralic	rightside	1	not_reconstructable																	UEW, Sam88
saami_inari	rightside	1		uálgis				uælɡis		u æ l ɡ i s	4	d								InsSSk
saami_kildin	rightside	1		vuel’kes’		vuelʹkesʹ		vuelʲkesʲ		v u e lʲ k e sʲ	4	d								WOLD
saami_north	rightside	1		olgeš				olkeʃ		o l k e ʃ	4	d								SSSg
saami_pite	rightside	1		ålges				ɔlkes		ɔ l k e s	4	d								EZ
saami_skolt	rightside	1		vuäʹljes				vuælʲjes		v u æ lʲ j e s	4	d								SKosSk
saami_south	rightside	1		åelkies				ɔelkies		ɔ e l k i e s	4	d								NSsNdb
saami_ume	rightside	1		ålgies				ɔlkies		ɔ l k i e s	4	d								WbWlap
selkup_northern	rightside	1		tāt		tāt		tɑːt		t ɑː t	8	h	yeniseian	possible					SolkWb	SolkWb
selkup_northern	rightside	2		tātəŋ		tātəŋ		tɑːtəŋ		t ɑː t ə ŋ	8	h	yeniseian	possible					SolkWb	SolkWb
udmurt	rightside	1		bur		bur		bur		b u r	2	b	indo-iranian	possible					EES	WotjWsch
veps	rightside	1		oiged				oiɡed		o i ɡ e d	1	a								VVS
votic_western	rightside	1		õikõa		e̮ike̮a		pɑrɤb poːli		p ɑ r ɤ b p oː l i	2	b						SES, EES		
erzya	river	1		lʹej		lʹej		ʎej		ʎ e j	3	c								MordWb
estonian_south	river	1		jõgi				jɤɡi		j ɤ ɡ i	1	a								VESr
estonian_standard	river	1		jõgi		jə̑ki		jɤki		j ɤ k i	1	a								SVSk
finnish_standard	river	1		joki		joki		jo̞ki		j o̞ k i	1	a								JL
hungarian	river	1		folyó		fojoo		fojoː		f o j oː	6	f								FMSz
ingrian	river	1		joɢi		joɢi		joɡ̥i		j o ɡ̥ i	1	a								InkmSk
karelian_proper	river	1		joki				joki		j o k i	1	a								KKSV
khanty_vakh_vasyugan	river	1		joɣǝṇ		joɣəṇ		joɣəɳ		j o ɣ ə ɳ	1	a								DEWbOstj
komi_permyak	river	1		ju		ju		ju		j u	1	a								KoPRSl
komi_zyrian	river	1		ju		ju		ju		j u	1	a								SyrjWsch
livonian_courland	river	1		joug				jouɡ		j o u ɡ	1	a								LivWb
mansi_sosva	river	1		jā		jā		jɑː		j ɑː	1	a								WogWb
mari_hill	river	1		ängər				æŋɡər		æ ŋ ɡ ə r	4	d								
mari_meadow	river	1		eŋer		eŋer		eŋer		e ŋ e r	4	d								SMSk, TscherWb
moksha	river	1		l'äj				lʲæj		lʲ æ j	3	c								
nenets_tundra	river	1		yəxa				jəxɑ		j ə x ɑ	1	a								JurSWb
nganasan	river	1		bigaj		bigaj		biɡɑj		b i ɡ ɑ j	11	k								SlNgaRus
nganasan	river	2		bikaδaa		bikaδaa		bikɑðɑɑ		b i k ɑ ð ɑ ɑ	11	k								SlNgaRus
nganasan	river	3		ńemi̮ˀi̮a		ńemi̮ˀi̮a		ɲemɯʔɯɑ		ɲ e m ɯ ʔ ɯ ɑ	10	j				'Large river, Pyasina river'				SlNgaRus
proto_uralic	river	1		*juka	*joki̮ ?			jukɑ		j u k ɑ	1	a			Correspondences between branches not clear					UEW, Sam88
saami_inari	river	1		juuhâ				juːhə		j uː h ə	1	a								InsSSk
saami_kildin	river	1		jōgk		joogg		joːɡː		j oː ɡː	1	a								WOLD
saami_north	river	1		eatnu				eætnu		e æ t n u	2	b				'Main river of region, large river'				SSSg
saami_north	river	2		johka				johkɑ		j o h k ɑ	1	a								SSSg
saami_pite	river	1		edno				etno		e t n o	1	a								EZ
saami_skolt	river	1		jokk				jokː		j o kː	1	a								SKosSk
saami_south	river	1		johke				johke		j o h k e	1	a								NSsNdb
saami_ume	river	1		eädˈnoo				eætˈnoː		e æ tˈ n oː	2	b				'Large river'				WbWlap
saami_ume	river	2		juhka				juhkɑ		j u h k ɑ	1	a				'Small river'				WbWlap
selkup_northern	river	1		ki̮		ki̮		kɯ		k ɯ	8	h				'River, tributary'				SolkWb
selkup_northern	river	2		qoləttu		qoləttu		qolətːu		q o l ə tː u	9	i				'Main river (often the river Ob)'				SolkWb
udmurt	river	1		šur		šur		ʃur		ʃ u r	5	e								WotjWsch
veps	river	1		jogi				joɡi		j o ɡ i	1	a								VVS
votic_western	river	1		jõki		je̮ki		jɤki		j ɤ k i	1	a								VKJMS
votic_western	river	2		jõtši				jɤki		j ɤ k i	1	a								VKJMS
erzya	road	1		ki		ki		ki		k i	6	f								MordWb
estonian_south	road	1		tii				tiː		t iː	1	a								VESr
estonian_standard	road	1		tee		tee		teː		t eː	1	a								SVSk
finnish_standard	road	1		tie		tie		t̪ie̞		t̪ i e̞	1	a								JL
hungarian	road	1		út		uut		uːt		uː t	9	i								FMSz
ingrian	road	1		tē		tē		teː		t eː	1	a								InkmSk
karelian_proper	road	1		tie				tie		t i e	1	a								KKSV
karelian_proper	road	2		toroka				torokɑ		t o r o k ɑ	11	k	russian	clear					MH	KKSV
khanty_vakh_vasyugan	road	1		ḷɔ̈k		ḷɔ̈k		ɭɔ̈k		ɭ ɔ̈ k	10	j								DEWbOstj
komi_permyak	road	1		tuj		tuj		tuj		t u j	1	a								KoPRSl
komi_zyrian	road	1		tuj		tuj		tuj		t u j	1	a								SyrjWsch
livonian_courland	road	1		rek	riek			rek		r e k	2	b								LivWb
mansi_sosva	road	1		lʹōŋχ	lʹōχ	lʹōŋχ	lʹōχ	ʎoːŋx	ʎoːx	ʎ oː ŋ x	10	j								WogWb
mari_hill	road	1		kornə̑				kornə		k o r n ə	7	g								
mari_meadow	road	1		korno		korno		korno		k o r n o	7	g								SMSk, TscherWb
moksha	road	1		ki				ki		k i	6	f								
nenets_tundra	road	1		syexari°				sʲexɑri		sʲ e x ɑ r i	12	l								JurSWb
nganasan	road	1		sərə̄		sərə̄		sərəː		s ə r əː	12	l								SlNgaRus
proto_uralic	road	1		*ukti̮				uktɨ		u k t ɨ	9	i					UEW: PU *utka 'track, trail'; however, in Ug and Sd only			UEW, Sam88
saami_inari	road	1		kiäinu				kiæinu		k i æ i n u	3	c	finnic	clear					SSA	InsSSk
saami_kildin	road	1		čuekas		keajjn		keɑjːn		k e ɑ jː n	5	e								
saami_north	road	1		geaidnu				keæitnu		k e æ i t n u	3	c	finnic	clear					Kuokkala2018, Sammallahti1998	SSSg
saami_pite	road	1		viega				viekɑ		v i e k ɑ	4	d	north germanic	clear					SSA	EZ
saami_skolt	road	1		čuâǥǥas				t͡ʃuɐɣɣɑs		t͡ʃ u ɐ ɣ ɣ ɑ s	5	e								SKosSk
saami_south	road	1		joene				juene		j u e n e	15	o	indo-iranian	clear					Aikio2012	NSsNdb
saami_ume	road	1		viaga				viɑkɑ		v i ɑ k ɑ	4	d	north germanic	clear					Schlachter1958	WbWlap
selkup_northern	road	1		uə̑ttə		uə̑ttə		uətːə		u ə tː ə	9	i								SolkWb
udmurt	road	1		śures		śures		ɕures		ɕ u r e s	8	h								WotjWsch
veps	road	1		doroga				doroɡɑ		d o r o ɡ ɑ	11	k	russian	clear					MH	VVS
veps	road	2		tʹe				tʲe		tʲ e	1	a								VVS
votic_western	road	1		tē		tē		teː		t eː	1	a								VKJMS
erzya	roast	1		ŕestams		ŕestams		rʲestɑms		rʲ e s t ɑ m s	8	h								MordWb
estonian_south	roast	1		praat'ma				prɑːtʲmɑ		p r ɑː tʲ m ɑ	3	c	low german	clear					EES	VESr
estonian_standard	roast	1		praadida		praatita		prɑːtitɑ		p r ɑː t i t ɑ	3	c	low german	clear					EES	SVSk
finnish_standard	roast	1		paistaa		paistaa		pɑist̪ɑː		p ɑ i s t̪ ɑː	1	a	germanic	clear					LAGLOS, SSA, EES, NES	JL
hungarian	roast	1		süt		šüt		ʃyt		ʃ y t	10	j								FMSz
ingrian	roast	1		paistā		paistā		pɑistɑː		p ɑ i s t ɑː	1	a	germanic	clear					LAGLOS, SSA, EES, NES	InkmSk
karelian_proper	roast	1		šoarie				ʃoɑrie		ʃ o ɑ r i e	2	b	russian	clear					MH	KKSV
khanty_vakh_vasyugan	roast	1		ter-				ter		t e r	6	f								DEWbOstj
komi_permyak	roast	1		žaritni̮		žaritni̮		ʒɑritnɯ		ʒ ɑ r i t n ɯ	2	r	russian	clear					KoPRSl	KoPRSl
komi_zyrian	roast	1		pražitni̮		pražitni̮		prɑʒitnɯ		p r ɑ ʒ i t n ɯ	3	q	russian	clear					Kalima1911	SyrjWsch
livonian_courland	roast	1		ūdõ				uːdɯ		uː d ɯ	4	d								LivWb
mansi_sosva	roast	1		sāriti		sāriti		sɑːriti		s ɑː r i t i	2	b				'Fry, bake'				WogWb
mari_hill	roast	1		küeštäš				kyeʃtæʃ		k y e ʃ t æ ʃ	9	i								
mari_hill	roast	2		žaraš				ʒɑrɑʃ		ʒ ɑ r ɑ ʃ	11	t	russian	probable				SES	MdH	
mari_meadow	roast	1		küeštam		küeštam		kyeʃtɑm		k y e ʃ t ɑ m	9	i								SMSk, TscherWb
moksha	roast	1		ŕästams				rʲæstɑms		rʲ æ s t ɑ m s	8	h								
nenets_tundra	roast	1		yabcə°				jɑbt͡sə		j ɑ b t͡s ə	12	l				'Bake, ?fry'				JurSWb
nganasan	roast	1		śaiði̮si̮		śaiδi̮si̮		ɕɑiðɯsɯ		ɕ ɑ i ð ɯ s ɯ	15	s				'Burn; fry'				SlNgaRus
proto_uralic	roast	1	not_reconstructable																	
saami_inari	roast	1		passeeđ				pɑsːeːð		p ɑ sː eː ð	7	g	proto-indo-european	possible					Koivulehto1991	InsSSk
saami_kildin	roast	1		kuerr’te		kuerrʹte		kuerːʲte		k u e rːʲ t e	14	n								WOLD
saami_north	roast	1		bassit				pɑsːit		p ɑ sː i t	7	g	proto-indo-european	possible				SES	Koivulehto1991	
saami_pite	roast	1		basset				pɑsːet		p ɑ sː e t	7	g	proto-indo-european	possible					Koivulehto1991	EZ
saami_skolt	roast	1		päʹštted				pæʃʲtːed		p æ ʃʲ tː e d	1	a	finnic	clear		'Bake, fry, roast'?			SSA	SKosSk
saami_south	roast	1		bijredh				bijredh		b i j r e d h	5	e								NSsNdb
saami_south	roast	2		bissedh				bisːedh		b i sː e d h	7	g	proto-indo-european	possible					Koivulehto1991	NSsNdb
saami_ume	roast	1		bisseet				pisːeːt		p i sː eː t	7	g	proto-indo-european	possible					Koivulehto1991	WbWlap
selkup_northern	roast	1		pirə-		pirə-		pirə-		p i r ə	13	m								SolkWb
udmurt	roast	1		pi̮ži̮ni̮		pi̮ži̮ni̮		pɯʒɯnɯ		p ɯ ʒ ɯ n ɯ	7	g	indo-iranian	clear		'Bake, fry'			Metsaranta2017, Holopainen2019, Koivulehto1991	WotjWsch
veps	roast	1		žarda				ʒɑrdɑ		ʒ ɑ r d ɑ	2	o	russian	clear					MH	VVS
votic_western	roast	1		žārittā		žārittā		ʒɑːritːɑː		ʒ ɑː r i tː ɑː	2	p	russian	clear					VKJMS	VKJMS
erzya	root	1		jur		jur		jur		j u r	1	a								MordWb
erzya	root	2		koŕon		koŕon		korʲon		k o rʲ o n	7	g	russian	clear					MordWb	MordWb
estonian_south	root	1		juur'				juːrʲ		j uː rʲ	1	a								VESr
estonian_standard	root	1		juur		juur		juːr		j uː r	1	a								SVSk
finnish_standard	root	1		juuri		juuri		juːri		j uː r i	1	a								JL
hungarian	root	1		gyökér		ǵökeer		ɟøkeːr		ɟ ø k eː r	5	e			Holopainen2023 suggets a substrate origin for the word but item needs more investigation to be assigned as a borrowing					FMSz
ingrian	root	1		jūri		jūri		juːri		j uː r i	1	a								InkmSk
karelian_proper	root	1		juuri				juːri		j uː r i	1	a								KKSV
khanty_vakh_vasyugan	root	1		ler		ler		ler		l e r	6	f			From PFU *särɜ 'vein, sinew'					DEWbOstj
komi_permyak	root	1		vuž		vuž		vuʒ		v u ʒ	4	d					"Stem ""vužj-"""			KoPRSl
komi_zyrian	root	1		vuž		vuž		vuʒ		v u ʒ	4	d								SyrjWsch
livonian_courland	root	1		jūŗ				juːrʲ		j uː rʲ	1	a								LivWb
mansi_sosva	root	1		tār		tār		tɑːr		t ɑː r	6	f			From PFU *särɜ 'vein, sinew'					WogWb
mari_hill	root	1		βaž		βaž		βɑʒ		β ɑ ʒ	4	d						SES, TscherWb		
mari_meadow	root	1		βož		βož		βoʒ		β o ʒ	4	d								SMSk, TscherWb
moksha	root	1		jur				jur		j u r	1	a						SES, UEW		
nenets_tundra	root	1		wano				wɑno		w ɑ n o	4	d								JurSWb
nganasan	root	1		bəntu		bəntu		bəntu		b ə n t u	3	c								SlNgaRus
nganasan	root	2		bəntuə		bəntuə		bəntuə		b ə n t u ə	3	c								SlNgaRus
nganasan	root	3		bəndüaiˀ		bəndüaiˀ		bəndyɑiʔ		b ə n d y ɑ i ʔ	3	c								SlNgaRus
proto_uralic	root	1		*wanča				wɑnt͡ʃɑ		w ɑ n t͡ʃ ɑ	4	d								UEW, Sam88
saami_inari	root	1		ruotâs				ruotəs		r u o t ə s	2	b	north germanic	clear					Koivulehto1999a	InsSSk
saami_kildin	root	1		vuen’tes’		vuenʹtesʹ		vuenʲtesʲ		v u e nʲ t e sʲ	3	c	indo-iranian	clear					Holopainen2019	WOLD
saami_north	root	1		ruohtas				ruohtɑs		r u o h t ɑ s	2	b	north germanic	clear					Koivulehto1999a	SSSg
saami_pite	root	1		ruohtas				ruohtɑs		r u o h t ɑ s	2	b	north germanic	clear					Koivulehto1999a	EZ
saami_skolt	root	1		vuẹʹddes				vuedʲːes		v u e dʲː e s	3	c	indo-iranian	clear					Holopainen2019	SKosSk
saami_skolt	root	2		vuäʹdˈd				vuædʲː		v u æ dʲː	3	c	indo-iranian	clear					Holopainen2019	SKosSk
saami_south	root	1		roehtse				rueht͡se		r u e h t͡s e	2	b	north germanic	clear					Koivulehto1999a	NSsNdb
saami_ume	root	1		ruahdas				ruɑhtɑs		r u ɑ h t ɑ s	2	b	north germanic	clear					Koivulehto1999a	WbWlap
selkup_northern	root	1		končə		končə		kontʃə		k o n tʃ ə	4	d								SolkWb
udmurt	root	1		vi̮ži̮		vi̮ži̮		vɯʒɯ		v ɯ ʒ ɯ	4	d								WotjWsch
veps	root	1		juŕ				jurʲ		j u rʲ	1	a								VVS
votic_western	root	1		jūri		jūri		juːri		j uː r i	1	a								VKJMS
erzya	rope	1		piks		piks		piks		p i k s	8	h								MordWb
estonian_south	rope	1		köüds'				køydsʲ		k ø y d sʲ	1	a								VESr
estonian_standard	rope	1		köis		köis		køis		k ø i s	1	a								SVSk
finnish_standard	rope	1		köysi		köüsi		køysi		k ø y s i	1	a								JL
hungarian	rope	1		kötél		köteel		køteːl		k ø t eː l	11	k								FMSz
ingrian	rope	1		köüz		köüz		køyz		k ø y z	1	a								InkmSk
karelian_proper	rope	1		nuora				nuorɑ		n u o r ɑ	2	r	north germanic	clear					SSA	KKSV
khanty_vakh_vasyugan	rope	1		čoṇčəɣ		čoṇčəɣ		tʃoɳtʃəɣ		tʃ o ɳ tʃ ə ɣ	12	l								DEWbOstj
khanty_vakh_vasyugan	rope	2		irkän		irkän		irkæn		i r k æ n	14	n								DEWbOstj
komi_permyak	rope	1		gez		gez		ɡez		ɡ e z	10	j					"Stem ""gezj-"""			KoPRSl
komi_zyrian	rope	1		gez		gez		ɡez		ɡ e z	10	j								SyrjWsch
livonian_courland	rope	1		kieuž				kieuʒ		k i e u ʒ	1	a								LivWb
mansi_sosva	rope	1		kwāliɣ		k˳āliɣ		kʷɑːliɣ		kʷ ɑː l i ɣ	1	a								WogWb
mari_hill	rope	1		βərän				βəræn		β ə r æ n	18	t								
mari_meadow	rope	1		kerem		kerem		kerem		k e r e m	9	i	tatar	clear					TscherWb	SMSk, TscherWb
moksha	rope	1		piks				piks		p i k s	8	h								
nenets_tundra	rope	1		xurko				xurko		x u r k o	15	o			From PU *kuri̮- 'bind, rope (v.)'	'Rope, string'				JurSWb
nganasan	rope	1		bi̮ni̮		bi̮ni̮		bɯnɯ		b ɯ n ɯ	17	s								SlNgaRus
proto_uralic	rope	1		*piksV				piksV		p i k s V	8	h								UEW, Sam88
saami_inari	rope	1		kievđâ				kievðə		k i e v ð ə	1	a								InsSSk
saami_kildin	rope	1		nurr’		nurrʹ		nurːʲ		n u rːʲ	2	b	germanic	clear	Cf. North Ger “snœri”				Riessler2009	WOLD
saami_north	rope	1		báddi				pɑːtti		p ɑː t t i	5	e	north germanic	clear	"Cf. Sw ""band"""				SSA	SSSg
saami_pite	rope	1		*kewδi				kewði		k e w ð i	1	a								EZ
saami_skolt	rope	1		trooss				troːsː		t r oː sː	7	g	russian	clear					Itkonen1958	SKosSk
saami_south	rope	1		rïejhpe				rɨejhpe		r ɨ e j h p e	16	p	north germanic	clear					Lagercrantz1939	NSsNdb
saami_ume	rope	1		gadhgas				kɑthkɑs		k ɑ t h k ɑ s	6	f				'Rope made of sinew'				WbWlap
selkup_northern	rope	1		čēmčə		čēmčə		tʃeːmtʃə		tʃ eː m tʃ ə	13	m								SolkWb
udmurt	rope	1		gozi̮		gozi̮		ɡozɯ		ɡ o z ɯ	10	j								WotjWsch
veps	rope	1		konat				konɑt		k o n ɑ t	3	c	russian	clear	"Cf. Rus ""kanat""; form from village of Kaleg"				MH	VVS
votic_western	rope	1		tšöüsi		čöüsi		tʃøysi		tʃ ø y s i	1	a								VKJMS
votic_western	rope	2		rihma		rihma		rihmɑ		r i h m ɑ	4	d								
erzya	rotten	1		makšov		makšov		mɑkʃov		m ɑ k ʃ o v	6	f			From PFV *makša 'rotten'					MordWb
erzya	rotten	2		naksado		naksado		nɑksɑdo		n ɑ k s ɑ d o	7	g								MordWb
estonian_south	rotten	1		määnüg				mæːnyɡ		m æː n y ɡ	2	b								VESr, SI
estonian_south	rotten	2		mädä				mædæ		m æ d æ	2	b								VESr, SI
estonian_standard	rotten	1		pehkinud		mäta		mætɑ		m æ t ɑ	20	s			SSA and EES suggest descriptive origin			SSA, EES		
finnish_standard	rotten	1		laho		laho		lɑɦo̞		l ɑ ɦ o̞	1	a	north germanic	probable					SSA	JL
hungarian	rotten	1		korhadt		korhatt		korhɒtː		k o r h ɒ tː	9	i								FMSz
ingrian	rotten	1		laho		laho		lɑho		l ɑ h o	1	a	north germanic	probable					SSA	InkmSk
karelian_proper	rotten	1		laho				lɑho		l ɑ h o	1	a	north germanic	probable					SSA	KKSV
khanty_vakh_vasyugan	rotten	1		lö̆jəm		lö̆jəm		lø̆jəm		l ø ̆ j ə m	11	k								DEWbOstj
komi_permyak	rotten	1		ńolʹźe̮m		ńolʹźe̮m		ɲoʎʑɤm		ɲ o ʎ ʑ ɤ m	13	m								KoPRSl
komi_permyak	rotten	2		siś		siś		siɕ		s i ɕ	8	h								KoPRSl
komi_zyrian	rotten	1		siś		siś		siɕ		s i ɕ	8	h								SyrjWsch
livonian_courland	rotten	1		märgõn				mærɡɯn		m æ r ɡ ɯ n	21	t	baltic	possible	Derived from 'wet'. Borrowed origin uncertain			Junttila2015, SSA	Junttila2015	
mansi_sosva	rotten	1		sāp		sāp		sɑːp		s ɑː p	10	j								WogWb
mari_hill	rotten	1		šüšə				ʃyʃə		ʃ y ʃ ə	17	r			Cognacy reference lacking			SES		
mari_meadow	rotten	1		mekšan		mekšan		mekʃɑn		m e k ʃ ɑ n	4	d			Not from PFV *makša 'rotten'					SMSk, TscherWb
moksha	rotten	1		naksada				nɑksɑdɑ		n ɑ k s ɑ d ɑ	7	g						SES, Versinin2004		
nenets_tundra	rotten	1		posawa				posɑwɑ		p o s ɑ w ɑ	12	l								JurSWb
nganasan	rotten	1		čīniˀia		čīniˀia		tʃiːniʔiɑ		tʃ iː n i ʔ i ɑ	16	q								SlNgaRus
proto_uralic	rotten	1		*säji ?				sæji		s æ j i	8	h					Original meaning possibly 'rot, pus', ie. not primarily of wood			UEW, Sam88
saami_inari	rotten	1		mieskâs				mieskəs		m i e s k ə s	4	d								InsSSk
saami_kildin	rotten	1		lāff		kuudc		kuːdc		k uː d c	1	p	finnic	clear				SSA	SSA	
saami_north	rotten	1		mieskkas				mieskːɑs		m i e s kː ɑ s	4	d								SSSg
saami_pite	rotten	1		mieskas				mieskɑs		m i e s k ɑ s	4	d					Meaning not certain			EZ
saami_skolt	rotten	1		läähh				læːhː		l æː hː	1	p	finnic	clear					SSA	SKosSk
saami_south	rotten	1	form_not_found																	NSsNdb
saami_ume	rotten	1		meässkaa				meæsːkɑː		m e æ sː k ɑː	4	d								WbWlap
selkup_northern	rotten	1		tēpəlʹ		tēpəlʹ		teːpəʎ		t eː p ə ʎ	14	n								SolkWb
udmurt	rotten	1		śiśmem		śiś		ɕiɕ		ɕ i ɕ	8	h								WotjWsch
veps	rotten	1		laho				lɑho		l ɑ h o	1	a	north germanic	probable					SSA	VVS
votic_western	rotten	1		лaho		laho		lɑho		l ɑ h o	1	a	north germanic	probable					SSA	VKJMS
erzya	rough	1		iržańa		iržańa		irʒɑɲɑ		i r ʒ ɑ ɲ ɑ	8	h								MordWb
erzya	rough	2		kaźamo		kaźamo		kɑʑɑmo		k ɑ ʑ ɑ m o	7	g								MordWb
estonian_south	rough	1		kahrõq				kɑhrɤʔ		k ɑ h r ɤ ʔ	1	a	germanic	probable					LAGLOS, vanLinde2007, SSA, EES, NES	VESr
estonian_south	rough	2		korrõ				korːɤ		k o rː ɤ	1	a	germanic	probable					LAGLOS, vanLinde2007, SSA, EES, NES	VESr
estonian_standard	rough	1		kare		kare		kɑre		k ɑ r e	1	a	germanic	probable					LAGLOS, vanLinde2007, SSA, EES, NES	SVSk
finnish_standard	rough	1		karhea		karhea		kɑrçe̞ɑ		k ɑ r ç e̞ ɑ	1	a	germanic	probable					LAGLOS, vanLinde2007, SSA, EES, NES	JL
finnish_standard	rough	2		karkea		karkea		kɑrke̞ɑ		k ɑ r k e̞ ɑ	1	a	germanic	probable					LAGLOS, vanLinde2007, SSA, EES, NES	JL
hungarian	rough	1		durva		durva		durvɒ		d u r v ɒ	11	k				'Rough; crude, harsh'				FMSz
ingrian	rough	1		kale		kale		kɑle		k ɑ l e	14	n								InkmSk
ingrian	rough	2		karhia		karhia		kɑrhiɑ		k ɑ r h i ɑ	1	a	germanic	probable					LAGLOS, vanLinde2007, SSA, EES, NES	InkmSk
karelian_proper	rough	1		kahakka				kɑhɑkːɑ		k ɑ h ɑ kː ɑ	2	b								KKSV
karelian_proper	rough	2		kartšakka				kɑrtʃɑkːɑ		k ɑ r t ʃ ɑ kː ɑ	1	a	germanic	probable					LAGLOS, vanLinde2007, SSA, EES, NES	KKSV
khanty_vakh_vasyugan	rough	1		piḷǝŋ				piɭəŋ		p i ɭ ə ŋ	17	p						SES		DEWbOstj
komi_permyak	rough	1		ćori̮t		ćori̮t		tɕorɯt		tɕ o r ɯ t	15	o				'Coarse, hard'				KoPRSl
komi_zyrian	rough	1		zumi̮d		zumi̮d		zumɯd		z u m ɯ d	10	j								SyrjWsch
livonian_courland	rough	1		kardõ				kɑrdɯ		k ɑ r d ɯ	1	a	germanic	probable					LAGLOS, vanLinde2007, SSA, EES, NES	LivWb
mansi_sosva	rough	1	form_not_found																	WogWb
mari_hill	rough	1		kaštə̑ra				kɑʃtərɑ		k ɑ ʃ t ə r ɑ	9	i						SES		
mari_hill	rough	2		kazə̑ra				kɑzərɑ		k ɑ z ə r ɑ	9	i						SES		
mari_meadow	rough	1		koštə̑ra		koštə̑ra		koʃtərɑ		k o ʃ t ə r ɑ	9	i								SMSk, TscherWb
mari_meadow	rough	2		kozə̑ra		kozə̑ra		kozərɑ		k o z ə r ɑ	7	g								SMSk, TscherWb
moksha	rough	1		kaźama				kɑzʲɑmɑ		k ɑ zʲ ɑ m ɑ	7	g								
nenets_tundra	rough	1		nasorpey				nɑsorpej		n ɑ s o r p e j	16	q						SES		RusskoNeneckij
nganasan	rough	1	form_not_found																	SlNgaRus
proto_uralic	rough	1	not_reconstructable																	
saami_inari	rough	1		ruávis				ruævis		r u æ v i s	5	e	north germanic	clear					Lagercrantz1939	InsSSk
saami_kildin	rough	1		kērr		keerr		keːrː		k eː rː	13	m								WOLD
saami_north	rough	1		roakkas				roɑkːɑs		r o ɑ kː ɑ s	4	d								SSSg
saami_north	rough	2		roavis				roɑvis		r o ɑ v i s	5	e	north germanic	clear					Lagercrantz1939	SSSg
saami_pite	rough	1	form_not_found																	EZ
saami_skolt	rough	1		krååvan				krɔːvɑn		k r ɔː v ɑ n	5	e	north germanic	clear					Lagercrantz1939	SKosSk
saami_south	rough	1	form_not_found																	NSsNdb
saami_ume	rough	1		rååsmaga				rɔːsmɑkɑ		r ɔː s m ɑ k ɑ	6	f								WbWlap
selkup_northern	rough	1	form_not_found																	SolkWb
udmurt	rough	1		šakres		šakres		ʃɑkres		ʃ ɑ k r e s	12	l					Dialectal?			WotjWsch
veps	rough	1		rubekaz				rubekɑz		r u b e k ɑ z	3	c								NRVS
votic_western	rough	1		karmõa		karme̮a		kɑrmɑ		k ɑ r m ɑ	1	a	germanic	probable					LAGLOS, vanLinde2007, SSA, EES, NES	VKJMS
votic_western	rough	2		karõa		kare̮a		kɑrmɑ		k ɑ r m ɑ	1	a	germanic	probable					LAGLOS, vanLinde2007, SSA, EES, NES	VKJMS
erzya	round	1		keveŕ		keveŕ		keverʲ		k e v e rʲ	14	n								MordWb
erzya	round	2		krugloj	kruglovoj	krugloj	kruglovoj	kruɡloj	kruɡlovoj	k r u ɡ l o j	3	t	russian	clear					MordWb	MordWb
estonian_south	round	1		ümärik				ymærik		y m æ r i k	2	b	germanic	clear					EES	VESr
estonian_standard	round	1		ümmargune		ümmarkune		ymːɑrkune		y mː ɑ r k u n e	2	b	germanic	clear					EES	SVSk
estonian_standard	round	2		ümar		ümar		ymɑr		y m ɑ r	2	b	germanic	clear					EES	SVSk
finnish_standard	round	1		pyöreä		püöreä		pyø̞re̞æ		p y ø̞ r e̞ æ	1	a								JL
hungarian	round	1		gömbölyű		gömböjüü		ɡømbøjyː		ɡ ø m b ø j yː	18	r								FMSz
ingrian	round	1		pȫriä	pȫrähäin	pȫriä	pȫrähäin	pøːriæ	pøːræhæin	p øː r i æ	1	a								InkmSk
ingrian	round	2		ümʙärɢäin	ümʙärikkoĭ	ümʙärɢäin	ümʙärikkoĭ	ymb̥ærɡ̥æin	ymb̥ærikːoĭ	y m b̥ æ r ɡ̥ æ i n	2	b	germanic	clear					EES	InkmSk
karelian_proper	round	1		pyörie				pyørie		p y ø r i e	1	a								KKSV
khanty_vakh_vasyugan	round	1		körǝk		körək		kørək		k ø r ə k	10	j			Deriv. from PFU *kerä 'round, rolling'					DEWbOstj
khanty_vakh_vasyugan	round	2		pöŋḷək		pöŋḷək		pøŋɭək		p ø ŋ ɭ ə k	1	a			Cognacy uncertain					DEWbOstj
komi_permyak	round	1		ge̮gre̮sa		ge̮gre̮sa		ɡɤɡrɤsɑ		ɡ ɤ ɡ r ɤ s ɑ	8	h								KoPRSl
komi_zyrian	round	1		ge̮gre̮s		ge̮gre̮s		ɡɤɡrɤs		ɡ ɤ ɡ r ɤ s	8	h								SyrjWsch
livonian_courland	round	1		immõrgouțlimi				imːɯrɡouclimi		i mː ɯ r ɡ o u c l i m i	2	b	germanic	clear	"Deriv. from ""immər-koùtʹ"" 'around'; this compound: *ümpäre 'around' + *kautti 'by way of'"				EES	LivWb
mansi_sosva	round	1		marawi		marawi		mɑrɑwi		m ɑ r ɑ w i	11	k								WogWb
mari_hill	round	1		jərgeškə				jərɡeʃkə		j ə r ɡ e ʃ k ə	16	p								
mari_meadow	round	1		čumə̑raš		čumə̑raš		tʃumərɑʃ		tʃ u m ə r ɑ ʃ	7	g	chuvash	clear					TscherWb	SMSk, TscherWb
mari_meadow	round	2		jə̑rɣeške		jə̑rɣeške		jərɣeʃke		j ə r ɣ e ʃ k e	16	p			"Deriv. from ""jə̑r"" 'around'"					SMSk, TscherWb
mari_meadow	round	3		tə̑rtə̑š		tə̑rtə̑š		tərtəʃ		t ə r t ə ʃ	15	o			"Deriv. from ""tə̑rtam"" 'roll'"					SMSk, TscherWb
moksha	round	1		pokaŕav				pokɑrʲɑv		p o k ɑ rʲ ɑ v	13	v						SES		
nenets_tundra	round	1		syur°tyaw°				sʲurtʲɑw		sʲ u r tʲ ɑ w	12	l								JurSWb
nganasan	round	1		mandajku		mandajku		mɑndɑjku		m ɑ n d ɑ j k u	21	u								SlNgaRus
proto_uralic	round	1	not_reconstructable																	UEW, Sam88
saami_inari	round	1		juurbâs				juːrbəs		j uː r b ə s	5	e								InsSSk
saami_kildin	round	1		jorr’pes’		jorrʹpesʹ		jorːʲpesʲ		j o rːʲ p e sʲ	5	e								WOLD
saami_north	round	1		jorbbas				jorppɑs		j o r p p ɑ s	5	e								SSSg
saami_north	round	2		jorbat				jorpɑt		j o r p ɑ t	5	e								SSSg
saami_pite	round	1		jårrbå	jurrbes			jɔrːpɔ		j ɔ rː p ɔ	5	f								EZ
saami_skolt	round	1		joorbâs				joːrbɐs		j oː r b ɐ s	5	e								SKosSk
saami_south	round	1		jorpe				jorpe		j o r p e	5	e								NSsNdb
saami_ume	round	1		jårbs				jɔrps		j ɔ r p s	5	e								WbWlap
saami_ume	round	2		jårˈbada				jɔrˈpɑtɑ		j ɔ rˈ p ɑ t ɑ	5	e								WbWlap
saami_ume	round	3		mulˈlòda				mulˈlotɑ		m u lˈ l o t ɑ	6	f								WbWlap
selkup_northern	round	1		kolʹalʹ		kolʹalʹ		koʎɑʎ		k o ʎ ɑ ʎ	19	s								SolkWb
udmurt	round	1		koti̮res		koti̮res		kotɯres		k o t ɯ r e s	9	i								WotjWsch
veps	round	1		kehker				kexker		k e x k e r	4	d								VVS
veps	round	2		kruglʹē				kruɡlʲeː		k r u ɡ lʲ eː	3	c	russian	clear					MH	VVS
votic_western	round	1		ümmärkõin		ümmärke̮in		ymːerkɤin		y mː e r k ɤ i n	2	b	germanic	clear					EES	VKJMS
erzya	rub	1		jozams		jozams		jozɑms		j o z ɑ m s	8	h								MordWb
estonian_south	rub	1		hõõrdma				hɤːrdmɑ		h ɤː r d m ɑ	1	a								VESr
estonian_south	rub	2		hõõratama				hɤːrɑtɑmɑ		h ɤː r ɑ t ɑ m ɑ	1	a								VESr
estonian_south	rub	3		nüüstmä				nyːstmæ		n yː s t m æ	19	s								VESr
estonian_standard	rub	1		hõõruda		hɣɣruta		hɣːrutɑ		h ɣː r u t ɑ	1	a								SVSk
estonian_standard	rub	2		nühkida		nühkkita		nyhkːitɑ		n y h kː i t ɑ	5	e								SVSk
finnish_standard	rub	1		hieroa		hieroa		hie̞ro̞ɑ		h i e̞ r o̞ ɑ	1	a								JL
hungarian	rub	1		dörzsöl		döržöl		dørʒøl		d ø r ʒ ø l	12	l								FMSz
ingrian	rub	1		hēroja		hēroja		heːrojɑ		h eː r o j ɑ	1	a								InkmSk
ingrian	rub	2		ihmaᴅa		ihmaᴅa		ihmɑd̥ɑ		i h m ɑ d̥ ɑ	22	v								InkmSk
karelian_proper	rub	1		hieruo				hieruo		h i e r u o	1	a								KKSV
karelian_proper	rub	2		hivuo				hivuo		h i v u o	3	c								KKSV
khanty_vakh_vasyugan	rub	1		nir-		nir-		nir-		n i r	10	y	komi	clear	"Cf. Komi ""ńiralni̮"""				DEWOS	DEWbOstj
khanty_vakh_vasyugan	rub	2		sejɣǝl-		sejɣəl-		sejɣəl-		s e j ɣ ə l	18	r								DEWbOstj
komi_permyak	rub	1		ńirtni̮		ńirtni̮		ɲirtnɯ		ɲ i r t n ɯ	10	j								KoPRSl
komi_permyak	rub	2		tʹoritni̮		tʹoritni̮		tʲoritnɯ		tʲ o r i t n ɯ	21	u	russian	clear					KoPRSl	KoPRSl
komi_permyak	rub	3		zi̮rtni̮		zi̮rtni̮		zɯrtnɯ		z ɯ r t n ɯ	9	i								KoPRSl
komi_zyrian	rub	1		ńiravni̮		ńiravni̮		ɲirɑvnɯ		ɲ i r ɑ v n ɯ	10	j								SyrjWsch
komi_zyrian	rub	2		zi̮ravni̮		zi̮ravni̮		zɯrɑvnɯ		z ɯ r ɑ v n ɯ	9	i								SyrjWsch
livonian_courland	rub	1		ȭŗõ				ɯːrʲɯ		ɯː rʲ ɯ	1	a								LivWb
mansi_sosva	rub	1		sarti		sarti		sɑrti		s ɑ r t i	13	m	komi	probable					Redei1970	WogWb
mari_hill	rub	1		pəškäš				pəʃkæʃ		p ə ʃ k æ ʃ	26	aa								
mari_meadow	rub	1		jə̑ɣem		jə̑ɣem		jəɣem		j ə ɣ e m	17	q	tatar	clear					TscherWb	SMSk, TscherWb
mari_meadow	rub	2		nüžam		nüžam		nyʒɑm		n y ʒ ɑ m	16	p								SMSk, TscherWb
moksha	rub	1		šovams				ʃovɑms		ʃ o v ɑ m s	7	g						SES		
nenets_tundra	rub	1		puyə°				pujə		p u j ə	14	n								JurSWb
nganasan	rub	1		ńakidʹa		ńakidʹa		ɲɑkidʲɑ		ɲ ɑ k i dʲ ɑ	25	z								SlNgaRus
proto_uralic	rub	1	not_reconstructable																	UEW, Sam88
saami_inari	rub	1		fiärruđ				fiærːuð		f i æ rː u ð	1	a	finnic	possible					SSA	InsSSk
saami_inari	rub	2		kahheeđ				kɑhːeːð		k ɑ hː eː ð	20	t								InsSSk
saami_inari	rub	3		ruvviđ				ruvːið		r u vː i ð	6	f								InsSSk
saami_kildin	rub	1		jērre		jeerre		jeːrːe		j eː rː e	1	a								WOLD
saami_north	rub	1		ruvˈvet				ruvːet		r u vː e t	6	f								SSSg
saami_pite	rub	1		pruvvit				pruvːit		p r u vː i t	6	f								EZ
saami_pite	rub	2		skuohpat				skuohpɑt		s k u o h p ɑ t	15	o								EZ
saami_skolt	rub	1		ruʹvvjed				ruvʲːjed		r u vʲː j e d	6	f								SKosSk
saami_skolt	rub	2		sââjjad				sɐːjːɑd		s ɐː jː ɑ d	7	g								SKosSk
saami_south	rub	1		knugkedh				knuɡkedh		k n u ɡ k e d h	24	x	north germanic	possible					Lagercrantz1939	NSsNdb
saami_ume	rub	1		prüvvet				pryvːet		p r y vː e t	6	f								WbWlap
selkup_northern	rub	1		pǖqəlčəkku-		pǖqəlčəkku-		pyːqəltʃəkːu-		p yː q ə l tʃ ə kː u	14	n								SolkWb
udmurt	rub	1		zi̮rani̮		zi̮rani̮		zɯrɑnɯ		z ɯ r ɑ n ɯ	9	i								WotjWsch
veps	rub	1		hośtʹa				hosʲtʲɑ		h o sʲ tʲ ɑ	4	d								NRVS
veps	rub	2		herotada				herotɑdɑ		h e r o t ɑ d ɑ	1	a								VVS
votic_western	rub	1		ihmata		ihmata		ʃɑrkːimɑ		ʃ ɑ r kː i m ɑ	22	v						SES		
votic_western	rub	2		õõrtaa		e̮e̮rtā		ʃɑrkːimɑ		ʃ ɑ r kː i m ɑ	1	a						SES		
erzya	run	1		čijems		čijems		tʃijems		tʃ i j e m s	5	e			"Cogn. with Hu ""siet"" 'hurry'?"					MordWb
estonian_south	run	1		juuskma				juːskmɑ		j uː s k m ɑ	1	a								VESr
estonian_standard	run	1		joosta		joosta		joːstɑ		j oː s t ɑ	1	a								SVSk
finnish_standard	run	1		juosta		juosta		juo̞stɑ		j u o̞ s t ɑ	1	a			Deriv. From PFin *juxi̮-ksi-tak					JL
hungarian	run	1		fut		fut		fut		f u t	8	h								FMSz
hungarian	run	2		szalad		salad		sɒlɒd		s ɒ l ɒ d	9	i			From PFU (PU?) *ćaδa ~ śaδa 'running, heat (oestrus)'					FMSz
ingrian	run	1		jōssa		jōssa		joːsːɑ		j oː sː ɑ	1	a								InkmSk
karelian_proper	run	1		juossa				juosːɑ		j u o sː ɑ	1	a								KKSV
khanty_vakh_vasyugan	run	1		kǝs-		kəs-		kəs-		k ə s	17	q								DEWbOstj
komi_permyak	run	1		kotraśni̮		kotraśni̮		kotrɑɕnɯ		k o t r ɑ ɕ n ɯ	15	o								KoPRSl
komi_zyrian	run	1		kote̮rtni̮		kote̮rtni̮		kotɤrtnɯ		k o t ɤ r t n ɯ	15	o								SyrjWsch
livonian_courland	run	1		ailõ				ɑilɯ		ɑ i l ɯ	2	b			Deriv. from PU *aja- 'drive, pursue'					LivWb
livonian_courland	run	2		jūokšõ				juːokʃɯ		j uː o k ʃ ɯ	1	a								LivWb
mansi_sosva	run	1		χājti		χājti		xɑːjti		x ɑː j t i	10	j								WogWb
mari_hill	run	1		kə̑rgə̑žaš				kərɡəʒɑʃ		k ə r ɡ ə ʒ ɑ ʃ	6	f								
mari_meadow	run	1		kuržam		kuržam		kurʒɑm		k u r ʒ ɑ m	6	f				Used of people and other two-legged creatures				SMSk, TscherWb
moksha	run	1		ardoms				ɑrdoms		ɑ r d o m s	11	k								
nenets_tundra	run	1		syur°mpə°				sʲurmpə		sʲ u r m p ə	12	l			From PSd *kür(ə)-					JurSWb
nganasan	run	1		hojkirśa		hojkirśa		hojkirɕɑ		h o j k i r ɕ ɑ	24	x								SlNgaRus
proto_uralic	run	1		*pukta-				puktɑ		p u k t ɑ	8	h				'Jump, run'				UEW, Sam88
saami_inari	run	1		kaččâđ				kɑt͡ʃːəð		k ɑ t͡ʃː ə ð	19	s								InsSSk
saami_kildin	run	1		vīǯe		viidže		viːdʒe		v iː d ʒ e	18	r								WOLD
saami_north	run	1		viehkat				viehkɑt		v i e h k ɑ t	3	c								SSSg
saami_pite	run	1		vánjjgat				vɑːɲjkɑt		v ɑː ɲ j k ɑ t	23	w				Of animals				EZ
saami_pite	run	2		viehkat				viehkɑt		v i e h k ɑ t	3	c								EZ
saami_skolt	run	1		urččâd	uʹrččâd			urt͡ʃːɐd		u r t͡ʃː ɐ d	4	d								SKosSk
saami_south	run	1		vaarredh				vɑːrːedh		v ɑː rː e d h	22	v				Of people				NSsNdb
saami_ume	run	1		viahkat				viɑhkɑt		v i ɑ h k ɑ t	3	c								WbWlap
selkup_northern	run	1		kural-		kural-		kurɑl-		k u r ɑ l	13	m								SolkWb
udmurt	run	1		bi̮źi̮ni̮		bi̮źi̮ni̮		bɯʑɯnɯ		b ɯ ʑ ɯ n ɯ	7	g								WotjWsch
veps	run	1		josta				jostɑ		j o s t ɑ	1	a								VVS
votic_western	run	1		johsa		johsa		johsɑ		j o h s ɑ	1	a								VKJMS
erzya	salt	1		sal		sal		sɑl		s ɑ l	1	g	indo-european	probable					Koivulehto1999	MordWb
estonian_south	salt	1		suul				suːl		s uː l	1	f	indo-european	probable	Possibly loan from Baltic				Junttila2015, vanLinde2007	VESr
estonian_standard	salt	1		sool		sool		soːl		s oː l	1	f	indo-european	probable	Possibly loan from Baltic				Junttila2015, vanLinde2007	SVSk
finnish_standard	salt	1		suola		suola		suo̞lɑ		s u o̞ l ɑ	1	f	indo-european	probable	Possibly loan from Baltic				Junttila2015, vanLinde2007	JL
hungarian	salt	1		só		šoo		ʃoː		ʃ oː	2	b	indo-european	probable	Origin unclear				Koivulehto1999	FMSz
ingrian	salt	1		sōla		sōla		soːlɑ		s oː l ɑ	1	f	indo-european	probable	Possibly loan from Baltic				Junttila2015, vanLinde2007	InkmSk
karelian_proper	salt	1		suola				suolɑ		s u o l ɑ	1	f	indo-european	probable	Possibly loan from Baltic				Junttila2015, vanLinde2007	KKSV
khanty_vakh_vasyugan	salt	1		sălnɜ	sălna	sălnə	sălna	sɑ̆lnə	sɑ̆lnɑ	s ɑ ̆ l n ə	1	j	indo-european	possible	Possibly loan from Komi “sol” (cf. KoZ, KoP “sov”)				DEWOS	DEWbOstj
komi_permyak	salt	1		sov		sov		sov		s o v	1	g	indo-european	probable					Koivulehto1999	KoPRSl
komi_zyrian	salt	1		sov		sov		sov		s o v	1	g	indo-european	probable					Koivulehto1999	SyrjWsch
livonian_courland	salt	1		sūol				suːol		s uː o l	1	f	indo-european	probable	Possibly loan from Baltic				Junttila2015, vanLinde2007	LivWb
mansi_sosva	salt	1		solwal		solwal		solʷɑl		s o lʷ ɑ l	1	i	udmurt	possible	"Possibly loan from Udmurt; cf. Udm ""si̮lal"" (< ?*solwal)"				Redei1970	WogWb
mari_hill	salt	1		sanzal				sɑnzɑl		s ɑ n z ɑ l	5	h	indo-european	probable					Koivulehto1999	
mari_meadow	salt	1		šińčal		šińčal		ʃiɲtʃɑl		ʃ i ɲ tʃ ɑ l	5	h	indo-european	probable	Possibly an old compound. The first part probably a loan from Iranic, the latter part (*sal) is cognate with forms in related languages.				Koivulehto1999	SMSk, TscherWb
moksha	salt	1		sal				sɑl		s ɑ l	1	g	indo-european	probable					Koivulehto1999	
nenets_tundra	salt	1		ser				ser		s e r	3	c				'Salt, grainy ice, white'				JurSWb
nganasan	salt	1		si̮r		si̮r		sɯr		s ɯ r	3	c								SlNgaRus
proto_uralic	salt	1	not_reconstructable																	UEW, Sam88
saami_inari	salt	1		sältti				sæltːi		s æ l tː i	1	a	north germanic	clear					Itkonen1958b	InsSSk
saami_kildin	salt	1		sūll’		suullʹ		suːlːʲ		s uː lːʲ	1	e	russian	clear	Cf. Rus “sol’”				Riessler2009	WOLD
saami_north	salt	1		sálti				sɑːlti		s ɑː l t i	1	a	north germanic	clear					Itkonen1958b	SSSg
saami_pite	salt	1		sállte				sɑːlːte		s ɑː lː t e	1	a	north germanic	clear					Itkonen1958b	EZ
saami_skolt	salt	1		säʹltt				sælʲtː		s æ lʲ tː	1	a	north germanic	clear					Itkonen1958b	SKosSk
saami_south	salt	1		saelhtie				sɑelhtie		s ɑ e l h t i e	1	a	north germanic	clear					Itkonen1958b	NSsNdb
saami_ume	salt	1		sàlltee				sɑlːteː		s ɑ lː t eː	1	a	north germanic	clear					Itkonen1958b	WbWlap
selkup_northern	salt	1		śāq		śāq		ɕɑːq		ɕ ɑː q	4	d	iranian	probable					SolkWb	SolkWb
udmurt	salt	1		si̮lal		si̮lal		sɯlɑl		s ɯ l ɑ l	1	g	indo-european	probable					Koivulehto1999	WotjWsch
veps	salt	1		sol				sol		s o l	1	f	indo-european	probable	Possibly loan from Baltic				Junttila2015, vanLinde2007	VVS
votic_western	salt	1		sōлa		sōla		soːl		s oː l	1	f	indo-european	probable	Possibly loan from Baltic				Junttila2015, vanLinde2007	VKJMS
erzya	salty	1		saltoź		saltoź		sɑltoʑ		s ɑ l t o ʑ	1	h	indo-european	clear					SSA	MordWb
erzya	salty	2		salov		salov		sɑlov		s ɑ l o v	1	h	indo-european	clear					SSA	MordWb
estonian_south	salty	1		soolanõ				soːlɑnɤ		s oː l ɑ n ɤ	1	a	indo-european	clear	Possibly loaned from Baltic				SSA	VESr
estonian_standard	salty	1		soolane		soolane		soːlɑne		s oː l ɑ n e	1	a	indo-european	clear	Possibly loaned from Baltic				SSA	SVSk
finnish_standard	salty	1		suolainen		suolainen		suo̞lɑine̞n		s u o̞ l ɑ i n e̞ n	1	a	indo-european	clear	Possibly loaned from Baltic				SSA	JL
hungarian	salty	1		sós		šooš		ʃoːʃ		ʃ oː ʃ	5	e	indo-european	possible					Zaicz2006	FMSz
ingrian	salty	1		sōlain		sōlain		soːlɑin		s oː l ɑ i n	1	a	indo-european	clear	Possibly loaned from Baltic				SSA	InkmSk
karelian_proper	salty	1		suolaine	suolahine			suolɑine		s u o l ɑ i n e	1	a	indo-european	clear	Possibly loaned from Baltic				SSA	KKSV
khanty_vakh_vasyugan	salty	1		səlnaŋ				səlnɑŋ		s ə l n ɑ ŋ	1	l					"Cf. ""săt"" 'salt'"			DEWbOstj
komi_permyak	salty	1		sola		sola		solɑ		s o l ɑ	1	j	indo-european	clear					SSA	KoPRSl
komi_zyrian	salty	1		sola		sola		solɑ		s o l ɑ	1	j	indo-european	clear					SSA	SyrjWsch
livonian_courland	salty	1		sūoli				suːoli		s uː o l i	1	a	indo-european	clear	Possibly loaned from Baltic				SSA	LivWb
mansi_sosva	salty	1		solwaləŋ				solwɑləŋ		s o l w ɑ l ə ŋ	1	k					"Cf. ""solwal"" 'salt'"			WogWb
mari_hill	salty	1		sanzalan				sɑnzɑlɑn		s ɑ n z ɑ l ɑ n	1	i	indo-european	clear				SSA	SSA	
mari_meadow	salty	1		šinčalan		šinčalan		ʃintʃɑlɑn		ʃ i n tʃ ɑ l ɑ n	1	i	indo-european	clear					SSA	SMSk, TscherWb
mari_meadow	salty	2		šinčaltə̑me		šinčaltə̑me		ʃintʃɑltəme		ʃ i n tʃ ɑ l t ə m e	1	i	indo-european	clear					SSA	SMSk, TscherWb
moksha	salty	1		salu				sɑlu		s ɑ l u	1	h	indo-european	clear				SSA	SSA	
nenets_tundra	salty	1		sercawey°				sert͡sɑwej		s e r t͡s ɑ w e j	3	c					"Deriv. from ""ser"" 'white, salt'"			JurSWb
nganasan	salty	1		si̮ri̮ləmə̄		si̮ri̮ləmə̄		sɯrɯləməː		s ɯ r ɯ l ə m əː	3	c					"Derivs. from ""si̮r"" 'salt; ice; white'"			SlNgaRus
nganasan	salty	2		si̮rńeəgə		si̮rńeəgə		sɯrɲeəɡə		s ɯ r ɲ e ə ɡ ə	3	c					"Derivs. from ""si̮r"" 'salt; ice; white'"			SlNgaRus
proto_uralic	salty	1	not_reconstructable																	UEW, Sam88
saami_inari	salty	1		säältis				sæːltis		s æː l t i s	1	f	north germanic	clear					AlguDB	InsSSk
saami_kildin	salty	1		sūll’		suullʹ		suːlːʲ		s uː lːʲ	1	g	russian	clear	Cf. Rus “sol’”				Riessler2009	WOLD
saami_north	salty	1		sálttis				sɑːltːis		s ɑː l tː i s	1	f	north germanic	clear					AlguDB	SSSg
saami_pite	salty	1		sállte				sɑːlːte		s ɑː lː t e	1	f	north germanic	clear		This noun, 'salty'			AlguDB	EZ
saami_skolt	salty	1		sälttai				sæltːɑi		s æ l tː ɑ i	1	f	north germanic	clear					AlguDB	SKosSk
saami_south	salty	1		saelhties				sɑelhties		s ɑ e l h t i e s	1	f								NSsNdb
saami_ume	salty	1		sàlltàja				sɑlːtɑjɑ		s ɑ lː t ɑ j ɑ	1	f	north germanic	clear					AlguDB	WbWlap
selkup_northern	salty	1		śāq		śāq		ɕɑːq		ɕ ɑː q	4	d	ob-ugric	possible			This 'salt'; 'salty' expressed with an adjectival form		UEW	SolkWb
udmurt	salty	1		kuźi̮t		kuźi̮t		kuʑɯt		k u ʑ ɯ t	2	b								WotjWsch
veps	salty	1		solakaz				solɑkɑz		s o l ɑ k ɑ z	1	a	indo-european	clear	Possibly loaned from Baltic				SSA	VVS
votic_western	salty	1		sōlan		sōlan		soːlɤin		s oː l ɤ i n	1	a	indo-european	clear	Possibly loaned from Baltic				SSA	VKJMS
erzya	sand	1		čovar		čovar		pesok		p e s o k	10	t						SES, Versinin2011		
estonian_south	sand	1		liiv				liːv		l iː v	3	c	germanic	possible					Junttila2012	VESr
estonian_standard	sand	1		liiv		liiv		liːv		l iː v	3	c	germanic	possible					Junttila2012	SVSk
finnish_standard	sand	1		hiekka		hiekka		hie̯kːɑ		h i e̯ kː ɑ	1	a								JL
hungarian	sand	1		homok		homok		homok		h o m o k	9	i	west old turkic	clear					WOT	FMSz
ingrian	sand	1		līva		līva		liːvɑ		l iː v ɑ	3	c	germanic	possible					Junttila2012	InkmSk
karelian_proper	sand	1		hiekka				hiekːɑ		h i e kː ɑ	1	a	finnish	possible					SSA	KKSV
khanty_vakh_vasyugan	sand	1		săŋki̮		săŋki̮		sɑ̆ŋkɯ		s ɑ ̆ ŋ k ɯ	13	m								DEWbOstj
komi_permyak	sand	1		pese̮k		pese̮k		pesɤk		p e s ɤ k	7	q	russian	clear					MH	KoPRSl
komi_zyrian	sand	1		li̮a		li̮a		lɯɑ		l ɯ ɑ	19	s			Cognacy with Finnic *līva improbable					SyrjWsch
livonian_courland	sand	1		jõugõ				jɯuɡɯ		j ɯ u ɡ ɯ	4	d								LivWb
mansi_sosva	sand	1		sēj		sēj		seːj		s eː j	11	k								WogWb
mari_hill	sand	1		ošma				oʃmɑ		o ʃ m ɑ	8	h								
mari_meadow	sand	1		ošma		ošma		oʃmɑ		o ʃ m ɑ	8	h								SMSk, TscherWb
moksha	sand	1		šuvar				ʃuvɑr		ʃ u v ɑ r	10	t						SES, Versinin2011		
nenets_tundra	sand	1		təb°				təb		t ə b	14	n								JurSWb
nganasan	sand	1		dʹū		dʹū		dʲuː		dʲ uː	17	r			"Cognacy with Ud ""luo"" etc. improbable"					SlNgaRus
proto_uralic	sand	1	not_reconstructable																	UEW, Sam88
saami_inari	sand	1		čunoi				t͡ʃunoi		t͡ʃ u n o i	16	p								InsSSk
saami_kildin	sand	1		vūntas		vuuntas		vuːntɑs		v uː n t ɑ s	6	f								WOLD
saami_north	sand	1		sáttu				sɑːtːu		s ɑː tː u	5	e	north germanic	clear					SSA	SSSg
saami_pite	sand	1		sádde				sɑːtte		s ɑː t t e	5	e	north germanic	clear					SSA	EZ
saami_skolt	sand	1		vuõddâs				vuədːɐs		v u ə dː ɐ s	6	f								SKosSk
saami_south	sand	1		saedtie				sɑedtie		s ɑ e d t i e	5	e	north germanic	clear					SSA	NSsNdb
saami_ume	sand	1		sàddee				sɑtteː		s ɑ t t eː	5	e	north germanic	clear					SSA	WbWlap
selkup_northern	sand	1		kōra		kōra		koːrɑ		k oː r ɑ	15	o								SolkWb
udmurt	sand	1		luo		luo		luo		l u o	19	s			Cognacy with Finnic *līva improbable					WotjWsch
veps	sand	1		lʹete				lʲete		lʲ e t e	2	b								VVS
votic_western	sand	1		līva		līva		liːv		l iː v	3	c	germanic	possible					Junttila2012	VKJMS
erzya	say	1		jovtams		jovtams		jovtɑms		j o v t ɑ m s	2	b			From PFW (FU?) *jukta- 'speak, tell'					MordWb
erzya	say	2		meŕems		meŕems		merʲems		m e rʲ e m s	11	k	russian	probable					Versinin2004	MordWb
estonian_south	say	1		ütlemä				ytlemæ		y t l e m æ	2	b			From PFW (FU?) *jukta- 'speak, tell'					VESr
estonian_standard	say	1		ütelda		üttelta		ytːeltɑ		y tː e l t ɑ	2	b			From PFW (FU?) *jukta- 'speak, tell'					SVSk
estonian_standard	say	2		öelda		öelta		øeltɑ		ø e l t ɑ	2	b			From PFW (FU?) *jukta- 'speak, tell'					SVSk
finnish_standard	say	1		sanoa		sanoa		sɑno̞ɑ		s ɑ n o̞ ɑ	1	a								JL
hungarian	say	1		mond		mond		mond		m o n d	12	l								FMSz
ingrian	say	1		san̆nōa		saňnōa		sɑɳnoːɑ		s ɑ ɳ n oː ɑ	1	a								InkmSk
ingrian	say	2		verkkā		verkkā		verkːɑː		v e r kː ɑː	22	v	finnish	possible					SSA	InkmSk
karelian_proper	say	1		paissa				pɑisːɑ		p ɑ i sː ɑ	16	p								KKSV
karelian_proper	say	2		sanuo				sɑnuo		s ɑ n u o	1	a								KKSV
khanty_vakh_vasyugan	say	1		at-		at-		ɑt-		ɑ t	10	j	tungusic	possible					Futaky1975, UEW	DEWbOstj
khanty_vakh_vasyugan	say	2		tŏḷəɣ-		tŏḷəɣ-		tŏɭəɣ-		t o ̆ ɭ ə ɣ	18	r								DEWbOstj
komi_permyak	say	1		šuni̮		šuni̮		ʃunɯ		ʃ u n ɯ	14	n	north-western-indo-european	probable					Csucs2005, UEW, Koivulehto1991	KoPRSl
komi_permyak	say	2		viśtavni̮		viśtavni̮		viɕtɑvnɯ		v i ɕ t ɑ v n ɯ	13	m								KoPRSl
komi_zyrian	say	1		šuni̮		šuni̮		ʃunɯ		ʃ u n ɯ	14	n	north-western-indo-european	probable					Csucs2005, UEW, Koivulehto1991	SyrjWsch
livonian_courland	say	1		kītõ				kiːtɯ		k iː t ɯ	4	d	baltic	possible					Junttila2015	LivWb
mansi_sosva	say	1		lāwi		lāwi		lɑːwi		l ɑː w i	17	q								WogWb
mari_hill	say	1		kelesäš				kelesæʃ		k e l e s æ ʃ	26	y	chuvash	clear				TscherWb	TscherWb	
mari_hill	say	2		manaš				mɑnɑʃ		m ɑ n ɑ ʃ	12	l								
mari_meadow	say	1		kalasem		kalasem		kɑlɑsem		k ɑ l ɑ s e m	26	y	chuvash	clear				TscherWb	TscherWb	
mari_meadow	say	2		ojlem		ojlem		ojlem		o j l e m	20	t	chuvash	clear	"Deriv. from ""oj"" 'speech, word'"				TscherWb	SMSk, TscherWb
moksha	say	1		azoms				ɑzoms		ɑ z o m s	27	z			All parallels with FU language highly uncertain			MdH		
nenets_tundra	say	1		mancy°				mɑnt͡sʲ		m ɑ n t͡sʲ	12	l								JurSWb
nganasan	say	1		munsa		munsa		munsɑ		m u n s ɑ	12	l								SlNgaRus
proto_uralic	say	1		*manV-				mɑnV		m ɑ n V	12	l					Correspondences unclear			UEW, Sam88
saami_inari	say	1		ettađ				etːɑð		e tː ɑ ð	23	t								InsSSk
saami_kildin	say	1		ciellh’ke		ciellʹke		ciel̥ːʲke		c i e l̥ːʲ k e	9	i								WOLD
saami_north	say	1		dadjat				tɑɟɑt		t ɑ ɟ ɑ t	5	e								SSSg
saami_north	say	2		lohkat				lohkɑt		l o h k ɑ t	6	f								SSSg
saami_pite	say	1		hållåt				hɔlːɔt		h ɔ lː ɔ t	25	x								EZ
saami_pite	say	2		rudnat				rutnɑt		r u t n ɑ t	24	w								EZ
saami_skolt	say	1		ceäʹlǩǩed				t͡seælʲcːed		t͡s e æ lʲ cː e d	9	i								SKosSk
saami_south	say	1		jiehtedh				jiehtedh		j i e h t e d h	8	h								NSsNdb
saami_ume	say	1		jahteet				jɑhteːt		j ɑ h t eː t	8	h								WbWlap
saami_ume	say	2		sàrdnoot				sɑrtnoːt		s ɑ r t n oː t	7	g	finnic	probable					Lehtiranta2001	WbWlap
selkup_northern	say	1		ke̮t-		ke̮t-		kɤt-		k ɤ t	19	s								SolkWb
udmurt	say	1		šui̮ni̮		šui̮ni̮		ʃuɯnɯ		ʃ u ɯ n ɯ	14	n	north-western-indo-european	probable					Csucs2005, UEW, Koivulehto1991	WotjWsch
udmurt	say	2		verani̮		verani̮		verɑnɯ		v e r ɑ n ɯ	15	o								WotjWsch
veps	say	1		sanuda				sɑnudɑ		s ɑ n u d ɑ	1	a								VVS
votic_western	say	1		jutõlla		jutè̮lla		jutːɤ̀mɑ		j u tː ɤ̀ m ɑ	2	b								VKJMS
erzya	scratch	1		nozoŕams		nozoŕams		nozorʲɑms		n o z o rʲ ɑ m s	12	l								MordWb
estonian_south	scratch	1		kraap'ma				krɑːpʲmɑ		k r ɑː pʲ m ɑ	1	a	north germanic	probable					SSA	VESr
estonian_south	scratch	2		rääp'mä				ræːpʲmæ		r æː pʲ m æ	1	a	north germanic	probable					SSA	VESr
estonian_standard	scratch	1		sügada		sügata		syɡɑtɑ		s y ɡ ɑ t ɑ	3	c						EES		
finnish_standard	scratch	1		raapia		raapia		rɑːpiɑ		r ɑː p i ɑ	1	a	north germanic	probable					SSA	JL
hungarian	scratch	1		vakar		vakar		vɒkɒr		v ɒ k ɒ r	10	j								FMSz
ingrian	scratch	1		krāppia	rāppia	krāppia	rāppia	krɑːpːiɑ	rɑːpːiɑ	k r ɑː pː i ɑ	1	a	north germanic	probable					SSA	InkmSk
karelian_proper	scratch	1		(k)roapie				kroɑpie		k r o ɑ p i e	1	a	north germanic	probable					SSA	KKSV
karelian_proper	scratch	2		kynsie				kynsie		k y n s i e	2	b								KKSV
khanty_vakh_vasyugan	scratch	1		kö̆ṇč-		kö̆ṇč-		kø̆ɳtʃ-		k ø ̆ ɳ tʃ	2	b								DEWbOstj
komi_permyak	scratch	1		gi̮žjavni̮		gi̮žjavni̮		ɡɯʒjɑvnɯ		ɡ ɯ ʒ j ɑ v n ɯ	2	b								KoPRSl
komi_zyrian	scratch	1		gi̮žjavni̮		gi̮žjavni̮		ɡɯʒjɑvnɯ		ɡ ɯ ʒ j ɑ v n ɯ	2	b								SyrjWsch
livonian_courland	scratch	1		sõvvõ				sɯvːɯ		s ɯ vː ɯ	3	c								LivWb
mansi_sosva	scratch	1		konsi		konsi		konsi		k o n s i	2	b								WogWb
mari_hill	scratch	1		ə̑də̑raš				ədərɑʃ		ə d ə r ɑ ʃ	7	g								
mari_meadow	scratch	1		uδə̑rem		uδə̑rem		uðərem		u ð ə r e m	7	g								SMSk, TscherWb
moksha	scratch	1		kit'ńəms				kitʲnʲəms		k i tʲ nʲ ə m s	6	p						SES		
nenets_tundra	scratch	1		xədyecy°				xədʲet͡sʲ		x ə dʲ e t͡sʲ	2	b								JurSWb
nganasan	scratch	1		kaðaˀsa		kaδaˀsa		kɑðɑʔsɑ		k ɑ ð ɑ ʔ s ɑ	2	b				'Scratch, touch, reach'				SlNgaRus
proto_uralic	scratch	1		*künči- ?				kynt͡ʃi		k y n t͡ʃ i	2	b					Word for 'nail, claw' used as a verb in this meaning?; parallel development possible			UEW, Sam88
saami_inari	scratch	1		ruokkâđ				ruokːəð		r u o kː ə ð	4	d	finnic	possible					SSA	InsSSk
saami_kildin	scratch	1		suvve		suvve		suvːe		s u vː e	3	c						SES		WOLD
saami_north	scratch	1		ruohkkat				ruohkːɑt		r u o h kː ɑ t	4	d	finnic	possible					SSA	SSSg
saami_pite	scratch	1		kruahkat				kruɑhkɑt		k r u ɑ h k ɑ t	4	d	finnic	possible					SSA	EZ
saami_skolt	scratch	1		ruõtˈtâd				ruətːɐd		r u ə tː ɐ d	5	e								SKosSk
saami_south	scratch	1		goepedh				ɡuepedh		ɡ u e p e d h	14	n								NSsNdb
saami_south	scratch	2		kroehkedh				kruehkedh		k r u e h k e d h	4	d	finnic	possible					SSA	NSsNdb
saami_ume	scratch	1		kruahkat				kruɑhkɑt		k r u ɑ h k ɑ t	4	d	finnic	possible					SSA	WbWlap
selkup_northern	scratch	1		qatət-		qatət-		qɑtət-		q ɑ t ə t	2	b			"Deriv. from ""qatə"" 'nail, claw'"					SolkWb
udmurt	scratch	1		kormani̮		kormani̮		kormɑnɯ		k o r m ɑ n ɯ	9	i								WotjWsch
veps	scratch	1		künsta				kynstɑ		k y n s t ɑ	2	b								VVS
votic_western	scratch	1		tšihguttā		čihguttā		t͡ʃihɡutːɑː		t͡ʃ i h ɡ u tː ɑː	8	o								
erzya	sea	1		ińevedʹ		ińevedʹ		iɲevedʲ		i ɲ e v e dʲ	3	c				Compound; 'big' + 'water'				MordWb
estonian_south	sea	1		meri				meri		m e r i	1	i	baltic	clear					Junttila2015, SSA, EES, NES	VESr
estonian_standard	sea	1		meri		meri		meri		m e r i	1	i	baltic	clear					Junttila2015, SSA, EES, NES	SVSk
finnish_standard	sea	1		meri		meri		me̞ri		m e̞ r i	1	i	baltic	clear					Junttila2015, SSA, EES, NES	JL
hungarian	sea	1		tenger		teŋger		tɛŋɡɛr		t ɛ ŋ ɡ ɛ r	4	m	west old turkic_or_ khazar	possible					WOT, TESz	FMSz
ingrian	sea	1		meri		meri		meri		m e r i	1	i	baltic	clear					Junttila2015, SSA, EES, NES	InkmSk
karelian_proper	sea	1		meri				meri		m e r i	1	i	baltic	clear					Junttila2015, SSA, EES, NES	KKSV
khanty_vakh_vasyugan	sea	1		tʹarəs	tʹaras	tʹarəs	tʹaras	tʲɑrəs	tʲɑrɑs	tʲ ɑ r ə s	5	l	komi	clear					Toivonen1956	DEWbOstj
komi_permyak	sea	1		sariʒ́		sariʒ́		sɑridʑ		s ɑ r i dʑ	5	e	indo-iranian_or_iranian	possible					Holopainen2019	KoPRSl
komi_zyrian	sea	1		more		more		more		m o r e	1	j	russian	clear					Kalima1911	SyrjWsch
komi_zyrian	sea	2		sariʒ́		sariʒ́		sɑridʑ		s ɑ r i dʑ	5	e	indo-iranian_or_iranian	possible					Holopainen2019	SyrjWsch
livonian_courland	sea	1		mier	mer			mier		m i e r	1	i	baltic	clear					Junttila2015, SSA, EES, NES	LivWb
mansi_sosva	sea	1		śārəś		śārəś		ɕɑːrəɕ		ɕ ɑː r ə ɕ	5	k	komi	clear					Redei1970	WogWb
mari_hill	sea	1		tangə̑ž				tɑŋɡəʒ		t ɑ ŋ ɡ ə ʒ	4	d	turkic	possible					TscherWb	
mari_meadow	sea	1		teŋə̑z		teŋə̑z		teŋəz		t e ŋ ə z	4	d	turkic	possible					TscherWb	SMSk, TscherWb
moksha	sea	1		moŕä				morʲæ		m o rʲ æ	9	n	russian	clear				SES	MordWb	
nenets_tundra	sea	1		yam				jɑm		j ɑ m	7	g								JurSWb
nganasan	sea	1		dʹam		dʹam		dʲɑm		dʲ ɑ m	7	g								SlNgaRus
nganasan	sea	2		dʹamərə̄		dʹamərə̄		dʲɑmərəː		dʲ ɑ m ə r əː	7	g								SlNgaRus
proto_uralic	sea	1	not_reconstructable																	UEW, Sam88
saami_inari	sea	1		meerâ				meːrə		m eː r ə	1	a	finnic	clear					Sammallahti1998	InsSSk
saami_kildin	sea	1		mierr		mierr		mierː		m i e rː	1	a	finnic	clear					Riessler2009	WOLD
saami_north	sea	1		mearra				meærːɑ		m e æ rː ɑ	1	a	finnic	clear					Sammallahti1998	SSSg
saami_pite	sea	1		merra				merːɑ		m e rː ɑ	1	a	finnic	clear					Sammallahti1998	EZ
saami_pite	sea	2		sevva				sevːɑ		s e vː ɑ	2	b	north germanic	clear					Lagercrantz1939	EZ
saami_skolt	sea	1		miârr				miɐrː		m i ɐ rː	1	a	finnic	clear					Sammallahti1998	SKosSk
saami_south	sea	1		mearoe				meɑrue		m e ɑ r u e	1	a	finnic	clear					Sammallahti1998	NSsNdb
saami_south	sea	2		saelhtie				sɑelhtie		s ɑ e l h t i e	8	h	north germanic	clear		'Salt, sea'			Lagercrantz1939	NSsNdb
saami_ume	sea	1		sèuva				seuvɑ		s e u v ɑ	2	b	north germanic	clear	"Cf. Sw ""sjö"" 'sea, lake'"				Lagercrantz1939	WbWlap
selkup_northern	sea	1		ćāsi		ćāsi		tɕɑːsi		tɕ ɑː s i	6	f								SolkWb
udmurt	sea	1		zareź		zareź		zɑreʑ		z ɑ r e ʑ	5	e	indo-iranian_or_iranian	possible					Holopainen2019	WotjWsch
veps	sea	1		meŕi				merʲi		m e rʲ i	1	i	baltic	clear					Junttila2015, SSA, EES, NES	VVS
votic_western	sea	1		meri		meri		meri		m e r i	1	i	baltic	clear					Junttila2015, SSA, EES, NES	VKJMS
erzya	see	1		ńejems		ńejems		ɲejems		ɲ e j e m s	1	a								MordWb
estonian_south	see	1		nägemä				næɡemæ		n æ ɡ e m æ	1	a								VESr
estonian_standard	see	1		näha		näha		næhɑ		n æ h ɑ	1	a								SVSk
finnish_standard	see	1		nähdä		nähdä		næçdæ		n æ ç d æ	1	a								JL
hungarian	see	1		lát		laat		laːt		l aː t	6	f			Has possible cognates in Sd					FMSz
ingrian	see	1		nähhä		nähhä		næhːæ		n æ hː æ	1	a								InkmSk
karelian_proper	see	1		nähä				næhæ		n æ h æ	1	a								KKSV
khanty_vakh_vasyugan	see	1		wu-		wu-		wu-		w u	7	g								DEWbOstj
komi_permyak	see	1		aʒ́ʒ́i̮ni̮		aʒ́ʒ́i̮ni̮		ɑdʑːɯnɯ		ɑ dʑː ɯ n ɯ	5	e								KoPRSl
komi_permyak	see	2		viʒ́e̮tni̮		viʒ́e̮tni̮		vidʑɤtnɯ		v i dʑ ɤ t n ɯ	9	i								KoPRSl
komi_zyrian	see	1		aʒ́ʒ́i̮ni̮		aʒ́ʒ́i̮ni̮		ɑdʑːɯnɯ		ɑ dʑː ɯ n ɯ	5	e								SyrjWsch
livonian_courland	see	1		nǟdõ				næːdɯ		n æː d ɯ	1	a								LivWb
mansi_sosva	see	1		wāɣ		wāɣ		wɑːɣ		w ɑː ɣ	7	g								WogWb
mari_hill	see	1		užaš				uʒɑʃ		u ʒ ɑ ʃ	3	c								
mari_meadow	see	1		užam		užam		uʒɑm		u ʒ ɑ m	3	c			From PFV *wača- 'see' ?					SMSk, TscherWb
moksha	see	1		ńäjems				nʲæjems		nʲ æ j e m s	1	a								
nenets_tundra	see	1		mənecy°				mənet͡sʲ		m ə n e t͡sʲ	8	h								JurSWb
nganasan	see	1		ŋəδüśa		ŋəδüśa		ŋəðyɕɑ		ŋ ə ð y ɕ ɑ	10	j				"'See, notice'; deriv. from ""ŋəδu"" 'colour, appearance'"				SlNgaRus
nganasan	see	2		śejmi̮ˀsi̮		śejmi̮ˀsi̮		ɕejmɯʔsɯ		ɕ e j m ɯ ʔ s ɯ	11	k			Deriv. from PU *śilmä 'eye'	'See, notice'				SlNgaRus
proto_uralic	see	1	not_reconstructable														UEW: PU *wȣjV- ?; however, in Ug and Sd only			UEW, Sam88
saami_inari	see	1		uáiniđ				uæinið		u æ i n i ð	2	b	indo-iranian_or_iranian	possible					Holopainen2018, Holopainen2019, HolopainenJunttila2022, Koivulehto2001	InsSSk
saami_kildin	see	1		ujjne		ujjne		ujːne		u jː n e	2	b	indo-iranian_or_iranian	possible					Holopainen2018, Holopainen2019, HolopainenJunttila2022, Koivulehto2001	WOLD
saami_north	see	1		oaidnit				oɑitnit		o ɑ i t n i t	2	b	indo-iranian_or_iranian	possible					Holopainen2018, Holopainen2019, HolopainenJunttila2022, Koivulehto2001	SSSg
saami_pite	see	1		vuäjdnet				vuæjtnet		v u æ j t n e t	2	b	indo-iranian_or_iranian	possible					Holopainen2018, Holopainen2019, HolopainenJunttila2022, Koivulehto2001	EZ
saami_skolt	see	1		vueiʹnned				vueinʲːed		v u e i nʲː e d	2	b	indo-iranian_or_iranian	possible					Holopainen2018, Holopainen2019, HolopainenJunttila2022, Koivulehto2001	SKosSk
saami_south	see	1		vuejnedh				vuejnedh		v u e j n e d h	2	b	indo-iranian_or_iranian	possible					Holopainen2018, Holopainen2019, HolopainenJunttila2022, Koivulehto2001	NSsNdb
saami_ume	see	1		vüeidˈneet				vyeitˈneːt		v y e i tˈ n eː t	2	b	indo-iranian_or_iranian	possible					Holopainen2018, Holopainen2019, HolopainenJunttila2022, Koivulehto2001	WbWlap
selkup_northern	see	1		mančə-		mančə-		mɑntʃə-		m ɑ n tʃ ə	8	h								SolkWb
udmurt	see	1		aʒ́ʒ́i̮ni̮		aʒ́ʒ́i̮ni̮		ɑdʑːɯnɯ		ɑ dʑː ɯ n ɯ	5	e								WotjWsch
veps	see	1		ńähta				nʲæxtɑ		nʲ æ x t ɑ	1	a								VVS
votic_western	see	1		nähä		nähä		nætʃemæ		n æ tʃ e m æ	1	a								VKJMS
erzya	seed	1		vidʹme		vidʹme		vidʲme		v i dʲ m e	2	b								MordWb
estonian_south	seed	1		seemeq	seemen			seːmeʔ		s eː m e ʔ	1	a	baltic	clear					Junttila2015, SSA, EES, NES	VESr
estonian_standard	seed	1		seeme		seeme		seːme		s eː m e	1	a	baltic	clear					Junttila2015, SSA, EES, NES	SVSk
finnish_standard	seed	1		siemen		siemen		sie̞me̞n		s i e̞ m e̞ n	1	a	baltic	clear					Junttila2015, SSA, EES, NES	JL
hungarian	seed	1		mag		mag		mɒɡ		m ɒ ɡ	6	f			From PFU *muŋkV 'body'					FMSz
ingrian	seed	1		sēmen		sēmen		seːmen		s eː m e n	1	a	baltic	clear					Junttila2015, SSA, EES, NES	InkmSk
karelian_proper	seed	1		siemen				siemen		s i e m e n	1	a	baltic	clear					Junttila2015, SSA, EES, NES	KKSV
khanty_vakh_vasyugan	seed	1		länsem		länsem		lænsem		l æ n s e m	12	l				"Comp.; ""länt"" 'grain, barley, rye etc.'"				DEWbOstj
khanty_vakh_vasyugan	seed	2		sem		sem		sem		s e m	8	h			From PU *śilmä	'Eye, seed of grain'				DEWbOstj
komi_permyak	seed	1		ke̮ʒ́i̮s		ke̮ʒ́i̮s		kɤdʑɯs		k ɤ dʑ ɯ s	5	e				'Seed of grain'				KoPRSl
komi_permyak	seed	2		tuś		tuś		tuɕ		t u ɕ	4	d	volga bulgar turkic	clear		'Seed of fruit'			Csucs2005, RedeiRonaTas1972, KESK	KoPRSl
komi_zyrian	seed	1		ke̮idi̮s		ke̮idi̮s		kɤidɯs		k ɤ i d ɯ s	5	e								SyrjWsch
livonian_courland	seed	1		sīemgõz				siːemɡɯz		s iː e m ɡ ɯ z	1	a	baltic	clear					Junttila2015, SSA, EES, NES	LivWb
mansi_sosva	seed	1		ūrlaχ		ūrlaχ		uːrlɑx		uː r l ɑ x	7	g	tatar	clear			Form used in dialect of Sosva in recent times not found		DEWOS	WogWb
mari_hill	seed	1		nüšmə				nyʃmə		n y ʃ m ə	3	c								
mari_meadow	seed	1		nöšmö		nöšmö		nøʃmø		n ø ʃ m ø	3	c								SMSk, TscherWb
moksha	seed	1		vid'mä				vidʲmæ		v i dʲ m æ	2	b								
nenets_tundra	seed	1		syíbyako				sʲibʲɑko		sʲ i bʲ ɑ k o	11	o						SES		T65
nganasan	seed	1	form_not_found																	SlNgaRus
proto_uralic	seed	1	not_reconstructable																	UEW, Sam88
saami_inari	seed	1		siemâ				siemə		s i e m ə	1	a	baltic	clear					SSA	InsSSk
saami_kildin	seed	1		siem		siem		siem		s i e m	1	a	baltic	probable					Riessler2009	WOLD
saami_north	seed	1		siepman				siepmɑn		s i e p m ɑ n	1	a	baltic	clear					SSA	SSSg
saami_pite	seed	1		sádjo				sɑːɟo		s ɑː ɟ o	10	j	north germanic	clear					SSA	EZ
saami_skolt	seed	1		sieʹm	siõm			siemʲ		s i e mʲ	1	a	baltic	clear					SSA	SKosSk
saami_south	seed	1	form_not_found																	NSsNdb
saami_ume	seed	1		sàjjoo				sɑjːoː		s ɑ jː oː	10	j	north germanic	clear		'Sowing, seed'?			SSA	WbWlap
selkup_northern	seed	1		mummol		mummol		mumːol		m u mː o l	9	i								SolkWb
udmurt	seed	1		kidi̮s		kidi̮s		kidɯs		k i d ɯ s	5	e								WotjWsch
udmurt	seed	2		ti̮ś		ti̮ś		tɯɕ		t ɯ ɕ	4	d	volga bulgar turkic	clear					Csucs2005, RedeiRonaTas1972, KESK	WotjWsch
veps	seed	1		semen				semen		s e m e n	1	a	baltic	clear					Junttila2015, SSA, EES, NES	VVS
votic_western	seed	1		sēmē		sēmē		seːmeː		s eː m eː	1	a	baltic	clear					Junttila2015, SSA, EES, NES	VKJMS
erzya	sew	1		stams		stams		stɑms		s t ɑ m s	3	c								MordWb
estonian_south	sew	1		umblõma				umblɤmɑ		u m b l ɤ m ɑ	1	a								VESr
estonian_standard	sew	1		õmmelda		ə̑mmelta		ɤmːeltɑ		ɤ mː e l t ɑ	1	a								SVSk
finnish_standard	sew	1		ommella		ommella		o̞mːe̞lːɑ		o̞ mː e̞ lː ɑ	1	a								JL
hungarian	sew	1		varr		varr		vɒrː		v ɒ rː	4	d								FMSz
ingrian	sew	1		ommella		ommella		omːelːɑ		o mː e lː ɑ	1	a								InkmSk
karelian_proper	sew	1		ommella				omːelːɑ		o mː e lː ɑ	1	a								KKSV
khanty_vakh_vasyugan	sew	1		jant-		jant-		jɑnt-		j ɑ n t	5	e								DEWbOstj
khanty_vakh_vasyugan	sew	2		ji̮n-		ji̮n-		jɯn-		j ɯ n	7	g								DEWbOstj
komi_permyak	sew	1		vurni̮		vurni̮		vurnɯ		v u r n ɯ	4	d								KoPRSl
komi_zyrian	sew	1		vurni̮		vurni̮		vurnɯ		v u r n ɯ	4	d								SyrjWsch
livonian_courland	sew	1		umblõ				umblɯ		u m b l ɯ	1	a								LivWb
mansi_sosva	sew	1		jūnti		jūnti		juːnti		j uː n t i	5	e								WogWb
mari_hill	sew	1		ə̑rgaš				ərɡɑʃ		ə r ɡ ɑ ʃ	4	d								
mari_meadow	sew	1		urɣem		urɣem		urɣem		u r ɣ e m	4	d								SMSk, TscherWb
moksha	sew	1		stams				stɑms		s t ɑ m s	3	c								
nenets_tundra	sew	1		sædə°				sædə		s æ d ə	6	f								JurSWb
nganasan	sew	1		sočədʹa		sočədʹa		sotʃədʲɑ		s o tʃ ə dʲ ɑ	6	f				'Sew, embroider'				SlNgaRus
nganasan	sew	2		sonsi̮dʹi		sonsi̮dʹi		sonsɯdʲi		s o n s ɯ dʲ i	8	h								SlNgaRus
proto_uralic	sew	1	not_reconstructable														PFU: *workV-			UEW, Sam88
saami_inari	sew	1		kuárruđ				kuærːuð		k u æ rː u ð	2	b								InsSSk
saami_kildin	sew	1		kuarre		kuarre		kuɑrːe		k u ɑ rː e	2	b								WOLD
saami_north	sew	1		goarrut				koɑrːut		k o ɑ rː u t	2	b								SSSg
saami_pite	sew	1		gårrot				kɔrːot		k ɔ rː o t	2	b								EZ
saami_skolt	sew	1		kuärrad				kuærːɑd		k u æ rː ɑ d	2	b								SKosSk
saami_south	sew	1		gåarodh				ɡɔɑrodh		ɡ ɔ ɑ r o d h	2	b								NSsNdb
saami_ume	sew	1		gå̀rroot				kɔrːoːt		k ɔ rː oː t	2	b								WbWlap
selkup_northern	sew	1		śǖttə-		śǖttə-		ɕyːtːə-		ɕ yː tː ə	6	f								SolkWb
udmurt	sew	1		vuri̮ni̮		vuri̮ni̮		vurɯnɯ		v u r ɯ n ɯ	4	d								WotjWsch
veps	sew	1		ombelta				ombeltɑ		o m b e l t ɑ	1	a								VVS
votic_western	sew	1		õmmõlla		e̮mme̮lla		ɤmːɤlːɑ		ɤ mː ɤ lː ɑ	1	a								EESR
erzya	shadow	1		sulʹej		sulʹej		suʎej		s u ʎ e j	6	f								MordWb
estonian_south	shadow	1		vari				vɑri		v ɑ r i	1	a	germanic	probable	"Cf. ON ""verja"" 'defence, protection'"				LAGLOS	VESr
estonian_standard	shadow	1		vari		vari		vɑri		v ɑ r i	1	a	germanic	probable	"Cf. ON ""verja"" 'defence, protection'"				LAGLOS	SVSk
finnish_standard	shadow	1		varjo		varjo		ʋɑrjo̞		ʋ ɑ r j o̞	1	a	germanic	probable	"Cf. ON ""verja"" 'defence, protection'"				LAGLOS	JL
hungarian	shadow	1		árny(ék)		aarń(eek)		aːrɲ(eːk)			9	i					"""Árnyék"" is deriv."			FMSz
ingrian	shadow	1		kup̆pāhuz		kup̆pāhuz		kup̆pɑːhuz		k u p ̆ p ɑː h u z	2	b								InkmSk
karelian_proper	shadow	1		kuvahaine				kuvɑhɑine		k u v ɑ h ɑ i n e	2	b								KKSV
karelian_proper	shadow	2		pilves				pilves		p i l v e s	3	c								KKSV
khanty_vakh_vasyugan	shadow	1		iləs		iləs		iləs		i l ə s	11	k								DEWbOstj
komi_permyak	shadow	1		vuǯe̮r		vuǯe̮r		vudʒɤr		v u dʒ ɤ r	8	h								KoPRSl
komi_zyrian	shadow	1		vuǯe̮r		vuǯe̮r		vudʒɤr		v u dʒ ɤ r	8	h								SyrjWsch
livonian_courland	shadow	1		vōŗ				voːrʲ		v oː rʲ	1	a	germanic	probable	"Cf. ON ""verja"" 'defence, protection'"				LAGLOS	LivWb
mansi_sosva	shadow	1		is		is		is		i s	10	j			From PFU *ići 'shadow, shadow soul'					WogWb
mari_hill	shadow	1		əməl				əməl		ə m ə l	7	g	chuvash	clear					TscherWb	
mari_meadow	shadow	1		ümə̑l		ümə̑l		yməl		y m ə l	7	g	chuvash	clear					TscherWb	SMSk, TscherWb
moksha	shadow	1		ćil'f				t͡sʲilʲf		t͡sʲ i lʲ f	13	m						SES		
nenets_tundra	shadow	1		tyíd°				tʲid		tʲ i d	12	l			Deriv. from PSd *tiə 'cloud'					JurSWb
nganasan	shadow	1		čiəbə		čiəbə		tʃiəbə		tʃ i ə b ə	12	l			Deriv. from PSd *tiə 'cloud'					SlNgaRus
proto_uralic	shadow	1	not_reconstructable														PFU: *ići 'shadow, shadow soul'			UEW, Sam88
saami_inari	shadow	1		suoivâ				suoivə		s u o i v ə	4	d								InsSSk
saami_kildin	shadow	1		kɨvv’n		kə̑vvʹn		kɨvːʲn		k ɨ vːʲ n	5	e								WOLD
saami_north	shadow	1		suoivva				suoivːɑ		s u o i vː ɑ	4	d								SSSg
saami_pite	shadow	1		suojvanis				suojvɑnis		s u o j v ɑ n i s	4	d								EZ
saami_skolt	shadow	1		ǩeeuʹniǩ				ceːunʲic		c eː u nʲ i c	5	e								SKosSk
saami_south	shadow	1		soejvene				suejvene		s u e j v e n e	4	d								NSsNdb
saami_ume	shadow	1		suaiˈvana				suɑiˈvɑnɑ		s u ɑ iˈ v ɑ n ɑ	4	d								WbWlap
selkup_northern	shadow	1		tīkka		tīkka		tiːkːɑ		t iː kː ɑ	12	l			Deriv. from PSd *tiə 'cloud'					SolkWb
udmurt	shadow	1		vužer		vužer		vuʒer		v u ʒ e r	8	h								WotjWsch
veps	shadow	1		pilʹvez				pilʲvez		p i lʲ v e z	3	c								VVS
veps	shadow	2		kuvahaine				kuvɑhɑine		k u v ɑ h ɑ i n e	2	b						SES		
votic_western	shadow	1		varjo		varjo		vɑrjo		v ɑ r j o	1	a	germanic	probable	"Cf. ON ""verja"" 'defence, protection'"				LAGLOS	VKJMS
erzya	shake	1		čukadʹems		čukadʹems		tʃukɑdʲems		tʃ u k ɑ dʲ e m s	8	h								MordWb
erzya	shake	2		sornovtoms		sornovtoms		sornovtoms		s o r n o v t o m s	9	i								MordWb
erzya	shake	3		tʹerńevtʹems		tʹerńevtʹems		tʲerɲevtʲems		tʲ e r ɲ e v tʲ e m s	10	j								MordWb
estonian_south	shake	1		raputama				rɑputɑmɑ		r ɑ p u t ɑ m ɑ	3	c								VESr
estonian_south	shake	2		rapahtama				rɑpɑhtɑmɑ		r ɑ p ɑ h t ɑ m ɑ	3	c								VESr
estonian_south	shake	3		rapahutma				rɑpɑhutmɑ		r ɑ p ɑ h u t m ɑ	3	c								VESr
estonian_standard	shake	1		raputada		rapputtata		rɑpːutːɑtɑ		r ɑ pː u tː ɑ t ɑ	3	c								SVSk
finnish_standard	shake	1		ravistaa		ravistaa		rɑʋist̪ɑː		r ɑ ʋ i s t̪ ɑː	1	a								JL
hungarian	shake	1		ráz		raaz		raːz		r aː z	26	az								FMSz
ingrian	shake	1		puissella		puissella		puisːelːɑ		p u i sː e lː ɑ	2	b	indo-european	possible					SSA, EES	InkmSk
karelian_proper	shake	1		puistoa				puistoɑ		p u i s t o ɑ	2	b	indo-european	possible					SSA, EES	KKSV
khanty_vakh_vasyugan	shake	1		nö̆ɣǝt-	ṇö̆ɣǝt-	nö̆ɣət-	ṇö̆ɣət-	nø̆ɣət-	ɳø̆ɣət-	n ø ̆ ɣ ə t	22	v								DEWbOstj
komi_permyak	shake	1		pi̮rke̮tni̮		pi̮rke̮tni̮		pɯrkɤtnɯ		p ɯ r k ɤ t n ɯ	24	x								KoPRSl
komi_permyak	shake	2		treke̮tni̮		treke̮tni̮		trekɤtnɯ		t r e k ɤ t n ɯ	25	y								KoPRSl
komi_zyrian	shake	1		pi̮rke̮dni̮				pɨrkədnɨ		p ɨ r k ə d n ɨ	24	x						SES		
livonian_courland	shake	1		veržtõ				verʒtɯ		v e r ʒ t ɯ	4	d			Cogn. with Fin “väristää” 'make shiver'					LivWb
livonian_courland	shake	2		repțõ				repcɯ		r e p c ɯ	5	e			From PFU ?*räppä- ?					LivWb
mansi_sosva	shake	1		rēpi		rēpi		reːpi		r eː p i	5	aa			From PFU ?*räppä- ?					WogWb
mansi_sosva	shake	2		rēχti		rēχti		reːxti		r eː x t i	19	s								WogWb
mari_hill	shake	1		ərzäš				ərzæʃ		ə r z æ ʃ	12	l						SES, Versinin2018		
mari_hill	shake	2		ərzäläš				ərzælæʃ		ə r z æ l æ ʃ	12	l						SES, Versinin2018		
mari_meadow	shake	1		čə̑tə̑rə̑ktem		čə̑tə̑rə̑ktem		tʃətərəktem		tʃ ə t ə r ə k t e m	11	k	chuvash	probable					TscherWb	SMSk, TscherWb
mari_meadow	shake	2		loŋam		loŋam		loŋɑm		l o ŋ ɑ m	13	m								SMSk, TscherWb
mari_meadow	shake	3		rüzem		rüzem		ryzem		r y z e m	12	l								SMSk, TscherWb
moksha	shake	1		šukad'ems				ʃukɑdʲems		ʃ u k ɑ dʲ e m s	8	h								
nenets_tundra	shake	1		lyed°rəltye-				lʲedrəltʲe-		lʲ e d r ə l tʲ e	20	t								JurSWb
nganasan	shake	1		torkičusa		torkičusa		torkitʃusɑ		t o r k i tʃ u s ɑ	27	ab				'Shake, wake up by shaking'				SlNgaRus
proto_uralic	shake	1	not_reconstructable																	
saami_inari	shake	1	form_not_found																	InsSSk
saami_kildin	shake	1		pušš’te		puššʹte		puʃːʲte		p u ʃːʲ t e	2	w	finnic	clear					SSA	WOLD
saami_north	shake	1		šluvgit				ʃluvkit		ʃ l u v k i t	6	f	north germanic	possible					Lagercrantz1939	SSSg
saami_pite	shake	1		firkot				firkot		f i r k o t	7	g								EZ
saami_pite	shake	2		sjavdnjot				sjɑvtɲot		s j ɑ v t ɲ o t	18	r								EZ
saami_skolt	shake	1		puʹštted				puʃʲtːed		p u ʃʲ tː e d	2	w	finnic	clear					SSA	SKosSk
saami_south	shake	1		såvnjodh				sɔvɲodh		s ɔ v ɲ o d h	18	r								NSsNdb
saami_ume	shake	1		firrʽkat				firːkɑt		f i rː k ɑ t	7	g					"Sic; for ""firrhkat""?"			WbWlap
selkup_northern	shake	1		čupər-		čupər-		tʃupər-		tʃ u p ə r	16	p								SolkWb
udmurt	shake	1		sezjani		sezjani		sezjɑni		s e z j ɑ n i	17	q								WotjWsch
veps	shake	1		pudištada				pudiʃtɑdɑ		p u d i ʃ t ɑ d ɑ	2	b	indo-european	possible					SSA, EES	NRVS
votic_western	shake	1		raputtā		raputtā		rɑputːɑː		r ɑ p u tː ɑː	3	c								VKJMS
erzya	shallow	1		alka		alka		ɑlkɑ		ɑ l k ɑ	4	d					Latter deriv.			MordWb
erzya	shallow	2		alkińe		alkińe		ɑlkiɲe		ɑ l k i ɲ e	4	d					Latter deriv.			MordWb
estonian_south	shallow	1		matal'				mɑtɑlʲ		m ɑ t ɑ lʲ	1	a								VESr
estonian_standard	shallow	1		madal		matal		mɑtɑl		m ɑ t ɑ l	1	a								SVSk
finnish_standard	shallow	1		matala		matala		mɑt̪ɑlɑ		m ɑ t̪ ɑ l ɑ	1	a								JL
hungarian	shallow	1		sekély		šekeej		ʃɛkeːj		ʃ ɛ k eː j	8	h	west old turkic	possible					WOT, TESz, Zaicz2006	FMSz
ingrian	shallow	1		maᴅalain		maᴅalain		mɑd̥ɑlɑin		m ɑ d̥ ɑ l ɑ i n	1	a								InkmSk
karelian_proper	shallow	1		matala				mɑtɑlɑ		m ɑ t ɑ l ɑ	1	a								KKSV
khanty_vakh_vasyugan	shallow	1		sarǝm		sarəm		sɑrəm		s ɑ r ə m	7	g								DEWbOstj
komi_permyak	shallow	1		lʹapki̮t		lʹapki̮t		ʎɑpkɯt		ʎ ɑ p k ɯ t	6	f								KoPRSl, RB
komi_permyak	shallow	2		lažmi̮t		lažmi̮t		lɑʒmɯt		l ɑ ʒ m ɯ t	11	k								KoPRSl
komi_zyrian	shallow	1		lʹapki̮d		lʹapi̮t		ʎɑpɯt		ʎ ɑ p ɯ t	6	f								SyrjWsch
livonian_courland	shallow	1		laìd				lɑid		l ɑ i d	2	b	baltic	possible					Junttila2015	LivWb
mansi_sosva	shallow	1		talkwa		talk˳a		tɑlkʷɑ		t ɑ l kʷ ɑ	9	i								WogWb
mari_hill	shallow	1		koaš				koɑʃ		k o ɑ ʃ	14	n						SES, Versinin2017		
mari_meadow	shallow	1		talʹaka		talʹaka		tɑʎɑkɑ		t ɑ ʎ ɑ k ɑ	5	e								SMSk, TscherWb
mari_meadow	shallow	2		kuakš				tɑʎɑkɑ		t ɑ ʎ ɑ k ɑ	14	n						SES, Versinin2017		
moksha	shallow	1		maćä				mɑt͡sʲæ		m ɑ t͡sʲ æ	13	m								
nenets_tundra	shallow	1		tora				torɑ		t o r ɑ	10	j								JurSWb
nganasan	shallow	1		śiŋə̄		śiŋə̄		ɕiŋəː		ɕ i ŋ əː	12	l								SlNgaRus
nganasan	shallow	2		ti̮rā		ti̮rā		tɯrɑː		t ɯ r ɑː	10	j								SlNgaRus
proto_uralic	shallow	1	not_reconstructable																	UEW, Sam88
saami_inari	shallow	1		cuávis				t͡suævis		t͡s u æ v i s	3	c								InsSSk
saami_kildin	shallow	1		cueg’es’		cuegʹesʹ		cueɡʲesʲ		c u e ɡʲ e sʲ	3	c								WOLD
saami_north	shallow	1		coagis				coɑkis		c o ɑ k i s	3	c								SSSg
saami_pite	shallow	1		tsåhke				t͡sɔhke		t͡s ɔ h k e	3	c								EZ
saami_skolt	shallow	1		cuẹʹǩǩ				t͡suecː		t͡s u e cː	3	c								SKosSk
saami_south	shallow	1		tsåekie				t͡sɔekie		t͡s ɔ e k i e	3	c								NSsNdb
saami_ume	shallow	1		tsååhkee				t͡sɔːhkeː		t͡s ɔː h k eː	3	c								WbWlap
selkup_northern	shallow	1	form_not_found																	SolkWb
udmurt	shallow	1		lapeg		lapeg		lɑpeɡ		l ɑ p e ɡ	6	f								WotjWsch
veps	shallow	1		madal				mɑdɑl		m ɑ d ɑ l	1	a								VVS
votic_western	shallow	1		matala		matala		mɑtɑl		m ɑ t ɑ l	1	a								VKJMS
erzya	share	1		javoms		javoms		jɑvoms		j ɑ v o m s	1	a								MordWb
erzya	share	2		javšems		javšems		jɑvʃems		j ɑ v ʃ e m s	1	a								MordWb
erzya	share	3		satstoms		satstoms		sɑtstoms		s ɑ t s t o m s	3	c								MordWb
estonian_south	share	1		jagama				jɑɡɑmɑ		j ɑ ɡ ɑ m ɑ	1	a								VESr
estonian_standard	share	1		jaotada		jaottata		jɑotːɑtɑ		j ɑ o tː ɑ t ɑ	1	a								SVSk
estonian_standard	share	2		jagada		jakata		jɑkɑtɑ		j ɑ k ɑ t ɑ	1	a								SVSk
finnish_standard	share	1		jakaa		jakaa		jɑkɑː		j ɑ k ɑː	1	a								JL
hungarian	share	1		szétoszt		setost		sɛtost		s ɛ t o s t	5	e								FMSz
hungarian	share	2		kettéoszt		ketteeost		kɛtːeːost		k ɛ tː eː o s t	5	e								FMSz
ingrian	share	1		jak̆kā		jak̆kā		jɑk̆kɑː		j ɑ k ̆ k ɑː	1	a								InkmSk
karelian_proper	share	1		jakoa				jɑkoɑ		j ɑ k o ɑ	1	a								KKSV
khanty_vakh_vasyugan	share	1		ar-				ɑr		ɑ r	14	l								DEWbOstj
komi_permyak	share	1		janse̮tni̮		janse̮tni̮		jɑnsɤtnɯ		j ɑ n s ɤ t n ɯ	6	f								KoPRSl
komi_permyak	share	2		torje̮tni̮		torje̮tni̮		torjɤtnɯ		t o r j ɤ t n ɯ	7	g								KoPRSl
komi_zyrian	share	1		jukni̮		jukni̮		juknɯ		j u k n ɯ	1	a								SyrjWsch
komi_zyrian	share	2		jukśi̮ni̮		jukśi̮ni̮		jukɕɯnɯ		j u k ɕ ɯ n ɯ	1	a								SyrjWsch
livonian_courland	share	1		jaggõ				jɑɡːɯ		j ɑ ɡː ɯ	1	a								LivWb
mansi_sosva	share	1		urti	ūrti	urti	ūrti	urti	uːrti	u r t i	8	h								WogWb
mari_hill	share	1		pajlaš				pɑjlɑʃ		p ɑ j l ɑ ʃ	4	j	tatar	clear					TscherWb	
mari_meadow	share	1		šelam				ojərem		o j ə r e m	9	i								
mari_meadow	share	2		pajlem				ojərem		o j ə r e m	4	j	tatar	clear					TscherWb	
moksha	share	1		javoms				jɑvoms		j ɑ v o m s	1	a								
nenets_tundra	share	1		tyar-				tʲɑr-		tʲ ɑ r	12	o								JurSWb
nganasan	share	1		tarsa				tɑrsɑ		t ɑ r s ɑ	10	m								SlNgaRus
nganasan	share	2		čǖbtüśa		čǖbtüśa		t͡ʃyːbtyɕɑ		t͡ʃ yː b t y ɕ ɑ	11	n								SlNgaRus
proto_uralic	share	1	not_reconstructable																	
saami_inari	share	1		jyehiđ				jyehið		j y e h i ð	1	a								InsSSk
saami_kildin	share	1		jūgk’e		juuggʹe		juːɡːʲe		j uː ɡːʲ e	1	a								WOLD
saami_north	share	1		juogadit				juokɑtit		j u o k ɑ t i t	1	a								SSSg
saami_pite	share	1		juohket				juohket		j u o h k e t	1	a								EZ
saami_skolt	share	1		jueʹǩǩed				juecːed		j u e cː e d	1	a				'Divide, share'				SKosSk
saami_south	share	1		juekedh				juekedh		j u e k e d h	1	a								NSsNdb
saami_ume	share	1		tjüelldat				cyelːtɑt		c y e lː t ɑ t	2	b								WbWlap
selkup_northern	share	1	form_not_found																	SolkWb
udmurt	share	1		ĺuki̮ni̮				lʲukɨnɨ		lʲ u k ɨ n ɨ	13	k								WotjWsch
veps	share	1		jagada				jɑɡɑdɑ		j ɑ ɡ ɑ d ɑ	1	a								VVS
votic_western	share	1		jakā		jakā		jɑkɑmɑ		j ɑ k ɑ m ɑ	1	a								VKJMS
erzya	sharp	1		pštʹi		pštʹi		pʃtʲi		p ʃ tʲ i	17	q			Not from PFV *pisetä-  'put, stick in'					MordWb
estonian_south	sharp	1		terräv				terːæv		t e rː æ v	1	a								VESr
estonian_standard	sharp	1		terav		terav		terɑv		t e r ɑ v	1	a								SVSk
finnish_standard	sharp	1		terävä		terävä		t̪e̞ræʋæ		t̪ e̞ r æ ʋ æ	1	a								JL
hungarian	sharp	1		éles		eeleš		eːlɛʃ		eː l ɛ ʃ	9	i								FMSz
ingrian	sharp	1		suiɢu		suiɢu		suiɡ̥u		s u i ɡ̥ u	16	p								InkmSk
ingrian	sharp	2		ter̆rǟvä		ter̆rǟvä		ter̆ræːvæ		t e r ̆ r æː v æ	1	a								InkmSk
karelian_proper	sharp	1		terävä				terævæ		t e r æ v æ	1	a								KKSV
khanty_vakh_vasyugan	sharp	1		pestɜ		pestə		pestə		p e s t ə	11	k			Not cognate with PFV *pisetä-		Former as attribute, latter as freestanding word			DEWbOstj
khanty_vakh_vasyugan	sharp	2		pestəki		pestəki		pestəki		p e s t ə k i	11	k			Not cognate with PFV *pisetä-		Former as attribute, latter as freestanding word			DEWbOstj
komi_permyak	sharp	1		leći̮t		leći̮t		letɕɯt		l e tɕ ɯ t	7	g								KoPRSl
komi_zyrian	sharp	1		joś		joś		joɕ		j o ɕ	8	h			From PU *jäpśi 'pointy stick, spear'					SyrjWsch
komi_zyrian	sharp	2		leći̮d		leći̮d		letɕɯd		l e tɕ ɯ d	7	g								SyrjWsch
livonian_courland	sharp	1		vaimi				vɑimi		v ɑ i m i	2	b								LivWb
mansi_sosva	sharp	1		pēlp	pēlpa	pēlp	pēlpa	peːlp	peːlpɑ	p eː l p	10	j			"Deriv. from ""pēli"" 'stick, stab'"					WogWb
mari_hill	sharp	1		pəsə				pəsə		p ə s ə	6	f								
mari_meadow	sharp	1		püsö		püsö		pysø		p y s ø	6	f			Cognacy unknown					SMSk, TscherWb
moksha	sharp	1		orža				orʒɑ		o r ʒ ɑ	5	s						SES		
nenets_tundra	sharp	1		pəqmya				pəʔmʲɑ		p ə ʔ mʲ ɑ	12	l								JurSWb
nganasan	sharp	1		homi̮nti̮ə		homi̮nti̮ə		homɯntɯə		h o m ɯ n t ɯ ə	12	l								SlNgaRus
nganasan	sharp	2		ńomsajkuə		ńomsajkuə		ɲomsɑjkuə		ɲ o m s ɑ j k u ə	18	r					"Deriv. from ""ńomsə"" 'point, sharp end'"			SlNgaRus
proto_uralic	sharp	1	not_reconstructable																	UEW, Sam88
saami_inari	sharp	1		čuuhâl				t͡ʃuːhəl		t͡ʃ uː h ə l	15	o								InsSSk
saami_kildin	sharp	1		pass’tles’		passʹtlesʹ		pɑsːʲtlesʲ		p ɑ sːʲ t l e sʲ	3	c			From PFV *pisetä-  'put, stick in'					WOLD
saami_north	sharp	1		ávjui				ɑːvjui		ɑː v j u i	4	d	north germanic	clear					SSA	SSSg
saami_north	sharp	2		bastil				pɑstil		p ɑ s t i l	3	c			From PFV *pisetä-  'put, stick in'					SSSg
saami_pite	sharp	1		basstel				pɑsːtel		p ɑ sː t e l	3	c			From PFV *pisetä-  'put, stick in'					EZ
saami_skolt	sharp	1		pâʹsttel				pɐsʲtːel		p ɐ sʲ tː e l	3	c			From PFV *pisetä-  'put, stick in'					SKosSk
saami_south	sharp	1		bestele				bestele		b e s t e l e	3	c			From PFV *pisetä-  'put, stick in'					NSsNdb
saami_ume	sharp	1		basstèla				pɑsːtelɑ		p ɑ sː t e l ɑ	3	c			From PFV *pisetä-  'put, stick in'					WbWlap
selkup_northern	sharp	1		āŋtəlʹ		āŋtəlʹ		ɑːŋtəʎ		ɑː ŋ t ə ʎ	13	m			Deriv. from PU *oŋtV 'thorn, sting, spear'					SolkWb
udmurt	sharp	1		leći̮t		leći̮t		letɕɯt		l e tɕ ɯ t	7	g								WotjWsch
veps	sharp	1		tʹerav				tʲerɑv		tʲ e r ɑ v	1	a								VVS
votic_western	sharp	1		terävä		terävä		terævʲ		t e r æ vʲ	1	a								VKJMS
erzya	shell	1		kumbŕa		kumbŕa		kumbrʲɑ		k u m b rʲ ɑ	8	h								MordWb
estonian_south	shell	1		tiokarp'				tiokɑrpʲ		t i o k ɑ r pʲ	12	l								VESr
estonian_standard	shell	1		teokarp		teokarp		teokɑrp		t e o k ɑ r p	12	l								SVSk
finnish_standard	shell	1		simpukankuori		simpukka		simpukːɑ		s i m p u kː ɑ	1	a	russian	clear	"Cf. Rus “žemčug” 'true pearl', ""žemčužnica"" 'pearl oyster'; Rus form loan from Turkic (same source as Hun “gyöngy”), orig. from Chinese"				SSA, NES	JL
hungarian	shell	1		kagylóhéj		kaǵlooheej		kɒɟloːɦeːj		k ɒ ɟ l oː ɦ eː j	10	j								FMSz
ingrian	shell	1		konnaŋkarppi		konnaŋkarppi		konːɑŋkɑrpːi		k o nː ɑ ŋ k ɑ r pː i	5	e								InkmSk
karelian_proper	shell	1		roakku	roakka			roɑkːu		r o ɑ kː u	3	c	russian	possible		'Crayfish, shell'			SSA	KKSV
karelian_proper	shell	2		simtšukka	semtšuka			simtʃukːɑ		s i m t ʃ u kː ɑ	1	a	russian	clear	"Cf. Rus “žemčug” 'true pearl', ""žemčužnica"" 'pearl oyster'; Rus form loan from Turkic (same source as Hun “gyöngy”), orig. from Chinese"				SSA	KKSV
khanty_vakh_vasyugan	shell	1		sǝwǝrki̮ kam				səwərkɨ kɑm		s ə w ə r k ɨ k ɑ m	11	o						SES		DEWbOstj
komi_permyak	shell	1		rakovina		rakovina		rɑkovinɑ		r ɑ k o v i n ɑ	3	n	russian	clear					KoPRSl	KoPRSl
komi_zyrian	shell	1		rak		rak		rɑk		r ɑ k	3	m	russian	clear		"Latter comp. with ""pań"" 'spoon'"			Kalima1911	SyrjWsch
komi_zyrian	shell	2		rak-pań		rak-pań		rɑk-pɑɲ		r ɑ k p ɑ ɲ	3	m	russian	clear		"Latter comp. with ""pań"" 'spoon'"			Kalima1911	SyrjWsch
livonian_courland	shell	1		kōv	kōvõz			koːv		k oː v	6	f				'Snail, slug, shell'				LivWb
mansi_sosva	shell	1	form_not_found																	WogWb
mari_hill	shell	1		räkpad				rækpɑd		r æ k p ɑ d	3	c	russian	clear					TscherWb	
mari_meadow	shell	1		rakə̑βoδ		rakə̑βoδ		rɑkəβoð		r ɑ k ə β o ð	3	c	russian	clear					TscherWb	SMSk, TscherWb
moksha	shell	1		kumbŕä				kumbrʲæ		k u m b rʲ æ	8	h								
nenets_tundra	shell	1		yaw°ŋa				jɑwŋɑ		j ɑ w ŋ ɑ	2	p					Lit. 'ear of the sea'	SES		RusskoNeneckij
nganasan	shell	1	form_not_found																	SlNgaRus
proto_uralic	shell	1	not_reconstructable																	
saami_inari	shell	1	form_not_found																	InsSSk
saami_kildin	shell	1		kāllh’č		kaallʹtš		kɑːl̥ːʲtʃ		k ɑː l̥ːʲ t ʃ	7	g	north germanic	clear					Aikio2006	WOLD
saami_north	shell	1		skálžu				skɑːlʒu		s k ɑː l ʒ u	7	g	north germanic	clear					Aikio2004	SSSg
saami_pite	shell	1	form_not_found																	EZ
saami_skolt	shell	1		skäʹlǯǯ				skælʲd͡ʒː		s k æ lʲ d͡ʒː	7	g	north germanic	clear					Lagercrantz1939	SKosSk
saami_south	shell	1	form_not_found																	NSsNdb
saami_ume	shell	1	form_not_found																	WbWlap
selkup_northern	shell	1	form_not_found																	SolkWb
udmurt	shell	1		kwalʹem		kwalʹem		kwɑʎem		k w ɑ ʎ e m	9	i								WotjWsch
veps	shell	1		kovakoŕ				kovɑkorʲ		k o v ɑ k o rʲ	4	d				"Comp.; ""kova"" 'hard', ""koŕ"" 'shell, case, peel, bark'"				VVS
votic_western	shell	1		konno-karppi		konno-karppi		konːo-kɑrpːi		k o nː o k ɑ r pː i	5	e								VKJMS
votic_western	shell	2		konnò		konnò		konːò		k o nː ò	5	e								VKJMS
erzya	shit	1		śerńems		śerńems		ɕerɲems		ɕ e r ɲ e m s	4	d								MordWb
estonian_south	shit	1		sitma				sitmɑ		s i t m ɑ	2	b								VESr
estonian_standard	shit	1		sittuda		sittuta		sitːutɑ		s i tː u t ɑ	2	b								SVSk
finnish_standard	shit	1		paskantaa		paskantaa		pɑskɑn̪t̪ɑː		p ɑ s k ɑ n̪ t̪ ɑː	1	a								JL
hungarian	shit	1		szarik		sarik		sɒrik		s ɒ r i k	4	d	indo-iranian	possible					Holopainen2019	FMSz
ingrian	shit	1		sittua				sitːuɑ		s i tː u ɑ	2	b								InkmSk
karelian_proper	shit	1		paskantoa				pɑskɑntoɑ		p ɑ s k ɑ n t o ɑ	1	a								KKSV
karelian_proper	shit	2		šittuo				ʃitːuo		ʃ i tː u o	2	b								KKSV
khanty_vakh_vasyugan	shit	1		po̭ɣǝt-		po̭ɣət-		po̻ɣət-		p o̻ ɣ ə t	7	g								DEWbOstj
komi_permyak	shit	1		sitaśni̮		sitaśni̮		sitɑɕnɯ		s i t ɑ ɕ n ɯ	2	b				"Deriv. from ""sit"" 'feces, shit'"				KoPRSl
komi_zyrian	shit	1		sitavni̮		sitavni̮		sitɑvnɯ		s i t ɑ v n ɯ	2	b				"Deriv. from ""sit"" 'feces, shit'"				SyrjWsch
livonian_courland	shit	1		sittõ				sitːɯ		s i tː ɯ	2	b								LivWb
mansi_sosva	shit	1		poχti		poχti		poxti		p o x t i	7	g								WogWb
mari_hill	shit	1		šaraš				ʃɑrɑʃ		ʃ ɑ r ɑ ʃ	9	i								
mari_meadow	shit	1		puškeδam		puškeδam		puʃkeðɑm		p u ʃ k e ð ɑ m	1	a								SMSk, TscherWb
moksha	shit	1		kakams				kɑkɑms		k ɑ k ɑ m s	8	h	russian	probable					MdH	
nenets_tundra	shit	1		pəlcyer-				pəlt͡sʲer-		p ə l t͡sʲ e r	5	e				"Deriv. from ""pəlka"" 'shit'"				JurSWb
nganasan	shit	1	form_not_found																	SlNgaRus
proto_uralic	shit	1	not_reconstructable																	
saami_inari	shit	1		paškeđ				pɑʃkeð		p ɑ ʃ k e ð	1	a				'Defecate', 'shit'?				InsSSk
saami_kildin	shit	1		pāšš’ke		paaššʹke		pɑːʃːʲke		p ɑː ʃːʲ k e	1	a								WOLD
saami_north	shit	1		baigit				pɑikit		p ɑ i k i t	3	c								SSSg
saami_pite	shit	1		bájjka				pɑːjːkɑ		p ɑː jː k ɑ	3	c								EZ
saami_skolt	shit	1		pâʹšǩǩed				pɐʃʲcːed		p ɐ ʃʲ cː e d	1	a				'Defecate', 'shit'?				SKosSk
saami_south	shit	1	form_not_found																	NSsNdb
saami_ume	shit	1		baìhkeet				pɑihkeːt		p ɑ i h k eː t	3	c								WbWlap
selkup_northern	shit	1		tüt-		tüt-		tyt-		t y t	6	f								SolkWb
udmurt	shit	1		sitʹani̮		sitʹani̮		sitʲɑnɯ		s i tʲ ɑ n ɯ	2	b								WotjWsch
veps	shit	1		sitta				sitːɑ		s i tː ɑ	2	b								VVS
votic_western	shit	1		sittua		sittua		sitːumɑ		s i tː u m ɑ	2	b								VKJMS
erzya	short	1		nuŕka		nuŕka		nurʲkɑ		n u rʲ k ɑ	3	c								MordWb
erzya	short	2		nuŕkińe		nuŕkińe		nurʲkiɲe		n u rʲ k i ɲ e	3	c								MordWb
estonian_south	short	1		lüh(ü)kene				lyhykene		l y h y k e n e	1	a	baltic	possible					Junttila2015, SSA, EES	VESr
estonian_south	short	2		lühüq	lühüt			lyhyʔ		l y h y ʔ	1	a	baltic	possible					Junttila2015, SSA, EES	VESr
estonian_standard	short	1		lühike		lühikke		lyhikːe		l y h i kː e	1	a	baltic	possible					Junttila2015, SSA, EES	SVSk
finnish_standard	short	1		lyhyt		lühüt		lyɦyt̪		l y ɦ y t̪	1	a	baltic	possible					Junttila2015, SSA, EES	JL
hungarian	short	1		rövid		rövid		røvid		r ø v i d	7	g								FMSz
ingrian	short	1		lühüᴅ		lühüᴅ		lyhyd̥		l y h y d̥	1	a	baltic	possible					Junttila2015, SSA, EES	InkmSk
karelian_proper	short	1		lyhyt				lyhyt		l y h y t	1	a	baltic	possible			Latter deriv.		Junttila2015, SSA, EES	KKSV
karelian_proper	short	2		lyhykkäine	lytšykkäine			lyhykːæine		l y h y kː æ i n e	1	a	baltic	possible			Latter deriv.		Junttila2015, SSA, EES	KKSV
khanty_vakh_vasyugan	short	1		wäṇ		wäṇ		wæɳ		w æ ɳ	2	b								DEWbOstj
komi_permyak	short	1		ǯeńi̮t		ǯeńi̮t		dʒeɲɯt		dʒ e ɲ ɯ t	5	e								KoPRSl
komi_zyrian	short	1		ǯeńi̮d		ǯeńi̮d		dʒeɲɯd		dʒ e ɲ ɯ d	5	e								SyrjWsch
livonian_courland	short	1		līti				liːti		l iː t i	1	a	baltic	possible					Junttila2015, SSA, EES	LivWb
mansi_sosva	short	1		wātʹi		wātʹi		wɑːtʲi		w ɑː tʲ i	8	h								WogWb
mari_hill	short	1		mə̑tə̑k				mətək		m ə t ə k	4	d	chuvash	possible					TscherWb	
mari_hill	short	2		mə̑tə̑k				mətək		m ə t ə k	9	l						SES		
mari_meadow	short	1		küčə̑k		küčə̑k		kytʃək		k y tʃ ə k	4	d	chuvash	clear					TscherWb	SMSk, TscherWb
moksha	short	1		ńuŕχkäńä				nʲurʲxkænʲæ		nʲ u rʲ x k æ nʲ æ	3	c								
nenets_tundra	short	1		xæm				xæm		x æ m	10	j								JurSWb
nganasan	short	1		kə̄lʹukü	kə̄lʹükü	kə̄lʹukü	kə̄lʹükü	kəːʎuky	kəːʎyky	k əː ʎ u k y	10	j					Probably deriv. from PSd *kəjm- 'short'			SlNgaRus
proto_uralic	short	1	not_reconstructable																	UEW, Sam88
saami_inari	short	1		uánih	uáneeh			uænih		u æ n i h	2	b								InsSSk
saami_kildin	short	1		oan’xes’		aanʹxesʹ		ɒːnʲxesʲ		ɒː nʲ x e sʲ	2	b								WOLD
saami_north	short	1		oanehaš				oɑnehɑʃ		o ɑ n e h ɑ ʃ	2	b								SSSg
saami_pite	short	1		ådne				ɔtne		ɔ t n e	2	b					Latter deriv.			EZ
saami_pite	short	2		ånegis				ɔnekis		ɔ n e k i s	2	b					Latter deriv.			EZ
saami_skolt	short	1		vuäʹniǩ				vuænʲic		v u æ nʲ i c	2	b								SKosSk
saami_south	short	1		åenehks				ɔenehks		ɔ e n e h k s	2	b								NSsNdb
saami_ume	short	1		å̀dˈnee				ɔtˈneː		ɔ tˈ n eː	2	b					Latter deriv.			WbWlap
saami_ume	short	2		åånèhkis				ɔːnehkis		ɔː n e h k i s	2	b					Latter deriv.			WbWlap
selkup_northern	short	1		qāmə		qāmə		qɑːmə		q ɑː m ə	10	j								SolkWb
udmurt	short	1		vakći		vakći		vɑktɕi		v ɑ k tɕ i	6	f								WotjWsch
veps	short	1		lühüd				lyhyd		l y h y d	1	a	baltic	possible					Junttila2015, SSA, EES	VVS
votic_western	short	1		lühüᴅ		lühüᴅ		lyhyd̥		l y h y d̥	1	a	baltic	possible					Junttila2015, SSA, EES	VKJMS
erzya	shut	1		pekstams		pekstams		pekstɑms		p e k s t ɑ m s	9	i								MordWb
erzya	shut	2		śolgoms		śolgoms		ɕolɡoms		ɕ o l ɡ o m s	1	a								MordWb
estonian_south	shut	1		sulgma				sulɡmɑ		s u l ɡ m ɑ	1	a								VESr
estonian_standard	shut	1		kinni panna		kinni panna		kinːi pɑnːɑ		k i nː i p ɑ nː ɑ	4	d				Lit. 'put shut'				SVSk
estonian_standard	shut	2		sulgeda		sulketa		sulketɑ		s u l k e t ɑ	1	a								SVSk
finnish_standard	shut	1		sulkea		sulkea		sulke̞ɑ		s u l k e̞ ɑ	1	a								JL
hungarian	shut	1		becsuk		betšuk		bɛtʃuk		b ɛ t ʃ u k	13	m								FMSz
hungarian	shut	2		bezár		bezaar		bɛzaːr		b ɛ z aː r	12	l	slavic	clear					Kniezsa1974,  Zaicz2006	FMSz
ingrian	shut	1	form_not_found																	InkmSk
karelian_proper	shut	1		panna umpeh				pɑnːɑ umpeh		p ɑ nː ɑ u m p e h	2	b				Lit. 'put shut'				KKSV
karelian_proper	shut	2		sulkie				sulkie		s u l k i e	1	a								KKSV
khanty_vakh_vasyugan	shut	1		pent-		pent-		pent-		p e n t	17	q								DEWbOstj
komi_permyak	shut	1		vevtavni̮		vevtavni̮		vevtɑvnɯ		v e v t ɑ v n ɯ	20	t								KoPRSl
komi_zyrian	shut	1		pe̮dlavni̮		pe̮dlavni̮		pɤdlɑvnɯ		p ɤ d l ɑ v n ɯ	11	k								SyrjWsch
livonian_courland	shut	1	form_not_found																	
mansi_sosva	shut	1		juw-χarti		juw-χarti		juw-xɑrti		j u w x ɑ r t i	18	r				"""χarti"" 'pull, draw, suck'"				WogWb
mansi_sosva	shut	2		lap-panti		lap-panti		lɑp-pɑnti		l ɑ p p ɑ n t i	17	q				"'Shut, close, cover'; ""panti"" 'put'"				WogWb
mari_hill	shut	1		čüčäš				t͡ʃyt͡ʃæʃ		t͡ʃ y t͡ʃ æ ʃ	14	n								
mari_meadow	shut	1		petə̑rem		petə̑rem		petərem		p e t ə r e m	14	n	chuvash	clear					TscherWb	SMSk, TscherWb
mari_meadow	shut	2		tüčam		tüčam		tytʃɑm		t y tʃ ɑ m	15	o								SMSk, TscherWb
moksha	shut	1		śolgoms				sʲolɡoms		sʲ o l ɡ o m s	1	a						SES, CygankinMosin2015		
nenets_tundra	shut	1		pəkəlcy°				pəkəlt͡sʲ		p ə k ə l t͡sʲ	19	s					Transitive-reflexive (both unergative and unaccusative)			JurSWb
nganasan	shut	1		tələdʹa		tələdʹa		tələdʲɑ		t ə l ə dʲ ɑ	21	u								SlNgaRus
nganasan	shut	2		təlʹučəsa		təlʹučəsa		təʎutʃəsɑ		t ə ʎ u tʃ ə s ɑ	21	u								SlNgaRus
proto_uralic	shut	1	not_reconstructable																	UEW, Sam88
saami_inari	shut	1		toppâđ				topːəð		t o pː ə ð	7	g								InsSSk
saami_kildin	shut	1		kāht’e		kaahtʹe		kɑːhtʲe		k ɑː h tʲ e	8	h								WOLD
saami_north	shut	1		giddet				kittet		k i t t e t	4	d								SSSg
saami_pite	shut	1		stäggit				stækkit		s t æ k k i t	6	f	north germanic	clear	"Cf. Swe ""stänga"""				Lagercrantz1939	EZ
saami_skolt	shut	1		käʹtted				kætʲːed		k æ tʲː e d	8	h								SKosSk
saami_south	shut	1		dahpedh				dɑhpedh		d ɑ h p e d h	7	g								NSsNdb
saami_south	shut	2		steegkedh				steːɡkedh		s t eː ɡ k e d h	6	f	north germanic	clear	"Cf. Swe ""stänga"""				Lagercrantz1939	NSsNdb
saami_ume	shut	1		dahpat				tɑhpɑt		t ɑ h p ɑ t	7	g								WbWlap
saami_ume	shut	2		stä̀gˈgat				stækˈkɑt		s t æ kˈ k ɑ t	6	f	north germanic	clear	"Cf. Swe ""stänga"""				Lagercrantz1939	WbWlap
selkup_northern	shut	1		čaqəčə-		čaqəčə-		tʃɑqətʃə-		tʃ ɑ q ə tʃ ə	13	m								SolkWb
udmurt	shut	1		pi̮tsani̮		pi̮tsani̮		pɯtsɑnɯ		p ɯ t s ɑ n ɯ	16	p								WotjWsch
veps	shut	1		saubata				sɑubɑtɑ		s ɑ u b ɑ t ɑ	3	c								VVS
votic_western	shut	1		panna tšīni		panna_čīni		tʃiːn pɑnɤmɑ		t ʃ iː n p ɑ n ɤ m ɑ	4	d				Lit. 'put shut'				VKJMS
erzya	sing	1		morams		morams		morɑms		m o r ɑ m s	3	c	indo-iranian_or_iranian	possible					Holopainen2019, HolopainenJunttila2022	MordWb
estonian_south	sing	1		laulma				lɑulmɑ		l ɑ u l m ɑ	1	a								VESr
estonian_standard	sing	1		laulda		laulta		lɑultɑ		l ɑ u l t ɑ	1	a								SVSk
finnish_standard	sing	1		laulaa		lawlaa		lɑwlɑː		l ɑ w l ɑː	1	a								JL
hungarian	sing	1		dalol		dalol		dɒlol		d ɒ l o l	7	g								FMSz
hungarian	sing	2		énekel		eenekel		eːnɛkɛl		eː n ɛ k ɛ l	6	f			Deriv. from PFU *äni 'voice, sound'					FMSz
ingrian	sing	1		laulā		laulā		lɑulɑː		l ɑ u l ɑː	1	a								InkmSk
karelian_proper	sing	1		lauloa				lɑuloɑ		l ɑ u l o ɑ	1	a								KKSV
karelian_proper	sing	2		pajattoa				pɑjɑtːoɑ		p ɑ j ɑ tː o ɑ	14	n	slavic	probable					SSA	KKSV
khanty_vakh_vasyugan	sing	1		ärǝɣ-		ärəɣ-		ærəɣ-		æ r ə ɣ	8	h								DEWbOstj
khanty_vakh_vasyugan	sing	2		loj-		loj-		loj-		l o j	9	i								DEWbOstj
komi_permyak	sing	1		śi̮vni̮		śi̮vni̮		ɕɯvnɯ		ɕ ɯ v n ɯ	4	d								KoPRSl
komi_zyrian	sing	1		śi̮vni̮		śi̮vni̮		ɕɯvnɯ		ɕ ɯ v n ɯ	4	d								SyrjWsch
livonian_courland	sing	1		loulõ				loulɯ		l o u l ɯ	1	a								LivWb
mansi_sosva	sing	1		ērɣi		ērɣi		eːrɣi		eː r ɣ i	8	h								WogWb
mari_hill	sing	1		mə̑raš				mərɑʃ		m ə r ɑ ʃ	3	c	indo-iranian_or_iranian	possible					Holopainen2019, HolopainenJunttila2022	
mari_meadow	sing	1		murem		murem		murem		m u r e m	3	c	indo-iranian_or_iranian	possible					Holopainen2019, HolopainenJunttila2022	SMSk, TscherWb
moksha	sing	1		morams				morɑms		m o r ɑ m s	3	c	indo-iranian_or_iranian	possible					Holopainen2019, HolopainenJunttila2022	
nenets_tundra	sing	1		xinocy°				xinot͡sʲ		x i n o t͡sʲ	10	j								JurSWb
nganasan	sing	1		kəjŋiˀśa		kəjŋiˀśa		kəjŋiʔɕɑ		k ə j ŋ i ʔ ɕ ɑ	15	p								SlNgaRus
proto_uralic	sing	1	not_reconstructable																	UEW, Sam88
saami_inari	sing	1		lávluđ				lævluð		l æ v l u ð	1	o	finnic	clear					Lehtiranta1989	InsSSk
saami_kildin	sing	1		lāvvle		laavvle		lɑːvːle		l ɑː vː l e	1	o	finnic	clear					Riessler2009	WOLD
saami_north	sing	1		lávlut				lɑːvlut		l ɑː v l u t	1	o	finnic	clear					Sammallahti1998	SSSg
saami_pite	sing	1		lávvlot				lɑːvːlot		l ɑː vː l o t	1	o	finnic	clear					Lehtiranta1989	EZ
saami_skolt	sing	1		laullad	läullad			lɑulːɑd		l ɑ u lː ɑ d	1	o	finnic	clear					Lehtiranta1989	SKosSk
saami_south	sing	1		laavlodh				lɑːvlodh		l ɑː v l o d h	1	o	finnic	clear					Lehtiranta1989	NSsNdb
saami_ume	sing	1		làuloot				lɑuloːt		l ɑ u l oː t	1	o	finnic	clear					Lehtiranta1989	WbWlap
selkup_northern	sing	1		kolʹməččə-		kolʹməččə-		koʎmətʃːə-		k o ʎ m ə tʃː ə	13	m								SolkWb
udmurt	sing	1		ki̮rʒ́ani̮		ki̮rʒ́ani̮		kɯrdʑɑnɯ		k ɯ r dʑ ɑ n ɯ	5	e								WotjWsch
veps	sing	1		pajatada				pɑjɑtɑdɑ		p ɑ j ɑ t ɑ d ɑ	2	r						SES		
votic_western	sing	1		лauлā		laulā		lɑulomɑ		l ɑ u l o m ɑ	1	a								VKJMS
erzya	sister	1		patʹa		patʹa		pɑtʲɑ		p ɑ tʲ ɑ	5	e								MordWb
erzya	sister	2		sazor		sazor		sɑzor		s ɑ z o r	1	p	indo-iranian	clear	Separate borrowing				Holopainen2019, Metsaranta2023	MordWb
estonian_south	sister	1		sõsar'				sɤsɑrʲ		s ɤ s ɑ rʲ	1	a	baltic	clear					Junttila2015, SSA, NES, EES	VESr
estonian_standard	sister	1		õde		ə̑te, ə̑es		ɤte, ɤes			2	b								SVSk
finnish_standard	sister	1		sisko		sisko		sisko̞		s i s k o̞	1	a	baltic	clear					Junttila2015, SSA, NES, EES	JL
finnish_standard	sister	2		sisar		sisar		sisɑr		s i s ɑ r	1	a	baltic	clear					Junttila2015, SSA, NES, EES	JL
hungarian	sister	1		lánytestvér		laańteštveer		laːɲtɛʃtveːr		l aː ɲ t ɛ ʃ t v eː r	10	j								FMSz
ingrian	sister	1		siar	sizar	siar	sizar	siɑr	sizɑr	s i ɑ r	1	a	baltic	clear					Junttila2015, SSA, NES, EES	InkmSk
karelian_proper	sister	1		sisär				sisær		s i s æ r	1	a	baltic	clear					Junttila2015, SSA, NES, EES	KKSV
khanty_vakh_vasyugan	sister	1		äńi		äńi		æɲi		æ ɲ i	9	i								DEWbOstj
komi_permyak	sister	1		soj		soj		soj		s o j	7	g	indo-iranian	possible					SSA	KoPRSl
komi_zyrian	sister	1		ćoi		ćoi		tɕoi		tɕ o i	7	g	indo-iranian	possible					SSA	SyrjWsch
livonian_courland	sister	1		sõzār				sɯzɑːr		s ɯ z ɑː r	1	a	baltic	clear					Junttila2015, SSA, NES, EES	LivWb
mansi_sosva	sister	1		jaɣāɣi		jaɣāɣi		jɑɣɑːɣi		j ɑ ɣ ɑː ɣ i	12	l				Comp., lit. 'father-daughter'				WogWb
mari_hill	sister	1		äkä				ækæ		æ k æ	6	f	chuvash	clear				SES, Versinin2017	TscherWb	
mari_hill	sister	2		šə̑žar				ʃəʒɑr		ʃ ə ʒ ɑ r	1	q	indo-iranian	probable	Separate borrowing			SES, CygankinMosin2015, Versinin2018	Holopainen2019, Metsaranta2023	
mari_meadow	sister	1		aka		aka		ɑkɑ		ɑ k ɑ	6	f	chuvash	clear		'Older sister'			TscherWb	SMSk, TscherWb
mari_meadow	sister	2		šüžar		šüžar		ʃyʒɑr		ʃ y ʒ ɑ r	1	q	indo-iranian	probable	Separate borrowing	'Younger sister'			Holopainen2019, Metsaranta2023	SMSk, TscherWb
moksha	sister	1		aka				ɑkɑ		ɑ k ɑ	6	f	volga bulgar turkic	clear					Butylov2007	
moksha	sister	2		sazor				sɑzor		s ɑ z o r	1	p	indo-iranian	probable	Separate borrowing				Holopainen2019, Metsaranta2023	
nenets_tundra	sister	1	no_equivalent														Cf. “nyabako” 'older sister'; “papa” 'younger sister, younger brother'			JurSWb
nganasan	sister	1		ŋahu				ŋɑhu		ŋ ɑ h u	13	o				"Cf. ""abaˀa"" 'older sister'; ""ŋadʹa"" 'younger sister, younger brother, etc'; ""ŋahu"" 'older sister'"				SlNgaRus
nganasan	sister	2		abaˀa				ɑbɑʔɑ		ɑ b ɑ ʔ ɑ	14	m								SlNgaRus
nganasan	sister	3		ni̮ ŋad'a				nɨ ŋɑdʲɑ		n ɨ ŋ ɑ dʲ ɑ	15	n								SlNgaRus
proto_uralic	sister	1	not_reconstructable																	UEW, Sam88
saami_inari	sister	1		uábbi				uæbːi		u æ bː i	3	c								InsSSk
saami_kildin	sister	1		vuerr’pen’		vuerrʹpenʹ		vuerːʲpenʲ		v u e rːʲ p e nʲ	4	d	indo-european	clear					Riessler2009	WOLD
saami_north	sister	1		oabbá				oɑppɑː		o ɑ p p ɑː	3	c	indo-iranian	possible					Holopainen2019	SSSg
saami_pite	sister	1		åbba				ɔppɑ		ɔ p p ɑ	3	c								EZ
saami_skolt	sister	1		vuäʹbˈb				vuæbʲː		v u æ bʲː	3	c								SKosSk
saami_south	sister	1		åabpa				ɔɑbpɑ		ɔ ɑ b p ɑ	3	c								NSsNdb
saami_ume	sister	1		åbˈbaa				ɔpˈpɑː		ɔ pˈ p ɑː	3	c								WbWlap
saami_ume	sister	2		årbèna				ɔrpenɑ		ɔ r p e n ɑ	4	d	indo-european	possible					SSA	WbWlap
selkup_northern	sister	1		nelʹńä		nelʹńä		neʎɲæ		n e ʎ ɲ æ	8	h					"Deriv. from ""ne"" 'woman'"			SolkWb
udmurt	sister	1		apai		apai		ɑpɑi		ɑ p ɑ i	11	k	tatar	clear		'Older sister'; dialectal?			Tarakanov1993	WotjWsch
udmurt	sister	2		suzer		suzer		suzer		s u z e r	1	r	indo-iranian	clear	Separate borrowing	'Younger sister'			Holopainen2019, Metsaranta2023	WotjWsch
veps	sister	1		sizar				sizɑr		s i z ɑ r	1	a	baltic	clear					Junttila2015, SSA, NES, EES	VVS
votic_western	sister	1		sõzar		se̮zar		sɤsɑr		s ɤ s ɑ r	1	a	baltic	clear					Junttila2015, SSA, NES, EES	VKJMS
erzya	sit	1		aštʹems ozado		aštʹems_ozado		ɑʃtʲems ozɑdo		ɑ ʃ tʲ e m s o z ɑ d o	1	a	indo-european	possible		"""aštʹems"" 'be', ie. 'be sitting, be seated'"			Koivulehto1985, EES	MordWb
estonian_south	sit	1		istma				istmɑ		i s t m ɑ	1	a	indo-european	possible					Koivulehto1985, EES	VESr
estonian_standard	sit	1		istuda		istuta		istutɑ		i s t u t ɑ	1	a	indo-european	possible					Koivulehto1985, EES	SVSk
finnish_standard	sit	1		istua		istua		ist̪uɑ		i s t̪ u ɑ	1	a	indo-european	possible					Koivulehto1985, EES	JL
hungarian	sit	1		ül		ül		yl		y l	5	e								FMSz
ingrian	sit	1		istua		istua		istuɑ		i s t u ɑ	1	a	indo-european	possible					Koivulehto1985, EES	InkmSk
karelian_proper	sit	1		istuo				istuo		i s t u o	1	a	indo-european	possible					Koivulehto1985, EES	KKSV
khanty_vakh_vasyugan	sit	1		aməs-		aməs-		ɑməs-		ɑ m ə s	6	f								DEWbOstj
komi_permyak	sit	1		pukavni̮		pukavni̮		pukɑvnɯ		p u k ɑ v n ɯ	4	d								KoPRSl
komi_zyrian	sit	1		pukavni̮		pukavni̮		pukɑvnɯ		p u k ɑ v n ɯ	4	d								SyrjWsch
livonian_courland	sit	1		istõ				istɯ		i s t ɯ	1	a	indo-european	possible					Koivulehto1985, EES	LivWb
mansi_sosva	sit	1		ūnli		ūnli		uːnli		uː n l i	6	f								WogWb
mari_hill	sit	1		šənzäš				ʃənzæʃ		ʃ ə n z æ ʃ	3	c								
mari_meadow	sit	1		šińčem		šińčem		ʃiɲtʃem		ʃ i ɲ tʃ e m	3	c								SMSk, TscherWb
moksha	sit	1		ozada aščems				ozɑdɑ ɑʃt͡ʃems		o z ɑ d ɑ ɑ ʃ t͡ʃ e m s	1	a								
nenets_tundra	sit	1		ŋamtyo°				ŋɑmtʲo		ŋ ɑ m tʲ o	6	f								JurSWb
nganasan	sit	1		ŋomtüśa		ŋomtüśa		ŋomtyɕɑ		ŋ o m t y ɕ ɑ	6	f				Latter 'sit down'				SlNgaRus
nganasan	sit	2		ŋomtədʹa		ŋomtədʹa		ŋomtədʲɑ		ŋ o m t ə dʲ ɑ	6	f				Latter 'sit down'				SlNgaRus
proto_uralic	sit	1	not_reconstructable														UEW: PU *amV-; however, in Ug and Sd only			UEW, Sam88
saami_inari	sit	1		čokkáđ				t͡ʃokːæð		t͡ʃ o kː æ ð	2	b								InsSSk
saami_kildin	sit	1		ɨššte		ə̑ššte		ɨʃːte		ɨ ʃː t e	1	g	finnic	clear					Riessler2009	WOLD
saami_north	sit	1		čohkkát				t͡ʃohkːɑːt		t͡ʃ o h kː ɑː t	2	b								SSSg
saami_pite	sit	1		tjåhkåhit				cɔhkɔhit		c ɔ h k ɔ h i t	2	b								EZ
saami_skolt	sit	1		išttâd åårrad				iʃtːɐd ɔːrːɑd		i ʃ tː ɐ d ɔː rː ɑ d	1	g	finnic	clear	Cf. Finnish ”istua” 'sit'	"Lit. ""be seated; ""išttâd"" 'seat oneself'"			SSA	SKosSk
saami_south	sit	1		tjahkasjidh				t͡ɕɑhkɑɕidh		t͡ɕ ɑ h k ɑ ɕ i d h	2	b								NSsNdb
saami_ume	sit	1		tjåhkàhit				cɔhkɑhit		c ɔ h k ɑ h i t	2	b								WbWlap
selkup_northern	sit	1		āmti-		āmti-		ɑːmti-		ɑː m t i	6	f								SolkWb
udmurt	sit	1		puki̮ni̮		puki̮ni̮		pukɯnɯ		p u k ɯ n ɯ	4	d								WotjWsch
veps	sit	1		ištta				iʃtːɑ		i ʃ tː ɑ	1	a	indo-european	possible					Koivulehto1985, EES	VVS
votic_western	sit	1		issua		issua		isːumɑ		i sː u m ɑ	1	a	indo-european	possible					Koivulehto1985, EES	VKJMS
erzya	skin	1		kedʹ		kedʹ		kedʲ		k e dʲ	10	j	finnic	possible					SSA, NES	MordWb
estonian_south	skin	1		nahk				nɑhk		n ɑ h k	3	c	germanic	possible					LAGLOS, SSA, NES	VESr
estonian_standard	skin	1		nahk		nahk		nɑhk		n ɑ h k	3	c	germanic	possible					LAGLOS, SSA, NES	SVSk
finnish_standard	skin	1		iho		iho		iɦo̞		i ɦ o̞	1	a								JL
hungarian	skin	1		bőr		böör		bøːr		b øː r	8	h			From PU *perV 'skin, rind'?					FMSz
ingrian	skin	1		hibjä		hibjä		hibjæ		h i b j æ	2	b	germanic	clear					SSA	InkmSk
ingrian	skin	2		iho		iho		iho		i h o	1	a								InkmSk
karelian_proper	skin	1		hipie				hipie		h i p i e	2	b	germanic	clear					SSA	KKSV
khanty_vakh_vasyugan	skin	1		sŏɣ		sŏɣ		sŏɣ		s o ̆ ɣ	9	i			From PFU *śuka 'rind, skin, hide'					DEWbOstj
komi_permyak	skin	1		kućik		kućik		kutɕik		k u tɕ i k	7	g			Deriv. from PU *kopa					KoPRSl
komi_zyrian	skin	1		ku		ku		ku		k u	7	g								SyrjWsch
livonian_courland	skin	1		nōgõ				noːɡɯ		n oː ɡ ɯ	3	c	germanic	possible					LAGLOS, SSA, NES	LivWb
mansi_sosva	skin	1		sow		sow		sow		s o w	9	i			From PFU *śuka 'rind, skin, hide'					WogWb
mari_hill	skin	1		kaβaštə̑				kɑβɑʃtə		k ɑ β ɑ ʃ t ə	6	f								
mari_meadow	skin	1		koβašte		koβašte		koβɑʃte		k o β ɑ ʃ t e	6	f								SMSk, TscherWb
moksha	skin	1		kiśkä				kisʲkæ		k i sʲ k æ	13	e								
nenets_tundra	skin	1		ŋaya				ŋɑjɑ		ŋ ɑ j ɑ	11	k					'Skin, body'			JurSWb
nganasan	skin	1		kuhuo		kuhuo		kuhuo		k u h u o	7	g								SlNgaRus
proto_uralic	skin	1		*kopa				kopɑ		k o p ɑ	7	g								UEW, Sam88
saami_inari	skin	1		liške				liʃke		l i ʃ k e	4	d	finnic	probable	"Cf. Fin ""liha"" 'flesh, meat'"				SSA	InsSSk
saami_inari	skin	2		nähki				næhki		n æ h k i	5	p								
saami_kildin	skin	1		tūllj		tuulʹlʹ		tuːʎː		t uː ʎː	12	l								WOLD
saami_north	skin	1		liiki				liiki		l i i k i	4	d	finnic	probable	"Cf. Fin ""liha"" 'flesh, meat'"				SSA	SSSg
saami_pite	skin	1		náhkke				nɑːhkːe		n ɑː h kː e	3	o	finnic	clear					MH	EZ
saami_skolt	skin	1		leʹšǩǩ				leʃʲcː		l e ʃʲ cː	4	d	finnic	probable	"Cf. Fin ""liha"" 'flesh, meat'"				SSA	SKosSk
saami_south	skin	1		njaltja	njaltje			ɲɑlt͡ɕɑ		ɲ ɑ l t͡ɕ ɑ	14	n								NSsNdb
saami_ume	skin	1		njalttjå				ɲɑltːjɔ		ɲ ɑ l tː j ɔ	14	n								WbWlap
selkup_northern	skin	1		qopə		qopə		qopə		q o p ə	7	g								SolkWb
udmurt	skin	1		ku		ku		ku		k u	7	g								WotjWsch
veps	skin	1		nahk				nɑxk		n ɑ x k	3	c						SES		
votic_western	skin	1		nahka		nahka		iho		i h o	3	c						SES		
erzya	sky	1		meńelʹ		meńelʹ		meɲeʎ		m e ɲ e ʎ	4	d								MordWb
estonian_south	sky	1		taivas				tɑivɑs		t ɑ i v ɑ s	1	a	indo-iranian	clear					Holopainen2019, Koivulehto1999, Katz2003	VESr
estonian_standard	sky	1		taevas		taevas		tɑevɑs		t ɑ e v ɑ s	1	a	indo-iranian	clear					Holopainen2019, Koivulehto1999, Katz2003	SVSk
finnish_standard	sky	1		taivas		taivas		t̪ɑiʋɑs		t̪ ɑ i ʋ ɑ s	1	a	indo-iranian	clear					Holopainen2019, Koivulehto1999, Katz2003	JL
hungarian	sky	1		ég		eeg		eːɡ		eː ɡ	7	g			From PFU *säŋi 'air'					FMSz
ingrian	sky	1		taivaz		taivaz		tɑivɑz		t ɑ i v ɑ z	1	a	indo-iranian	clear					Holopainen2019, Koivulehto1999, Katz2003	InkmSk
karelian_proper	sky	1		taivas				tɑivɑs		t ɑ i v ɑ s	1	a	indo-iranian	clear					Holopainen2019, Koivulehto1999, Katz2003	KKSV
khanty_vakh_vasyugan	sky	1		torəm		torəm		torəm		t o r ə m	8	h				'God, sky, air, weather'				DEWbOstj
komi_permyak	sky	1		jene̮ž		jene̮ž		jenɤʒ		j e n ɤ ʒ	2	b			Deriv. from PFU *ilma 'air'					KoPRSl
komi_zyrian	sky	1		jenež		jenež		jeneʒ		j e n e ʒ	2	b			Deriv. from PFU *ilma 'air'					SyrjWsch
livonian_courland	sky	1		tōvaz				toːvɑz		t oː v ɑ z	1	a	indo-iranian	clear					Holopainen2019, Koivulehto1999, Katz2003	LivWb
mansi_sosva	sky	1		kors		kors		kors		k o r s	9	i								WogWb
mansi_sosva	sky	2		tōrəm		tōrəm		toːrəm		t oː r ə m	8	h				'God, heaven, sky, time (of the year), world, weather'				WogWb
mari_hill	sky	1		pəlgom				pəlɡom		p ə l ɡ o m	11	k			Possible compund, first part FU 'cloud'					
mari_meadow	sky	1		kaβa		kaβa		kɑβɑ		k ɑ β ɑ	5	e	chuvash	clear					TscherWb	SMSk, TscherWb
moksha	sky	1		meńel'				menʲelʲ		m e nʲ e lʲ	4	d								
nenets_tundra	sky	1		num				num		n u m	6	f				'Weather, sky, god'				JurSWb
nganasan	sky	1		ŋuə		ŋuə		ŋuə		ŋ u ə	10	j								SlNgaRus
proto_uralic	sky	1	not_reconstructable														UEW: PU *numV; however, in Ug and Sd only			UEW, Sam88
saami_inari	sky	1		alme				ɑlme		ɑ l m e	2	b			From PFU *ilma 'air'					InsSSk
saami_kildin	sky	1		all’m		allʹm		ɑlːʲm		ɑ lːʲ m	2	b			From PFU *ilma 'air'					WOLD
saami_north	sky	1		albmi				ɑlpmi		ɑ l p m i	2	b			From PFU *ilma 'air'					SSSg
saami_pite	sky	1		albme				ɑlpme		ɑ l p m e	2	b			From PFU *ilma 'air'					EZ
saami_skolt	sky	1		âʹlmm				ɐlʲmː		ɐ lʲ mː	2	b			From PFU *ilma 'air'					SKosSk
saami_south	sky	1		elmie				elmie		e l m i e	2	b			From PFU *ilma 'air'					NSsNdb
saami_ume	sky	1		àibmoo				ɑipmoː		ɑ i p m oː	3	c	north germanic	clear					Qvigstad1893	WbWlap
saami_ume	sky	2		alˈbmee				ɑlˈpmeː		ɑ lˈ p m eː	2	b			From PFU *ilma 'air'					WbWlap
selkup_northern	sky	1		nom		nom		nom		n o m	6	f								SolkWb
udmurt	sky	1		in		in		in		i n	2	b			From PFU *ilma 'air'		Latter comp.			WotjWsch
udmurt	sky	2		inbam		inbam		inbɑm		i n b ɑ m	2	b			From PFU *ilma 'air'		Latter comp.			WotjWsch
veps	sky	1		taivaz				tɑivɑz		t ɑ i v ɑ z	1	a	indo-iranian	clear					Holopainen2019, Koivulehto1999, Katz2003	VVS
votic_western	sky	1		taivaz		taivaz		tɑivɤz		t ɑ i v ɤ z	1	a	indo-iranian	clear					Holopainen2019, Koivulehto1999, Katz2003	VKJMS
erzya	sleep	1		udoms		udoms		udoms		u d o m s	4	d								MordWb
estonian_south	sleep	1		magama	magahama			mɑɡɑmɑ		m ɑ ɡ ɑ m ɑ	2	b	germanic	possible					EES, SSA	VESr
estonian_standard	sleep	1		magada		makata		mɑkɑtɑ		m ɑ k ɑ t ɑ	2	b	germanic	possible					EES, SSA	SVSk
finnish_standard	sleep	1		nukkua		nukkua		nukːuɑ		n u kː u ɑ	1	a								JL
hungarian	sleep	1		alszik		alsik		ɒlsik		ɒ l s i k	4	d								FMSz
ingrian	sleep	1		mammaᴅa		mammaᴅa		mɑmːɑd̥ɑ		m ɑ mː ɑ d̥ ɑ	2	b	germanic	possible					EES, SSA	InkmSk
ingrian	sleep	2		māᴅa		māᴅa		mɑːd̥ɑ		m ɑː d̥ ɑ	2	b	germanic	possible					EES, SSA	InkmSk
ingrian	sleep	3		nukkua		nukkua		nukːuɑ		n u kː u ɑ	1	a								InkmSk
karelian_proper	sleep	1		moata				moɑtɑ		m o ɑ t ɑ	2	b								KKSV
karelian_proper	sleep	2		uinota				uinotɑ		u i n o t ɑ	3	c								KKSV
khanty_vakh_vasyugan	sleep	1		ăla-		ăla-		ɑ̆lɑ-		ɑ ̆ l ɑ	4	d				'Sleep, lie down'				DEWbOstj
komi_permyak	sleep	1		uźni̮		uźni̮		uʑnɯ		u ʑ n ɯ	6	f								KoPRSl
komi_zyrian	sleep	1		uźni̮		uźni̮		uʑnɯ		u ʑ n ɯ	6	f								SyrjWsch
livonian_courland	sleep	1		maggõ				mɑɡːɯ		m ɑ ɡː ɯ	2	b	germanic	possible					EES, SSA	LivWb
mansi_sosva	sleep	1		χuji	χoji	χuji	χoji	xuji	xoji	x u j i	7	g								WogWb
mari_hill	sleep	1		amalaš				ɑmɑlɑʃ		ɑ m ɑ l ɑ ʃ	5	e								
mari_meadow	sleep	1		malem		malem		mɑlem		m ɑ l e m	5	e								SMSk, TscherWb
moksha	sleep	1		udoms				udoms		u d o m s	4	d								
nenets_tundra	sleep	1		xonyo°				xoɲo		x o ɲ o	8	h								JurSWb
nganasan	sleep	1		kunduasa		kunduasa		kunduɑsɑ		k u n d u ɑ s ɑ	8	h								SlNgaRus
proto_uralic	sleep	1	not_reconstructable														PFU: *oδa-			UEW, Sam88
saami_inari	sleep	1		uáđđiđ				uæðːið		u æ ðː i ð	4	d								InsSSk
saami_kildin	sleep	1		vuedt’e		vueddʹe		vuedːʲe		v u e dːʲ e	4	d								WOLD
saami_north	sleep	1		nohkkat				nohkːɑt		n o h kː ɑ t	1	a								SSSg
saami_north	sleep	2		oađđit				oɑðːit		o ɑ ðː i t	4	d								SSSg
saami_pite	sleep	1		åddet	årret			ɔttet		ɔ t t e t	4	d								EZ
saami_skolt	sleep	1		vuẹʹđđed				vueðʲːed		v u e ðʲː e d	4	d								SKosSk
saami_south	sleep	1		åeredh				ɔeredh		ɔ e r e d h	4	d								NSsNdb
saami_ume	sleep	1		å̀ddeet				ɔtteːt		ɔ t t eː t	4	d								WbWlap
selkup_northern	sleep	1		qonti-		qonti-		qonti-		q o n t i	8	h								SolkWb
udmurt	sleep	1		iźi̮ni̮		iźi̮ni̮		iʑɯnɯ		i ʑ ɯ n ɯ	6	f								WotjWsch
veps	sleep	1		magata				mɑɡɑtɑ		m ɑ ɡ ɑ t ɑ	2	b								VVS
votic_western	sleep	1		magata		magata		mɑkːɑmɑ		m ɑ kː ɑ m ɑ	2	b	germanic	possible					EES, SSA	VKJMS
erzya	small	1		viška		viška		viʃkɑ		v i ʃ k ɑ	2	b								MordWb
erzya	small	2		viškińe		viškińe		viʃkiɲe		v i ʃ k i ɲ e	2	b								MordWb
estonian_south	small	1		väiku				væiku		v æ i k u	2	b	germanic	possible					EES	VESr
estonian_south	small	2		väikene				væikene		v æ i k e n e	2	b	germanic	possible					EES	VESr
estonian_standard	small	1		väike		väikke		væikːe		v æ i kː e	2	b	germanic	possible					EES	SVSk
finnish_standard	small	1		pieni		pieni		pie̞ni		p i e̞ n i	1	a	germanic	possible					SSA, NES, EES	JL
hungarian	small	1		kis		kiš		kiʃ		k i ʃ	11	k	west old turkic	clear					WOT	FMSz
hungarian	small	2		kicsi		kiči		kit͡ʃi		k i t͡ʃ i	11	k	west old turkic	clear					WOT	FMSz
ingrian	small	1		pēn		pēn		peːn		p eː n	1	a	germanic	possible					SSA, NES, EES	InkmSk
karelian_proper	small	1		pieni				pieni		p i e n i	1	a	germanic	possible					SSA, NES, EES	KKSV
karelian_proper	small	2		vähä				væhæ		v æ h æ	2	b	germanic	possible					SSA, NES, EES	KKSV
khanty_vakh_vasyugan	small	1		äj		äj		æj		æ j	13	m								DEWbOstj
khanty_vakh_vasyugan	small	2		ökǝm		ökəm		økəm		ø k ə m	15	o								DEWbOstj
komi_permyak	small	1		uće̮t		uće̮t		utɕɤt		u tɕ ɤ t	8	h			From PFP *üćä 'small, a little' ?					KoPRSl
komi_zyrian	small	1		iće̮t		iće̮t		itɕɤt		i tɕ ɤ t	8	h			From PFP *üćä 'small, a little' ?					SyrjWsch
livonian_courland	small	1		piški				piʃki		p i ʃ k i	6	f								LivWb
mansi_sosva	small	1		aj		aj		ɑj		ɑ j	13	j	khanty	probable					DEWOS	WogWb
mansi_sosva	small	2		māń		māń		mɑːɲ		m ɑː ɲ	12	l								WogWb
mari_hill	small	1		izi				izi		i z i	8	h								
mari_meadow	small	1		izi		izi		izi		i z i	8	h			From PFP *üćä 'small, a little' ?					SMSk, TscherWb
moksha	small	1		jomla				jomlɑ		j o m l ɑ	10	q	tatar	clear					Butylov2007	
nenets_tundra	small	1		nyudya				ɲudʲɑ		ɲ u dʲ ɑ	14	n								JurSWb
nganasan	small	1		śiəˀlaku	śeəlaku	śiəˀlaku	śeəlaku	ɕiəʔlɑku	ɕeəlɑku	ɕ i ə ʔ l ɑ k u	18	r								SlNgaRus
proto_uralic	small	1	not_reconstructable																	UEW, Sam88
saami_inari	small	1		ucce				ut͡sːe		u t͡sː e	3	c								InsSSk
saami_kildin	small	1		udc’		udcʹ		udcʲ		u d cʲ	3	c								WOLD
saami_north	small	1		smávis				smɑːvis		s m ɑː v i s	4	d	north germanic	clear					Sammallahti1998	SSSg
saami_north	small	2		uhcci				uhcci		u h c c i	3	c								SSSg
saami_north	small	3		unˈni				unːi		u nː i	5	e								SSSg
saami_pite	small	1		smáva				smɑːvɑ		s m ɑː v ɑ	4	d	north germanic	clear					Sammallahti1998	EZ
saami_pite	small	2		unna				unːɑ		u nː ɑ	5	e								EZ
saami_skolt	small	1		uʹcc				ut͡sʲː		u t͡sʲː	3	c								SKosSk
saami_south	small	1		onne				onːe		o nː e	5	e								NSsNdb
saami_south	small	2		smaave				smɑːve		s m ɑː v e	4	d	north germanic	clear					Sammallahti1998	NSsNdb
saami_ume	small	1		smàiˈvee				smɑiˈveː		s m ɑ iˈ v eː	4	d	north germanic	clear					Sammallahti1998	WbWlap
saami_ume	small	2		ühtjee				yhceː		y h c eː	3	c								WbWlap
saami_ume	small	3		ünˈnee				ynˈneː		y nˈ n eː	5	e								WbWlap
selkup_northern	small	1		ki̮pa		ki̮pa		kɯpɑ		k ɯ p ɑ	16	p								SolkWb
udmurt	small	1		pići		pići		pitɕi		p i tɕ i	9	i								WotjWsch
veps	small	1		peń				penʲ		p e nʲ	1	a	germanic	possible					SSA, NES, EES	VVS
votic_western	small	1		pēni		pēni		peːn		p eː n	1	a	germanic	possible					SSA, NES, EES	VKJMS
erzya	smell	1		ńikśems		ńikśems		ɲikɕems		ɲ i k ɕ e m s	5	e								MordWb
estonian_south	smell	1		nuhutama				nuhutɑmɑ		n u h u t ɑ m ɑ	2	b	russian	clear					SSA	VESr
estonian_standard	smell	1		haista		haistta		hɑistːɑ		h ɑ i s tː ɑ	1	a								SVSk
finnish_standard	smell	1		haistaa		haistaa		hɑist̪ɑː		h ɑ i s t̪ ɑː	1	a								JL
hungarian	smell	1		szagol		sagol		sɒɡol		s ɒ ɡ o l	7	g								FMSz
ingrian	smell	1	form_not_found																	InkmSk
karelian_proper	smell	1		haistoa				hɑistoɑ		h ɑ i s t o ɑ	1	a								KKSV
khanty_vakh_vasyugan	smell	1		ewsintə-		ewsintə-		ewsintə-		e w s i n t ə	4	d								DEWbOstj
komi_permyak	smell	1		zi̮navni		zi̮navni		zɯnɑvni		z ɯ n ɑ v n i	6	f								KoPRSl
komi_permyak	smell	2		zi̮n ki̮le̮		zi̮n_ki̮le̮		zɯn kɯlɤ		z ɯ n k ɯ l ɤ	6	f								KoPRSl
komi_zyrian	smell	1		isavni̮		isavni̮		isɑvnɯ		i s ɑ v n ɯ	4	d								SyrjWsch
livonian_courland	smell	1		nūškõ				nuːʃkɯ		n uː ʃ k ɯ	3	c								LivWb
mansi_sosva	smell	1		ataji		ataji		ɑtɑji		ɑ t ɑ j i	4	d								WogWb
mari_hill	smell	1		pə̑šlanaš				pəʃlɑnɑʃ		p ə ʃ l ɑ n ɑ ʃ	9	i	chuvash	clear					TscherWb	
mari_meadow	smell	1		üpšińčam		üpšińčam		ypʃiɲtʃɑm		y p ʃ i ɲ tʃ ɑ m	4	d								SMSk, TscherWb
moksha	smell	1		maŕams šińä				mɑrʲɑms ʃinʲæ		m ɑ rʲ ɑ m s ʃ i nʲ æ	10	k						SES		
nenets_tundra	smell	1		tyunye°				tʲuɲe		tʲ u ɲ e	8	h								JurSWb
nganasan	smell	1		činüdʹa		činüdʹa		tʃinydʲɑ		tʃ i n y dʲ ɑ	8	h								SlNgaRus
proto_uralic	smell	1		*ipsi-				ipsi		i p s i	4	d								UEW, Sam88
saami_inari	smell	1		apseđ				ɑpseð		ɑ p s e ð	4	d								InsSSk
saami_kildin	smell	1		app’se		appʹse		ɑpːʲse		ɑ pːʲ s e	4	d								WOLD
saami_north	smell	1		haksit				hɑksit		h ɑ k s i t	4	d								SSSg
saami_pite	smell	1		happset				hɑpːset		h ɑ pː s e t	4	d								EZ
saami_skolt	smell	1		njuʹnn’jed				ɲunʲːjʲed		ɲ u nʲː jʲ e d	2	j	russian	clear					MH	SKosSk
saami_south	smell	1		hepsedh				hepsedh		h e p s e d h	4	d								NSsNdb
saami_ume	smell	1		hapssiet				hɑpsːiet		h ɑ p sː i e t	4	d								WbWlap
selkup_northern	smell	1		aptäptə-		aptäptə-		ɑptæptə-		ɑ p t æ p t ə	4	d								SolkWb
udmurt	smell	1		zi̮njani̮		zi̮njani̮		zɯnjɑnɯ		z ɯ n j ɑ n ɯ	6	f								WotjWsch
veps	smell	1		ńuhtta				nʲuxtːɑ		nʲ u x tː ɑ	2	b	russian	clear					SSA	VVS
votic_western	smell	1	form_not_found																	VKJMS
erzya	smoke	1		kačamo		kačamo		kɑtʃɑmo		k ɑ tʃ ɑ m o	3	c								MordWb
estonian_south	smoke	1		savv				sɑvː		s ɑ vː	1	a	germanic	possible					Koivulehto2016	VESr
estonian_south	smoke	2		sau				sɑu		s ɑ u	1	a	germanic	possible					Koivulehto2016	VESr
estonian_standard	smoke	1		suits		suits		suits		s u i t s	2	b								SVSk
finnish_standard	smoke	1		savu		savu		sɑʋu		s ɑ ʋ u	1	a	germanic	possible					Koivulehto2016, SSA	JL
hungarian	smoke	1		füst		füšt		fyʃt		f y ʃ t	6	f								FMSz
ingrian	smoke	1		savvu		savvu		sɑvːu		s ɑ vː u	1	a	germanic	possible					Koivulehto2016, SSA	InkmSk
karelian_proper	smoke	1		savu				sɑvu		s ɑ v u	1	a	germanic	possible					Koivulehto2016, SSA	KKSV
khanty_vakh_vasyugan	smoke	1		pŏrki̮		pŏrki̮		pŏrkɯ		p o ̆ r k ɯ	7	g			"Connection with Sel ""purqə"" uncertain"	'Smoke (eg. against mosquitoes)'				DEWbOstj
komi_permyak	smoke	1		či̮n		či̮n		tʃɯn		tʃ ɯ n	5	e								KoPRSl
komi_zyrian	smoke	1		č̣i̮n		či̮n		tʃɯn		tʃ ɯ n	5	e								SyrjWsch
livonian_courland	smoke	1		sov				sov		s o v	1	a	germanic	possible					Koivulehto2016	LivWb
mansi_sosva	smoke	1		posim		posim		posim		p o s i m	6	f								WogWb
mari_hill	smoke	1		šəkš				ʃəkʃ		ʃ ə k ʃ	4	d						SES, TscherWb		
mari_meadow	smoke	1		šikš		šikš		ʃikʃ		ʃ i k ʃ	4	d								SMSk, TscherWb
moksha	smoke	1		kačam				kɑt͡ʃɑm		k ɑ t͡ʃ ɑ m	3	c			Cf. Fin. katku. Cognacy uncertain			SES, SSA		
nenets_tundra	smoke	1		yake				jɑke		j ɑ k e	8	h								JurSWb
nganasan	smoke	1		dʹakagə		dʹakagə		dʲɑkɑɡə		dʲ ɑ k ɑ ɡ ə	8	h								SlNgaRus
proto_uralic	smoke	1	not_reconstructable														*küntV primarily 'fog, steam'?			UEW, Sam88
saami_inari	smoke	1		suovâ				suovə		s u o v ə	1	a	germanic	possible					Koivulehto2016, SSA	InsSSk
saami_kildin	smoke	1		sūvv		suuvv		suːvː		s uː vː	1	a	germanic	possible					Koivulehto2016, SSA	WOLD
saami_north	smoke	1		suovva				suovːɑ		s u o vː ɑ	1	a	germanic	possible					Koivulehto2016, SSA	SSSg
saami_pite	smoke	1		suovva				suovːɑ		s u o vː ɑ	1	a	germanic	possible					Koivulehto2016, SSA	EZ
saami_skolt	smoke	1		suõvv				suəvː		s u ə vː	1	a	germanic	possible					Koivulehto2016, SSA	SKosSk
saami_south	smoke	1		soeve				sueve		s u e v e	1	a	germanic	possible					Koivulehto2016, SSA	NSsNdb
saami_ume	smoke	1		suavva				suɑvːɑ		s u ɑ vː ɑ	1	a	germanic	possible					Koivulehto2016, SSA	WbWlap
selkup_northern	smoke	1		purqə		purqə		purqə		p u r q ə	7	j	khanty	possible	"Connection with EKha ""pŏrki̮"" uncertain"				Aikio2002, SolkWb	SolkWb
udmurt	smoke	1		tši̮n		či̮n		tʃɯn		tʃ ɯ n	5	e								WotjWsch
veps	smoke	1		savu				sɑvu		s ɑ v u	1	a	germanic	possible					Koivulehto2016, SSA	VVS
votic_western	smoke	1		savvu		savvu		sɑvːu		s ɑ vː u	1	a	germanic	possible					Koivulehto2016, SSA	VKJMS
erzya	smooth	1		valańa		valańa		vɑlɑɲɑ		v ɑ l ɑ ɲ ɑ	5	e			From PFU ?*wolʹV- 'to strip a tree of its bark'					MordWb
estonian_south	smooth	1		sille				silːe		s i lː e	1	a								VESr
estonian_standard	smooth	1		sile		sile		sile		s i l e	1	a								SVSk
finnish_standard	smooth	1		sileä		sileä		sile̞æ		s i l e̞ æ	1	a								JL
hungarian	smooth	1		sík		šiik		ʃiːk		ʃ iː k	16	p	west old turkic	possible					WOT, TESz	FMSz
hungarian	smooth	2		sima		šima		ʃimɒ		ʃ i m ɒ	10	j	west old turkic	probable					WOT, TESz	FMSz
ingrian	smooth	1		lak̆kia		lak̆kia		lɑk̆kiɑ		l ɑ k ̆ k i ɑ	18	r								InkmSk
ingrian	smooth	2		sil̆līä		sil̆līä		sil̆liːæ		s i l ̆ l iː æ	1	a								InkmSk
karelian_proper	smooth	1		silie				silie		s i l i e	1	a								KKSV
khanty_vakh_vasyugan	smooth	1		lawtək		lawtək		lɑwtək		l ɑ w t ə k	12	l								DEWbOstj
khanty_vakh_vasyugan	smooth	2		welʹǝχ		welʹəχ		weʎəx		w e ʎ ə x	11	k	komi	clear		'Smooth, even'			Kalman1961	DEWbOstj
komi_permyak	smooth	1		volʹki̮t		volʹki̮t		voʎkɯt		v o ʎ k ɯ t	5	e			From PFU ?*wolʹV- 'to strip a tree of its bark'					KoPRSl
komi_zyrian	smooth	1		ši̮lʹi̮d		ši̮lʹi̮d		ʃɯʎɯd		ʃ ɯ ʎ ɯ d	8	h			Cf. Fin *siledä, not cognate					SyrjWsch
komi_zyrian	smooth	2		volʹi̮d		volʹi̮d		voʎɯd		v o ʎ ɯ d	5	e			From PFU ?*wolʹV- 'to strip a tree of its bark'					SyrjWsch
livonian_courland	smooth	1		sildzi				sildzi		s i l d z i	2	b						SES		
mansi_sosva	smooth	1		wolʹk		wolʹk		woʎk		w o ʎ k	11	k								WogWb
mari_hill	smooth	1		jaklaka				jɑklɑkɑ		j ɑ k l ɑ k ɑ	22	w	chuvash	possible					TscherWb	
mari_meadow	smooth	1		jə̑βə̑ža		jə̑βə̑ža		jəβəʒɑ		j ə β ə ʒ ɑ	7	g								SMSk, TscherWb
mari_meadow	smooth	2		tör		tör		tør		t ø r	15	o	chuvash	clear					TscherWb	SMSk, TscherWb
moksha	smooth	1		aŕśä				ɑrʲsʲæ		ɑ rʲ sʲ æ	21	u			'percieve smell'					
moksha	smooth	2		takər				tɑkər		t ɑ k ə r	22	v	turkic	possible					Butylov2007	
nenets_tundra	smooth	1		salmuy°				sɑlmuj		s ɑ l m u j	13	m								JurSWb
nganasan	smooth	1	form_not_found																	SlNgaRus
proto_uralic	smooth	1	not_reconstructable																	UEW, Sam88
saami_inari	smooth	1		livtes	liivtes			livtes		l i v t e s	9	i	north germanic	clear					Aikio2012	InsSSk
saami_inari	smooth	2		šolbâd				ʃolbəd		ʃ o l b ə d	21	v								InsSSk
saami_kildin	smooth	1		njoll’kes’		ńollʹkesʹ		ɲolːʲkesʲ		ɲ o lːʲ k e sʲ	17	q								WOLD
saami_north	smooth	1		livttis				livtːis		l i v tː i s	9	i	north germanic	clear					Aikio2012	SSSg
saami_pite	smooth	1	form_not_found																	EZ
saami_skolt	smooth	1		šõllâd				ʃəlːɐd		ʃ ə lː ɐ d	1	u	finnic	probable					Lehtiranta1989	SKosSk
saami_south	smooth	1		njalhkedihks				ɲɑlhkedihks		ɲ ɑ l h k e d i h k s	17	q								NSsNdb
saami_south	smooth	2		sjyjjehke				ɕyjːehke		ɕ y jː e h k e	20	t								NSsNdb
saami_ume	smooth	1		jalˈga				jɑlˈkɑ		j ɑ lˈ k ɑ	3	c								WbWlap
selkup_northern	smooth	1		lepa	lēpa	lepa	lēpa	lepɑ	leːpɑ	l e p ɑ	14	n				'Even, smooth'				SolkWb
udmurt	smooth	1		volʹi̮t		volʹi̮t		voʎɯt		v o ʎ ɯ t	5	e			From PFU ?*wolʹV- 'to strip a tree of its bark'					WotjWsch
veps	smooth	1		silʹed				silʲed		s i lʲ e d	1	a								VVS
votic_western	smooth	1		lakõa		lake̮a		lakɤɑ		l a k ɤ ɑ	18	r								
erzya	snake	1		guj	kuj	guj	kuj	ɡuj	kuj	ɡ u j	2	b								MordWb
erzya	snake	2		jozne		jozne		jozne		j o z n e	7	g								MordWb
estonian_south	snake	1		tsuss'				tsusːʲ		t s u sːʲ	10	j			"Connection with Est ""uss"" unclear"					VESr, SI
estonian_south	snake	2		huss’				husːʲ		h u sːʲ	10	j			"Connection with Est ""uss"" unclear"					VESr, SI
estonian_south	snake	3		siug				siuɡ		s i u ɡ	14	n								SI
estonian_standard	snake	1		uss		uss		usː		u sː	4	d	slavic	possible					EES	SVSk
finnish_standard	snake	1		käärme		käärme		kæːrme̞		k æː r m e̞	1	a	baltic	clear					Junttila2015, SSA, NES	JL
hungarian	snake	1		kígyó		kiiǵoo		kiːɟoː		k iː ɟ oː	2	b								FMSz
ingrian	snake	1		maᴅo		maᴅo		mɑd̥o		m ɑ d̥ o	3	c	iranian	clear					Holopainen2019, EES	InkmSk
karelian_proper	snake	1		keärmis				keærmis		k e æ r m i s	1	a	baltic	clear					Junttila2015, SSA, NES	KKSV
karelian_proper	snake	2		kyy				kyː		k yː	2	b								KKSV
karelian_proper	snake	3		mato				mɑto		m ɑ t o	3	c	iranian	clear					Holopainen2019, EES	KKSV
khanty_vakh_vasyugan	snake	1		möŋkäm		möŋkäm		møŋkæm		m ø ŋ k æ m	9	i								DEWbOstj
komi_permyak	snake	1		zmej		zmej		zmej		z m e j	13	m	russian	clear	"Cf. Rus ""zmej"" 'kind of dragon'"				Redei1968	KoPRSl
komi_zyrian	snake	1		ki̮j		ki̮j		kɯj		k ɯ j	2	b								SyrjWsch
livonian_courland	snake	1		ūška				uːʃkɑ		uː ʃ k ɑ	4	d	slavic	possible					EES	LivWb
mansi_sosva	snake	1		ńōliɣ		ńōliɣ		ɲoːliɣ		ɲ oː l i ɣ	8	h								WogWb
mari_hill	snake	1		kəškə				kəʃkə		k ə ʃ k ə	2	b								
mari_meadow	snake	1		kiške		kiške		kiʃke		k i ʃ k e	2	b								SMSk, TscherWb
moksha	snake	1		kuj				kuj		k u j	2	b								
nenets_tundra	snake	1	no_equivalent														No word for 'snake' in common use			JurSWb
nganasan	snake	1	form_not_found																	SlNgaRus
proto_uralic	snake	1		*küji				kyji		k y j i	2	b								UEW, Sam88
saami_inari	snake	1		kyevdi				kyevdi		k y e v d i	11	k								InsSSk
saami_kildin	snake	1		kūvv’t		kuuvvʹt		kuːvːʲt		k uː vːʲ t	11	k								WOLD
saami_north	snake	1		gearpmaš				keærpmɑʃ		k e æ r p m ɑ ʃ	1	a	finnic	clear					SSA	SSSg
saami_pite	snake	1		gierbma				kierpmɑ		k i e r p m ɑ	1	a	finnic	clear					SSA	EZ
saami_skolt	snake	1		kuʹvdd				kuvʲdː		k u vʲ dː	11	k								SKosSk
saami_south	snake	1		gïermesje				ɡɨermeɕe		ɡ ɨ e r m e ɕ e	1	a	finnic	clear					SSA	NSsNdb
saami_ume	snake	1		årbma				ɔrpmɑ		ɔ r p m ɑ	5	e	north germanic	clear					Schlachter1958	WbWlap
saami_ume	snake	2		giärˈbmii				kiærˈpmiː		k i æ rˈ p m iː	1	a	finnic	clear					SSA	WbWlap
selkup_northern	snake	1		śǖ		śǖ		ɕyː		ɕ yː	2	b								SolkWb
udmurt	snake	1		ki̮j		ki̮j		kɯj		k ɯ j	2	b								WotjWsch
veps	snake	1		mado				mɑdo		m ɑ d o	3	c	iranian	clear					Holopainen2019, EES	VVS
votic_western	snake	1		mato		mato		mɑto		m ɑ t o	3	c	iranian	clear					Holopainen2019, EES	VKJMS
erzya	sniff	1		ńikśems		ńikśems		ɲikɕems		ɲ i k ɕ e m s	5	e								MordWb
estonian_south	sniff	1		nuhk'ma				nuhkʲmɑ		n u h kʲ m ɑ	1	a	germanic	possible					LAGLOS, SSA, EES, NES	VESr
estonian_standard	sniff	1		nuuskida		nuuskita		nuːskitɑ		n uː s k i t ɑ	3	c	germanic	possible					LAGLOS, SSA, EES, NES	SVSk
estonian_standard	sniff	2		nuusutada		nuusuttata		nuːsutːɑtɑ		n uː s u tː ɑ t ɑ	3	c	germanic	possible					LAGLOS, SSA, EES, NES	SVSk
finnish_standard	sniff	1		haistella		haistella		hɑist̪e̞lːɑ		h ɑ i s t̪ e̞ lː ɑ	2	b								JL
finnish_standard	sniff	2		nuuhkia		nuuhkia		nuːxkiɑ		n uː x k i ɑ	1	a	germanic	possible					LAGLOS, SSA, EES, NES	JL
hungarian	sniff	1		szaglászik		saglaasik		sɒɡlaːsik		s ɒ ɡ l aː s i k	7	g								FMSz
ingrian	sniff	1		haissella		haissella		hɑisːelːɑ		h ɑ i sː e lː ɑ	2	b								InkmSk
ingrian	sniff	2		nūhella	nūhkia	nūhella	nūhkia	nuːhelːɑ	nuːhkiɑ	n uː h e lː ɑ	1	a	germanic	possible					LAGLOS, SSA, EES, NES	InkmSk
karelian_proper	sniff	1		haissella				hɑisːelːɑ		h ɑ i sː e lː ɑ	2	b								KKSV
karelian_proper	sniff	2		nuuhkie				nuːhkie		n uː h k i e	1	a	germanic	possible					LAGLOS, SSA, EES, NES	KKSV
karelian_proper	sniff	3		nuuhella				nuːhelːɑ		n uː h e lː ɑ	1	a	germanic	possible					LAGLOS, SSA, EES, NES	KKSV
khanty_vakh_vasyugan	sniff	1		ewsintötä				ewsintøtæ		e w s i n t ø t æ	1	l								DEWbOstj
komi_permyak	sniff	1		ńukajtni̮		ńukajtni̮		ɲukɑjtnɯ		ɲ u k ɑ j t n ɯ	1	l	russian	clear					Rogov1869	KoPRSl
komi_zyrian	sniff	1		isaśni̮		isaśni̮		isɑɕnɯ		i s ɑ ɕ n ɯ	6	f					"Deriv. from ""is"" 'smell, stink'"			SyrjWsch
livonian_courland	sniff	1		nūškõ				nuːʃkɯ		n uː ʃ k ɯ	3	c								LivWb
mansi_sosva	sniff	1		sēχwi		sēχwi		seːxʷi		s eː xʷ i	10	j				'Scent (v.), sniff'				WogWb
mari_hill	sniff	1		üpšənžäš				ypʃənʒæʃ		y p ʃ ə n ʒ æ ʃ	6	f								
mari_meadow	sniff	1		üpšə̑nčam		üpšə̑nčam		ypʃəntʃɑm		y p ʃ ə n tʃ ɑ m	6	f				'Smell, sniff'				SMSk, TscherWb
moksha	sniff	1		ńiksams				nʲiksɑms		nʲ i k s ɑ m s	5	e								
nenets_tundra	sniff	1		tyunye°				tʲuɲe		tʲ u ɲ e	9	i								JurSWb
nganasan	sniff	1		činüdʹa				t͡ʃinydʲɑ		t͡ʃ i n y dʲ ɑ	12	m								SlNgaRus
proto_uralic	sniff	1	not_reconstructable																	
saami_inari	sniff	1		suvneđ				suvneð		s u v n e ð	11	k								InsSSk
saami_kildin	sniff	1		app’se		appʹse		ɑpːʲse		ɑ pːʲ s e	6	f								WOLD
saami_north	sniff	1		sustit				sustit		s u s t i t	4	d								SSSg
saami_pite	sniff	1	form_not_found																	EZ
saami_skolt	sniff	1		suustčed				suːstt͡ʃed		s uː s t t͡ʃ e d	4	d								SKosSk
saami_skolt	sniff	2		suʹstted				susʲtːed		s u sʲ tː e d	4	d								SKosSk
saami_south	sniff	1		snihkiestidh				snihkiestidh		s n i h k i e s t i d h	11	k	north germanic	clear					MH	NSsNdb
saami_ume	sniff	1	form_not_found																	WbWlap
selkup_northern	sniff	1	form_not_found																	SolkWb
udmurt	sniff	1		zi̮mjani̮		zi̮mjaśki̮ni̮		zɯmjɑɕkɯnɯ		z ɯ m j ɑ ɕ k ɯ n ɯ	8	h					"Deriv. from ""zi̮m"" 'smell'"			WotjWsch
veps	sniff	1	form_not_found																	VVS
votic_western	sniff	1		nūske̮ma		nūske̮ma		nuːskɤmɑ		n uː s k ɤ m ɑ	3	c								VKJMS
erzya	snow	1		lov		lov		lov		l o v	1	a								MordWb
estonian_south	snow	1		lumi				lumi		l u m i	1	a								VESr
estonian_standard	snow	1		lumi		lumi		lumi		l u m i	1	a								SVSk
finnish_standard	snow	1		lumi		lumi		lumi		l u m i	1	a								JL
hungarian	snow	1		hó		hoo		hoː		h oː	3	c			From PU *kumV 'thin snow'					FMSz
ingrian	snow	1		lumi		lumi		lumi		l u m i	1	a								InkmSk
karelian_proper	snow	1		lumi				lumi		l u m i	1	a								KKSV
khanty_vakh_vasyugan	snow	1		č̣ŏɣǝt		čŏɣət		tʃŏɣət		tʃ o ̆ ɣ ə t	5	e								DEWbOstj
komi_permyak	snow	1		li̮m		li̮m		lɯm		l ɯ m	1	a								KoPRSl
komi_zyrian	snow	1		li̮m		li̮m		lɯm		l ɯ m	1	a								SyrjWsch
livonian_courland	snow	1		lum				lum		l u m	1	a								LivWb
mansi_sosva	snow	1		tūjt		tūjt		tuːjt		t uː j t	4	d								WogWb
mari_hill	snow	1		lə̑m				ləm		l ə m	1	a								
mari_meadow	snow	1		lum		lum		lum		l u m	1	a								SMSk, TscherWb
moksha	snow	1		lov				lov		l o v	1	a								
nenets_tundra	snow	1		sira				sirɑ		s i r ɑ	6	f			From PU *śarV 'frozen snow'					JurSWb
nganasan	snow	1		dʹum		dʹum		dʲum		dʲ u m	1	a								SlNgaRus
nganasan	snow	2		śirü		śirü		ɕiry		ɕ i r y	6	f					From PU *śarV 'frozen snow'			SlNgaRus
proto_uralic	snow	1		*lumi̮				lumɨ		l u m ɨ	1	a								UEW, Sam88
saami_inari	snow	1		muotâ				muotə		m u o t ə	2	b	balto-slavic	possible	cf. Rus ”motat'” 'shake, etc.'				Koivulehto2006, Sammallahti1998	InsSSk
saami_kildin	snow	1		vēʒ		veedz		veːdz		v eː d z	7	g								WOLD
saami_north	snow	1		muohta				muohtɑ		m u o h t ɑ	2	b	balto-slavic	possible	cf. Rus ”motat'” 'shake, etc.'				Koivulehto2006, Sammallahti1998	SSSg
saami_pite	snow	1		muohta/muähtit				muohtɑ/muæhtit		m u o h t ɑ / m u æ h t i t	2	b	balto-slavic	possible	cf. Rus ”motat'” 'shake, etc.'				Koivulehto2006, Sammallahti1998	EZ
saami_skolt	snow	1		muõtt				muətː		m u ə tː	2	b	balto-slavic	possible	cf. Rus ”motat'” 'shake, etc.'				Koivulehto2006, Sammallahti1998	SKosSk
saami_south	snow	1		lopme				lopme		l o p m e	1	a								NSsNdb
saami_ume	snow	1		muahta				muɑhtɑ		m u ɑ h t ɑ	2	b	balto-slavic	possible	cf. Rus ”motat'” 'shake, etc.'				Koivulehto2006, Sammallahti1998	WbWlap
selkup_northern	snow	1		si̮rə		si̮rə		sɯrə		s ɯ r ə	6	f			From PU *śarV 'frozen snow'					SolkWb
udmurt	snow	1		li̮mi̮		li̮mi̮		lɯmɯ		l ɯ m ɯ	1	a								WotjWsch
veps	snow	1		lumi				lumi		l u m i	1	a								VVS
votic_western	snow	1		лumi		lumi		lumi		l u m i	1	a								VKJMS
erzya	some	1		kona-butʹi		kona-butʹi		konɑ-butʲi		k o n ɑ b u tʲ i	1	a					"Deriv., comp. with ""butʹi"""			MordWb
erzya	some	2		meźe-butʹi		meźe-butʹi		meʑe-butʲi		m e ʑ e b u tʲ i	2	b					"Deriv., comp. with ""butʹi"""			MordWb
erzya	some	3		ta-kodamo		ta-kodamo		tɑ-kodɑmo		t ɑ k o d ɑ m o	7	g	turkic	clear	"""Ta"" 'some-' loan from Chuvash ""ta"""	'Something, someone'			CygankinMosin2015	MordWb
estonian_south	some	1		miäkiq				miækiʔ		m i æ k i ʔ	2	b								VESr
estonian_south	some	2		määne				mæːne		m æː n e	2	b								VESr
estonian_standard	some	1		mõni		mə̑ni		mɤni		m ɤ n i	14	n	indo-european	possible					EES	
finnish_standard	some	1		jokin		jokin		jo̞kin		j o̞ k i n	4	d					Deriv.			JL
hungarian	some	1		néhány		valami		vɒlɒmi		v ɒ l ɒ m i	16	r								
ingrian	some	1		joɢu		joɢu		joɡ̥u		j o ɡ̥ u	4	d								InkmSk
ingrian	some	2		miɢä	(miɢälē)	miɢä	miɢälē	miɡ̊æ	miɡ̊æleː	m i ɡ̊ æ	2	b					"Used with adverbials, etc. ""migälee"", ""migäikkee"" 'some(thing), whatever'"			InkmSk
karelian_proper	some	1		ku				ku		k u	1	a								KKSV
karelian_proper	some	2		mi				mi		m i	2	b								KKSV
khanty_vakh_vasyugan	some	1		mətä		mətä		mətæ		m ə t æ	8	h					Former as attribute, latter as freestanding word			DEWbOstj
khanty_vakh_vasyugan	some	2		mətälʹi	mətäli	mətälʹi	mətäli	mətæʎi	mətæli	m ə t æ ʎ i	8	h					Former as attribute, latter as freestanding word			DEWbOstj
komi_permyak	some	1		kinke̮		kinke̮		kinkɤ		k i n k ɤ	3	c								KoPRSl
komi_zyrian	some	1		kuč̣e̮m-ke̮		kuče̮m-ke̮		kutʃɤm-kɤ		k u tʃ ɤ m k ɤ	1	a				"""-ke̮"" 'if, as'"	Deriv.			SyrjWsch
livonian_courland	some	1		mūnda				muːndɑ		m uː n d ɑ	14	n	indo-european	possible					EES	
mansi_sosva	some	1		mat		mat		mɑt		m ɑ t	8	h								WogWb
mari_hill	some	1		ikmańar				ikmɑnʲɑr		i k m ɑ nʲ ɑ r	15	p								
mari_meadow	some	1		ala-mo		ala-mo		ɑlɑ-mo		ɑ l ɑ m o	9	i	tatar	clear	"""Ala"" 'maybe, some-' loan from Tatar; ""mo"" 'what'"				Isanbaev1994	SMSk, TscherWb
mari_meadow	some	2		ala-mo		ala-mo		ɑlɑ-mo		ɑ l ɑ m o	2	b				"""Mo(ɣaj)"" 'what'"				SMSk, TscherWb
mari_meadow	some	3		iktaž-mo		iktaž-mo		iktɑʒ-mo		i k t ɑ ʒ m o	2	b				"""Mo(ɣaj)"" 'what'"				SMSk, TscherWb
mari_meadow	some	4		iktaž		iktaž		iktɑʒ		i k t ɑ ʒ	10	j								SMSk, TscherWb
mari_meadow	some	5		iktaž-mo		iktaž-mo		iktɑʒ-mo		i k t ɑ ʒ m o	10	j								SMSk, TscherWb
moksha	some	1		koj-kona				koj-konɑ		k o j k o n ɑ	17	o								
moksha	some	2		kona-kona				konɑ-konɑ		k o n ɑ k o n ɑ	17	o								
nenets_tundra	some	1		ŋəmkexəwa				ŋəmkexəwɑ		ŋ ə m k e x ə w ɑ	11	k								JurSWb
nganasan	some	1		kurədʹiküə		kurədʹiküə		kurədʲikyə		k u r ə dʲ i k y ə	13	m					"Deriv. from ""kurədʹi"" 'what, which'"			SlNgaRus
nganasan	some	2		māgüə		māgüə		mɑːɡyə		m ɑː ɡ y ə	2	b					From PU *mV- 'what'			SlNgaRus
nganasan	some	3		māčəküə		māčəküə		mɑːtʃəkyə		m ɑː tʃ ə k y ə	2	b					From PU *mV- 'what'			SlNgaRus
proto_uralic	some	1	not_reconstructable																	UEW, Sam88
saami_inari	some	1		miinii				miːniː		m iː n iː	2	b								InsSSk
saami_kildin	some	1		mugka-vier’t		mugga-vierʹt		muɡːɑ-vierʲt		m u ɡː ɑ v i e rʲ t	12	l								WOLD
saami_north	some	1		juoga				juokɑ		j u o k ɑ	4	d					Deriv.			SSSg
saami_north	some	2		soamis				soɑmis		s o ɑ m i s	5	e	indo-iranian_or_indo-european	possible					Holopainen2018	SSSg
saami_pite	some	1		såmes				sɔmes		s ɔ m e s	5	e	indo-iranian_or_indo-european	possible					Holopainen2018	EZ
saami_skolt	some	1		kååʹtt-ne				kɔːtʲː-ne		k ɔː tʲː n e	1	a			Cognacy uncertain		Deriv.?			SKosSk
saami_skolt	some	2		mii-ne				miː-ne		m iː n e	2	b					Deriv.?			SKosSk
saami_south	some	1		naan				nɑːn		n ɑː n	6	f	north germanic	clear					Lagercrantz1939	NSsNdb
saami_south	some	2		naakene				nɑːkene		n ɑː k e n e	6	f	north germanic	clear					Lagercrantz1939	NSsNdb
saami_south	some	3		såemies				sɔemies		s ɔ e m i e s	5	e	indo-iranian_or_indo-european	possible					Holopainen2018	NSsNdb
saami_ume	some	1		naaga(n)				nɑːkɑn		n ɑː k ɑ n	6	f	north germanic	clear					Lagercrantz1939	WbWlap
saami_ume	some	2		sååmès				sɔːmes		s ɔː m e s	5	e	indo-iranian_or_indo-european	possible					Holopainen2018	WbWlap
selkup_northern	some	1		qaj kos		qaj_kos		qɑj kos		q ɑ j k o s	1	a								SolkWb
udmurt	some	1		kin ke		kin_ke		kin ke		k i n k e	3	c				"""Ke"" is an indefinite particle"				WotjWsch
veps	some	1		kenńi				kenːʹi		k e nː ʹ i	3	c			Deriv. from PFU *ke-?					VVS
votic_western	some	1		mõni				mɤni		m ɤ n i	14	n	indo-european	possible					EES	
erzya	son-in-law	1		sodamo		sodamo		sodɑmo		s o d ɑ m o	5	e								MordWb
estonian_south	son-in-law	1		väü				væy		v æ y	1	a								VESr
estonian_standard	son-in-law	1		väi		väi		væi		v æ i	1	a				"Latter comp. with ""mees"" 'man'"				SVSk
estonian_standard	son-in-law	2		väimees		väimees		væimeːs		v æ i m eː s	1	a				"Latter comp. with ""mees"" 'man'"				SVSk
finnish_standard	son-in-law	1		vävy		vävü		ʋævy		ʋ æ v y	1	a								JL
hungarian	son-in-law	1		vő		vöö		vøː		v øː	1	a								FMSz
ingrian	son-in-law	1		vävü		vävü		vævy		v æ v y	1	a								InkmSk
karelian_proper	son-in-law	1		vävy				vævy		v æ v y	1	a								KKSV
khanty_vakh_vasyugan	son-in-law	1		wo̭ŋ		wo̭ŋ		wo̻ŋ		w o̻ ŋ	1	a								DEWbOstj
komi_permyak	son-in-law	1		źatʹ		źatʹ		ʑɑtʲ		ʑ ɑ tʲ	4	j	russian	clear					Rogov1869	KoPRSl
komi_zyrian	son-in-law	1		zjat'				zjɑtʲ		z j ɑ tʲ	4	j	russian	clear				SES	Rogov1869	SyrjWsch
livonian_courland	son-in-law	1		tidār-mīez				tidɑːr-miːez		t i d ɑː r m iː e z	3	c				Lit. 'daughter-man'				LivWb
livonian_courland	son-in-law	2		znūot				znuːot		z n uː o t	2	b	latvian	clear					Suhonen1973	LivWb
mansi_sosva	son-in-law	1		wāps		wāps		wɑːps		w ɑː p s	7	g								WogWb
mari_hill	son-in-law	1		βingə				βiŋɡə		β i ŋ ɡ ə	1	a								
mari_meadow	son-in-law	1		βeŋe		βeŋe		βeŋe		β e ŋ e	1	a								SMSk, TscherWb
moksha	son-in-law	1		ov				ov		o v	1	a								
nenets_tundra	son-in-law	1		yiy°				jij		j i j	1	a								JurSWb
nganasan	son-in-law	1		biŋi		biŋi		biŋi		b i ŋ i	1	a								SlNgaRus
proto_uralic	son-in-law	1	not_reconstructable																	
saami_inari	son-in-law	1		vivvâ				vivːə		v i vː ə	1	a								InsSSk
saami_kildin	son-in-law	1		vɨvv		və̑vv		vɨvː		v ɨ vː	1	a								WOLD
saami_kildin	son-in-law	2		zeaht’		zeahtʹ		zeɑhtʲ		z e ɑ h tʲ	4	d	russian	clear					Riessler2009	WOLD
saami_north	son-in-law	1		vivva				vivːɑ		v i vː ɑ	1	a								SSSg
saami_pite	son-in-law	1		vivva				vivːɑ		v i vː ɑ	1	a								EZ
saami_skolt	son-in-law	1		vivv				vivː		v i vː	1	a								SKosSk
saami_skolt	son-in-law	2		zeeʹtt				zeːtʲː		z eː tʲː	4	d	russian	clear					Itkonen1958b	SKosSk
saami_south	son-in-law	1		vïjve				vɨjve		v ɨ j v e	1	a								NSsNdb
saami_ume	son-in-law	1		vivva				vivːɑ		v i vː ɑ	1	a								WbWlap
saami_ume	son-in-law	2		vivvas				vivːɑs		v i vː ɑ s	1	a								WbWlap
selkup_northern	son-in-law	1		emnä		emnä		emnæ		e m n æ	8	h								SolkWb
selkup_northern	son-in-law	2		kuə̑nək		kuə̑nək		kuənək		k u ə n ə k	1	a								SolkWb
udmurt	son-in-law	1		emes-pi		emes-pi		emes-pi		e m e s p i	9	i				"Comp.; ""pi"" 'son'"				WotjWsch
veps	son-in-law	1		vävu				vævu		v æ v u	1	a								VVS
votic_western	son-in-law	1		vävü		vävü		vævy		v æ v y	1	a								VKJMS
erzya	song	1		moro		moro		moro		m o r o	5	e	indo-iranian_or_iranian	possible					Holopainen2019, HolopainenJunttila2022, Bereczki2013	MordWb
estonian_south	song	1		laul				lɑul		l ɑ u l	1	a								VESr
estonian_standard	song	1		laul		laul		lɑul		l ɑ u l	1	a								SVSk
finnish_standard	song	1		laulu		lawlu		lɑwlu		l ɑ w l u	1	a								JL
hungarian	song	1		dal		dal		dɒl		d ɒ l	8	h								FMSz
hungarian	song	2		ének		eenek		eːnɛk		eː n ɛ k	7	g								FMSz
ingrian	song	1		laulu		laulu		lɑulu		l ɑ u l u	1	a								InkmSk
karelian_proper	song	1		laulu				lɑulu		l ɑ u l u	1	a								KKSV
karelian_proper	song	2		virsi				virsi		v i r s i	2	b	baltic	probable					Junttila2015, SSA	KKSV
khanty_vakh_vasyugan	song	1		ärǝɣ		ärəɣ		ærəɣ		æ r ə ɣ	10	j	iranian	probable					Holopainen2019, Korenchy1972	DEWbOstj
komi_permyak	song	1		śi̮lanki̮v		śi̮lanki̮v		ɕɯlɑnkɯv		ɕ ɯ l ɑ n k ɯ v	6	f				Lit. 'singing-talk'				KoPRSl
komi_zyrian	song	1		śi̮lan-ki̮v		śi̮lan-ki̮v		ɕɯlɑn-kɯv		ɕ ɯ l ɑ n k ɯ v	6	f				Lit. 'singing-talk'				SyrjWsch
livonian_courland	song	1		loul				loul		l o u l	1	a								LivWb
mansi_sosva	song	1		ēriɣ		ēriɣ		eːriɣ		eː r i ɣ	10	j	iranian	probable					Holopainen2019, Korenchy1972	WogWb
mari_hill	song	1		mə̑rə̑				mərə		m ə r ə	5	e	indo-iranian_or_iranian	possible					Holopainen2019, HolopainenJunttila2022, Bereczki2013	
mari_meadow	song	1		muro		muro		muro		m u r o	5	e	indo-iranian_or_iranian	possible					Holopainen2019, HolopainenJunttila2022, Bereczki2013	SMSk, TscherWb
moksha	song	1		mora				morɑ		m o r ɑ	5	e	indo-iranian_or_iranian	possible					Holopainen2019, HolopainenJunttila2022, Bereczki2013	
nenets_tundra	song	1		syo				sʲo		sʲ o	11	k				'Throat, song'				JurSWb
nganasan	song	1		bəli̮		bəli̮		bəlɯ		b ə l ɯ	13	m								SlNgaRus
proto_uralic	song	1	not_reconstructable																	
saami_inari	song	1		laavlâ				lɑːvlə		l ɑː v l ə	1	n	finnic	clear					Sammallahti1998	InsSSk
saami_kildin	song	1		lāvvl		laavvl		lɑːvːl		l ɑː vː l	1	n	finnic	clear					Riessler2009	WOLD
saami_north	song	1		lávlla				lɑːvlːɑ		l ɑː v lː ɑ	1	n	finnic	clear					Sammallahti1998	SSSg
saami_pite	song	1		lávvlo				lɑːvːlo		l ɑː vː l o	1	n	finnic	clear					Lehtiranta1989	EZ
saami_skolt	song	1		laaul				lɑːul		l ɑː u l	1	n	finnic	clear					Lehtiranta1989	SKosSk
saami_south	song	1		laavloe				lɑːvlue		l ɑː v l u e	1	n	finnic	clear					Lagercrantz1939	NSsNdb
saami_south	song	2		laalvome				lɑːlvome		l ɑː l v o m e	1	n	finnic	clear					Lagercrantz1939	NSsNdb
saami_ume	song	1		vüellee				vyelːeː		v y e lː eː	4	d				'Sami song'				WbWlap
selkup_northern	song	1		lē̮rə		lē̮rə		lɤːrə		l ɤː r ə	12	l								SolkWb
udmurt	song	1		ki̮rźan		ki̮rźan		kɯrʑɑn		k ɯ r ʑ ɑ n	9	i				"Latter comp.; lit. ""song-speech'"				WotjWsch
udmurt	song	2		ki̮rźan-ki̮l		ki̮rźan-ki̮l		kɯrʑɑn-kɯl		k ɯ r ʑ ɑ n k ɯ l	9	i				"Latter comp.; lit. ""song-speech'"				WotjWsch
veps	song	1		pajo				pɑjo		p ɑ j o	3	c	slavic	probable					SSA	VVS
votic_western	song	1		laulu		laulu		lɑulu		l ɑ u l u	1	a								VKJMS
erzya	soon	1		kurokke		kurokke		kurokːe		k u r o kː e	10	j	russian	clear				Versinin2004	Versinin2004	MordWb
estonian_south	soon	1		pia				piɑ		p i ɑ	1	a	germanic	possible					SSA, NES, EES	VESr
estonian_standard	soon	1		kohe		kohe		kohe		k o h e	2	b								SVSk
estonian_standard	soon	2		varsti		varstti		vɑrstːi		v ɑ r s tː i	4	d								SVSk
finnish_standard	soon	1		kohta		kohta		ko̞xt̪ɑ		k o̞ x t̪ ɑ	2	b								JL
finnish_standard	soon	2		pian		pian		piɑn		p i ɑ n	1	a	germanic	possible					SSA, NES, EES	JL
hungarian	soon	1		hamar		hamar		hɒmɒr		h ɒ m ɒ r	12	l								FMSz
hungarian	soon	2		mindjárt		minǵaart		minɟaːrt		m i n ɟ aː r t	13	m								FMSz
ingrian	soon	1		par̆raikā		par̆raikā		pɑr̆rɑikɑː		p ɑ r ̆ r ɑ i k ɑː	24	x								InkmSk
karelian_proper	soon	1		teräväh				terævæh		t e r æ v æ h	3	c				'Quickly, soon'				KKSV
khanty_vakh_vasyugan	soon	1		ǝsipɜ		əsipə		əsipə		ə s i p ə	20	t	tungusic	possible					Futaky1975	DEWbOstj
komi_permyak	soon	1		ćase̮t		ćase̮t		tɕɑsɤt		tɕ ɑ s ɤ t	22	v	russian	clear					SSA, NES, EES	KoPRSl
komi_permyak	soon	2		e̮ni		e̮ni		ɤni		ɤ n i	26	az				'Soon, now'				KoPRSl
komi_zyrian	soon	1		regi̮d		e̮dje̮, e̮dje̮n		ɤdjɤ, ɤdjɤn			11	k								SyrjWsch
livonian_courland	soon	1		pigā				piɡɑː		p i ɡ ɑː	1	a	germanic	possible					SSA, NES, EES	LivWb
livonian_courland	soon	2		pakānd				pɑkɑːnd		p ɑ k ɑː n d	5	e								LivWb
mansi_sosva	soon	1		moś-ērtn		moś-ērtn		moɕ-eːrtn		m o ɕ eː r t n	16	p					"Cf. ""moś"" 'small'"			WogWb
mari_hill	soon	1		jəle				jəle		j ə l e	29	ac			Cognacy reference lacking			SES		
mari_meadow	soon	1		βaške		βaške		βɑʃke		β ɑ ʃ k e	14	n	chuvash	clear					TscherWb	SMSk, TscherWb
moksha	soon	1		kurok				kurok		k u r o k	10	ae	russian	clear				Versinin2004	Versinin2004	
nenets_tundra	soon	1		myin°xə-				mʲinxə-		mʲ i n x ə	17	q					Receives personal endings on the basis of sentential subject			JurSWb
nganasan	soon	1		ńeraˀa		ńeraˀa		ɲerɑʔɑ		ɲ e r ɑ ʔ ɑ	28	ab				'In the future, soon'				SlNgaRus
proto_uralic	soon	1	not_reconstructable																	UEW, Sam88
saami_inari	soon	1		forgâ				forɡə		f o r ɡ ə	6	f								InsSSk
saami_kildin	soon	1		vextenn’e		vextennʹe		vextenːʲe		v e x t e nːʲ e	19	s								WOLD
saami_north	soon	1		fargga	farga			fɑrkkɑ		f ɑ r k k ɑ	6	f								SSSg
saami_pite	soon	1		ruvva				ruvːɑ		r u vː ɑ	27	aa								EZ
saami_skolt	soon	1		sõrgg				sərɡː		s ə r ɡː	8	h								SKosSk
saami_skolt	soon	2		sõõrǥab				səːrɣɑb		s əː r ɣ ɑ b	8	h								SKosSk
saami_south	soon	1		rætnoe				rætnue		r æ t n u e	9	af			Cognacy refence lacking			MdH		NSsNdb
saami_south	soon	2		raakth				rɑːkth		r ɑː k t h	30	ad			Cognacy refence lacking			MdH		
saami_ume	soon	1		assèna				ɑsːenɑ		ɑ sː e n ɑ	7	g								WbWlap
saami_ume	soon	2		varˈga				vɑrˈkɑ		v ɑ rˈ k ɑ	6	f								WbWlap
selkup_northern	soon	1		ćǟk	ćāk	ćǟk	ćāk	tɕæːk	tɕɑːk	tɕ æː k	18	r								SolkWb
udmurt	soon	1		ǯogen		ǯog		dʒoɡ		dʒ o ɡ	15	o				'Quickly, soon'				WotjWsch
veps	soon	1		pigai				piɡɑi		p i ɡ ɑ i	1	a	germanic	possible					SSA, NES, EES	VVS
veps	soon	2		teravas				terɑvɑs		t e r ɑ v ɑ s	3	c								VVS
votic_western	soon	1		tšīrē		čīrē		tʃiːre		tʃ iː r e	25	y								VKJMS
erzya	sound_noise	1		gajtʹ		gajtʹ		ɡɑjtʲ		ɡ ɑ j tʲ	4	d								MordWb
erzya	sound_noise	2		vajgelʹ		vajgelʹ		vɑjɡeʎ		v ɑ j ɡ e ʎ	5	e								MordWb
estonian_south	sound_noise	1		helü				hely		h e l y	3	c			From *heli (~ *hǟli)					VESr
estonian_standard	sound_noise	1		hääl		hääl		hæːl		h æː l	3	c			From *hǟli					SVSk
finnish_standard	sound_noise	1		ääni		ääni		æːni		æː n i	1	a			Fin ǟne- from PU *äni instead of expected Fin **ēne- (Aikio 2012)					JL
hungarian	sound_noise	1		hang		haŋg		hɒŋɡ		h ɒ ŋ ɡ	8	h								FMSz
ingrian	sound_noise	1		ǟni		ǟni		æːni		æː n i	1	a			Fin ǟne- from PU *äni instead of expected Fin **ēne- (Aikio 2012)					InkmSk
karelian_proper	sound_noise	1		eäni				eæni		e æ n i	1	a			Fin ǟne- from PU *äni instead of expected Fin **ēne- (Aikio 2012)					KKSV
khanty_vakh_vasyugan	sound_noise	1		sö̆j		sö̆j		sø̆j		s ø ̆ j	11	k								DEWbOstj
komi_permyak	sound_noise	1		ši̮		ši̮		ʃɯ		ʃ ɯ	6	f								KoPRSl
komi_zyrian	sound_noise	1		ši̮		ši̮		ʃɯ		ʃ ɯ	6	f								SyrjWsch
livonian_courland	sound_noise	1		ēļ				eːʎ		eː ʎ	3	c			From *(h)ȫli (~ *hǟli)					LivWb
mansi_sosva	sound_noise	1		suj		suj		suj		s u j	11	k								WogWb
mansi_sosva	sound_noise	2		χalʹ		χalʹ		xɑʎ		x ɑ ʎ	13	m				'Noise, voice'				WogWb
mari_hill	sound_noise	1		juk				juk		j u k	9	i								
mari_meadow	sound_noise	1		jük		jük		jyk		j y k	9	i								SMSk, TscherWb
moksha	sound_noise	1		vajgäl'				vɑjɡælʲ		v ɑ j ɡ æ lʲ	5	e								
nenets_tundra	sound_noise	1		múh				muʔ		m u ʔ	14	n								JurSWb
nganasan	sound_noise	1		dʹelʹi		dʹelʹi		dʲeʎi		dʲ e ʎ i	19	s								SlNgaRus
nganasan	sound_noise	2		saü		saü		sɑy		s ɑ y	16	p								SlNgaRus
proto_uralic	sound_noise	1	not_reconstructable																	
saami_inari	sound_noise	1		pááhu				pæːhu		p æː h u	17	q								InsSSk
saami_inari	sound_noise	2		jienâ				jienə		j i e n ə	1	a								InsSSk
saami_kildin	sound_noise	1		joaff		jaaff		jɒːfː		j ɒː fː	12	l								WOLD
saami_north	sound_noise	1		jietna				jietnɑ		j i e t n ɑ	1	a								SSSg
saami_pite	sound_noise	1		jedna				jetnɑ		j e t n ɑ	1	a				'Voice, sound, tone'				EZ
saami_skolt	sound_noise	1		jiõnn				jiənː		j i ə nː	1	a								SKosSk
saami_south	sound_noise	1		tjoeje				t͡ɕueje		t͡ɕ u e j e	18	r				'Voice, sound, tone'				NSsNdb
saami_ume	sound_noise	1		jeädˈna				jeætˈnɑ		j e æ tˈ n ɑ	1	a								WbWlap
selkup_northern	sound_noise	1		ćaru		ćaru		tɕɑru		tɕ ɑ r u	15	o				'Sound, voice'				SolkWb
selkup_northern	sound_noise	2		sǖmə		sǖmə		syːmə		s yː m ə	16	p				'Sound, noise'				SolkWb
udmurt	sound_noise	1		kwara		kwara		kwɑrɑ		k w ɑ r ɑ	10	j								WotjWsch
veps	sound_noise	1		kulund				kulund		k u l u n d	2	b								VVS
votic_western	sound_noise	1		ǟni		ǟni		æːni		æː n i	1	a			Fin ǟne- from PU *äni instead of expected Fin **ēne- (Aikio 2012)					VKJMS
votic_western	sound_noise	2		ǟli				æːli		æː l i	1	a			Fin ǟne- from PU *äni instead of expected Fin **ēne- (Aikio 2012)					VKJMS
erzya	spider	1		šanžav		šanžav		ʃɑnʒɑv		ʃ ɑ n ʒ ɑ v	3	c								MordWb
estonian_south	spider	1		härm				hærm		h æ r m	1	a								VESr
estonian_south	spider	2		härmävitäi				hærmævitæi		h æ r m æ v i t æ i	1	a								VESr
estonian_standard	spider	1		ämblik		ämplik		æmplik		æ m p l i k	1	a								SVSk
finnish_standard	spider	1		hämähäkki		hämähäkki		hæmæɦækːi		h æ m æ ɦ æ kː i	1	a			hämä < Ger					JL
hungarian	spider	1		pók		pook		poːk		p oː k	5	e	slavic	clear					Kniezsa1974, TESz, Zaicz2006	FMSz
ingrian	spider	1		hämähǟkki		hämähǟkki		hæmæhæːkːi		h æ m æ h æː kː i	1	a								InkmSk
karelian_proper	spider	1		hämehikki				hæmehikːi		h æ m e h i kː i	1	a								KKSV
khanty_vakh_vasyugan	spider	1		kalwi̮l-ni̮	kalwi̮lʹ-ni	kalwi̮l-ni̮	kalwi̮lʹ-ni	kɑlwɯl-nɯ	kɑlwɯʎ-ni	k ɑ l w ɯ l n ɯ	12	l				Lit. 'web-woman'				DEWbOstj
komi_permyak	spider	1		ćerań		ćerań		tɕerɑɲ		tɕ e r ɑ ɲ	4	d								KoPRSl
komi_zyrian	spider	1		ćerań		ćerań		tɕerɑɲ		tɕ e r ɑ ɲ	4	d								SyrjWsch
livonian_courland	spider	1		ēbrikš				eːbrikʃ		eː b r i k ʃ	1	a			"Cf. Est ""ämblik ~ ämrik"""					LivWb
livonian_courland	spider	2		emriki				emriki		e m r i k i	1	a			"Cf. Est ""ämblik ~ ämrik"""					LivWb
mansi_sosva	spider	1		ńimser		ńimser		ɲimser		ɲ i m s e r	7	g								WogWb
mari_hill	spider	1		änɣəremšə				ænɣəremʃə		æ n ɣ ə r e m ʃ ə	6	f								
mari_meadow	spider	1		eŋə̑remə̑š		eŋə̑remə̑š		eŋəreməʃ		e ŋ ə r e m ə ʃ	6	f								SMSk, TscherWb
moksha	spider	1		ińž'a				inʲʒɑ		i nʲ ʒ ɑ	13	n			Cognacy reference lacking			MdH		
moksha	spider	2		unža				unʒɑ		u n ʒ ɑ	13	n			Cognacy reference lacking			MdH		
nenets_tundra	spider	1		lyarca				lʲɑrt͡sɑ		lʲ ɑ r t͡s ɑ	9	i								JurSWb
nenets_tundra	spider	2		nyibyi				ɲibʲi		ɲ i bʲ i	8	h								JurSWb
nganasan	spider	1		imiðiaj		imiδiaj		imiðiɑj		i m i ð i ɑ j	8	h								SlNgaRus
proto_uralic	spider	1	not_reconstructable																	UEW, Sam88
saami_inari	spider	1		evni				evni		e v n i	2	b								InsSSk
saami_kildin	spider	1		oaz		aaz		ɒːz		ɒː z	11	k								WOLD
saami_north	spider	1		heavdni				heævtni		h e æ v t n i	2	b								SSSg
saami_pite	spider	1		hevtne	häffne			hevtne		h e v t n e	2	b								EZ
saami_skolt	spider	1		eeunaž				eːunɑʒ		eː u n ɑ ʒ	2	b								SKosSk
saami_south	spider	1		hievnie				hievnie		h i e v n i e	2	b								NSsNdb
saami_ume	spider	1		fäyhnee				fæyhneː		f æ y h n eː	2	b								WbWlap
selkup_northern	spider	1		īćä		īćä		iːtɕæ		iː tɕ æ	10	j								SolkWb
udmurt	spider	1		ćonari		ćonari		tɕonɑri		tɕ o n ɑ r i	4	d								WotjWsch
veps	spider	1		hämähoug				hæmæhouɡ		h æ m æ h o u ɡ	1	a								VVS
votic_western	spider	1		hämöläin		hämöläin		hæmølæin		h æ m ø l æ i n	1	m	izhorian	probable					SSA	VKJMS
erzya	spit	1		śelʹgems		śelʹgems		ɕeʎɡems		ɕ e ʎ ɡ e m s	1	a								MordWb
estonian_south	spit	1		sülgämä				sylɡæmæ		s y l ɡ æ m æ	1	a								VESr
estonian_standard	spit	1		sülitada		sülittata		sylitːɑtɑ		s y l i tː ɑ t ɑ	1	a								SVSk
finnish_standard	spit	1		sylkeä		sülkeä		sylke̞æ		s y l k e̞ æ	1	a								JL
hungarian	spit	1		köp		köp		køp		k ø p	2	b								FMSz
ingrian	spit	1		sülkiä		sülkiä		sylkiæ		s y l k i æ	1	a								InkmSk
karelian_proper	spit	1		sylkie				sylkie		s y l k i e	1	a								KKSV
khanty_vakh_vasyugan	spit	1		sö̆jǝm-		sö̆jəm-		sø̆jəm-		s ø ̆ j ə m	1	a								DEWbOstj
komi_permyak	spit	1		śe̮lavni̮		śe̮lavni̮		ɕɤlɑvnɯ		ɕ ɤ l ɑ v n ɯ	1	a								KoPRSl
komi_zyrian	spit	1		śe̮lavni̮		śe̮lavni̮		ɕɤlɑvnɯ		ɕ ɤ l ɑ v n ɯ	1	a								SyrjWsch
livonian_courland	spit	1		siļgõ				siʎɡɯ		s i ʎ ɡ ɯ	1	a								LivWb
mansi_sosva	spit	1		salʹɣi		salʹɣi		sɑʎɣi		s ɑ ʎ ɣ i	1	a								WogWb
mari_hill	spit	1		šəβäš				ʃəβæʃ		ʃ ə β æ ʃ	1	a								
mari_meadow	spit	1		šüβalam		šüβalam		ʃyβɑlɑm		ʃ y β ɑ l ɑ m	1	a								SMSk, TscherWb
moksha	spit	1		śel'goms				sʲelʲɡoms		sʲ e lʲ ɡ o m s	1	a								
nenets_tundra	spit	1		səbcyə°				səbt͡sʲə		s ə b t͡sʲ ə	3	c								JurSWb
nganasan	spit	1		śebśidʹi		śebśidʹi		ɕebɕidʲi		ɕ e b ɕ i dʲ i	3	c					Uncertain cognacy			SlNgaRus
proto_uralic	spit	1	not_reconstructable														PFU: *śülki- ~ *śüδ′ki-			UEW, Sam88
saami_inari	spit	1		čulgâđ				t͡ʃulɡəð		t͡ʃ u l ɡ ə ð	1	a								InsSSk
saami_kildin	spit	1		čōllke		tšoollke		tʃoːlːke		t ʃ oː lː k e	1	a								WOLD
saami_north	spit	1		čolgat				t͡ʃolkɑt		t͡ʃ o l k ɑ t	1	a								SSSg
saami_pite	spit	1		tjållgåt				cɔlːkɔt		c ɔ lː k ɔ t	1	a								EZ
saami_skolt	spit	1		čolggâd				t͡ʃolɡːɐd		t͡ʃ o l ɡː ɐ d	1	a								SKosSk
saami_south	spit	1		tjalkedh				t͡ɕɑlkedh		t͡ɕ ɑ l k e d h	1	a								NSsNdb
saami_ume	spit	1		tjålˈgat				cɔlˈkɑt		c ɔ lˈ k ɑ t	1	a								WbWlap
selkup_northern	spit	1		süəsə-	süəsa-	süəsə-	süəsa-	syəsə-	syəsɑ-	s y ə s ə	4	d								SolkWb
udmurt	spit	1		śalani̮		śalani̮		ɕɑlɑnɯ		ɕ ɑ l ɑ n ɯ	1	a								WotjWsch
veps	spit	1		sülkta				sylktɑ		s y l k t ɑ	1	a								VVS
votic_western	spit	1		sültšiä		sülčiä		syltʃimæ		s y l tʃ i m æ	1	a								VKJMS
erzya	split	1		lazoms		lazoms		lɑzoms		l ɑ z o m s	5	e								MordWb
estonian_south	split	1		poolõndama				poːlɤndɑmɑ		p oː l ɤ n d ɑ m ɑ	3	c			From PU *pälä 'half, side'?					VESr
estonian_standard	split	1		lõhestada		lə̑hestata		lɤhestɑtɑ		l ɤ h e s t ɑ t ɑ	2	b								SVSk
finnish_standard	split	1		halkaista		halkaista		hɑlkɑist̪ɑ		h ɑ l k ɑ i s t̪ ɑ	1	a								JL
hungarian	split	1		hasít		hašiit		hɒʃiːt		h ɒ ʃ iː t	9	i			Not cognate with MnsN “χusati”					FMSz
ingrian	split	1		halaissa		halaissa		hɑlɑisːɑ		h ɑ l ɑ i sː ɑ	1	a								InkmSk
karelian_proper	split	1		halata				hɑlɑtɑ		h ɑ l ɑ t ɑ	1	a								KKSV
khanty_vakh_vasyugan	split	1		ḷăŋki̮t-		ḷăŋki̮t-		ɭɑ̆ŋkɯt-		ɭ ɑ ̆ ŋ k ɯ t	11	k								DEWbOstj
khanty_vakh_vasyugan	split	2		pǝlkäχtǝ-		pəlkäχtə-		pəlkæxtə-		p ə l k æ x t ə	15	o			From PU *pälä 'half, side'?					DEWbOstj
khanty_vakh_vasyugan	split	3		pelkitǝ-		pelkitə-		pelkitə-		p e l k i t ə	15	o			From PU *pälä 'half, side'?					DEWbOstj
komi_permyak	split	1		vundi̮štni̮		vundi̮štni̮		vundɯʃtnɯ		v u n d ɯ ʃ t n ɯ	17	q								KoPRSl
komi_zyrian	split	1		ćaške̮dni̮		ćaške̮dni̮		tɕɑʃkɤdnɯ		tɕ ɑ ʃ k ɤ d n ɯ	7	g								SyrjWsch
komi_zyrian	split	2		potke̮dni̮		potke̮dni̮		potkɤdnɯ		p o t k ɤ d n ɯ	14	n								SyrjWsch
livonian_courland	split	1		lōgstõ				loːɡstɯ		l oː ɡ s t ɯ	2	b								LivWb
mansi_sosva	split	1		χusati		χusati		xusɑti		x u s ɑ t i	10	j			"Not cognate with Hun ""hasít"""					WogWb
mari_hill	split	1		šeläš				ʃelæʃ		ʃ e l æ ʃ	6	f								
mari_meadow	split	1		šelam		šelam		ʃelɑm		ʃ e l ɑ m	6	f								SMSk, TscherWb
moksha	split	1		lazoms				lɑzoms		l ɑ z o m s	5	e								
nenets_tundra	split	1		lyadəcy°				lʲɑdət͡sʲ		lʲ ɑ d ə t͡sʲ	12	l								JurSWb
nganasan	split	1		čəirśi		čəirśi		tʃəirɕi		tʃ ə i r ɕ i	21	u								SlNgaRus
nganasan	split	2		ki̮rkaˀsa		ki̮rkaˀsa		kɯrkɑʔsɑ		k ɯ r k ɑ ʔ s ɑ	20	t								SlNgaRus
proto_uralic	split	1	not_reconstructable																	UEW, Sam88
saami_inari	split	1		laŋŋiđ				lɑŋːið		l ɑ ŋː i ð	16	p								InsSSk
saami_inari	split	2		luoddiđ				luodːið		l u o dː i ð	4	d								InsSSk
saami_kildin	split	1		luenn’te		luennʹte		luenːʲte		l u e nːʲ t e	4	d								WOLD
saami_north	split	1		luddet				luttet		l u t t e t	4	d								SSSg
saami_pite	split	1		juohket				juohket		j u o h k e t	19	s			From PU *jaka- 'divide'	'Split, separate'				EZ
saami_skolt	split	1		luõʹdˈdjed				luədʲːjed		l u ə dʲː j e d	4	d								SKosSk
saami_south	split	1		låadtodh				lɔɑdtodh		l ɔ ɑ d t o d h	4	d								NSsNdb
saami_south	split	2		lööpkedh				løːpkedh		l øː p k e d h	18	r								NSsNdb
saami_ume	split	1		luadˈdoot				luɑtˈtoːt		l u ɑ tˈ t oː t	4	d								WbWlap
selkup_northern	split	1		paćal-		paćal-		pɑtɕɑl-		p ɑ tɕ ɑ l	13	m								SolkWb
udmurt	split	1		pilʹi̮ni̮		pilʹi̮ni̮		piʎɯnɯ		p i ʎ ɯ n ɯ	8	h								WotjWsch
veps	split	1		haugoita				hɑuɡoitɑ		h ɑ u ɡ o i t ɑ	1	a								VVS
votic_western	split	1		lõhkoa		le̮hkoa		lɤhkomɑ		l ɤ h k o m ɑ	2	b								VKJMS
erzya	squeeze	1		lʹepštʹams		lʹepštʹams		ʎepʃtʲɑms		ʎ e p ʃ tʲ ɑ m s	8	h								MordWb
estonian_south	squeeze	1		pitsitämä				pitsitæmæ		p i t s i t æ m æ	4	d								VESr
estonian_standard	squeeze	1		pigistada		pikisttata		pikistːɑtɑ		p i k i s tː ɑ t ɑ	4	d								SVSk
finnish_standard	squeeze	1		puristaa		puristaa		purist̪ɑː		p u r i s t̪ ɑː	1	a								JL
hungarian	squeeze	1		nyom		ńom		ɲom		ɲ o m	15	o								FMSz
hungarian	squeeze	2		szorít		soriit		soriːt		s o r iː t	16	p			Deriv. from PFU *śorV 'narrow'					FMSz
ingrian	squeeze	1		ahistā		ahistā		ɑhistɑː		ɑ h i s t ɑː	26	az								InkmSk
ingrian	squeeze	2		piɢistǟ		piɢistǟ		piɡ̥istæː		p i ɡ̥ i s t æː	4	ac	estonian	probable					EES	InkmSk
ingrian	squeeze	3		puristā		puristā		puristɑː		p u r i s t ɑː	1	a								InkmSk
karelian_proper	squeeze	1		litšata				litʃɑtɑ		l i t ʃ ɑ t ɑ	2	b								KKSV
karelian_proper	squeeze	2		puristoa				puristoɑ		p u r i s t o ɑ	1	a								KKSV
khanty_vakh_vasyugan	squeeze	1		nöɣǝr-		nöɣər-		nøɣər-		n ø ɣ ə r	21	u								DEWbOstj
khanty_vakh_vasyugan	squeeze	2		paɣǝl-		paɣəl-		pɑɣəl-		p ɑ ɣ ə l	22	v								DEWbOstj
khanty_vakh_vasyugan	squeeze	3		pətʹər-		pətʹər-		pətʲər-		p ə tʲ ə r	18	r	komi	clear					DEWOS	DEWbOstj
komi_permyak	squeeze	1		žmitni̮		žmitni̮		ʒmitnɯ		ʒ m i t n ɯ	25	y								KoPRSl
komi_zyrian	squeeze	1		lʹićki̮ni̮		lʹićki̮ni̮		ʎitɕkɯnɯ		ʎ i tɕ k ɯ n ɯ	13	m								SyrjWsch
livonian_courland	squeeze	1		pīkstõ				piːkstɯ		p iː k s t ɯ	4	d								LivWb
mansi_sosva	squeeze	1		marli		marli		mɑrli		m ɑ r l i	17	q								WogWb
mari_hill	squeeze	1		pəzəräš				pəzəræʃ		p ə z ə r æ ʃ	10	j								
mari_meadow	squeeze	1		pə̑zə̑rem		pə̑zə̑rem		pəzərem		p ə z ə r e m	10	j	permic	possible	"Possibly from PFU *pući̮-rV- 'squeeze, press (out)' (Hill Mari form ""pəzər-"" points to original front vowel, pointing to possible variation in stem-internal vowel)"				Metsaranta2020	SMSk, TscherWb
mari_meadow	squeeze	2		puńčem		puńčem		puɲtʃem		p u ɲ tʃ e m	19	s	permic	possible					Metsaranta2020	SMSk, TscherWb
moksha	squeeze	1		l'upštams				lʲupʃtɑms		lʲ u p ʃ t ɑ m s	8	h								
nenets_tundra	squeeze	1		lat°ra°				lɑtrɑ		l ɑ t r ɑ	23	w								JurSWb
nganasan	squeeze	1		mebkiśi		mebkiśi		mebkiɕi		m e b k i ɕ i	29	ad						SES		SlNgaRus
nganasan	squeeze	2		mebkə̄dʹi		mebkə̄dʹi		mebkəːdʲi		m e b k əː dʲ i	29	ad						SES		SlNgaRus
proto_uralic	squeeze	1	not_reconstructable																	UEW, Sam88
saami_inari	squeeze	1		čárvuđ				t͡ʃærvuð		t͡ʃ æ r v u ð	5	e								InsSSk
saami_kildin	squeeze	1		paǯe		padže		pɑdʒe		p ɑ d ʒ e	24	x								WOLD
saami_north	squeeze	1		čárvut				t͡ʃɑːrvut		t͡ʃ ɑː r v u t	5	e								SSSg
saami_pite	squeeze	1		tsibtsastit				t͡sipt͡sɑstit		t͡s i p t͡s ɑ s t i t	29	ab								EZ
saami_skolt	squeeze	1		čärvvad				t͡ʃærvːɑd		t͡ʃ æ r vː ɑ d	5	e								SKosSk
saami_skolt	squeeze	2		täävvad				tæːvːɑd		t æː vː ɑ d	7	g								SKosSk
saami_south	squeeze	1		dïebtjestehtedh				dɨebt͡ɕestehtedh		d ɨ e b t͡ɕ e s t e h t e d h	6	f								NSsNdb
saami_south	squeeze	2		dïelkestidh				dɨelkestidh		d ɨ e l k e s t i d h	28	aa								NSsNdb
saami_ume	squeeze	1		deäptjoot				teæpcoːt		t e æ p c oː t	6	f								WbWlap
selkup_northern	squeeze	1		i̮p-		i̮p-		ɯp-		ɯ p	20	t								SolkWb
udmurt	squeeze	1		paćkati̮ni̮		paćkati̮ni̮		pɑtɕkɑtɯnɯ		p ɑ tɕ k ɑ t ɯ n ɯ	20	t								WotjWsch
udmurt	squeeze	2		zibi̮ni̮		zibi̮ni̮		zibɯnɯ		z i b ɯ n ɯ	11	af						SES		
veps	squeeze	1		kingitada				kiŋːitɑdɑ		k i ŋː i t ɑ d ɑ	3	c								NRVS
votic_western	squeeze	1		puzõrtā		puze̮rtā		puzɤrtɑː		p u z ɤ r t ɑː	10	j			From PFU *pući̮-rV- 'squeeze, press (out)'					VKJMS
votic_western	squeeze	2		lutissā		lutissā		lutisːɑː		l u t i sː ɑː	9	ae						SES		
erzya	stab	1		pupams		pupams		pupɑms		p u p ɑ m s	9	i								MordWb
erzya	stab	2		śalgoms		śalgoms		ɕɑlɡoms		ɕ ɑ l ɡ o m s	10	j			From PFU *śalkV 'stick (n.), staff, stump'					MordWb
estonian_south	stab	1		ts'urkama	ts'orkama			tsʲurkɑmɑ		t sʲ u r k ɑ m ɑ	3	c								VESr
estonian_south	stab	2		tsuskama				tsuskɑmɑ		t s u s k ɑ m ɑ	7	g								VESr
estonian_standard	stab	1		torgata		torkatta		torkɑtːɑ		t o r k ɑ tː ɑ	3	c								SVSk
finnish_standard	stab	1		pistää		pistää		pist̪æː		p i s t̪ æː	1	a								JL
hungarian	stab	1		szúr		suur		suːr		s uː r	15	o			From PFU *śurwa- 'stick into'					FMSz
ingrian	stab	1		törɢäᴅä		törɢäᴅä		tørɡ̥æd̥æ		t ø r ɡ̥ æ d̥ æ	3	c	russian	possible					EES	InkmSk
karelian_proper	stab	1		pisteä				pisteæ		p i s t e æ	1	a								KKSV
khanty_vakh_vasyugan	stab	1		pel-		pel-		pel-		p e l	17	q								DEWbOstj
khanty_vakh_vasyugan	stab	2		poɣləm		poɣləm		poɣləm		p o ɣ l ə m	2	b			From PFU *puski̮- 'stick, push'					DEWbOstj
komi_permyak	stab	1		tʹukńitni̮		tʹukńitni̮		tʲukɲitnɯ		tʲ u k ɲ i t n ɯ	16	p								KoPRSl
komi_permyak	stab	2		tačkavni̮		tačkavni̮		tɑtʃkɑvnɯ		t ɑ tʃ k ɑ v n ɯ	21	u								KoPRSl
komi_zyrian	stab	1		bi̮č̣ki̮ni̮		bi̮čki̮ni̮		bɯtʃkɯnɯ		b ɯ tʃ k ɯ n ɯ	14	n								SyrjWsch
komi_zyrian	stab	2		suč̣ki̮ni̮		sučki̮ni̮		sutʃkɯnɯ		s u tʃ k ɯ n ɯ	13	m								SyrjWsch
livonian_courland	stab	1		siskõ				siskɯ		s i s k ɯ	4	d								LivWb
mansi_sosva	stab	1		pēli		pēli		peːli		p eː l i	17	q								WogWb
mansi_sosva	stab	2		puwti		puwti		puwti		p u w t i	2	b			From PFU *puski̮- 'stick, push'					WogWb
mari_hill	stab	1		šə̑ralaš				ʃərɑlɑʃ		ʃ ə r ɑ l ɑ ʃ	15	o						SES		
mari_meadow	stab	1		keram		keram		kerɑm		k e r ɑ m	12	l								SMSk, TscherWb
mari_meadow	stab	2		šurem		šurem		ʃurem		ʃ u r e m	15	o			From PFU *śurwa- 'stick into'					SMSk, TscherWb
moksha	stab	1		śalgoms				sʲɑlɡoms		sʲ ɑ l ɡ o m s	10	j								
nenets_tundra	stab	1		ŋetəcy°				ŋetət͡sʲ		ŋ e t ə t͡sʲ	19	s								JurSWb
nganasan	stab	1		nərudʹi		nərudʹi		nərudʲi		n ə r u dʲ i	22	v								SlNgaRus
proto_uralic	stab	1	not_reconstructable																	UEW, Sam88
saami_inari	stab	1		čuoggiđ				t͡ʃuoɡːið		t͡ʃ u o ɡː i ð	5	e								InsSSk
saami_kildin	stab	1		čōhke		tšoohke		tʃoːhke		t ʃ oː h k e	5	e								WOLD
saami_north	stab	1		čugget				t͡ʃukket		t͡ʃ u k k e t	5	e								SSSg
saami_pite	stab	1		båskådit				pɔskɔtit		p ɔ s k ɔ t i t	2	b			From PFU *puski̮- 'stick, push'					EZ
saami_pite	stab	2		tjugget				cukket		c u k k e t	5	e								EZ
saami_skolt	stab	1		čuõʹǧǧeed				t͡ʃuəɟːeːd		t͡ʃ u ə ɟː eː d	5	e				'Stick (once)'				SKosSk
saami_south	stab	1		baskedh				bɑskedh		b ɑ s k e d h	2	b			From PFU *puski̮- 'stick, push'					NSsNdb
saami_south	stab	2		bestedh				bestedh		b e s t e d h	1	a								NSsNdb
saami_ume	stab	1		sàggòhtit				sɑkkohtit		s ɑ k k o h t i t	8	h	north germanic	clear					AlguDB	WbWlap
saami_ume	stab	2		tjuagˈgoot				cuɑkˈkoːt		c u ɑ kˈ k oː t	5	e								WbWlap
selkup_northern	stab	1		suə̑ŋkə-		suə̑ŋkə-		suəŋkə-		s u ə ŋ k ə	20	t								SolkWb
udmurt	stab	1		bi̮škalti̮ni̮		bi̮škalti̮ni̮		bɯʃkɑltɯnɯ		b ɯ ʃ k ɑ l t ɯ n ɯ	14	n								WotjWsch
veps	stab	1		puskta				pusktɑ		p u s k t ɑ	2	b			From PFU *puski̮- 'stick, push'					VVS
votic_western	stab	1		pissǟ		pissǟ		pisːæː		p i sː æː	1	a								VKJMS
votic_western	stab	2		torkata		torkata		torkɑtɑ		t o r k ɑ t ɑ	3	c	russian	possible					EES	VKJMS
votic_western	stab	3		törkätä		törkätä		tørkætæ		t ø r k æ t æ	3	c	russian	possible					EES	VKJMS
erzya	stand	1		aštʹems śtʹado		aštʹems_śtʹado		ɑʃtʲems ɕtʲɑdo		ɑ ʃ tʲ e m s ɕ tʲ ɑ d o	1	a				Lit. 'be standing'				MordWb
estonian_south	stand	1		saisma				sɑismɑ		s ɑ i s m ɑ	1	a								VESr
estonian_standard	stand	1		seista		seista		seistɑ		s e i s t ɑ	1	a								SVSk
finnish_standard	stand	1		seisoa	seistä	sejsoa		se̞jso̞ɑ	se̞jst̪æ	s e̞ j s o̞ ɑ	1	a								JL
hungarian	stand	1		áll		aall		aːll		aː l l	3	c								FMSz
ingrian	stand	1		seissä		seissä		seisːæ		s e i sː æ	1	a								InkmSk
karelian_proper	stand	1		seisuo				seisuo		s e i s u o	1	a								KKSV
khanty_vakh_vasyugan	stand	1		lalʹ-		lalʹ-		lɑʎ-		l ɑ ʎ	4	d								DEWbOstj
komi_permyak	stand	1		sulavni̮		sulavni̮		sulɑvnɯ		s u l ɑ v n ɯ	3	c								KoPRSl
komi_zyrian	stand	1		sulavni̮		sulavni̮		sulɑvnɯ		s u l ɑ v n ɯ	3	c								SyrjWsch
livonian_courland	stand	1		pīlõ				piːlɯ		p iː l ɯ	2	b								LivWb
mansi_sosva	stand	1		lʹūlʹi		lʹūlʹi		ʎuːʎi		ʎ uː ʎ i	4	d								WogWb
mari_hill	stand	1		šalgaš				ʃɑlɡɑʃ		ʃ ɑ l ɡ ɑ ʃ	3	c						SES, Bereczki2013		
mari_meadow	stand	1		šoɣem		šoɣem		ʃoɣem		ʃ o ɣ e m	3	c								SMSk, TscherWb
moksha	stand	1		śt'ada aščems				sʲtʲɑdɑ ɑʃt͡ʃems		sʲ tʲ ɑ d ɑ ɑ ʃ t͡ʃ e m s	1	a			Cognacy uncertain			SES, SSA		
nenets_tundra	stand	1		núsy°				nusʲ		n u sʲ	5	e								JurSWb
nganasan	stand	1		nənsi̮dʹi		nənsi̮dʹi		nənsɯdʲi		n ə n s ɯ dʲ i	5	e								SlNgaRus
proto_uralic	stand	1	not_reconstructable												PFU: *salkV-, *saŋća-					UEW, Sam88
saami_inari	stand	1		čuážžuđ				t͡ʃuæʒːuð		t͡ʃ u æ ʒː u ð	1	a								InsSSk
saami_kildin	stand	1		čuennče		tšuenntše		tʃuenːtʃe		t ʃ u e nː t ʃ e	1	a								WOLD
saami_north	stand	1		čuožžut				t͡ʃuoʒːut		t͡ʃ u o ʒː u t	1	a								SSSg
saami_pite	stand	1		tjuadtjut				cuɑtcut		c u ɑ t c u t	1	a								EZ
saami_skolt	stand	1		čuẹǯ’ǯad				t͡ʃued͡ʒd͡ʒʲɑd		t͡ʃ u e d͡ʒ d͡ʒʲ ɑ d	1	a								SKosSk
saami_south	stand	1		tjåadtjodh				t͡ɕɔɑt͡ɕːodh		t͡ɕ ɔ ɑ t͡ɕː o d h	1	a								NSsNdb
saami_ume	stand	1		tjuadˈtjoot				cuɑtˈcoːt		c u ɑ tˈ c oː t	1	a								WbWlap
selkup_northern	stand	1		ni̮ŋki-		ni̮ŋki-		nɯŋki-		n ɯ ŋ k i	5	e								SolkWb
udmurt	stand	1		si̮li̮ni̮		si̮li̮ni̮		sɯlɯnɯ		s ɯ l ɯ n ɯ	3	c								WotjWsch
veps	stand	1		seišta				seiʃtɑ		s e i ʃ t ɑ	1	a								VVS
votic_western	stand	1		sõisoa		se̮isoa		seisomɑ		s e i s o m ɑ	1	a								VKJMS
erzya	star	1		tʹeštʹe		tʹeštʹe		tʲeʃtʲe		tʲ e ʃ tʲ e	1	a								MordWb
estonian_south	star	1		täht'				tæhtʲ		t æ h tʲ	1	a								VESr
estonian_standard	star	1		täht		täht		tæht		t æ h t	1	a								SVSk
finnish_standard	star	1		tähti		tähti		t̪æçt̪i		t̪ æ ç t̪ i	1	a								JL
hungarian	star	1		csillag		čillag		t͡ʃilːɒɡ		t͡ʃ i lː ɒ ɡ	4	d								FMSz
ingrian	star	1		tähti		tähti		tæhti		t æ h t i	1	a								InkmSk
karelian_proper	star	1		teähti	tähti			teæhti		t e æ h t i	1	a								KKSV
khanty_vakh_vasyugan	star	1		kɔs		kɔs		kɔs		k ɔ s	3	c								DEWbOstj
komi_permyak	star	1		ke̮ʒ́i̮v		ke̮ʒ́i̮v		kɤdʑɯv		k ɤ dʑ ɯ v	3	c								KoPRSl, RB
komi_zyrian	star	1		koʒ́uv		koʒ́uv		kodʑuv		k o dʑ u v	3	c								SyrjWsch
livonian_courland	star	1		tēḑ				teːɟ		t eː ɟ	1	a								LivWb
mansi_sosva	star	1		sow		sow		sow		s o w	5	e								WogWb
mari_hill	star	1		šəδər				ʃəðər		ʃ ə ð ə r	2	b	chuvash	clear					TscherWb	
mari_meadow	star	1		šüδə̑r		šüδə̑r		ʃyðər		ʃ y ð ə r	2	b	chuvash	clear					TscherWb	SMSk, TscherWb
moksha	star	1		t'äšt'ä				tʲæʃtʲæ		tʲ æ ʃ tʲ æ	1	a								
nenets_tundra	star	1		numki°				numki		n u m k i	6	f			"Deriv. from ""num"" 'sky etc.'"					JurSWb
nganasan	star	1		hotədʹiə		hotədʹiə		hotədʲiə		h o t ə dʲ i ə	7	g								SlNgaRus
proto_uralic	star	1		*kuńśa				kuɲsʲɑ		k u ɲ sʲ ɑ	3	c								UEW, Sam88
saami_inari	star	1		täsni				tæsni		t æ s n i	1	a			Different variants from PSaa *tāstē ~ *nāstē ~ *tāsnē					InsSSk
saami_kildin	star	1		tāss’t		taassʹt		tɑːsːʲt		t ɑː sːʲ t	1	a								WOLD
saami_north	star	1		násti				nɑːsti		n ɑː s t i	1	a			Different variants from PSaa *tāstē ~ *nāstē ~ *tāsnē					SSSg
saami_pite	star	1		násste				nɑːsːte		n ɑː sː t e	1	a			Different variants from PSaa *tāstē ~ *nāstē ~ *tāsnē					EZ
saami_skolt	star	1		täʹstt	täʹsnn			tæsʲtː		t æ sʲ tː	1	a			Different variants from PSaa *tāstē ~ *nāstē ~ *tāsnē					SKosSk
saami_south	star	1		daasta				dɑːstɑ		d ɑː s t ɑ	1	a			Different variants from PSaa *tāstē ~ *nāstē ~ *tāsnē					NSsNdb
saami_south	star	2		naestie				nɑestie		n ɑ e s t i e	1	a			Different variants from PSaa *tāstē ~ *nāstē ~ *tāsnē					NSsNdb
saami_ume	star	1		nàsstee				nɑsːteː		n ɑ sː t eː	1	a			Different variants from PSaa *tāstē ~ *nāstē ~ *tāsnē					WbWlap
selkup_northern	star	1		qi̮śəŋqa		qi̮śəŋqa		qɯɕəŋqɑ		q ɯ ɕ ə ŋ q ɑ	3	c								SolkWb
udmurt	star	1		kiźilʹi		kiźilʹi		kiʑiʎi		k i ʑ i ʎ i	3	c								WotjWsch
veps	star	1		tʹäht				tʲæxt		tʲ æ x t	1	a								VVS
votic_western	star	1		tähti		tähti		tæhti		t æ h t i	1	a								VKJMS
erzya	stick	1		mando		mando		mɑndo		m ɑ n d o	7	g								MordWb
erzya	stick	2		palka		palka		pɑlkɑ		p ɑ l k ɑ	6	f	russian	clear					CygankinMosin2015	MordWb
estonian_south	stick	1		kepp'				kepːʲ		k e pːʲ	1	a	swedish	clear					EES, SSA, NES	VESr
estonian_south	stick	2		vääs				væːs		v æː s	15	o	latvian	clear					Koponen1998	VESr
estonian_standard	stick	1		kepp		kepp		kepː		k e pː	1	a	swedish	clear					EES, SSA, NES	SVSk
finnish_standard	stick	1		keppi		keppi		ke̞pːi		k e̞ pː i	1	a	swedish	clear					SSA, NES, EES	JL
hungarian	stick	1		bot		bot		bot		b o t	10	j	west old turkic	clear	Probably not connected to Pe forms				WOT, TESz	FMSz
hungarian	stick	2		pálca		paaltsa		paːltsɒ		p aː l t s ɒ	6	f	slavic	clear					Kniezsa1974,  Zaicz2006, TESz	FMSz
ingrian	stick	1		keppi		keppi		kepːi		k e pː i	1	a	swedish	clear						InkmSk
karelian_proper	stick	1		keppi				kepːi		k e pː i	1	a	swedish	clear					SSA, NES, EES	KKSV
khanty_vakh_vasyugan	stick	1		sŏɣ		sŏɣ		sŏɣ		s o ̆ ɣ	12	l								DEWbOstj
komi_permyak	stick	1		bate̮g		bate̮g		bɑtɤɡ		b ɑ t ɤ ɡ	16	p								KoPRSl
komi_permyak	stick	2		bedʹ		bedʹ		bedʲ		b e dʲ	9	i					Stem “bedʹdʹ-”			KoPRSl
komi_zyrian	stick	1		bedʹ		bedʹ		bedʲ		b e dʲ	9	i								SyrjWsch
livonian_courland	stick	1		sovā				sovɑː		s o v ɑː	3	c								
mansi_sosva	stick	1		sur		sur		sur		s u r	11	k	komi	possible			Form used in dialect of Sosva in recent times not found		Redei1970	WogWb
mari_hill	stick	1		panδə̑				pɑnðə		p ɑ n ð ə	18	t	russian	clear				SES	TscherWb	
mari_meadow	stick	1		toja		toja		tojɑ		t o j ɑ	8	h	chuvash	clear	"Cf. Chuvash ""tuja"""				TscherWb	SMSk, TscherWb
moksha	stick	1		bajd'ek				bɑjdʲek		b ɑ j dʲ e k	16	r	russian	clear					Versinin2004	
nenets_tundra	stick	1		pya				pʲɑ		pʲ ɑ	13	m				'Tree, wood, stick'				JurSWb
nganasan	stick	1		huaa		huaa		huɑɑ		h u ɑ ɑ	13	m				'Wood, firewood, stick'				SlNgaRus
proto_uralic	stick	1	not_reconstructable																	UEW, Sam88
saami_inari	stick	1		suábbi				suæbːi		s u æ bː i	4	d	proto-indo-european	possible					Sammallahti2001	InsSSk
saami_kildin	stick	1		kēllt		keellt		keːlːt		k eː lː t	19	s								WOLD
saami_north	stick	1		soabbi				soɑppi		s o ɑ p p i	4	d	proto-indo-european	possible					Sammallahti2001, Aikio2006, Sammallahti1998	SSSg
saami_pite	stick	1		såbbe				sɔppe		s ɔ p p e	4	d	proto-indo-european	possible					Sammallahti2001	EZ
saami_skolt	stick	1		suäʹbˈb				suæbʲː		s u æ bʲː	4	d	proto-indo-european	possible					Sammallahti2001	SKosSk
saami_south	stick	1		stuehkie				stuehkie		s t u e h k i e	17	q	north germanic	clear					Lagercrantz1939	NSsNdb
saami_ume	stick	1		stauraa				stɑurɑː		s t ɑ u r ɑː	5	e	north germanic	clear					Schlachter1958	WbWlap
selkup_northern	stick	1		čīr(ə)		čīr, čīrə		tʃiːr		tʃ iː r	14	n								SolkWb
udmurt	stick	1		bodi̮		bodi̮		bodɯ		b o d ɯ	9	i								WotjWsch
veps	stick	1		kalʹjak				kɑlʲjɑk		k ɑ lʲ j ɑ k	2	b								VVS
veps	stick	2		kalu				kɑlu		k ɑ l u	2	b								VVS
votic_western	stick	1		keppi		keppi		kepːi		k e pː i	1	a	swedish	clear					SSA, NES, EES	VKJMS
erzya	stinking	1		čińev		čińev		tʃiɲev		tʃ i ɲ e v	6	f								MordWb
estonian_south	stinking	1		haisva				hɑisvɑ		h ɑ i s v ɑ	1	a					"Cf. ""haisama"" 'stink'"			VESr
estonian_standard	stinking	1		haisev		haisev		hɑisev		h ɑ i s e v	1	a								SVSk
finnish_standard	stinking	1		haiseva		haiseva		hɑise̞ʋɑ		h ɑ i s e̞ ʋ ɑ	1	a								JL
hungarian	stinking	1		büdös		büdöš		bydøʃ		b y d ø ʃ	8	h	iranian	possible					TESz, Zaicz2006	FMSz
ingrian	stinking	1		haisova		haisova		hɑisovɑ		h ɑ i s o v ɑ	1	a								InkmSk
karelian_proper	stinking	1		tuuhukas	tuuhhukas			tuːhukɑs		t uː h u k ɑ s	2	b								KKSV
karelian_proper	stinking	2		pahatuuhuine				pɑhɑtuːhuine		p ɑ h ɑ t uː h u i n e	2	b								KKSV
khanty_vakh_vasyugan	stinking	1		pi̮ki̮m		pi̮ki̮m		pɯkɯm		p ɯ k ɯ m	10	j				'Spoiled, bad smelling'				DEWbOstj
komi_permyak	stinking	1		zi̮na		zi̮na		zɯnɑ		z ɯ n ɑ	9	i					"Cf. ""zi̮n"" 'smell (n.)'"			KoPRSl
komi_zyrian	stinking	1		isa		isa		isɑ		i s ɑ	7	g				"'Smelly, stinking'; deriv. from ""is"" 'smell, stink'"				SyrjWsch
livonian_courland	stinking	1		vainiji				vɑiniji		v ɑ i n i j i	12	n					"Cf. ""vaìnə"" 'stink'"	SES		LivWb
mansi_sosva	stinking	1	form_not_found														Cf. “pasi” 'stink'			WogWb
mari_hill	stinking	1		üpšän				ypʃæn		y p ʃ æ n	7	g								
mari_meadow	stinking	1		üpšə̑šö		üpšə̑šö		ypʃəʃø		y p ʃ ə ʃ ø	7	g								SMSk, TscherWb
moksha	stinking	1		šińi				ʃinʲi		ʃ i nʲ i	6	f								
nenets_tundra	stinking	1		ŋabtyenya				ŋɑbtʲeɲɑ		ŋ ɑ b tʲ e ɲ ɑ	15	p						SES		RusskoNeneckij
nganasan	stinking	1		činiab'uo				t͡ʃiniɑbʲuo		t͡ʃ i n i ɑ bʲ u o	14	o						SES		Kortt-Simchenko
proto_uralic	stinking	1	not_reconstructable																	
saami_inari	stinking	1	form_not_found														"Cf. ""háisuđ"" 'smell'"			InsSSk
saami_kildin	stinking	1		lēgkjai		aps		ɑps		ɑ p s	13	m						SES		
saami_north	stinking	1		bahča				pɑht͡ʃɑ		p ɑ h t͡ʃ ɑ	4	d				'Bitter smelling'				SSSg
saami_north	stinking	2		guohca				kuohcɑ		k u o h c ɑ	3	c				'Rotten, foul smelling'				SSSg
saami_pite	stinking	1		hapsas				hɑpsɑs		h ɑ p s ɑ s	7	g								EZ
saami_skolt	stinking	1		šuõrš				ʃuərʃ		ʃ u ə r ʃ	5	e								SKosSk
saami_south	stinking	1	form_not_found																	NSsNdb
saami_ume	stinking	1		lïbnije				lipnije		l i p n i j e	16	l						SES		WbWlap
selkup_northern	stinking	1		tǖtəńi-		tǖtəńi-		tyːtəɲi-		t yː t ə ɲ i	11	k					"Deriv. from ""tüt"" 'shit'"			SolkWb
udmurt	stinking	1		zi̮m		zi̮m		zɯm		z ɯ m	9	i								WotjWsch
veps	stinking	1		haižukaz				hɑiʒukɑz		h ɑ i ʒ u k ɑ z	1	a								NRVS
votic_western	stinking	1		aisõva		aise̮va		hɑisɤvɑ		h ɑ i s ɤ v ɑ	1	a								VKJMS
erzya	stone	1		kʹev	kʹäv	ḱev	ḱäv	cev	cæv	c e v	1	a								MordWb
estonian_south	stone	1		kivi				kivi		k i v i	1	a								VESr
estonian_standard	stone	1		kivi		kivi		kivi		k i v i	1	a								SVSk
finnish_standard	stone	1		kivi		kivi		kiʋi		k i ʋ i	1	a								JL
hungarian	stone	1		kő		köö		køː		k øː	1	a								FMSz
ingrian	stone	1		kivi		kivi		kivi		k i v i	1	a								InkmSk
karelian_proper	stone	1		kivi				kivi		k i v i	1	a								KKSV
khanty_vakh_vasyugan	stone	1		köχ		köχ		køx		k ø x	1	a								DEWbOstj
komi_permyak	stone	1		iz		iz		iz		i z	3	c								KoPRSl
komi_zyrian	stone	1		iz		iz		iz		i z	3	c								SyrjWsch
livonian_courland	stone	1		kiv				kiv		k i v	1	a								LivWb
mansi_sosva	stone	1		āχwtas		āχwtas		ɑːxʷtɑs		ɑː xʷ t ɑ s	4	d								WogWb
mari_hill	stone	1		kü				ky		k y	1	a						SES, UEW		
mari_meadow	stone	1		kü		kü		ky		k y	1	a								SMSk, TscherWb
moksha	stone	1		kev				kev		k e v	1	a						SES, UEW		
nenets_tundra	stone	1		pæ				pæ		p æ	5	e								JurSWb
nganasan	stone	1		hualə		hualə		huɑlə		h u ɑ l ə	5	e								SlNgaRus
proto_uralic	stone	1		*kiwi				kiwi		k i w i	1	a					PFU *kiwi			UEW, Sam88
saami_inari	stone	1		keđgi				keðɡi		k e ð ɡ i	2	b								InsSSk
saami_kildin	stone	1		kiedd’k		kieddʹk		kiedːʲk		k i e dːʲ k	2	b								WOLD
saami_north	stone	1		geađgi				keæðki		k e æ ð k i	2	b								SSSg
saami_pite	stone	1		gärrge	gäddge ~ gällo			kærːke		k æ rː k e	2	b								EZ
saami_skolt	stone	1		ǩeäʹdǧǧ				ceædʲɟː		c e æ dʲ ɟː	2	b								SKosSk
saami_south	stone	1		gierkie				ɡierkie		ɡ i e r k i e	2	b								NSsNdb
saami_ume	stone	1		geädˈgee				keætˈkeː		k e æ tˈ k eː	2	b								WbWlap
selkup_northern	stone	1		pǖ		pǖ		pyː		p yː	5	e								SolkWb
udmurt	stone	1		iz		iz		iz		i z	3	c								WotjWsch
veps	stone	1		kivi				kivi		k i v i	1	a								VVS
votic_western	stone	1		tšivi		čivi		tʃivi		tʃ i v i	1	a								VKJMS
erzya	straight	1		vidʹe		vidʹe		vidʲe		v i dʲ e	2	b			Irreg. vowel correspondence					MordWb
estonian_south	straight	1		õgõv	õkv			ɤɡɤv		ɤ ɡ ɤ v	2	b								VESr
estonian_south	straight	2		sirgõ				sirɡɤ		s i r ɡ ɤ	3	c								VESr
estonian_standard	straight	1		sirge		sirke		sirke		s i r k e	3	c								SVSk
finnish_standard	straight	1		suora		suora		suo̞rɑ		s u o̞ r ɑ	1	a								JL
hungarian	straight	1		egyenes		eǵeneš		ɛɟɛnɛʃ		ɛ ɟ ɛ n ɛ ʃ	10	j								FMSz
ingrian	straight	1		oikia		oikia		oikiɑ		o i k i ɑ	2	b								InkmSk
ingrian	straight	2		sōra		sōra		soːrɑ		s oː r ɑ	1	a								InkmSk
karelian_proper	straight	1		oikie				oikie		o i k i e	2	b								KKSV
karelian_proper	straight	2		suora				suorɑ		s u o r ɑ	1	a								KKSV
khanty_vakh_vasyugan	straight	1		tŏŋ		tŏŋ		tŏŋ		t o ̆ ŋ	12	l					Indicated as not meaning 'straight' in Eastern dialects, but no other form found			DEWbOstj
komi_permyak	straight	1		veśki̮t		veśki̮t		veɕkɯt		v e ɕ k ɯ t	7	g								KoPRSl, RB
komi_zyrian	straight	1		veśki̮d		veśki̮d		veɕkɯd		v e ɕ k ɯ d	7	g								SyrjWsch
livonian_courland	straight	1		kūoḑi				kuːoɟi		k uː o ɟ i	4	d			"From *koht(a)inen, cf. Fin ""kohti"" 'towards'"					LivWb
mansi_sosva	straight	1		soχt		soχt		soxt		s o x t	11	k								WogWb
mari_hill	straight	1		βik				βik		β i k	2	b								
mari_hill	straight	2		βiäkä				βiækæ		β i æ k æ	2	b								
mari_meadow	straight	1		tura		tura		turɑ		t u r ɑ	9	i	tatar	clear		'Steep, straight'			Csucs2005	SMSk, TscherWb
mari_meadow	straight	2		βik		βik		βik		β i k	2	b					"Derivs. from ""βij"" 'strength'"			SMSk, TscherWb
mari_meadow	straight	3		βijaš		βijaš		βijɑʃ		β i j ɑ ʃ	2	b					"Derivs. from ""βij"" 'strength'"			SMSk, TscherWb
moksha	straight	1		vid'ä				vidʲæ		v i dʲ æ	2	b								
nenets_tundra	straight	1		nyenca				ɲent͡sɑ		ɲ e n t͡s ɑ	13	m								JurSWb
nganasan	straight	1		nəməgə̄		nəməgə̄		nəməɡəː		n ə m ə ɡ əː	16	p								SlNgaRus
proto_uralic	straight	1	not_reconstructable																	UEW, Sam88
saami_inari	straight	1		njuolgâd				ɲuolɡəd		ɲ u o l ɡ ə d	5	e								InsSSk
saami_kildin	straight	1		njollke		ńollke		ɲolːke		ɲ o lː k e	5	e								WOLD
saami_north	straight	1		njuolgat				ɲuolkɑt		ɲ u o l k ɑ t	5	e								SSSg
saami_pite	straight	1		njuallga				ɲuɑlːkɑ		ɲ u ɑ lː k ɑ	5	e								EZ
saami_skolt	straight	1		vuõiggâd				vuəiɡːɐd		v u ə i ɡː ɐ d	2	b								SKosSk
saami_skolt	straight	2		vuõiǥâs				vuəiɣɐs		v u ə i ɣ ɐ s	2	b								SKosSk
saami_south	straight	1		rïekte				rɨekte		r ɨ e k t e	6	f	north germanic	clear					Lagercrantz1939	NSsNdb
saami_ume	straight	1		njualˈgada				ɲuɑlˈkɑtɑ		ɲ u ɑ lˈ k ɑ t ɑ	5	e								WbWlap
saami_ume	straight	2		räkˈtee				rækˈteː		r æ kˈ t eː	6	f	north germanic	clear					Schlachter1958	WbWlap
selkup_northern	straight	1		tāt	tātəŋ	tāt	tātəŋ	tɑːt	tɑːtəŋ	t ɑː t	14	n	yeniseian	possible					SolkWb	SolkWb
udmurt	straight	1		šońer		šońer		ʃoɲer		ʃ o ɲ e r	8	h								WotjWsch
veps	straight	1		oiged				oiɡed		o i ɡ e d	2	b								VVS
votic_western	straight	1		sirkõa		sirke̮a		sirkɤɑ		s i r k ɤ ɑ	3	c								EESR
votic_western	straight	2		kõhallīn		ke̮hallīn		sirkɤɑ		s i r k ɤ ɑ	15	r						SES		
erzya	stretch	1		targams		targams		tɑrɡɑms		t ɑ r ɡ ɑ m s	3	c								MordWb
estonian_south	stretch	1		vinütämä	vinnütämä			vinytæmæ		v i n y t æ m æ	1	a								VESr
estonian_standard	stretch	1		venitada		venittata		venitːɑtɑ		v e n i tː ɑ t ɑ	1	a								SVSk
finnish_standard	stretch	1		venyttää		venüttää		ʋe̞nyt̪ːæː		ʋ e̞ n y t̪ː æː	1	a								JL
hungarian	stretch	1		kinyújt		kińuujt		kiɲuːjt		k i ɲ uː j t	5	e			From PFU ?*ńȣjV-	"""Nyújt"" 'elongate'"				FMSz
ingrian	stretch	1		venuttā		venuttā		venutːɑː		v e n u tː ɑː	1	a								InkmSk
karelian_proper	stretch	1		venytteä				venytːeæ		v e n y tː e æ	1	a								KKSV
khanty_vakh_vasyugan	stretch	1		ńi̮ṇč-		ńi̮ṇč-		ɲɯɳtʃ-		ɲ ɯ ɳ tʃ	4	d			From PFU ?*ńončV-					DEWbOstj
komi_permyak	stretch	1		ńužlavni̮		ńužlavni̮		ɲuʒlɑvnɯ		ɲ u ʒ l ɑ v n ɯ	4	d			From PFU ?*ńončV-					KoPRSl
komi_zyrian	stretch	1		ńuže̮dni̮		ńuže̮dni̮		ɲuʒɑdnɯ		ɲ u ʒ ɑ d n ɯ	4	d			From PFU ?*ńončV-		"Deriv. from ""ńuž"" 'long, stretched'"			SyrjWsch
livonian_courland	stretch	1		vientõ				vientɯ		v i e n t ɯ	1	a								LivWb
mansi_sosva	stretch	1		ńūnsi		ńūnsi		ɲuːnsi		ɲ uː n s i	4	d			From PFU ?*ńončV-					WogWb
mansi_sosva	stretch	2		ńūnsali		ńūnsali		ɲuːnsɑli		ɲ uː n s ɑ l i	4	d			From PFU ?*ńončV-					WogWb
mari_hill	stretch	1		šəpšäš				ʃəpʃæʃ		ʃ ə p ʃ æ ʃ	6	f			Cognacy reference lacking			SES		
mari_meadow	stretch	1		čə̑mem		čə̑mem		tʃəmem		tʃ ə m e m	6	f								SMSk, TscherWb
moksha	stretch	1		uskəms				uskəms		u s k ə m s	1	a						SES, SSA		
nenets_tundra	stretch	1		wenəcy°				wenət͡sʲ		w e n ə t͡sʲ	7	g								JurSWb
nganasan	stretch	1		banürüśa		banürüśa		bɑnyryɕɑ		b ɑ n y r y ɕ ɑ	7	g								SlNgaRus
proto_uralic	stretch	1	not_reconstructable																	UEW, Sam88
saami_inari	stretch	1		vantteđ				vɑntːeð		v ɑ n tː e ð	1	a								InsSSk
saami_inari	stretch	2		vonattiđ				vonɑtːið		v o n ɑ tː i ð	1	a								InsSSk
saami_kildin	stretch	1		vēnne		veenne		veːnːe		v eː nː e	1	a								WOLD
saami_north	stretch	1		fanahit				fɑnɑhit		f ɑ n ɑ h i t	1	a								SSSg
saami_pite	stretch	1		vanádit				vɑnɑːtit		v ɑ n ɑː t i t	1	a								EZ
saami_skolt	stretch	1		võõnted				vəːnted		v əː n t e d	1	a								SKosSk
saami_south	stretch	1		sedtedh				sedtedh		s e d t e d h	8	h								NSsNdb
saami_south	stretch	2		vïtnedidh				vɨtnedidh		v ɨ t n e d i d h	1	a								NSsNdb
saami_ume	stretch	1		gälˈgat				kælˈkɑt		k æ lˈ k ɑ t	2	b				'Straighten, stretch'				WbWlap
selkup_northern	stretch	1		ńaq-				nʲɑq		nʲ ɑ q	9	i								SolkWb
udmurt	stretch	1		nujati̮ni̮		nujati̮ni̮		nujɑtɯnɯ		n u j ɑ t ɯ n ɯ	5	e			From PFU ?*ńȣjV-					WotjWsch
veps	stretch	1	form_not_found																	VVS
votic_western	stretch	1		venüttǟ		venüttǟ		venutːɤːmɑ		v e n u tː ɤː m ɑ	1	a								VKJMS
erzya	suck	1		potʹams		potʹams		potʲɑms		p o tʲ ɑ m s	2	b								MordWb
estonian_south	suck	1		imemä				imemæ		i m e m æ	1	a								VESr
estonian_standard	suck	1		imeda		imeta		imetɑ		i m e t ɑ	1	a								SVSk
finnish_standard	suck	1		imeä		imeä		ime̞æ		i m e̞ æ	1	a								JL
hungarian	suck	1		szív		siiv		siːv		s iː v	6	f								FMSz
hungarian	suck	2		szopik		sopik		sopik		s o p i k	5	e								FMSz
ingrian	suck	1		im̆mīä		im̆mīä		im̆miːæ		i m ̆ m iː æ	1	a								InkmSk
karelian_proper	suck	1		imie				imie		i m i e	1	a								KKSV
khanty_vakh_vasyugan	suck	1		em-		em-		em-		e m	1	a								DEWbOstj
komi_permyak	suck	1		ńimavni̮		ńimavni̮		ɲimɑvnɯ		ɲ i m ɑ v n ɯ	1	a								KoPRSl
komi_zyrian	suck	1		ńońavni̮		ńońavni̮		ɲoɲɑvnɯ		ɲ o ɲ ɑ v n ɯ	4	d								SyrjWsch
livonian_courland	suck	1		immõ				imːɯ		i mː ɯ	1	a								LivWb
mansi_sosva	suck	1		sipɣi		sipɣi		sipɣi		s i p ɣ i	7	g								WogWb
mari_hill	suck	1		šə̑pšaš				ʃəpʃɑʃ		ʃ ə p ʃ ɑ ʃ	3	c								
mari_meadow	suck	1		šupšam		šupšam		ʃupʃɑm		ʃ u p ʃ ɑ m	3	c								SMSk, TscherWb
moksha	suck	1		šokšems				ʃokʃems		ʃ o k ʃ e m s	8	h						SES		
nenets_tundra	suck	1		nyimnye°				ɲimɲe		ɲ i m ɲ e	1	a								JurSWb
nganasan	suck	1		ńumńutasa				nʲumnʲutɑsɑ		nʲ u m nʲ u t ɑ s ɑ	1	a								Kortt-Simchenko
proto_uralic	suck	1		*imi-	*ńimi-			imi		i m i	1	a								UEW, Sam88
saami_inari	suck	1		njoommâđ				ɲoːmːəð		ɲ oː mː ə ð	1	a								InsSSk
saami_kildin	suck	1		njumme		ńumme		ɲumːe		ɲ u mː e	1	a								WOLD
saami_north	suck	1		njammat				ɲɑmːɑt		ɲ ɑ mː ɑ t	1	a								SSSg
saami_pite	suck	1		njammat				ɲɑmːɑt		ɲ ɑ mː ɑ t	1	a								EZ
saami_skolt	suck	1		njiimmâd				ɲiːmːɐd		ɲ iː mː ɐ d	1	a								SKosSk
saami_south	suck	1		njammedh				ɲɑmːedh		ɲ ɑ mː e d h	1	a								NSsNdb
saami_ume	suck	1		njammat				ɲɑmːɑt		ɲ ɑ mː ɑ t	1	a								WbWlap
selkup_northern	suck	1		ńim-		ńim-		ɲim-		ɲ i m	1	a								SolkWb
udmurt	suck	1		noni̮ni̮		noni̮ni̮		nonɯnɯ		n o n ɯ n ɯ	4	d								WotjWsch
veps	suck	1		imeda				imedɑ		i m e d ɑ	1	a								VVS
votic_western	suck	1		imiä		imiä		imemæ		i m e m æ	1	a								VKJMS
erzya	summer	1		kize		kize		kize		k i z e	1	a	north-western-indo-european	probable					Koivulehto2001	MordWb
estonian_south	summer	1		suvi				suvi		s u v i	2	b								VESr
estonian_standard	summer	1		suvi		suvi		suvi		s u v i	2	b								SVSk
finnish_standard	summer	1		kesä		kesä		ke̞sæ		k e̞ s æ	1	a	north-western-indo-european	probable					Koivulehto2001	JL
hungarian	summer	1		nyár		ńaar		ɲaːr		ɲ aː r	5	e								FMSz
ingrian	summer	1		kezä		kezä		kezæ		k e z æ	1	a	north-western-indo-european	probable					Koivulehto2001	InkmSk
karelian_proper	summer	1		kesä				kesæ		k e s æ	1	a	north-western-indo-european	probable					Koivulehto2001	KKSV
khanty_vakh_vasyugan	summer	1		lŏŋ		lŏŋ		lŏŋ		l o ̆ ŋ	2	b								DEWbOstj
komi_permyak	summer	1		gožum		gožum		ɡoʒum		ɡ o ʒ u m	4	d								KoPRSl
komi_zyrian	summer	1		gože̮m		gože̮m		ɡoʒɤm		ɡ o ʒ ɤ m	4	d								SyrjWsch
livonian_courland	summer	1		sõv				sɯv		s ɯ v	2	b								LivWb
mansi_sosva	summer	1		tuji	tuw	tuji	tuw	tuji	tuw	t u j i	2	b								WogWb
mari_hill	summer	1		känɣəž				kænɣəʒ		k æ n ɣ ə ʒ	3	c								
mari_meadow	summer	1		keŋeš		keŋeš		keŋeʃ		k e ŋ e ʃ	3	c								SMSk, TscherWb
moksha	summer	1		kiza				kizɑ		k i z ɑ	1	a								
nenets_tundra	summer	1		təh				təʔ		t ə ʔ	2	b								JurSWb
nganasan	summer	1		təŋə		təŋə		təŋə		t ə ŋ ə	2	b								SlNgaRus
proto_uralic	summer	1		*suŋi̮				suŋɨ		s u ŋ ɨ	2	b								UEW, Sam88
saami_inari	summer	1		keesi				keːsi		k eː s i	1	a	north-western-indo-european	probable					Koivulehto2001	InsSSk
saami_kildin	summer	1		kiess’		kiessʹ		kiesːʲ		k i e sːʲ	1	a	north-western-indo-european	probable					Koivulehto2001	WOLD
saami_north	summer	1		geassi				keæsːi		k e æ sː i	1	a	north-western-indo-european	probable					Koivulehto2001	SSSg
saami_pite	summer	1		giesse				kiesːe		k i e sː e	1	a	north-western-indo-european	probable					Koivulehto2001	EZ
saami_skolt	summer	1		ǩiẹʹss				ciesʲː		c i e sʲː	1	a	north-western-indo-european	probable					Koivulehto2001	SKosSk
saami_south	summer	1		giesie				ɡiesie		ɡ i e s i e	1	a	north-western-indo-european	probable					Koivulehto2001	NSsNdb
saami_ume	summer	1		giessee				kiesːeː		k i e sː eː	1	a	north-western-indo-european	probable					Koivulehto2001	WbWlap
selkup_northern	summer	1		taŋə		taŋə		tɑŋə		t ɑ ŋ ə	2	b								SolkWb
udmurt	summer	1		gužem		gužem		ɡuʒem		ɡ u ʒ e m	4	d								WotjWsch
veps	summer	1		keza				kezɑ		k e z ɑ	1	a	north-western-indo-european	probable					Koivulehto2001	VVS
votic_western	summer	1		suvi		suvi		suvi		s u v i	2	b								VKJMS
votic_western	summer	2		tšesä		česä		tʃesæ		tʃ e s æ	1	a	north-western-indo-european	probable					Koivulehto2001	VKJMS
erzya	sun	1		či		či		tʃi		tʃ i	3	c								MordWb
estonian_south	sun	1		päiv				pæiv		p æ i v	2	b								VESr
estonian_standard	sun	1		päike		päikke		pæikːe		p æ i kː e	2	b								SVSk
finnish_standard	sun	1		aurinko		awriŋko		ɑwriŋko̞		ɑ w r i ŋ k o̞	1	a			Derived from Finnic *auteri 'haze, mist' > *auterinko > *auðrinko > aurinko					JL
hungarian	sun	1		nap		nap		nɒp		n ɒ p	5	e								FMSz
ingrian	sun	1		päivüᴅ		päivüᴅ		pæivyd̥		p æ i v y d̥	2	b								InkmSk
karelian_proper	sun	1		päivä				pæivæ		p æ i v æ	2	b								KKSV
khanty_vakh_vasyugan	sun	1		süŋk		süŋk		syŋk		s y ŋ k	7	g	tungusic	possible					Futaky1975	DEWbOstj
komi_permyak	sun	1		šondi		šondi		ʃondi		ʃ o n d i	4	d			From PFP *šonV 'warm'					KoPRSl
komi_zyrian	sun	1		šondi		šondi		ʃondi		ʃ o n d i	4	d			From PFP *šonV 'warm'					SyrjWsch
livonian_courland	sun	1		pǟva				pæːvɑ		p æː v ɑ	2	b								LivWb
livonian_courland	sun	2		pǟvaļikki				pæːvɑʎikːi		p æː v ɑ ʎ i kː i	2	b								LivWb
mansi_sosva	sun	1		χōtal		χōtal		xoːtɑl		x oː t ɑ l	6	f								WogWb
mari_hill	sun	1		ajar				ɑjɑr		ɑ j ɑ r	9	i	chuvash	clear				SES	TscherWb	
mari_meadow	sun	1		keče		keče		ketʃe		k e tʃ e	3	c								SMSk, TscherWb
moksha	sun	1		ši				ʃi		ʃ i	3	c								
nenets_tundra	sun	1		xayer°q	xayer			xɑjerʔ		x ɑ j e r ʔ	6	f								JurSWb
nganasan	sun	1		kou		kou		kou		k o u	6	f					From PU *kaja			SlNgaRus
proto_uralic	sun	1	not_reconstructable																	UEW, Sam88
saami_inari	sun	1		peivi				peivi		p e i v i	2	b								InsSSk
saami_inari	sun	2		peäiváž				peæivæʒ		p e æ i v æ ʒ	2	b								InsSSk
saami_kildin	sun	1		piejjv		piejjv		piejːv		p i e jː v	2	b								WOLD
saami_north	sun	1		beaivváš				peæivːɑːʃ		p e æ i vː ɑː ʃ	2	b								SSSg
saami_north	sun	2		beaivi				peæivi		p e æ i v i	2	b								SSSg
saami_pite	sun	1		bäjjve				pæjːve		p æ jː v e	2	b								EZ
saami_skolt	sun	1		peiʹvv				peivʲː		p e i vʲː	2	b								SKosSk
saami_south	sun	1		biejjie				biejːie		b i e jː i e	2	b								NSsNdb
saami_ume	sun	1		bäìvee				pæiveː		p æ i v eː	2	b								WbWlap
selkup_northern	sun	1		ćēlə		ćēlə		tɕeːlə		tɕ eː l ə	8	h								SolkWb
udmurt	sun	1		šundi̮		šundi̮		ʃundɯ		ʃ u n d ɯ	4	d			From PFP *šonV 'warm'					WotjWsch
veps	sun	1		päiväine				pæivæine		p æ i v æ i n e	2	b								VVS
votic_western	sun	1		päivä		päiv́		pæivʲ		p æ i vʲ	2	b								VKJMS
erzya	sweet	1		lambamo		lambamo		lɑmbɑmo		l ɑ m b ɑ m o	3	c								MordWb
estonian_south	sweet	1		makõ				mɑkɤ		m ɑ k ɤ	1	a	germanic	clear	"Ger *smakja-, cf. Sw ""smaka"" 'taste'"				LAGLOS	VESr
estonian_standard	sweet	1		magus		makus		mɑkus		m ɑ k u s	1	a	germanic	clear	"Ger *smakja-, cf. Sw ""smaka"" 'taste'"				LAGLOS	SVSk
finnish_standard	sweet	1		makea		makea		mɑke̞ɑ		m ɑ k e̞ ɑ	1	a	germanic	clear	"Ger *smakja-, cf. Sw ""smaka"" 'taste'"				LAGLOS	JL
hungarian	sweet	1		édes		eedeš		eːdɛʃ		eː d ɛ ʃ	8	h								FMSz
ingrian	sweet	1		mak̆kīa		mak̆kīa		mɑk̆kiːɑ		m ɑ k ̆ k iː ɑ	1	a	germanic	clear	"Ger *smakja-, cf. Sw ""smaka"" 'taste'"				LAGLOS	InkmSk
karelian_proper	sweet	1		makie				mɑkie		m ɑ k i e	1	a	germanic	clear	"Ger *smakja-, cf. Sw ""smaka"" 'taste'"				LAGLOS	KKSV
khanty_vakh_vasyugan	sweet	1		ewəstɜ		ewəstə		ewəstə		e w ə s t ə	10	j								DEWbOstj
khanty_vakh_vasyugan	sweet	2		ewǝstǝki		ewəstəki		ewəstəki		e w ə s t ə k i	10	j								DEWbOstj
komi_permyak	sweet	1		će̮ski̮t		će̮ski̮t		tɕɤskɯt		tɕ ɤ s k ɯ t	7	g								KoPRSl
komi_zyrian	sweet	1		jumov		jumov		jumov		j u m o v	6	f			"Deriv. from ""jum"" 'a type of sweet batter'; cogn. with Fin (dial.) ""imelä"" 'sweet'"					SyrjWsch
livonian_courland	sweet	1		magḑi				mɑɡɟi		m ɑ ɡ ɟ i	1	a	germanic	clear	"Ger *smakja-, cf. Sw ""smaka"" 'taste'"				LAGLOS	LivWb
mansi_sosva	sweet	1		atəŋ		atəŋ		ɑtəŋ		ɑ t ə ŋ	9	i								WogWb
mari_hill	sweet	1		müän				myæn		m y æ n	15	o								
mari_meadow	sweet	1		tamle		tamle		tɑmle		t ɑ m l e	5	e	tatar	clear					Rasanen1923	SMSk, TscherWb
moksha	sweet	1		lambama				lɑmbɑmɑ		l ɑ m b ɑ m ɑ	3	c								
nenets_tundra	sweet	1	no_equivalent														"No simple word in common use; ""yibcyə°, yibcyika"" 'strong taste' usually used for sweet things"			JurSWb
nganasan	sweet	1		ńeluagə		ńeluagə		ɲeluɑɡə		ɲ e l u ɑ ɡ ə	14	n				'Delicious, sweet'				SlNgaRus
nganasan	sweet	2		saki̮rńeəgə		saki̮rńeəgə		sɑkɯrɲeəɡə		s ɑ k ɯ r ɲ e ə ɡ ə	13	m	russian	clear		Lit. 'sugar-tasting'	"""Saki̮r"" from Rus ""saxar"" 'sugar'"			SlNgaRus
proto_uralic	sweet	1	not_reconstructable																	UEW, Sam88
saami_inari	sweet	1		njäälgis				ɲæːlɡis		ɲ æː l ɡ i s	2	b								InsSSk
saami_kildin	sweet	1		njāl’kes’		ńaalʹkesʹ		ɲɑːlʲkesʲ		ɲ ɑː lʲ k e sʲ	2	b								WOLD
saami_north	sweet	1		njálggis				ɲɑːlkkis		ɲ ɑː l k k i s	2	b								SSSg
saami_pite	sweet	1		njálga				ɲɑːlkɑ		ɲ ɑː l k ɑ	2	b								EZ
saami_skolt	sweet	1		njääʹljes				ɲæːlʲjes		ɲ æː lʲ j e s	2	b								SKosSk
saami_south	sweet	1		sieties				sieties		s i e t i e s	12	l	north germanic	clear					Lagercrantz1939	NSsNdb
saami_ume	sweet	1		njaalgee				ɲɑːlkeː		ɲ ɑː l k eː	2	b				'Tasty', also 'sweet'?	Derivs.			WbWlap
saami_ume	sweet	2		njaalgès				ɲɑːlkes		ɲ ɑː l k e s	2	b				'Tasty', also 'sweet'?	Derivs.			WbWlap
selkup_northern	sweet	1		ńūńi		ńūńi		ɲuːɲi		ɲ uː ɲ i	11	k								SolkWb
udmurt	sweet	1		ćeski̮t		ćeski̮t		tɕeskɯt		tɕ e s k ɯ t	7	g								WotjWsch
veps	sweet	1		maged				mɑɡed		m ɑ ɡ e d	1	a	germanic	clear	"Ger *smakja-, cf. Sw ""smaka"" 'taste'"				LAGLOS	VVS
votic_western	sweet	1		makõa		make̮a		mɑkɤɑ		m ɑ k ɤ ɑ	1	a	germanic	clear	"Ger *smakja-, cf. Sw ""smaka"" 'taste'"				LAGLOS	VKJMS
erzya	swell	1		targoźems		targoźems		tɑrɡoʑems		t ɑ r ɡ o ʑ e m s	5	e								MordWb
estonian_south	swell	1		paistuma				pɑistumɑ		p ɑ i s t u m ɑ	1	a								VESr
estonian_standard	swell	1		paisuda		paisuta		pɑisutɑ		p ɑ i s u t ɑ	1	a								SVSk
finnish_standard	swell	1		turvota		turvota		t̪urʋo̞tɑ		t̪ u r ʋ o̞ t ɑ	2	b								JL
hungarian	swell	1		dagad		dagad		dɒɡɒd		d ɒ ɡ ɒ d	18	s			Possibly deriv. from PFU *toŋV- 'swell'					FMSz
ingrian	swell	1		paisua		paisua		pɑisuɑ		p ɑ i s u ɑ	1	a								InkmSk
karelian_proper	swell	1		turvota				turvotɑ		t u r v o t ɑ	2	b								KKSV
khanty_vakh_vasyugan	swell	1		pŏɣəl-		pŏɣəl-		pŏɣəl-		p o ̆ ɣ ə l	12	l								DEWbOstj
komi_permyak	swell	1		pi̮kti̮ni̮		pi̮kti̮ni̮		poʎdɯnɯ		p o ʎ d ɯ n ɯ	8	h								
komi_zyrian	swell	1		pi̮kti̮ni̮		pi̮kti̮ni̮		pɯktɯnɯ		p ɯ k t ɯ n ɯ	8	h								SyrjWsch
livonian_courland	swell	1		paistõ				pɑistɯ		p ɑ i s t ɯ	1	a								LivWb
mansi_sosva	swell	1		sili		sili		sili		s i l i	11	k								WogWb
mari_hill	swell	1		pualaš				puɑlɑʃ		p u ɑ l ɑ ʃ	21	w			Compare Khanty word.			SES		
mari_meadow	swell	1		löčem		löčem		løtʃem		l ø tʃ e m	6	f			"Cogn. with NSa ""luoccât"" 'get soaked through'"					SMSk, TscherWb
moksha	swell	1		pajgəd'əms				pɑjɡədʲəms		p ɑ j ɡ ə dʲ ə m s	20	u								
nenets_tundra	swell	1		payerye°				pɑjerʲe		p ɑ j e rʲ e	13	m								JurSWb
nganasan	swell	1		hońüdʹi		hońüdʹi		hoɲydʲi		h o ɲ y dʲ i	19	t								SlNgaRus
proto_uralic	swell	1	not_reconstructable																	UEW, Sam88
saami_inari	swell	1		puttâniđ				putːənið		p u tː ə n i ð	15	o								InsSSk
saami_inari	swell	2		paddâđ				pɑdːəð		p ɑ dː ə ð	7	x						SES		
saami_kildin	swell	1		poaz		paaz		pɒːz		p ɒː z	1	a								WOLD
saami_north	swell	1		báisat				pɑːisɑt		p ɑː i s ɑ t	1	r	finnic	clear					SSA	SSSg
saami_north	swell	2		bohtanit				pohtɑnit		p o h t ɑ n i t	3	c								SSSg
saami_pite	swell	1		båhtånit				pɔhtɔnit		p ɔ h t ɔ n i t	3	c								EZ
saami_skolt	swell	1		pååssad				pɔːsːɑd		p ɔː sː ɑ d	4	d					Homonymous with verb meaning 'blow'			SKosSk
saami_south	swell	1	form_not_found																	NSsNdb
saami_ume	swell	1		buhtanit				puhtɑnit		p u h t ɑ n i t	3	c				Only of body parts?				WbWlap
selkup_northern	swell	1		čaŋku-		čaŋku-		tʃɑŋku-		tʃ ɑ ŋ k u	14	n								SolkWb
udmurt	swell	1		pi̮kti̮ni̮		pi̮kti̮ni̮		pɯktɯnɯ		p ɯ k t ɯ n ɯ	8	h								WotjWsch
udmurt	swell	2		te̮rnani̮		te̮rnani̮		tɤrnɑnɯ		t ɤ r n ɑ n ɯ	10	j								WotjWsch
veps	swell	1		turbota				turbotɑ		t u r b o t ɑ	2	b								VVS
votic_western	swell	1		paizõttua		paize̮ttua		pɑizɤtːuɑ		p ɑ i z ɤ tː u ɑ	1	a								VKJMS
votic_western	swell	2		paissua				pɑisːuɑ		p ɑ i sː u ɑ	1	a								VKJMS
erzya	swim	1		ujems		ujems		ujems		u j e m s	1	a								MordWb
estonian_south	swim	1		ujoma	oidma			ujomɑ		u j o m ɑ	1	a								VESr
estonian_standard	swim	1		ujuda		ujuta		ujutɑ		u j u t ɑ	1	a								SVSk
finnish_standard	swim	1		uida		uida		uidɑ		u i d ɑ	1	a								JL
hungarian	swim	1		úszik		uusik		uːsik		uː s i k	1	a								FMSz
ingrian	swim	1		uj̆jūa		uj̆jūa		uj̆juːɑ		u j ̆ j uː ɑ	1	a								InkmSk
karelian_proper	swim	1		uija				uijɑ		u i j ɑ	1	a								KKSV
khanty_vakh_vasyugan	swim	1		otʹ-		otʹ-		otʲ-		o tʲ	1	a								DEWbOstj
khanty_vakh_vasyugan	swim	2		otʹlʹil-		otʹlʹil-		otʲʎil-		o tʲ ʎ i l	1	a								DEWbOstj
komi_permyak	swim	1		ujavni̮		ujavni̮		ujɑvnɯ		u j ɑ v n ɯ	1	a								KoPRSl
komi_zyrian	swim	1		vartʹći̮ni̮		vartʹći̮ni̮		vɑrtʲtɕɯnɯ		v ɑ r tʲ tɕ ɯ n ɯ	2	b								SyrjWsch
komi_zyrian	swim	2		ujni̮		ujavni̮		ujɑvnɯ		u j ɑ v n ɯ	1	a								SyrjWsch
livonian_courland	swim	1		vȯigõ				vɤiɡɯ		v ɤ i ɡ ɯ	1	a								LivWb
mansi_sosva	swim	1		uji		uji		uji		u j i	1	a								WogWb
mari_hill	swim	1		iäš				iæʃ		i æ ʃ	1	a								
mari_meadow	swim	1		ijam		ijam		ijɑm		i j ɑ m	1	a								SMSk, TscherWb
moksha	swim	1		ujems				ujems		u j e m s	1	a								
nenets_tundra	swim	1		ŋoxəlcy°				ŋoxəlt͡sʲ		ŋ o x ə l t͡sʲ	1	a								JurSWb
nganasan	swim	1		hoδi̮rsi̮		hoδi̮rsi̮		hoðɯrsɯ		h o ð ɯ r s ɯ	4	d								SlNgaRus
proto_uralic	swim	1		*uji̮-				ujɨ		u j ɨ	1	a								UEW, Sam88
saami_inari	swim	1		vuoijâđ				vuoijəð		v u o i j ə ð	1	a								InsSSk
saami_kildin	swim	1		vūjje		vuujje		vuːjːe		v uː jː e	1	a								WOLD
saami_north	swim	1		vuodjat				vuoɟɑt		v u o ɟ ɑ t	1	a								SSSg
saami_pite	swim	1		vuodjat				vuoɟɑt		v u o ɟ ɑ t	1	a								EZ
saami_skolt	swim	1		vuõjjâd				vuəjːɐd		v u ə jː ɐ d	1	a								SKosSk
saami_south	swim	1		voejedh				vuejedh		v u e j e d h	1	a								NSsNdb
saami_south	swim	2		voejedidh				vuejedidh		v u e j e d i d h	1	a								NSsNdb
saami_ume	swim	1		vuajjat				vuɑjːɑt		v u ɑ jː ɑ t	1	a								WbWlap
selkup_northern	swim	1		ū-		ū-		uː-		uː	1	a								SolkWb
udmurt	swim	1		ujani̮		ujani̮		ujɑnɯ		u j ɑ n ɯ	1	a								WotjWsch
veps	swim	1		ujuda				ujudɑ		u j u d ɑ	1	a								VVS
votic_western	swim	1		ujua		ujua		ujumɑ		u j u m ɑ	1	a								VKJMS
erzya	tail	1		pulo		pulo		pulo		p u l o	4	d								MordWb
estonian_south	tail	1		hand				hɑnd		h ɑ n d	1	a			Irregular “a” corresponding to Northern Finnic “ä”					VESr
estonian_standard	tail	1		saba		sapa		sɑpɑ		s ɑ p ɑ	2	b	baltic	clear					Junttila2015, EES	SVSk
finnish_standard	tail	1		häntä		häntä		hæn̪t̪æ		h æ n̪ t̪ æ	1	a								JL
hungarian	tail	1		farok		farok		fɒrok		f ɒ r o k	6	f								FMSz
ingrian	tail	1		hänᴅä		hänᴅä		hænd̥æ		h æ n d̥ æ	1	a								InkmSk
karelian_proper	tail	1		häntä				hæntæ		h æ n t æ	1	a								KKSV
khanty_vakh_vasyugan	tail	1		ləɣ		ləɣ		ləɣ		l ə ɣ	7	g								DEWbOstj
komi_permyak	tail	1		be̮ž		be̮ž		bɤʒ		b ɤ ʒ	5	e								KoPRSl
komi_zyrian	tail	1		be̮ž		be̮ž		bɤʒ		b ɤ ʒ	5	e								SyrjWsch
livonian_courland	tail	1		tabār				tɑbɑːr		t ɑ b ɑː r	2	b			"Cogn. with Fin ""saparo"" 'tail of a pig'; sporadic t- for *s-"					LivWb
mansi_sosva	tail	1		lēɣ		lēɣ		leːɣ		l eː ɣ	7	g								WogWb
mari_hill	tail	1		pač				pɑt͡ʃ		p ɑ t͡ʃ	5	e								
mari_meadow	tail	1		poč		poč		potʃ		p o tʃ	5	e								SMSk, TscherWb
moksha	tail	1		pula				pulɑ		p u l ɑ	4	d								
nenets_tundra	tail	1		tæwa				tæwɑ		t æ w ɑ	3	c								JurSWb
nganasan	tail	1		təjbu		təjbu		təjbu		t ə j b u	3	c								SlNgaRus
proto_uralic	tail	1		*sejpä				sejpæ		s e j p æ	3	c								UEW, Sam88
saami_inari	tail	1		seibi				seibi		s e i b i	3	c								InsSSk
saami_kildin	tail	1		siejjp		siejjp		siejːp		s i e jː p	3	c								WOLD
saami_north	tail	1		seaibi				seæipi		s e æ i p i	3	c								SSSg
saami_pite	tail	1		säjjbe				sæjːpe		s æ jː p e	3	c								EZ
saami_skolt	tail	1		seiʹbb				seibʲː		s e i bʲː	3	c								SKosSk
saami_south	tail	1		siejpie				siejpie		s i e j p i e	3	c								NSsNdb
saami_ume	tail	1		säìbee				sæipeː		s æ i p eː	3	c								WbWlap
selkup_northern	tail	1		meća		meća		metɕɑ		m e tɕ ɑ	9	i								SolkWb
selkup_northern	tail	2		talću		talću		tɑltɕu		t ɑ l tɕ u	8	h								SolkWb
udmurt	tail	1		bi̮ž		bi̮ž		bɯʒ		b ɯ ʒ	5	e								WotjWsch
veps	tail	1		händ				hænd		h æ n d	1	a								VVS
votic_western	tail	1		äntä		äntä		sɑpɑ		s ɑ p ɑ	1	a								
erzya	take	1		sajems		sajems		sɑjems		s ɑ j e m s	3	c	indo-iranian	clear					Holopainen2019, HolopainenJunttila2022, Parpola2010, Koivulehto1999, SSA	MordWb
estonian_south	take	1		võtma				vɤtmɑ		v ɤ t m ɑ	1	a								VESr
estonian_standard	take	1		võtta		və̑tta		vɤtːɑ		v ɤ tː ɑ	1	a								SVSk
finnish_standard	take	1		ottaa		ottaa		ot̪ːɑː		o t̪ː ɑː	1	a								JL
hungarian	take	1		fog		fog		foɡ		f o ɡ	9	i				'Grasp, catch, take'				FMSz
hungarian	take	2		vesz		ves		vɛs		v ɛ s	6	f				Also 'buy'				FMSz
ingrian	take	1		ottā		ottā		otːɑː		o tː ɑː	1	a								InkmSk
karelian_proper	take	1		ottoa				otːoɑ		o tː o ɑ	1	a								KKSV
khanty_vakh_vasyugan	take	1		wə-		wə-		wə-		w ə	6	f								DEWbOstj
komi_permyak	take	1		bośtni̮		bośtni̮		boɕtnɯ		b o ɕ t n ɯ	5	e				Also 'buy'				KoPRSl
komi_zyrian	take	1		bośtni̮		bośtni̮		boɕtnɯ		b o ɕ t n ɯ	5	e								SyrjWsch
livonian_courland	take	1		võttõ				vɯtːɯ		v ɯ tː ɯ	1	a								LivWb
mansi_sosva	take	1		wiɣ		wiɣ		wiɣ		w i ɣ	6	f								WogWb
mari_hill	take	1		näläš				nælæʃ		n æ l æ ʃ	4	d								
mari_meadow	take	1		nalam		nalam		nɑlɑm		n ɑ l ɑ m	4	d								SMSk, TscherWb
moksha	take	1		śävoms				sʲævoms		sʲ æ v o m s	10	j								
nenets_tundra	take	1		mesy°				mesʲ		m e sʲ	7	g								JurSWb
nganasan	take	1		ŋohüləsa		ŋohüləsa		ŋohyləsɑ		ŋ o h y l ə s ɑ	9	i								SlNgaRus
proto_uralic	take	1	not_reconstructable														PFU: *wiɣi-			UEW, Sam88
saami_inari	take	1		väldiđ				vældið		v æ l d i ð	2	b	north germanic	clear	Cf. North Ger *walđa-				Sammallahti1998	InsSSk
saami_kildin	take	1		vāll’te		vaallʹte		vɑːlːʲte		v ɑː lːʲ t e	2	b	north germanic	clear	Cf. North Ger *walđa-				Sammallahti1998	WOLD
saami_north	take	1		váldit				vɑːltit		v ɑː l t i t	2	b	north germanic	clear	Cf. North Ger *walđa-				Sammallahti1998	SSSg
saami_pite	take	1		válldet				vɑːlːtet		v ɑː lː t e t	2	b	north germanic	clear					Sammallahti1998	EZ
saami_skolt	take	1		väʹldded				vælʲdːed		v æ lʲ dː e d	2	b	north germanic	clear	Cf. North Ger *walđa-				Sammallahti1998	SKosSk
saami_south	take	1		vaeltedh				vɑeltedh		v ɑ e l t e d h	2	b	north germanic	clear	Cf. North Ger *walđa-				Sammallahti1998	NSsNdb
saami_ume	take	1		vàlldeet				vɑlːteːt		v ɑ lː t eː t	2	b	north germanic	clear	Cf. North Ger *walđa-				Sammallahti1998	WbWlap
selkup_northern	take	1		ī-		ī-		iː-		iː	8	h								SolkWb
udmurt	take	1		baśti̮ni̮		baśti̮ni̮		bɑɕtɯnɯ		b ɑ ɕ t ɯ n ɯ	5	e								WotjWsch
veps	take	1		otta				otːɑ		o tː ɑ	1	a								VVS
votic_western	take	1		võttā		ve̮ttā		vɤtːɤmɑ		v ɤ tː ɤ m ɑ	1	a								VKJMS
erzya	teach	1		tonavtoms		tonavtoms		tonɑvtoms		t o n ɑ v t o m s	4	d			From PFU *tuna-kta- 'learn-(caus.)'					MordWb
estonian_south	teach	1		oppama				opːɑmɑ		o pː ɑ m ɑ	1	a								VESr
estonian_standard	teach	1		õpetada		ə̑ppettata		ɤpːetːɑtɑ		ɤ pː e tː ɑ t ɑ	1	a								SVSk
finnish_standard	teach	1		opettaa		opettaa		o̞pe̞t̪ːɑː		o̞ p e̞ t̪ː ɑː	1	a								JL
hungarian	teach	1		oktat		oktat		oktɒt		o k t ɒ t	6	f	west old turkic	probable			"Deriv. from ""ok"" 'cause, reason'"		WOT	FMSz
hungarian	teach	2		tanít		taniit		tɒniːt		t ɒ n iː t	4	d			From PFU *tuna-kta- 'learn-(caus.)' > OHun “tonoht-”					FMSz
ingrian	teach	1		oʙettā		oʙettā		ob̥etːɑː		o b̥ e tː ɑː	1	a								InkmSk
karelian_proper	teach	1		opastoa				opɑstoɑ		o p ɑ s t o ɑ	1	a								KKSV
khanty_vakh_vasyugan	teach	1		o̭nʽǝltǝ-		o̭nəltə-		o̻nəltə-		o̻ n ə l t ə	11	k					"Deriv. from ""o̭nʽǝl"" 'know, be aquainted with'"			DEWbOstj
komi_permyak	teach	1		vele̮tni̮		vele̮tni̮		velɤtnɯ		v e l ɤ t n ɯ	5	e								KoPRSl
komi_zyrian	teach	1		vele̮dni̮		vele̮dni̮		velɤdnɯ		v e l ɤ d n ɯ	5	e								SyrjWsch
livonian_courland	teach	1		opātõ				opɑːtɯ		o p ɑː t ɯ	1	a								LivWb
mansi_sosva	teach	1		χańśti		χańśti		xɑɲɕti		x ɑ ɲ ɕ t i	8	h					"Deriv. from ""χańśi"" 'know, perceive, recognize'"			WogWb
mari_hill	teach	1		tə̑mδaš				təmðɑʃ		t ə m ð ɑ ʃ	10	p						SES		
mari_meadow	teach	1		tunə̑ktem		tunə̑ktem		tunəktem		t u n ə k t e m	4	d			From PFU *tuna-kta- 'learn-(caus.)'					SMSk, TscherWb
moksha	teach	1		tonaftoms				tonɑftoms		t o n ɑ f t o m s	4	d								
nenets_tundra	teach	1		toxolko°				toxolko		t o x o l k o	9	i					Eur. dial. 'teach', Sib. 'learn'			JurSWb
nganasan	teach	1		hi̮lčibti̮si̮		hi̮lčibti̮si̮		hɯltʃibtɯsɯ		h ɯ l tʃ i b t ɯ s ɯ	13	o								SlNgaRus
proto_uralic	teach	1	not_reconstructable																	
saami_inari	teach	1		máttááttiđ				mætːæːtːið		m æ tː æː tː i ð	3	c								InsSSk
saami_kildin	teach	1		māt’xe		maatʹxe		mɑːtʲxe		m ɑː tʲ x e	3	c								WOLD
saami_north	teach	1		oahpahit				oɑhpɑhit		o ɑ h p ɑ h i t	1	m	finnic	clear					Sammallahti1998	SSSg
saami_pite	teach	1		åhpådit				ɔhpɔtit		ɔ h p ɔ t i t	1	m	finnic	clear					SSA	EZ
saami_pite	teach	2		leradit				lerɑtit		l e r ɑ t i t	12	l	north germanic	clear					Qvigstad1893	EZ
saami_skolt	teach	1		mätt’ted				mætːtʲed		m æ tː tʲ e d	3	c								SKosSk
saami_south	teach	1		lïeredh				lɨeredh		l ɨ e r e d h	12	l	north germanic	clear		'Teach, learn'			Lagercrantz1939	NSsNdb
saami_ume	teach	1		hä̀rjahtit				hærjɑhtit		h æ r j ɑ h t i t	2	b								WbWlap
selkup_northern	teach	1		ōqəlalčə-	ōqəlolčə-	ōqəlalčə-	ōqəlolčə-	oːqəlɑltʃə-	oːqəloltʃə-	oː q ə l ɑ l tʃ ə	6	f	turkic	possible			"Deriv. from ""ōqəl-"" 'teach'"		SolkWb	SolkWb
udmurt	teach	1		di̮šeti̮ni̮		di̮šeti̮ni̮		dɯʃetɯnɯ		d ɯ ʃ e t ɯ n ɯ	7	g								WotjWsch
veps	teach	1		opeta				opetɑ		o p e t ɑ	1	a								VVS
votic_western	teach	1		õpõttā		e̮pe̮ttā		ʃkoulɑmɑ		ʃ k o u l ɑ m ɑ	1	a								
erzya	ten	1		kemeń		kemeń		kemeɲ		k e m e ɲ	1	a								MordWb
estonian_south	ten	1		kümme				kymːe		k y mː e	1	a								VESr
estonian_standard	ten	1		kümme		kümme		kymːe		k y mː e	1	a								SVSk
finnish_standard	ten	1		kymmenen		kümmenen		kymːe̞ne̞n		k y mː e̞ n e̞ n	1	a								JL
hungarian	ten	1		tíz		tiiz		tiːz		t iː z	3	f	iranian	clear					Holopainen2019	FMSz
ingrian	ten	1		kümmenän	kümmen	kümmenän	kümmen	kymːenæn	kymːen	k y mː e n æ n	1	a								InkmSk
karelian_proper	ten	1		kymmen	kymmenen			kymːen		k y mː e n	1	a								KKSV
khanty_vakh_vasyugan	ten	1		jɔ̈ŋ		jɔ̈ŋ		jɔ̈ŋ		j ɔ̈ ŋ	4	d	tungusic	possible					Futaky1975	DEWbOstj
komi_permyak	ten	1		das		das		dɑs		d ɑ s	3	c	indo-iranian	clear					Holopainen2019, Redei1986	KoPRSl
komi_zyrian	ten	1		das		das		dɑs		d ɑ s	3	c	indo-iranian	clear					Holopainen2019, Redei1986	SyrjWsch
livonian_courland	ten	1		kim				kim		k i m	1	a								LivWb
mansi_sosva	ten	1		low		low		low		l o w	2	b								WogWb
mari_hill	ten	1		lu				lu		l u	2	b						SES, Bereczki2013		
mari_meadow	ten	1		lu		lu		lu		l u	2	b								SMSk, TscherWb
moksha	ten	1		kemoń				kemonʲ		k e m o nʲ	1	a						SES, SSA		
nenets_tundra	ten	1		yúq				juʔ		j u ʔ	5	e								JurSWb
nganasan	ten	1		bīˀ		bīˀ		biːʔ		b iː ʔ	5	e								SlNgaRus
proto_uralic	ten	1		*luka				lukɑ		l u k ɑ	2	b								UEW, Sam88
saami_inari	ten	1		love				love		l o v e	2	b								InsSSk
saami_kildin	ten	1		loagk’		laaggʹ		lɒːɡːʲ		l ɒː ɡːʲ	2	b								WOLD
saami_north	ten	1		logi				loki		l o k i	2	b								SSSg
saami_pite	ten	1		lågev				lɔkev		l ɔ k e v	2	b								EZ
saami_skolt	ten	1		lååi				lɔːi		l ɔː i	2	b								SKosSk
saami_south	ten	1		luhkie				luhkie		l u h k i e	2	b								NSsNdb
saami_ume	ten	1		lühkee				lyhkeː		l y h k eː	2	b								WbWlap
selkup_northern	ten	1		kȫt		kȫt		køːt		k øː t	5	e								SolkWb
udmurt	ten	1		das		das		dɑs		d ɑ s	3	c	indo-iranian	clear					Holopainen2019, Redei1986	WotjWsch
veps	ten	1		kümńe		kümne		kymnʲe		k y m nʲ e	1	a								VVS
votic_western	ten	1		tšümmē		čümmē		tʃymːe		tʃ y mː e	1	a								VKJMS
erzya	testicles	1		al		al		ɑl		ɑ l	7	g	baltic	possible			Singular forms; latter deriv.		Grunthal2012,VanPareren2009	MordWb
erzya	testicles	2		alne		alne		ɑlne		ɑ l n e	7	g	baltic	possible			Singular forms; latter deriv.		Grunthal2012,VanPareren2009	MordWb
estonian_south	testicles	1		paudiq				pɑudiʔ		p ɑ u d i ʔ	14	n					Singular form			VESr
estonian_south	testicles	2		munaq				munɑʔ		m u n ɑ ʔ	2	b								SI
estonian_standard	testicles	1		munandid		munantit		munɑntit		m u n ɑ n t i t	2	b			From PU *muna 'egg'					SVSk
estonian_standard	testicles	2		munad		munantit		munɑntit		m u n ɑ n t i t	2	b			From PU *muna 'egg'					SVSk
finnish_standard	testicles	1		kivekset		kivekset		kiʋe̞kse̞t̪		k i ʋ e̞ k s e̞ t̪	1	a			Deriv. From Fin kivi 'stone'					JL
hungarian	testicles	1		here		here		hɛrɛ		h ɛ r ɛ	8	h								FMSz
ingrian	testicles	1		kelliᴅ		kelliᴅ		kelːid̥		k e lː i d̥	15	o								InkmSk
ingrian	testicles	2		munaᴅ		munaᴅ		munɑd̥		m u n ɑ d̥	2	b			From PU *muna 'egg'					InkmSk
karelian_proper	testicles	1		mulkut				mulkut		m u l k u t	4	d								KKSV
karelian_proper	testicles	2		tyrät				tyræt		t y r æ t	3	c								KKSV
khanty_vakh_vasyugan	testicles	1		kö̭ɣ		kö̭ɣ		kø̻ɣ		k ø̻ ɣ	1	a				'Stone, testicle'; in Vakh dialect, dual form for 'testicles'				DEWbOstj
komi_permyak	testicles	1		kolʹttez		kolʹttez		koʎtːez		k o ʎ tː e z	13	m	finnic	possible					Saarikivi2018, Hausenberg1985	KoPRSl
komi_zyrian	testicles	1		kolʹk		kolʹk		koʎk		k o ʎ k	13	m	finnic	possible					Saarikivi2018, Hausenberg1985	SyrjWsch
livonian_courland	testicles	1		munā				munɑː		m u n ɑː	2	b			From PU *muna 'egg'					LivWb
mansi_sosva	testicles	1		mūŋi		mūŋi		muːŋi		m uː ŋ i	2	b			From PU *muna 'egg'	"""Mūŋi” 'eye, testicle'"				WogWb
mansi_sosva	testicles	2		mōn		mōn		moːn		m oː n	2	b			From PU *muna 'egg'	"""Mūŋi” 'eye, testicle'"				WogWb
mari_hill	testicles	1		mə̑nə̑				mənə		m ə n ə	2	b						SES		
mari_meadow	testicles	1		muno		muno		mosnɑky		m o s n ɑ k y	2	b								
moksha	testicles	1		al				ɑl		ɑ l	7	g	baltic	possible					Grunthal2012,VanPareren2009	
nenets_tundra	testicles	1		per				per		p e r	11	k								JurSWb
nganasan	testicles	1	form_not_found																	SlNgaRus
proto_uralic	testicles	1	not_reconstructable																	
saami_inari	testicles	1		kuolah				kuolɑh		k u o l ɑ h	6	f	north germanic	clear					AlguDB	InsSSk
saami_kildin	testicles	1		kūll		kuull		kuːlː		k uː lː	6	f	norvegian	clear					Riessler2009	WOLD
saami_north	testicles	1		bállut				pɑːlːut		p ɑː lː u t	5	e								SSSg
saami_pite	testicles	1		guolla				kuolːɑ		k u o lː ɑ	6	f	north germanic	clear					AlguDB	EZ
saami_skolt	testicles	1		kuõl				kuəl		k u ə l	6	f	north germanic	clear					AlguDB	SKosSk
saami_south	testicles	1		goele				ɡuele		ɡ u e l e	6	f	north germanic	clear					AlguDB	NSsNdb
saami_ume	testicles	1		gualla				kuɑlːɑ		k u ɑ lː ɑ	6	f	north germanic	clear					AlguDB	WbWlap
selkup_northern	testicles	1		oŋəl		oŋəl		oŋəl		o ŋ ə l	12	l	yeniseian	probable					SolkWb	SolkWb
udmurt	testicles	1		puz		puz		puz		p u z	10	j				'Egg, testicle'				WotjWsch
veps	testicles	1		munalad				munɑlɑd		m u n ɑ l ɑ d	2	b						SES		VVS
votic_western	testicles	1		kelliᴅ		kelliᴅ		kelːid̥		k e lː i d̥	15	o								VKJMS
votic_western	testicles	2		munaᴅ		munaᴅ		munɑd̥		m u n ɑ d̥	2	b			From PU *muna 'egg'					VKJMS
erzya	that	1		śe		śe		ɕe		ɕ e	2	b								MordWb
erzya	that	2		tona		tona		tonɑ		t o n ɑ	1	a								MordWb
estonian_south	that	1		tuu				tuː		t uː	1	a								VESr
estonian_south	that	2		taa				tɑː		t ɑː	1	a								VESr
estonian_standard	that	1		see		see		seː		s eː	2	b								SVSk
estonian_standard	that	2		too		too		toː		t oː	1	a								SVSk
finnish_standard	that	1		tuo		tuo		t̪uo̞		t̪ u o̞	1	a								JL
hungarian	that	1		az		az		ɒz		ɒ z	4	d								FMSz
ingrian	that	1		tō		tō		toː		t oː	1	a								InkmSk
karelian_proper	that	1		tuo				tuo		t u o	1	a								KKSV
khanty_vakh_vasyugan	that	1		tom	tŏm	tom	tŏm	tom	tŏm	t o m	1	a					Former as attribute; latter freestanding			DEWbOstj
khanty_vakh_vasyugan	that	2		tomi̮		tomi̮		tomɯ		t o m ɯ	1	a					Former as attribute; latter freestanding			DEWbOstj
komi_permyak	that	1		sija		sija		sijɑ		s i j ɑ	2	b								KoPRSl
komi_zyrian	that	1		sije̮		sije̮		sijɤ		s i j ɤ	2	b								SyrjWsch
livonian_courland	that	1		se				se		s e	2	b								LivWb
mansi_sosva	that	1		ta		ta		tɑ		t ɑ	5	e			Not from PU *to-?					WogWb
mari_hill	that	1		təδə				təðə		t ə ð ə	1	a						SES		
mari_meadow	that	1		saδe		saδe		sɑðe		s ɑ ð e	8	h			Probably not from PU *će ~ ći					SMSk, TscherWb
mari_meadow	that	2		tu		tu		tu		t u	1	a					Former attr.			SMSk, TscherWb
mari_meadow	that	3		tuδo		tuδo		tuðo		t u ð o	1	a					Former attr.			SMSk, TscherWb
moksha	that	1		śä				sʲæ		sʲ æ	2	b								
nenets_tundra	that	1		taki°				tɑki		t ɑ k i	1	a			Deriv. from PSd *tå- 'that'					JurSWb
nganasan	that	1		taaniə		tāniə		tɑːniə		t ɑː n i ə	1	a					From PSd *tå- 'that'?			SlNgaRus
nganasan	that	2		takə̄		takə̄		tɑkəː		t ɑ k əː	10	j				'Back, rear; that (further)'	From PSd *tak(ə)-			SlNgaRus
nganasan	that	3		təti		təti		təti		t ə t i	9	i				'This, that'	From PSd *tə- 'this, that'			SlNgaRus
proto_uralic	that	1		*o-	u-			o		o	4	d								UEW, Sam88
proto_uralic	that	2		*to-				to		t o	1	a								UEW, Sam88
saami_inari	that	1		tuot				tuot		t u o t	1	a								InsSSk
saami_kildin	that	1		što		što		ʃto		ʃ t o	6	f	russian	clear					Riessler2009	WOLD
saami_kildin	that	2		tudt		tudd		tudː		t u dː	1	a								WOLD
saami_north	that	1		dot				tot		t o t	7	g				'That (farther away)'				SSSg
saami_north	that	2		duot				tuot		t u o t	1	a				'That (near)'				SSSg
saami_pite	that	1		dut				tut		t u t	1	a								EZ
saami_skolt	that	1		tut				tut		t u t	1	a								SKosSk
saami_south	that	1		dohte				dohte		d o h t e	1	a								NSsNdb
saami_ume	that	1		dühta				tyhtɑ		t y h t ɑ	1	a								WbWlap
selkup_northern	that	1		tō		tō		toː		t oː	1	a			From PSd *tå- 'that'					SolkWb
udmurt	that	1		so		so		so		s o	2	b								WotjWsch
veps	that	1		nakkalaine				nɑkːɑlɑine		n ɑ kː ɑ l ɑ i n e	3	c								NRVS
votic_western	that	1		se		se		se		s e	2	b								VKJMS
erzya	there	1		śese		śese		ɕese		ɕ e s e	3	c								MordWb
erzya	there	2		toso		toso		toso		t o s o	1	a								MordWb
estonian_south	there	1		sääl				sæːl		s æː l	3	c								VESr
estonian_standard	there	1		seal		seal		seɑl		s e ɑ l	3	c								SVSk
finnish_standard	there	1		tuolla		tuolla		t̪uo̞lːɑ		t̪ u o̞ lː ɑ	1	a								JL
hungarian	there	1		ott		ott		otː		o tː	5	e								FMSz
ingrian	there	1		tōal		tōal		toːɑl		t oː ɑ l	1	a								InkmSk
karelian_proper	there	1		tuolla				tuolːɑ		t u o lː ɑ	1	a								KKSV
khanty_vakh_vasyugan	there	1		tot		tot		tot		t o t	1	a								DEWbOstj
komi_permyak	there	1		sete̮n		sete̮n		setɤn		s e t ɤ n	3	c								KoPRSl
komi_permyak	there	2		sećin		sećin		setɕin		s e tɕ i n	3	c								KoPRSl
komi_zyrian	there	1		sen		sen		sen		s e n	3	c								SyrjWsch
komi_zyrian	there	2		seni		seni		seni		s e n i	3	c								SyrjWsch
komi_zyrian	there	3		sete̮n		sete̮n		setɤn		s e t ɤ n	3	c								SyrjWsch
livonian_courland	there	1		sǟl				sæːl		s æː l	3	c								LivWb
mansi_sosva	there	1		tot		tot		tot		t o t	1	a								WogWb
mari_hill	there	1		təštə				təʃtə		t ə ʃ t ə	1	a								
mari_meadow	there	1		tušto		tušto		tuʃto		t u ʃ t o	1	a								SMSk, TscherWb
moksha	there	1		tosa				tosɑ		t o s ɑ	1	a								
nenets_tundra	there	1		tay°na				tɑjnɑ		t ɑ j n ɑ	1	a								JurSWb
nganasan	there	1		əməńi		əməńi		əməɲi		ə m ə ɲ i	4	d					"Deriv. from ""əmə"" 'this'"			SlNgaRus
nganasan	there	2		təni		təni		təni		t ə n i	1	a					"Derivs. from ""təə"" 'this'"			SlNgaRus
nganasan	there	3		təńiˀia		təńiˀia		təɲiʔiɑ		t ə ɲ i ʔ i ɑ	1	a					"Derivs. from ""təə"" 'this'"			SlNgaRus
proto_uralic	there	1	not_reconstructable														Possibly an inflected form of a pronominal stem used in this meaning; cannot be reconstructed			UEW, Sam88
saami_inari	there	1		tovben				tovben		t o v b e n	1	a								InsSSk
saami_inari	there	2		tuo				tuo		t u o	1	a								InsSSk
saami_inari	there	3		tyebbin				tyebːin		t y e bː i n	1	a								InsSSk
saami_kildin	there	1		tam’pe		tamʹpe		tɑmʲpe		t ɑ mʲ p e	1	a								WOLD
saami_north	there	1		dos				tos		t o s	6	f				"'There (farther away)'; deriv. from ""dot"""				SSSg
saami_north	there	2		duos				tuos		t u o s	1	a				'There (near)'				SSSg
saami_pite	there	1		dunne				tunːe		t u nː e	1	a								EZ
saami_skolt	there	1		toʹben	tåʹben			tobʲen		t o bʲ e n	1	a								SKosSk
saami_south	there	1		dagka				dɑɡkɑ		d ɑ ɡ k ɑ	1	a								NSsNdb
saami_south	there	2		dagkoe				dɑɡkue		d ɑ ɡ k u e	1	a								NSsNdb
saami_ume	there	1		duggù				tukku		t u k k u	1	a								WbWlap
selkup_northern	there	1		tōntə		tōntə		toːntə		t oː n t ə	1	a								SolkWb
udmurt	there	1		oti̮n		oti̮n		otɯn		o t ɯ n	5	e								WotjWsch
veps	there	1		nakka(na)				nɑkːɑnɑ		n ɑ kː ɑ n ɑ	2	b								VVS
votic_western	there	1		siällä		siällä		siælːæ		s i æ lː æ	3	c						SES		VKJMS
erzya	they	1		siń		siń		siɲ		s i ɲ	1	a								MordWb
estonian_south	they	1		nimäq	nä etc.			nimæʔ		n i m æ ʔ	2	b								VESr
estonian_standard	they	1		nemad		nemat		nemɑt		n e m ɑ t	2	b								SVSk
estonian_standard	they	2		nad		nat		nɑt		n ɑ t	2	b								SVSk
finnish_standard	they	1		he		he		he̞		h e̞	1	a								JL
hungarian	they	1		ők		öök		øːk		øː k	1	a			Cognacy uncertain					FMSz
ingrian	they	1		hȫ		hȫ		høː		h øː	1	a								InkmSk
karelian_proper	they	1		hyö				hyø		h y ø	1	a								KKSV
khanty_vakh_vasyugan	they	1		ləɣ	jəɣ  etc.	ləɣ	jəɣ	ləɣ	jəɣ	l ə ɣ	1	a								DEWbOstj
komi_permyak	they	1		nija		nija		nijɑ		n i j ɑ	2	b								KoPRSl
komi_zyrian	they	1		naje̮		naje̮		nɑjɤ		n ɑ j ɤ	2	b								SyrjWsch
livonian_courland	they	1		ne				ne		n e	2	b								LivWb
livonian_courland	they	2		nemād				nemɑːd		n e m ɑː d	2	b								LivWb
mansi_sosva	they	1		tān		tān		tɑːn		t ɑː n	1	a								WogWb
mari_hill	they	1		nənə				nənə		n ə n ə	3	c						SES, Bereczki2013		
mari_meadow	they	1		nuno		nuno		nuno		n u n o	3	c								SMSk, TscherWb
moksha	they	1		śiń				sʲinʲ		sʲ i nʲ	1	a						SES, SSA		
nenets_tundra	they	1		pidoh				pidoʔ		p i d o ʔ	5	e								JurSWb
nganasan	they	1		si̮ti̮ŋ		si̮ti̮ŋ		sɯtɯŋ		s ɯ t ɯ ŋ	4	d								SlNgaRus
proto_uralic	they	1	not_reconstructable														PFU: *sȣ̈			UEW, Sam88
saami_inari	they	1		sij				sij		s i j	1	a								InsSSk
saami_kildin	they	1		sɨjj		sə̑jj		sɨjː		s ɨ jː	1	a								WOLD
saami_north	they	1		sii				sii		s i i	1	a								SSSg
saami_pite	they	1		sija(v)				sijɑv		s i j ɑ v	1	a								EZ
saami_skolt	they	1		sij				sij		s i j	1	a								SKosSk
saami_south	they	1		sijjieh				sijːieh		s i jː i e h	1	a								NSsNdb
saami_ume	they	1		sijja				sijːɑ		s i jː ɑ	1	a								WbWlap
selkup_northern	they	1		tepət	te̮pət	tepət	te̮pət	tepət	tɤpət	t e p ə t	6	f			Not from PU *tȣ̈- 'this'?					SolkWb
udmurt	they	1		soos		soos		soos		s o o s	1	a								WotjWsch
veps	they	1		hī		hö		hiː		h iː	1	a								VVS
votic_western	they	1		nämä		nämä		næmæ		n æ m æ	2	b								VKJMS
erzya	thick	1		ečke		ečke		etʃke		e tʃ k e	7	g			From PFP *ičV 'big, thick'					MordWb
estonian_south	thick	1		paks				pɑks		p ɑ k s	1	a	iranian	possible					Holopainen2019, Koivulehto1999	VESr
estonian_standard	thick	1		paks		paks		pɑks		p ɑ k s	1	a	iranian	possible					Holopainen2019, Koivulehto1999	SVSk
finnish_standard	thick	1		paksu		paksu		pɑksu		p ɑ k s u	1	a	iranian	possible					Holopainen2019, Koivulehto1999	JL
hungarian	thick	1		vastag		vaštag		vɒʃtɒɡ		v ɒ ʃ t ɒ ɡ	10	j								FMSz
ingrian	thick	1		paksu		paksu		pɑksu		p ɑ k s u	1	a	iranian	possible					Holopainen2019, Koivulehto1999	InkmSk
karelian_proper	thick	1		paksu				pɑksu		p ɑ k s u	1	a	iranian	possible					Holopainen2019, Koivulehto1999	KKSV
khanty_vakh_vasyugan	thick	1		eṇəki		eṇəki		eɳəki		e ɳ ə k i	9	i								DEWbOstj
khanty_vakh_vasyugan	thick	2		kö̆l		kö̆l		kø̆l		k ø ̆ l	5	e								DEWbOstj
komi_permyak	thick	1		ki̮z		ki̮z		kɯz		k ɯ z	5	e								KoPRSl
komi_zyrian	thick	1		ki̮z		ki̮z		kɯz		k ɯ z	5	e								SyrjWsch
livonian_courland	thick	1		jamdi				jɑmdi		j ɑ m d i	3	c								LivWb
mansi_sosva	thick	1		osəŋ		osəŋ		osəŋ		o s ə ŋ	11	k								WogWb
mari_hill	thick	1		kəžgə				kəʒɡə		k ə ʒ ɡ ə	5	e								
mari_meadow	thick	1		küžɣö		küžɣö		kyʒɣø		k y ʒ ɣ ø	5	e								SMSk, TscherWb
moksha	thick	1		tusta				tustɑ		t u s t ɑ	2	b								
nenets_tundra	thick	1		nyaŋocy°				ɲɑŋot͡sʲ		ɲ ɑ ŋ o t͡sʲ	13	m				'Be thick (v.)'				JurSWb
nganasan	thick	1		ńačegə̄				nʲɑt͡ʃeɡə̄		nʲ ɑ t͡ʃ e ɡ ə̄	8	h								SlNgaRus
proto_uralic	thick	1	not_reconstructable														PFU: *küsi			UEW, Sam88
saami_inari	thick	1		assaa				ɑsːɑː		ɑ sː ɑː	4	d								InsSSk
saami_kildin	thick	1		kēss		keess		keːsː		k eː sː	5	e								WOLD
saami_north	thick	1		asˈsái				ɑsːɑːi		ɑ sː ɑː i	4	d								SSSg
saami_pite	thick	1		assás	assas			ɑsːɑːs		ɑ sː ɑː s	4	d								EZ
saami_pite	thick	2		gassak				kɑsːɑk		k ɑ sː ɑ k	5	e								EZ
saami_skolt	thick	1		kõss(âd)				kəsːɐd		k ə sː ɐ d	5	e					Longer form deriv.			SKosSk
saami_south	thick	1		jassijes				jɑsːijes		j ɑ sː i j e s	6	f				Of flat things				NSsNdb
saami_ume	thick	1		jïssáje				jisːɑːje		j i sː ɑː j e	6	f								WbWlap
selkup_northern	thick	1		ńaŋtu		ńaŋtu		ɲɑŋtu		ɲ ɑ ŋ t u	13	m								SolkWb
udmurt	thick	1		ze̮k		ze̮k		zɤk		z ɤ k	12	l								WotjWsch
veps	thick	1		sanged				sɑŋːed		s ɑ ŋː e d	14	n								
votic_western	thick	1		paksu		paksu		pɑksu		p ɑ k s u	1	a	iranian	possible					Holopainen2019, Koivulehto1999	VKJMS
erzya	thigh	1		pukšo		pukšo		pukʃo		p u k ʃ o	4	d			"Probably connected with Fin ""pohje"" 'calf'"					MordWb
estonian_south	thigh	1		rag'a	ragja			rɑɡʲɑ		r ɑ ɡʲ ɑ	9	i	germanic	possible					SSA, EES	VESr
estonian_standard	thigh	1		reis		reis		reis		r e i s	1	a	baltic	clear					Junttila2015, SSA, NES, EES	SVSk
finnish_standard	thigh	1		reisi		rejsi		re̞jsi		r e̞ j s i	1	a	baltic	clear					Junttila2015, SSA, NES, EES	JL
hungarian	thigh	1		comb		comb		t͡somb		t͡s o m b	6	f								FMSz
ingrian	thigh	1		reiz		reiz		reiz		r e i z	1	a	baltic	clear					Junttila2015, SSA, NES, EES	InkmSk
karelian_proper	thigh	1		reisi				reisi		r e i s i	1	a	baltic	clear					Junttila2015, SSA, NES, EES	KKSV
khanty_vakh_vasyugan	thigh	1		pitʹ		pitʹ		pitʲ		p i tʲ	7	g								DEWbOstj
komi_permyak	thigh	1		lʹadʹbej		lʹadʹbej		ʎɑdʲbej		ʎ ɑ dʲ b e j	11	k								KoPRSl
komi_zyrian	thigh	1		bek		bek		bek		b e k	10	j								SyrjWsch
komi_zyrian	thigh	2		lʹadʹvej		lʹadʹvej		ʎɑdʲvej		ʎ ɑ dʲ v e j	11	k								SyrjWsch
livonian_courland	thigh	1		raigā				rɑiɡɑː		r ɑ i ɡ ɑː	9	i	germanic	possible					SSA, EES	LivWb
mansi_sosva	thigh	1		pēś				peːsʲ		p eː sʲ	7	g								WogWb
mari_hill	thigh	1		ärdə				ærdə		æ r d ə	5	e								
mari_meadow	thigh	1		erδe		erδe		erðe		e r ð e	5	e								SMSk, TscherWb
moksha	thigh	1		pil'gepukša				pilʲɡepukʃɑ		p i lʲ ɡ e p u k ʃ ɑ	4	p								
nenets_tundra	thigh	1		sidi°				sidi		s i d i	13	m								JurSWb
nganasan	thigh	1	form_not_found																	SlNgaRus
proto_uralic	thigh	1	not_reconstructable																	UEW, Sam88
saami_inari	thigh	1		čuárbpeeli				t͡ʃuærbpeːli		t͡ʃ u æ r b p eː l i	14	n								InsSSk
saami_kildin	thigh	1		čuarr-piell’		tšuarr-piellʹ		tʃuɑrː-pielːʲ		t ʃ u ɑ rː p i e lːʲ	14	n								WOLD
saami_north	thigh	1		badjeváhkká				pɑɟevɑːhkːɑː		p ɑ ɟ e v ɑː h kː ɑː	2	b								SSSg
saami_pite	thigh	1		ruäkksje				ruækːsje		r u æ kː s j e	15	o								EZ
saami_skolt	thigh	1		čeʹbb				t͡ʃebʲː		t͡ʃ e bʲː	3	c								SKosSk
saami_south	thigh	1		ruaksja				ruɑkɕɑ		r u ɑ k ɕ ɑ	15	o								NSsNdb
saami_ume	thigh	1		ruaida				ruɑitɑ		r u ɑ i t ɑ	1	a	baltic	clear		Meaning of 'thigh' unclear ('shank, leg' instead?)			SSA, NES, EES	WbWlap
selkup_northern	thigh	1		pelu		pelu		pelu		p e l u	8	h								SolkWb
udmurt	thigh	1		makes		makes		mɑkes		m ɑ k e s	12	l								WotjWsch
veps	thigh	1		riiže				riːʒe		r iː ʒ e	1	a	baltic	clear					Junttila2015, SSA, NES, EES	VVS
votic_western	thigh	1		reisi		reisi		reisi		r e i s i	1	a	baltic	clear					Junttila2015, SSA, NES, EES	VKJMS
erzya	thin	1		čova		čova		tʃovɑ		tʃ o v ɑ	7	g								MordWb
erzya	thin	2		čovińe		čovińe		tʃoviɲe		tʃ o v i ɲ e	7	g								MordWb
estonian_south	thin	1		ohukõnõ				ohukɤnɤ		o h u k ɤ n ɤ	1	a								VESr
estonian_south	thin	2		ohku				ohku		o h k u	1	a								VESr
estonian_south	thin	3		ohuq	ohut			ohuʔ		o h u ʔ	1	a								VESr
estonian_standard	thin	1		õhukene		ə̑hukkene		ɤhukːene		ɤ h u kː e n e	1	a								SVSk
finnish_standard	thin	1		ohut		ohut		o̞ɦut̪		o̞ ɦ u t̪	1	a								JL
hungarian	thin	1		vékony		veekoń		veːkoɲ		v eː k o ɲ	10	j								FMSz
ingrian	thin	1		hēno		hēno		heːno		h eː n o	15	o	finnish	clear					SSA	InkmSk
ingrian	thin	2		hoikka		hoikka		hoikːɑ		h o i kː ɑ	2	b								InkmSk
ingrian	thin	3		hoikkain		hoikkain		hoikːɑin		h o i kː ɑ i n	2	b								InkmSk
karelian_proper	thin	1		hoikka				hoikːɑ		h o i kː ɑ	2	b								KKSV
khanty_vakh_vasyugan	thin	1		woɣəlʹ		woɣəlʹ		woɣəʎ		w o ɣ ə ʎ	12	l								DEWbOstj
khanty_vakh_vasyugan	thin	2		wäńt´				wænʲtʲ		w æ nʲ tʲ	6	t						SES		
komi_permyak	thin	1		ve̮sńit		ve̮sńit		vɤsɲit		v ɤ s ɲ i t	9	i								KoPRSl, RB
komi_zyrian	thin	1		vesńi̮d		vesńi̮d		vesɲɯd		v e s ɲ ɯ d	9	i								SyrjWsch
livonian_courland	thin	1		vȯiti	vȯitõ			vɤiti		v ɤ i t i	2	b			From *hoikka		"Dialectally also ""vòik"""			LivWb
mansi_sosva	thin	1		ośśa		ośśa		oɕːɑ		o ɕː ɑ	11	k								WogWb
mari_hill	thin	1		βəckəž				βət͡skəʒ		β ə t͡s k ə ʒ	8	h								
mari_meadow	thin	1		βičkə̑ž		βičkə̑ž		βitʃkəʒ		β i tʃ k ə ʒ	8	h			"Cogn. with Kar ""vätšykkäine"" 'slight, smallish'"					SMSk, TscherWb
moksha	thin	1		šuvańä				ʃuvɑnʲæ		ʃ u v ɑ nʲ æ	7	g								
nenets_tundra	thin	1		yabta				jɑbtɑ		j ɑ b t ɑ	13	m				'Thin, lanky, meager'				JurSWb
nganasan	thin	1		dʹobtəgə̄		dʹobtəgə̄		dʲobtəɡəː		dʲ o b t ə ɡ əː	13	m								SlNgaRus
nganasan	thin	2		ńeu		ńeu		ɲeu		ɲ e u	19	s				'Thin, narrow'				SlNgaRus
proto_uralic	thin	1	not_reconstructable														PFU: *čupa; *wekkV			UEW, Sam88
saami_inari	thin	1		asettem				ɑsetːem		ɑ s e tː e m	3	c								InsSSk
saami_kildin	thin	1		sieŋ’kes’		sieŋʹkesʹ		sieŋʲkesʲ		s i e ŋʲ k e sʲ	14	n								WOLD
saami_north	thin	1		asehaš				ɑsehɑʃ		ɑ s e h ɑ ʃ	3	c								SSSg
saami_pite	thin	1		asetis				ɑsetis		ɑ s e t i s	3	c				Of flat things				EZ
saami_pite	thin	2		livak				livɑk		l i v ɑ k	18	r								EZ
saami_pite	thin	3		sägge				sække		s æ k k e	14	n								EZ
saami_skolt	thin	1		ââʹzzteʹm(es)				ɐːzztemʲes		ɐː z z t e mʲ e s	3	c								SKosSk
saami_south	thin	1		jissehts				jisːeht͡s		j i sː e h t͡s	5	e				Of flat things				NSsNdb
saami_ume	thin	1		jisèhtadtja				jisehtɑtcɑ		j i s e h t ɑ t c ɑ	5	e								WbWlap
saami_ume	thin	2		njuaras				ɲuɑrɑs		ɲ u ɑ r ɑ s	4	d								WbWlap
selkup_northern	thin	1		ćōptə		ćōptə		tɕoːptə		tɕ oː p t ə	13	m								SolkWb
udmurt	thin	1		vekći		vekći		vektɕi		v e k tɕ i	10	j								WotjWsch
veps	thin	1		hoik				hoik		h o i k	2	b								VVS
votic_western	thin	1		hoikka		hoikka		hoikːa		h o i kː a	2	b								VKJMS
erzya	think	1		aŕśems		aŕśems		ɑrʲɕems		ɑ rʲ ɕ e m s	8	h			Possibly from PFU *arwa 'value, worth'					MordWb
erzya	think	2		dumams		dumams		dumɑms		d u m ɑ m s	2	q	russian	clear					MordWb	MordWb
estonian_south	think	1		mõtlõma				mɤtlɤmɑ		m ɤ t l ɤ m ɑ	4	d	germanic	clear					EES	VESr
estonian_standard	think	1		mõ(t)elda		mə̑(tt)elta		mɤ(tː)eltɑ			4	d	germanic	clear					EES	SVSk
finnish_standard	think	1		ajatella		ajatella		ɑjɑt̪e̞lːɑ		ɑ j ɑ t̪ e̞ lː ɑ	1	a								JL
hungarian	think	1		gondol		gondol		ɡondol		ɡ o n d o l	11	k								FMSz
ingrian	think	1		meinaᴅa		meinaᴅa		meinɑd̥ɑ		m e i n ɑ d̥ ɑ	15	o	finnish	clear					SSA	InkmSk
karelian_proper	think	1		tuumaija				tuːmɑijɑ		t uː m ɑ i j ɑ	2	b	russian	clear					SSA	KKSV
khanty_vakh_vasyugan	think	1		nomǝɣsǝtǝ-		noməɣsətə-		noməɣsətə-		n o m ə ɣ s ə t ə	12	l			"Derivs. from ""nămǝs"" 'reason, intellect'"					DEWbOstj
khanty_vakh_vasyugan	think	2		nomǝɣsi̮l(ǝ)-		noməɣsi̮l, noməɣsətə-, noməɣsi̮lə-		noməɣsɯl, noməɣsətə-, noməɣsɯlə-			12	l			"Derivs. from ""nămǝs"" 'reason, intellect'"					DEWbOstj
komi_permyak	think	1		dumajtni̮		dumajtni̮		dumɑjtnɯ		d u m ɑ j t n ɯ	2	r	russian	clear					Rogov1869	KoPRSl
komi_zyrian	think	1		dumajtni̮		dumajtni̮		dumɑjtnɯ		d u m ɑ j t n ɯ	2	r	russian	clear					Kalima1911	SyrjWsch
komi_zyrian	think	2		me̮vpavni̮		me̮vpavni̮		mɤvpɑvnɯ		m ɤ v p ɑ v n ɯ	3	c			Deriv. from PFP *mäli					SyrjWsch
livonian_courland	think	1		mõtlõ				mɯtlɯ		m ɯ t l ɯ	4	d	germanic	clear					EES	LivWb
mansi_sosva	think	1		nomsi		nomsi		nomsi		n o m s i	12	l								WogWb
mari_hill	think	1		tumajaš				tumɑjɑʃ		t u m ɑ j ɑ ʃ	2	t	russian	clear					TscherWb	
mari_hill	think	2		šanaš				ʃɑnɑʃ		ʃ ɑ n ɑ ʃ	9	i	chuvash	clear					TscherWb	
mari_meadow	think	1		šonem		šonem		ʃonem		ʃ o n e m	9	i	chuvash	clear					TscherWb	SMSk, TscherWb
moksha	think	1		aŕśems				ɑrʲsʲems		ɑ rʲ sʲ e m s	8	h								
nenets_tundra	think	1		yí yadercy°				ji jɑdert͡sʲ		j i j ɑ d e r t͡sʲ	13	m				"""Yí"" 'reason, intellect', ""yadercy°"" 'roam, move'"				JurSWb
nganasan	think	1		si̮ńəruədʹi		si̮ńəruədʹi		sɯɲəruədʲi		s ɯ ɲ ə r u ə dʲ i	17	t								SlNgaRus
nganasan	think	2		si̮ńəri̮rsi̮		si̮ńəri̮rsi̮		sɯɲərɯrsɯ		s ɯ ɲ ə r ɯ r s ɯ	17	t								SlNgaRus
proto_uralic	think	1	not_reconstructable																	UEW, Sam88
saami_inari	think	1		jurdeđ				jurdeð		j u r d e ð	5	e	finnic	clear					SSA	InsSSk
saami_kildin	think	1		jurr’te		jurrʹte		jurːʲte		j u rːʲ t e	5	e								WOLD
saami_north	think	1		jurddašit				jurttɑʃit		j u r t t ɑ ʃ i t	5	e	finnic	clear					Sammallahti1998, SSA	SSSg
saami_pite	think	1		mierredit				mierːetit		m i e rː e t i t	16	s								EZ
saami_pite	think	2		usjudit				usjutit		u s j u t i t	6	f								EZ
saami_skolt	think	1		juurdčed				juːrdt͡ʃed		j uː r d t͡ʃ e d	7	g								SKosSk
saami_south	think	1		ussjedidh	ussjiedidh			usːjedidh		u sː j e d i d h	6	f								NSsNdb
saami_ume	think	1		ussjadit				usːjɑtit		u sː j ɑ t i t	6	f								WbWlap
selkup_northern	think	1		tenirpi-		tenirpi-		tenirpi-		t e n i r p i	14	n					"Deriv. from ""teni ~ teńi"" 'mind, intellect'"			SolkWb
udmurt	think	1		malpani̮		malpani̮		mɑlpɑnɯ		m ɑ l p ɑ n ɯ	3	c			Deriv. from PFP *mäli					WotjWsch
veps	think	1		meletada				meletɑdɑ		m e l e t ɑ d ɑ	3	c			From PFP *mäli 'mind'					VVS
votic_western	think	1		dūmata		dūmata		duːmɑmɑ		d uː m ɑ m ɑ	2	p	russian	clear					SSA	VKJMS
votic_western	think	2		ajatõlla		ajate̮lla		duːmɑmɑ		d uː m ɑ m ɑ	1	a								
erzya	this	1		tʹe		tʹe		tʲe		tʲ e	1	a								MordWb
estonian_south	this	1		seo	sjoo			seo		s e o	3	c								VESr
estonian_standard	this	1		see		see		seː		s eː	3	c								SVSk
finnish_standard	this	1		tämä		tämä		t̪æmæ		t̪ æ m æ	1	a								JL
hungarian	this	1		e		e		ɛ		ɛ	2	b					Latter deriv.			FMSz
hungarian	this	2		ez		ez		ɛz		ɛ z	2	b					Latter deriv.			FMSz
ingrian	this	1		tämä		tämä		tæmæ		t æ m æ	1	a								InkmSk
karelian_proper	this	1		tämä				tæmæ		t æ m æ	1	a								KKSV
khanty_vakh_vasyugan	this	1		tim		tim		tim		t i m	1	a					Former as attribute; latter freestanding			DEWbOstj
khanty_vakh_vasyugan	this	2		timi	temi	timi	temi	timi	temi	t i m i	1	a					Former as attribute; latter freestanding			DEWbOstj
komi_permyak	this	1		eta		eta		etɑ		e t ɑ	2	b								KoPRSl
komi_zyrian	this	1		ta		ta		tɑ		t ɑ	1	a					Latter deriv.			SyrjWsch
komi_zyrian	this	2		taje̮		taje̮		tɑjɤ		t ɑ j ɤ	1	a					Latter deriv.			SyrjWsch
livonian_courland	this	1		ta				tɑ		t ɑ	1	a						EES		LivWb
livonian_courland	this	2		se				se		s e	3	c								LivWb
mansi_sosva	this	1		ti		ti		ti		t i	1	a								WogWb
mari_hill	this	1		tidə				tidə		t i d ə	1	a						SES, UEW		
mari_meadow	this	1		tə̑		tə̑		tə		t ə	1	a					Former attr.; latter deriv.			SMSk, TscherWb
mari_meadow	this	2		tiδe		tiδe		tiðe		t i ð e	1	a					Former attr.; latter deriv.			SMSk, TscherWb
moksha	this	1		t'ä				tʲæ		tʲ æ	1	a						SES, UEW		
nenets_tundra	this	1		tyuku°				tʲuku		tʲ u k u	5	e								JurSWb
nganasan	this	1		əmə		əmə		əmə		ə m ə	7	g								SlNgaRus
proto_uralic	this	1		*tä				tæ		t æ	1	a								UEW, Sam88
saami_inari	this	1		táát				tæːt		t æː t	1	a								InsSSk
saami_kildin	this	1		tadt		tadd		tɑdː		t ɑ dː	1	a								WOLD
saami_north	this	1		dát				tɑːt		t ɑː t	1	a								SSSg
saami_pite	this	1		dát				tɑːt		t ɑː t	1	a								EZ
saami_skolt	this	1		tät				tæt		t æ t	1	a								SKosSk
saami_south	this	1		daam				dɑːm		d ɑː m	1	a								NSsNdb
saami_south	this	2		daan				dɑːn		d ɑː n	1	a								NSsNdb
saami_ume	this	1		daahta				tɑːhtɑ		t ɑː h t ɑ	1	a								WbWlap
selkup_northern	this	1		tam		tam		tɑm		t ɑ m	1	a					Former attribute, latter also freestanding			SolkWb
selkup_northern	this	2		tamə		tamə		tɑmə		t ɑ m ə	1	a					Former attribute, latter also freestanding			SolkWb
udmurt	this	1		ta		ta		tɑ		t ɑ	1	a								WotjWsch
veps	this	1		ńetse				nʲetse		nʲ e t s e	4	d								VVS
votic_western	this	1		kase		kase		kase		k a s e	3	c								VKJMS
erzya	three	1		kolmo		kolmo		kolmo		k o l m o	1	a								MordWb
estonian_south	three	1		kolm				kolm		k o l m	1	a								VESr
estonian_standard	three	1		kolm		kolm		kolm		k o l m	1	a								SVSk
finnish_standard	three	1		kolme		kolme		ko̞lme̞		k o̞ l m e̞	1	a								JL
hungarian	three	1		három		haarom		haːrom		h aː r o m	1	a								FMSz
ingrian	three	1		kolᴅ	kolmeᴅ ~ kolmi	kolᴅ	kolmeᴅ ~ kolmi	kold̥	kolmed̥ ~ kolmi	k o l d̥	1	a								InkmSk
karelian_proper	three	1		kolme				kolme		k o l m e	1	a								KKSV
khanty_vakh_vasyugan	three	1		kɔləm	kolǝm	kɔləm	koləm	kɔləm	koləm	k ɔ l ə m	1	a								DEWbOstj
komi_permyak	three	1		kujim		kujim		kujim		k u j i m	1	a								KoPRSl
komi_zyrian	three	1		kujim		kujim		kujim		k u j i m	1	a								SyrjWsch
livonian_courland	three	1		kuolm				kuolm		k u o l m	1	a								LivWb
mansi_sosva	three	1		χūrəm		χūrəm		xuːrəm		x uː r ə m	1	a								WogWb
mari_hill	three	1		kə̑m				kəm		k ə m	1	a								
mari_meadow	three	1		kum		kum		kum		k u m	1	a					Former attr.			SMSk, TscherWb
mari_meadow	three	2		kumə̑t		kumə̑t		kumət		k u m ə t	1	a					Former attr.			SMSk, TscherWb
moksha	three	1		kolma				kolmɑ		k o l m ɑ	1	a								
nenets_tundra	three	1		nyax°r				ɲɑxr		ɲ ɑ x r	2	b								JurSWb
nganasan	three	1		nagür		nagür		nɑɡyr		n ɑ ɡ y r	2	b								SlNgaRus
proto_uralic	three	1		*kolmi̮				kolmɨ		k o l m ɨ	1	a					PFU: *kolmi̮ ~ *kormi̮			UEW, Sam88
saami_inari	three	1		kulmâ				kulmə		k u l m ə	1	a								InsSSk
saami_kildin	three	1		kōllm		koollm		koːlːm		k oː lː m	1	a								WOLD
saami_north	three	1		golbma				kolpmɑ		k o l p m ɑ	1	a								SSSg
saami_pite	three	1		gålbmå				kɔlpmɔ		k ɔ l p m ɔ	1	a								EZ
saami_skolt	three	1		kolmm				kolmː		k o l mː	1	a								SKosSk
saami_south	three	1		golme				ɡolme		ɡ o l m e	1	a								NSsNdb
saami_ume	three	1		gulˈbma				kulˈpmɑ		k u lˈ p m ɑ	1	a								WbWlap
selkup_northern	three	1		nākur		nākur		nɑːkur		n ɑː k u r	2	b								SolkWb
udmurt	three	1		ku̯iń		ku̯iń		ku̯iɲ		k u̯ i ɲ	1	a								WotjWsch
veps	three	1		koume				koume		k o u m e	1	a								VVS
votic_western	three	1		kõлmõd		ke̮lme̮d		kɤlmi		k ɤ l m i	1	a								VKJMS
erzya	throw	1		jortoms		jortoms		jortoms		j o r t o m s	11	k								MordWb
estonian_south	throw	1		hiitmä				hiːtmæ		h iː t m æ	1	a	germanic	probable					LAGLOS, SSA, EES, NES	VESr
estonian_south	throw	2		viskama				viskɑmɑ		v i s k ɑ m ɑ	3	c								VESr
estonian_standard	throw	1		heita		heitta		heitːɑ		h e i tː ɑ	1	a	germanic	probable					LAGLOS, SSA, EES, NES	SVSk
estonian_standard	throw	2		visata		visatta		visɑtːɑ		v i s ɑ tː ɑ	3	c								SVSk
finnish_standard	throw	1		heittää		heittää		he̞it̪ːæː		h e̞ i t̪ː æː	1	a	germanic	probable					LAGLOS, SSA, EES, NES	JL
hungarian	throw	1		dob		dob		dob		d o b	15	o								FMSz
ingrian	throw	1		heittǟ		heittǟ		heitːæː		h e i tː æː	1	a	germanic	probable					LAGLOS, SSA, EES, NES	InkmSk
karelian_proper	throw	1		lykätä				lykætæ		l y k æ t æ	2	b								KKSV
karelian_proper	throw	2		viskata				viskɑtɑ		v i s k ɑ t ɑ	3	c								KKSV
khanty_vakh_vasyugan	throw	1		lʹäk-		lʹäk-		ʎæk-		ʎ æ k	17	q								DEWbOstj
khanty_vakh_vasyugan	throw	2		tăɣa-		tăɣa-		tɑ̆ɣɑ-		t ɑ ̆ ɣ ɑ	18	r								DEWbOstj
komi_permyak	throw	1		ćapkavni̮		ćapkavni̮		tɕɑpkɑvnɯ		tɕ ɑ p k ɑ v n ɯ	26	z								KoPRSl
komi_permyak	throw	2		šupkavni̮		šupkavni̮		ʃupkɑvnɯ		ʃ u p k ɑ v n ɯ	27	aa								KoPRSl
komi_zyrian	throw	1		će̮vtni̮		će̮vtni̮		tɕɤvtnɯ		tɕ ɤ v t n ɯ	14	n								SyrjWsch
livonian_courland	throw	1		viskõ				viskɯ		v i s k ɯ	3	c								LivWb
livonian_courland	throw	2		eitõ				eitɯ		e i t ɯ	1	a	germanic	probable					LAGLOS, SSA, EES, NES	LivWb
mansi_sosva	throw	1		rēpi		rēpi		reːpi		r eː p i	16	p								WogWb
mari_hill	throw	1		šuaš				ʃuɑʃ		ʃ u ɑ ʃ	13	m								
mari_meadow	throw	1		kə̑škem		kə̑škem		kəʃkem		k ə ʃ k e m	21	u								SMSk, TscherWb
mari_meadow	throw	2		šuem		šuem		ʃuem		ʃ u e m	13	m								SMSk, TscherWb
moksha	throw	1		jordams				jordɑms		j o r d ɑ m s	11	k								
nenets_tundra	throw	1		mosy°				mosʲ		m o sʲ	19	s								JurSWb
nganasan	throw	1		bajbudʹa		bajbudʹa		bɑjbudʲɑ		b ɑ j b u dʲ ɑ	30	ad				'Throw, hurl'				SlNgaRus
nganasan	throw	2		sətəməsa		sətəməsa		sətəməsɑ		s ə t ə m ə s ɑ	31	ae								SlNgaRus
proto_uralic	throw	1	not_reconstructable														PFU: *kaja-, etc.			UEW, Sam88
saami_inari	throw	1		leggistiđ				leɡːistið		l e ɡː i s t i ð	9	i								InsSSk
saami_kildin	throw	1		čacc’ke		tšaccʹke		tʃɑcːʲke		t ʃ ɑ cːʲ k e	23	w								WOLD
saami_north	throw	1		bálkestit				pɑːlkestit		p ɑː l k e s t i t	5	e								SSSg
saami_north	throw	2		suohpput				suohpːut		s u o h pː u t	6	f								SSSg
saami_pite	throw	1		bállkot				pɑːlːkot		p ɑː lː k o t	5	e					Derivs.			EZ
saami_pite	throw	2		bálkestit				pɑːlkestit		p ɑː l k e s t i t	5	e					Derivs.			EZ
saami_skolt	throw	1		laʹǧǧsted				lɑɟːsted		l ɑ ɟː s t e d	9	i								SKosSk
saami_skolt	throw	2		vueʹlǧǧeed				vuelʲɟːeːd		v u e lʲ ɟː eː d	10	j								SKosSk
saami_south	throw	1		seedtedh				seːdtedh		s eː d t e d h	28	ab	north germanic	clear					Lagercrantz1939	NSsNdb
saami_south	throw	2		slearodh				sleɑrodh		s l e ɑ r o d h	8	h								NSsNdb
saami_south	throw	3		slijredh				slijredh		s l i j r e d h	8	h								NSsNdb
saami_south	throw	4		sleengkedh				sleːnɡkedh		s l eː n ɡ k e d h	29	ac	north germanic	clear					Lagercrantz1939	NSsNdb
saami_ume	throw	1		årgastit				ɔrkɑstit		ɔ r k ɑ s t i t	7	g								WbWlap
saami_ume	throw	2		slerret				slerːet		s l e rː e t	8	h								WbWlap
selkup_northern	throw	1		ćaččə-		ćaččə-		tɕɑtʃːə-		tɕ ɑ tʃː ə	20	t								SolkWb
udmurt	throw	1		kušti̮ni̮		kujani̮		kujɑnɯ		k u j ɑ n ɯ	12	l								WotjWsch
veps	throw	1		tatsta				tɑtstɑ		t ɑ t s t ɑ	4	d								VVS
votic_western	throw	1		vizgata		vizgata		vizɡɑtɑ		v i z ɡ ɑ t ɑ	3	c						SES, EES		
erzya	tie	1		sodoms		sodoms		sodoms		s o d o m s	1	a	indo-iranian	possible	Connection to Finnic cognates unclear.				Holopainen2017, HolopainenJunttila2022, Koivulehto1999	MordWb
estonian_south	tie	1		köütmä				køytmæ		k ø y t m æ	11	k			"Deriv. from ""köüdsʹ"" 'rope'"					VESr
estonian_standard	tie	1		siduda		situta		situtɑ		s i t u t ɑ	1	a	indo-iranian_or_indo-european	possible					Holopainen2017, Koivulehto1999	SVSk
finnish_standard	tie	1		sitoa		sitoa		sit̪oɑ		s i t̪ o ɑ	1	a	indo-iranian_or_indo-european	possible					Holopainen2017, HolopainenJunttila2022, Koivulehto1999	JL
hungarian	tie	1		köt		köt		køt		k ø t	6	f			From PFU *kütki- 'tie'					FMSz
ingrian	tie	1		sit̆tōa		sit̆tōa		sit̆toːɑ		s i t ̆ t oː ɑ	1	a	indo-iranian_or_indo-european	possible					Holopainen2017, Koivulehto1999	InkmSk
karelian_proper	tie	1		situo				situo		s i t u o	1	a	indo-iranian_or_indo-european	possible					Holopainen2017, Koivulehto1999	KKSV
khanty_vakh_vasyugan	tie	1		jö̆r-		jö̆r-		jø̆r-		j ø ̆ r	8	h								DEWbOstj
khanty_vakh_vasyugan	tie	2		pŏń-		pŏń-		pŏɲ-		p o ̆ ɲ	10	j			From PFU *puńa- 'wind (v.), wrap'					DEWbOstj
komi_permyak	tie	1		ke̮rtavni̮		ke̮rtavni̮		kɤrtɑvnɯ		k ɤ r t ɑ v n ɯ	4	d			From PFU *kärV- 'tie'					KoPRSl
komi_zyrian	tie	1		ke̮rtavni̮		ke̮rtavni̮		kɤrtɑvnɯ		k ɤ r t ɑ v n ɯ	4	d			From PFU *kärV- 'tie'					SyrjWsch
livonian_courland	tie	1		siddõ				sidːɯ		s i dː ɯ	1	a	indo-iranian	possible					Holopainen2018, Holopainen2019, Koivulehto1999	LivWb
mansi_sosva	tie	1		nēɣi		nēɣi		neːɣi		n eː ɣ i	7	g								WogWb
mari_hill	tie	1		pidäš				pidæʃ		p i d æ ʃ	3	c	indo-iranian_or_iranian	possible					Holopainen2019	
mari_meadow	tie	1		piδam		piδam		piðɑm		p i ð ɑ m	3	c	indo-iranian_or_iranian	possible	Not connected to PFU *pitä- according to UEW; however, semantically valid as well as phonetically				Holopainen2019	SMSk, TscherWb
moksha	tie	1		sotoms				sotoms		s o t o m s	1	a	indo-iranian	possible					Holopainen2017, Koivulehto1999	
nenets_tundra	tie	1		syarə°				sʲɑrə		sʲ ɑ r ə	9	i								JurSWb
nganasan	tie	1		sarədʹa		sarədʹa		sɑrədʲɑ		s ɑ r ə dʲ ɑ	9	i								SlNgaRus
proto_uralic	tie	1	not_reconstructable																	UEW, Sam88
saami_inari	tie	1		čoonnâđ				t͡ʃoːnːəð		t͡ʃ oː nː ə ð	2	b	indo-iranian_or_indo-european	possible					Holopainen2018, Holopainen2019, HolopainenJunttila2022, Koivulehto1999,  Koivulehto1988	InsSSk
saami_kildin	tie	1		kōrre		koorre		koːrːe		k oː rː e	12	l			From PFS *kura-					WOLD
saami_north	tie	1		čatnat				t͡ʃɑtnɑt		t͡ʃ ɑ t n ɑ t	2	b	indo-iranian_or_indo-european	possible					Holopainen2018, Holopainen2019, HolopainenJunttila2022, Koivulehto1999,  Koivulehto1988	SSSg
saami_pite	tie	1		gárrat				kɑːrːɑt		k ɑː rː ɑ t	12	l			From PFS *kura-					EZ
saami_pite	tie	2		tjadnat				cɑtnɑt		c ɑ t n ɑ t	2	b	indo-iranian_or_indo-european	possible					Holopainen2018, Holopainen2019, HolopainenJunttila2022, Koivulehto1999,  Koivulehto1988	EZ
saami_skolt	tie	1		čõõnnâd				t͡ʃəːnːɐd		t͡ʃ əː nː ɐ d	2	b	indo-iranian_or_indo-european	possible					Holopainen2018, Holopainen2019, HolopainenJunttila2022, Koivulehto1999,  Koivulehto1988	SKosSk
saami_south	tie	1		gårredidh				ɡɔrːedidh		ɡ ɔ rː e d i d h	12	l			From PFS *kura-					NSsNdb
saami_ume	tie	1		tjadˈnat				cɑtˈnɑt		c ɑ tˈ n ɑ t	2	b	indo-iranian_or_indo-european	possible					Holopainen2018, Holopainen2019, HolopainenJunttila2022, Koivulehto1999,  Koivulehto1988	WbWlap
selkup_northern	tie	1		sārə-		sārə-		sɑːrə-		s ɑː r ə	9	i								SolkWb
udmurt	tie	1		dumi̮ni̮		dumi̮ni̮		dumɯnɯ		d u m ɯ n ɯ	5	e	indo-iranian	clear	Borrowed to Pre-Permic				Holopainen2019	WotjWsch
veps	tie	1		sidoda				sidodɑ		s i d o d ɑ	1	a	indo-iranian_or_indo-european	possible					Holopainen2017, Koivulehto1999	VVS
votic_western	tie	1		sitoa		sitoa		sitomɑ		s i t o m ɑ	1	a	indo-iranian_or_indo-european	possible					Holopainen2017, Koivulehto1999	VKJMS
erzya	tired	1		śiźeź		śiźeź		ɕiʑeʑ		ɕ i ʑ e ʑ	7	g								MordWb
estonian_south	tired	1		väsünüq				væsynyʔ		v æ s y n y ʔ	1	a	germanic	possible					LAGLOS, SSA, EES	VESr
estonian_standard	tired	1		väsinud		väsinut		væsinut		v æ s i n u t	1	a	germanic	possible					LAGLOS, SSA, EES	SVSk
finnish_standard	tired	1		väsynyt		vä sünüt		ʋæ synyt̪		ʋ æ s y n y t̪	1	a	germanic	possible					LAGLOS, SSA, EES	JL
hungarian	tired	1		fáradt		faaratt		faːrɒtː		f aː r ɒ tː	11	k								FMSz
ingrian	tired	1		väs̆sǖnᴅ		väs̆sǖnᴅ		væs̆syːnd̥		v æ s ̆ s yː n d̥	1	a	germanic	possible					LAGLOS, SSA, EES	InkmSk
karelian_proper	tired	1		väsynyt				væsynyt		v æ s y n y t	1	a	germanic	possible					LAGLOS, SSA, EES	KKSV
khanty_vakh_vasyugan	tired	1		met-		met-		met-		m e t	16	p				Verb, 'get tired'				DEWbOstj
komi_permyak	tired	1		mi̮ʒ́e̮m		mi̮ʒ́e̮m		mɯdʑɤm		m ɯ dʑ ɤ m	10	j								KoPRSl
komi_zyrian	tired	1		muʒ́ni̮		muʒ́ni̮		mudʑnɯ		m u dʑ n ɯ	10	j				Verb, 'get tired'				SyrjWsch
livonian_courland	tired	1		väzzõn				væzːɯn		v æ zː ɯ n	1	a								
mansi_sosva	tired	1		lå̄ŋχitaχti	lōŋɣitaχti	lå̄ŋχitaχti	lōŋɣitaχti	lɔːŋxitɑxti	loːŋɣitɑxti	l ɔː ŋ x i t ɑ x t i	17	r				Verb, 'get tired'				WogWb
mari_hill	tired	1		jangə̑lə̑šə̑				jɑŋɡələʃə		j ɑ ŋ ɡ ə l ə ʃ ə	3	t								
mari_meadow	tired	1		jarnə̑še		jarnə̑še		jɑrnəʃe		j ɑ r n ə ʃ e	8	h								SMSk, TscherWb
mari_meadow	tired	2		nojə̑šo		nojə̑šo		nojəʃo		n o j ə ʃ o	9	i								SMSk, TscherWb
moksha	tired	1		śiźef				sʲizʲef		sʲ i zʲ e f	7	g								
nenets_tundra	tired	1		widarə°				widɑrə		w i d ɑ r ə	14	n				Verb, 'get tired'				JurSWb
nganasan	tired	1		bənuguə		bənuguə		bənuɡuə		b ə n u ɡ u ə	18	s								SlNgaRus
proto_uralic	tired	1	not_reconstructable																	
saami_inari	tired	1		vaaibâs				vɑːibəs		v ɑː i b ə s	4	d	finnic	clear		Verb, 'be tired'			Koivulehto1976, SSA	InsSSk
saami_kildin	tired	1		vīssma		viissma		viːsːmɑ		v iː sː m ɑ	1	a								WOLD
saami_north	tired	1		váiban				vɑːipɑn		v ɑː i p ɑ n	4	d	finnic	clear					Koivulehto1976, SSA	SSSg
saami_pite	tired	1		vájbas				vɑːjpɑs		v ɑː j p ɑ s	4	d	finnic	clear					Koivulehto1976, SSA	EZ
saami_skolt	tired	1		levvjed				levːjed		l e vː j e d	6	f				Verb, 'get tired'				SKosSk
saami_south	tired	1		nahkeren				nɑhkeren		n ɑ h k e r e n	4	d								NSsNdb
saami_south	tired	2		sæjloes				sæjlues		s æ j l u e s	5	e								NSsNdb
saami_ume	tired	1		sìlloo				silːoː		s i lː oː	5	e								WbWlap
saami_ume	tired	2		vaaibs				vɑːips		v ɑː i p s	4	d	finnic	clear					Koivulehto1976, SSA	WbWlap
selkup_northern	tired	1		nūnəćə-		nūnəćə-		nuːnətɕə-		n uː n ə tɕ ə	15	o								SolkWb
udmurt	tired	1		žadem		žadʹem		ʒɑdʲɯnɯ		ʒ ɑ dʲ ɯ n ɯ	13	m				Verb, 'get tired'				WotjWsch
veps	tired	1		surdunu				surdunu		s u r d u n u	2	b								NRVS
veps	tired	2		väzunu				væzunu		v æ z u n u	1	a	germanic	possible					LAGLOS, SSA, EES	NRVS
votic_western	tired	1		väsünnü		väsünnü		væsynːy		v æ s y nː y	1	a	germanic	possible					LAGLOS, SSA, EES	VKJMS
erzya	tongue	1		kelʹ		kelʹ		keʎ		k e ʎ	1	a								MordWb
estonian_south	tongue	1		kiil'				kiːlʲ		k iː lʲ	1	a								VESr
estonian_standard	tongue	1		keel		keel		keːl		k eː l	1	a								SVSk
finnish_standard	tongue	1		kieli		kieli		kie̯li		k i e̯ l i	1	a								JL
hungarian	tongue	1		nyelv		ńelv		ɲɛlv		ɲ ɛ l v	3	c								FMSz
ingrian	tongue	1		kēli		kēli		keːli		k eː l i	1	a								InkmSk
karelian_proper	tongue	1		kieli				kieli		k i e l i	1	a								KKSV
khanty_vakh_vasyugan	tongue	1		ńäləm		ńäləm		ɲæləm		ɲ æ l ə m	3	c								DEWbOstj
komi_permyak	tongue	1		ki̮v		ki̮v		kɯv		k ɯ v	1	a								KoPRSl
komi_zyrian	tongue	1		ki̮v		ki̮v		kɯv		k ɯ v	1	a								SyrjWsch
livonian_courland	tongue	1		kēļ				keːʎ		k eː ʎ	1	a								LivWb
mansi_sosva	tongue	1		ńēləm	ńēlm	ńēləm	ńēlm	ɲeːləm	ɲeːlm	ɲ eː l ə m	3	c								WogWb
mari_hill	tongue	1		jəlmə		jəlmə		jəlmə		j ə l m ə	3	c						SES, Bereczki2013		
mari_meadow	tongue	1		jə̑lme		jə̑lme		jəlme		j ə l m e	3	c								SMSk, TscherWb
moksha	tongue	1		käĺ				kælʲ		k æ lʲ	1	a						SES, EVE, UEW		
nenets_tundra	tongue	1		nya°myu				ɲɑmʲu		ɲ ɑ mʲ u	4	d			"From compound ""nyah"" 'mouth', ""myu"" 'inside'"					JurSWb
nganasan	tongue	1		śiədʹə		śiədʹə		ɕiədʲə		ɕ i ə dʲ ə	1	a								SlNgaRus
proto_uralic	tongue	1		*käli				kæli		k æ l i	1	a								UEW, Sam88
saami_inari	tongue	1		njuovčâ				ɲuovt͡ʃə		ɲ u o v t͡ʃ ə	2	b								InsSSk
saami_kildin	tongue	1		njuxčem’		ńuxtšemʹ		ɲuxtʃemʲ		ɲ u x t ʃ e mʲ	2	b								WOLD
saami_north	tongue	1		njuovčča				ɲuovt͡ʃːɑ		ɲ u o v t͡ʃː ɑ	2	b			NB giella  'language'					SSSg
saami_pite	tongue	1		njuoktjam				ɲuokcɑm		ɲ u o k c ɑ m	2	b								EZ
saami_skolt	tongue	1		njuhččâm				ɲuht͡ʃːɐm		ɲ u h t͡ʃː ɐ m	2	b								SKosSk
saami_south	tongue	1		njoektjeme				ɲuekt͡ɕeme		ɲ u e k t͡ɕ e m e	2	b								NSsNdb
saami_ume	tongue	1		njuaktjoo				ɲuɑkcoː		ɲ u ɑ k c oː	2	b								WbWlap
saami_ume	tongue	2		njuaktjama				ɲuɑkcɑmɑ		ɲ u ɑ k c ɑ m ɑ	2	b								WbWlap
selkup_northern	tongue	1		śē		śē		ɕeː		ɕ eː	1	a								SolkWb
udmurt	tongue	1		ki̮l		ki̮l		kɯl		k ɯ l	1	a								WotjWsch
veps	tongue	1		kelʹ				kelʲ		k e lʲ	1	a								VVS
votic_western	tongue	1		tšēli		čēli		tʃeːli		tʃ eː l i	1	a								VKJMS
erzya	tooth	1		pej		pej		pej		p e j	2	b								MordWb
estonian_south	tooth	1		hammas				hɑmːɑs		h ɑ mː ɑ s	1	a	baltic	clear					Junttila2015, SSA, EES, NES	VESr
estonian_standard	tooth	1		hammas		hammas		hɑmːɑs		h ɑ mː ɑ s	1	a	baltic	clear					Junttila2015, SSA, EES, NES	SVSk
finnish_standard	tooth	1		hammas		hammas		hɑmːɑs		h ɑ mː ɑ s	1	a	baltic	clear					Junttila2015, SSA, EES, NES	JL
hungarian	tooth	1		fog		fog		foɡ		f o ɡ	2	b								FMSz
ingrian	tooth	1		hammaz		hammaz		hɑmːɑz		h ɑ mː ɑ z	1	a	baltic	clear					Junttila2015, SSA, EES, NES	InkmSk
karelian_proper	tooth	1		hammas				hɑmːɑs		h ɑ mː ɑ s	1	a	baltic	clear					Junttila2015, SSA, EES, NES	KKSV
khanty_vakh_vasyugan	tooth	1		pöŋk		pöŋk		pøŋk		p ø ŋ k	2	b								DEWbOstj
komi_permyak	tooth	1		piń		piń		piɲ		p i ɲ	2	b								KoPRSl
komi_zyrian	tooth	1		piń		piń		piɲ		p i ɲ	2	b								SyrjWsch
livonian_courland	tooth	1		āmbaz				ɑːmbɑz		ɑː m b ɑ z	1	a	baltic	clear					Junttila2015, SSA, EES, NES	LivWb
mansi_sosva	tooth	1		puŋk		puŋk		puŋk		p u ŋ k	2	b								WogWb
mari_hill	tooth	1		pü				py		p y	2	b								
mari_meadow	tooth	1		püj		püj		pyj		p y j	2	b								SMSk, TscherWb
moksha	tooth	1		pej				pej		p e j	2	b								
nenets_tundra	tooth	1		tyibya				tʲibʲɑ		tʲ i bʲ ɑ	3	c								JurSWb
nganasan	tooth	1		čimi		čimi		tʃimi		tʃ i m i	3	c								SlNgaRus
proto_uralic	tooth	1		*piŋi				piŋi		p i ŋ i	2	b					PFU: *piŋi			UEW, Sam88
saami_inari	tooth	1		pääni				pæːni		p æː n i	4	d								InsSSk
saami_kildin	tooth	1		pānn’		paannʹ		pɑːnːʲ		p ɑː nːʲ	4	d								WOLD
saami_north	tooth	1		bátni				pɑːtni		p ɑː t n i	4	d								SSSg
saami_pite	tooth	1		bádne				pɑːtne		p ɑː t n e	4	d								EZ
saami_skolt	tooth	1		pääʹnn				pæːnʲː		p æː nʲː	4	d								SKosSk
saami_south	tooth	1		baenie				bɑenie		b ɑ e n i e	4	d								NSsNdb
saami_ume	tooth	1		bàdˈnee				pɑtˈneː		p ɑ tˈ n eː	4	d								WbWlap
selkup_northern	tooth	1		timə		timə		timə		t i m ə	3	c								SolkWb
udmurt	tooth	1		piń		piń		piɲ		p i ɲ	2	b								WotjWsch
veps	tooth	1		hambaz				hɑmbɑz		h ɑ m b ɑ z	1	a	baltic	clear					Junttila2015, SSA, EES, NES	VVS
votic_western	tooth	1		ammaz		ammaz		ɑmːaz		ɑ mː a z	1	a	baltic	clear					Junttila2015, SSA, EES, NES	VKJMS
erzya	top	1		pŕa		pŕa		prʲɑ		p rʲ ɑ	8	h								MordWb
erzya	top	2		tʹokš		tʹokš		tʲokʃ		tʲ o k ʃ	7	g								MordWb
erzya	top	3		tʹokške		tʹokške		tʲokʃke		tʲ o k ʃ k e	7	g								MordWb
estonian_south	top	1		latv				lɑtv		l ɑ t v	1	a						SES		
estonian_standard	top	1		latv		latv		lɑtv		l ɑ t v	1	a				'Top of tree'				SVSk
finnish_standard	top	1		latva		latva		lɑt̪ʋɑ		l ɑ t̪ ʋ ɑ	1	a								JL
hungarian	top	1		csúcs		čuuč		t͡ʃuːt͡ʃ		t͡ʃ uː t͡ʃ	12	l								FMSz
hungarian	top	2		tető		tetöö		tɛtøː		t ɛ t øː	13	m								FMSz
ingrian	top	1		ladva		ladva		lɑdvɑ		l ɑ d v ɑ	1	a								InkmSk
karelian_proper	top	1		lakka				lɑkːɑ		l ɑ kː ɑ	2	b								KKSV
karelian_proper	top	2		latva				lɑtvɑ		l ɑ t v ɑ	1	a								KKSV
khanty_vakh_vasyugan	top	1		tö̆j		tö̆j		tø̆j		t ø ̆ j	17	q								DEWbOstj
komi_permyak	top	1		ji̮v		ji̮v		jɯv		j ɯ v	11	k								KoPRSl
komi_zyrian	top	1		ji̮v		ji̮v		jɯv		j ɯ v	11	k								SyrjWsch
livonian_courland	top	1		ladā				lɑdɑː		l ɑ d ɑː	1	a								LivWb
mansi_sosva	top	1		ńol		ńol		ɲol		ɲ o l	18	r				'Nose, point, top'				WogWb
mansi_sosva	top	2		talʹəχ		talʹəχ		tɑʎəx		t ɑ ʎ ə x	17	q								WogWb
mari_hill	top	1		βuj				βuj		β u j	3	c								
mari_meadow	top	1		βuj		βuj		βuj		β u j	3	c				'Head, treetop'				SMSk, TscherWb
moksha	top	1		końä				konʲæ		k o nʲ æ	23	x								
nenets_tundra	top	1		mal°h				mɑlʔ		m ɑ l ʔ	14	n				'End, tip'				JurSWb
nganasan	top	1		ŋojbuə		ŋojbuə		ŋojbuə		ŋ o j b u ə	22	w				'Head, top, summit'	"Deriv. from ""ŋojbu"" 'head'"			SlNgaRus
proto_uralic	top	1	not_reconstructable																	
saami_inari	top	1		kierâ				kierə		k i e r ə	5	e								InsSSk
saami_kildin	top	1		ladd’v		laddʹv		lɑdːʲv		l ɑ dːʲ v	1	a								WOLD
saami_north	top	1		giera				kierɑ		k i e r ɑ	5	e								SSSg
saami_pite	top	1		tjåhkkå				cɔhkːɔ		c ɔ h kː ɔ	6	f	unknown language	probable		'Mountaintop'			Aikio2004	EZ
saami_skolt	top	1		läʹdvv				lædʲvː		l æ dʲ vː	1	a								SKosSk
saami_south	top	1		gïerege				ɡɨereɡe		ɡ ɨ e r e ɡ e	5	e				'Treetop, water surface'				NSsNdb
saami_south	top	2		gïerhgietjie				ɡɨerhɡiet͡ɕie		ɡ ɨ e r h ɡ i e t͡ɕ i e	5	e				'Treetop, water surface'				NSsNdb
saami_south	top	3		tjahke				t͡ɕɑhke		t͡ɕ ɑ h k e	6	f	unknown language	probable		'Fjell, top of fjell'			Aikio2004	NSsNdb
saami_ume	top	1		sjnjühtjee				ɕɲyhceː		ɕ ɲ y h c eː	7	g								WbWlap
saami_ume	top	2		giära				kiærɑ		k i æ r ɑ	5	e				'Treetop, water surface'				WbWlap
selkup_northern	top	1		pāri		pāri		pɑːri		p ɑː r i	15	o								SolkWb
udmurt	top	1		ji̮l		ji̮l		jɯl		j ɯ l	11	k								WotjWsch
veps	top	1		ladv				lɑdv		l ɑ d v	1	a								VVS
votic_western	top	1		ladva		ladva		lɑdv		l ɑ d v	1	a								VKJMS
erzya	touch	1		tokams		tokams		tokɑms		t o k ɑ m s	4	d								MordWb
erzya	touch	2		tokšems		tokšems		tokʃems		t o k ʃ e m s	4	d								MordWb
estonian_south	touch	1		putma				putmɑ		p u t m ɑ	2	b								VESr
estonian_standard	touch	1		puudutada		puututtata		puːtutːɑtɑ		p uː t u tː ɑ t ɑ	2	b								SVSk
finnish_standard	touch	1		koskea		koskea		ko̞ske̞ɑ		k o̞ s k e̞ ɑ	1	a								JL
finnish_standard	touch	2		koskettaa		koskettaa		ko̞ske̞t̪ːɑː		k o̞ s k e̞ t̪ː ɑː	1	a								JL
hungarian	touch	1		érint		eerint		eːrint		eː r i n t	7	g	west old turkic	possible					WOT	FMSz
hungarian	touch	2		megérint		megeerint		mɛɡeːrint		m ɛ ɡ eː r i n t	7	g	west old turkic	possible					WOT	FMSz
hungarian	touch	3		hozzányúl		hozzaańuul		hozːaːɲuːl		h o zː aː ɲ uː l	6	f								FMSz
ingrian	touch	1		kerttǟ		kerttǟ		kertːæː		k e r tː æː	16	p								InkmSk
karelian_proper	touch	1		koskie				koskie		k o s k i e	1	a								KKSV
khanty_vakh_vasyugan	touch	1		ăta-				ătɑ		ă t ɑ	9	i								DEWbOstj
komi_permyak	touch	1		pavkavni̮		pavkavni̮		pɑvkɑvnɯ		p ɑ v k ɑ v n ɯ	17	q								KoPRSl
komi_permyak	touch	2		pavke̮tći̮ni̮		pavke̮tći̮ni̮		pɑvkɤttɕɯnɯ		p ɑ v k ɤ t tɕ ɯ n ɯ	17	q								KoPRSl
komi_zyrian	touch	1		ve̮re̮dni̮				ʎeɡɤdnɯ		ʎ e ɡ ɤ d n ɯ	5	e			Cognacy reference lacking			SES		
livonian_courland	touch	1		pūtõ				puːtɯ		p uː t ɯ	2	b								LivWb
mansi_sosva	touch	1		nowi		nowi		nowi		n o w i	11	k								WogWb
mansi_sosva	touch	2		χani		χani		xɑni		x ɑ n i	10	j								WogWb
mansi_sosva	touch	3		χōji		χōji		xoːji		x oː j i	12	l				'Find, hit, touch'				WogWb
mari_hill	touch	1		təkäläš				təkælæʃ		t ə k æ l æ ʃ	4	d			Cognacy reference lacking			SES		
mari_meadow	touch	1		tükem		tükem		tykem		t y k e m	4	d								SMSk, TscherWb
mari_meadow	touch	2		tükalem		tükalem		tykɑlem		t y k ɑ l e m	4	d								SMSk, TscherWb
moksha	touch	1		tokams				tokɑms		t o k ɑ m s	4	d			Cognacy reference lacking			SES		
nenets_tundra	touch	1		yayebta°				jɑjebtɑ		j ɑ j e b t ɑ	13	m				'Touch, stir'				JurSWb
nganasan	touch	1		mentiðiśi		mentiδiśi		mentiðiɕi		m e n t i ð i ɕ i	14	n				'Touch, disturb'				SlNgaRus
nganasan	touch	2		səiməsi̮		səiməsi̮		səiməsɯ		s ə i m ə s ɯ	20	t								SlNgaRus
proto_uralic	touch	1	not_reconstructable																	UEW, Sam88
saami_inari	touch	1		kuoskâđ				kuoskəð		k u o s k ə ð	1	a								InsSSk
saami_kildin	touch	1		lɨkxelle		lə̑kxelle		lɨkxelːe		l ɨ k x e lː e	15	o								WOLD
saami_north	touch	1		guoskat				kuoskɑt		k u o s k ɑ t	1	a								SSSg
saami_pite	touch	1	form_not_found																	EZ
saami_skolt	touch	1		kuõskkâd				kuəskːɐd		k u ə s kː ɐ d	1	a								SKosSk
saami_south	touch	1		doehtedh				duehtedh		d u e h t e d h	19	s								NSsNdb
saami_south	touch	2		doehtedidh				duehtedidh		d u e h t e d i d h	19	s								NSsNdb
saami_south	touch	3		gaajesjidh				ɡɑːjeɕidh		ɡ ɑː j e ɕ i d h	18	r								NSsNdb
saami_ume	touch	1		svahtjdit				svɑhctit		s v ɑ h c t i t	3	c								WbWlap
selkup_northern	touch	1		mīttə-		mīttə-		miːtːə-		m iː tː ə	14	n								SolkWb
udmurt	touch	1		je̮ti̮ni̮		je̮ti̮ni̮		jɤtɯnɯ		j ɤ t ɯ n ɯ	8	h								WotjWsch
veps	touch	1		koskta				kosktɑ		k o s k t ɑ	1	a								NRVS
votic_western	touch	1		pūttua		pūttua		puːtːuɑ		p uː tː u ɑ	2	b								VKJMS
votic_western	touch	2		kerttǟ		kerttǟ		kertːæː		k e r tː æː	16	p	izhorian	probable					VKJMS	VKJMS
erzya	trap	1		kilʹkš		kilʹkš		kiʎkʃ		k i ʎ k ʃ	6	f								MordWb
estonian_south	trap	1		lõks'				lɤksʲ		l ɤ k sʲ	4	d								VESr
estonian_standard	trap	1		lõks		lɣkks		lɣkːs		l ɣ kː s	4	d								SVSk
estonian_standard	trap	2		püünis		püünis		pyːnis		p yː n i s	3	c								SVSk
finnish_standard	trap	1		ansa		ansa		ɑnsɑ		ɑ n s ɑ	1	a	baltic	clear					Junttila2012, SSA	JL
hungarian	trap	1		csapda		tšapda		tʃɒpdɒ		t ʃ ɒ p d ɒ	9	i								FMSz
ingrian	trap	1	form_not_found																	InkmSk
karelian_proper	trap	1		ansa				ɑnsɑ		ɑ n s ɑ	1	a	baltic	clear					Junttila2012, SSA	KKSV
khanty_vakh_vasyugan	trap	1		petǝw		petəw		petəw		p e t ə w	16	p				"""'черкан' trap"""				DEWbOstj
komi_permyak	trap	1		kapkan		kapkan		kɑpkɑn		k ɑ p k ɑ n	17	q								KoPRSl
komi_permyak	trap	2		nalʹk		nalʹk		nɑʎk		n ɑ ʎ k	8	h					"Stem ""nalʹkj-"""			KoPRSl
komi_zyrian	trap	1		nalʹk		nalʹk		nɑʎk		n ɑ ʎ k	8	h				Primarily 'mouse trap'				SyrjWsch
livonian_courland	trap	1		lamātõks				lɑmɑːtɯks		l ɑ m ɑː t ɯ k s	5	e	latvian	clear					Suhonen1973	LivWb
mansi_sosva	trap	1		aləś		aləś		ɑləɕ		ɑ l ə ɕ	12	l				'Hunting weapon, trap'; deriv. from “ali” 'hunt'				WogWb
mari_hill	trap	1		kapkan				kɑpkɑn		k ɑ p k ɑ n	17	s						SES, TscherWb		
mari_meadow	trap	1		löδö		löδö		løðø		l ø ð ø	11	k	germanic	possible					Koivulehto1985	SMSk, TscherWb
mari_meadow	trap	2		šarɣür		šarɣür		ʃɑrɣyr		ʃ ɑ r ɣ y r	10	j	tatar	clear					TscherWb	SMSk, TscherWb
moksha	trap	1		tuvər				tuvər		t u v ə r	21	x			Cognacy reference lacking			MdH		
moksha	trap	2		tufks				tufks		t u f k s	22	y								
nenets_tundra	trap	1		yəŋko				jəŋko		j ə ŋ k o	13	m								JurSWb
nganasan	trap	1		dʹeŋguj		dʹeŋguj		dʲeŋɡuj		dʲ e ŋ ɡ u j	13	m								SlNgaRus
proto_uralic	trap	1	not_reconstructable																	UEW, Sam88
saami_inari	trap	1		kielâ				kielə		k i e l ə	6	f								InsSSk
saami_kildin	trap	1		rūvv’t		ruuvvʹt		ruːvːʲt		r uː vːʲ t	15	o	germanic	clear					Riessler2009	WOLD
saami_north	trap	1		giella				kielːɑ		k i e lː ɑ	6	f			The same word as giella 'language' < 'tongue'					SSSg
saami_pite	trap	1		gillar				kilːɑr		k i lː ɑ r	6	f								EZ
saami_skolt	trap	1		ääʹǧǧes				æːɟːes		æː ɟː e s	7	g								SKosSk
saami_south	trap	1		barta				bɑrtɑ		b ɑ r t ɑ	18	r								NSsNdb
saami_ume	trap	1	form_not_found																	WbWlap
selkup_northern	trap	1		ćaŋku		ćaŋku		tɕɑŋku		tɕ ɑ ŋ k u	13	m								SolkWb
selkup_northern	trap	2		lata		lata		lɑtɑ		l ɑ t ɑ	14	n					Type of trap for small animals			SolkWb
udmurt	trap	1		kapkan				nɑʎɯk		n ɑ ʎ ɯ k	17	v	russian	clear				SES		
udmurt	trap	2		nalʹi̮k		nalʹi̮k		nɑʎɯk		n ɑ ʎ ɯ k	8	h								WotjWsch
veps	trap	1		rida				ridɑ		r i d ɑ	2	b								VVS
votic_western	trap	1		lovuška				lovuʃkɑ		l o v u ʃ k ɑ	20	u	russian	clear					VKJMS	VKJMS
votic_western	trap	2		kapkana		kapkana		kɑpkɑnɑ		k ɑ p k ɑ n ɑ	17	t	russian	clear					MdH	VKJMS
erzya	tree	1		čuvto		čuvto		tʃuvto		tʃ u v t o	3	c	iranian	probable	"Cogn. with Fin ""huhta"" 'coniferous forest used for slash-burning agriculture'"				Koivulehto2001	MordWb
estonian_south	tree	1		puu				puː		p uː	1	a								VESr
estonian_standard	tree	1		puu		puu		puː		p uː	1	a								SVSk
finnish_standard	tree	1		puu		puu		puː		p uː	1	a								JL
hungarian	tree	1		fa		fa		fɒ		f ɒ	1	a								FMSz
ingrian	tree	1		pū		pū		puː		p uː	1	a								InkmSk
karelian_proper	tree	1		puu				puː		p uː	1	a								KKSV
khanty_vakh_vasyugan	tree	1		juɣ		juɣ		juɣ		j u ɣ	4	d			From PU *juwV 'pine'					DEWbOstj
komi_permyak	tree	1		pu		pu		pu		p u	1	a								KoPRSl
komi_zyrian	tree	1		pu		pu		pu		p u	1	a								SyrjWsch
livonian_courland	tree	1		pū				puː		p uː	1	a								LivWb
mansi_sosva	tree	1		jiw		jiw		jiw		j i w	4	d			From PU *juwV 'pine'					WogWb
mari_hill	tree	1		pušängə				puʃæŋɡə		p u ʃ æ ŋ ɡ ə	1	a								
mari_meadow	tree	1		pušeŋge		pušeŋge		puʃeŋɡe		p u ʃ e ŋ ɡ e	1	a			First part from *puwi̮					SMSk, TscherWb
moksha	tree	1		šufta				ʃuftɑ		ʃ u f t ɑ	3	c	iranian	probable					Koivulehto2001	
nenets_tundra	tree	1		pya				pʲɑ		pʲ ɑ	1	a								JurSWb
nganasan	tree	1		huaa		huaa		huɑɑ		h u ɑ ɑ	1	a								SlNgaRus
proto_uralic	tree	1		*puwi̮				puwɨ		p u w ɨ	1	a								UEW, Sam88
saami_inari	tree	1		muorâ				muorə		m u o r ə	2	b								InsSSk
saami_kildin	tree	1		mūrr		muurr		muːrː		m uː rː	2	b								WOLD
saami_north	tree	1		muorra				muorːɑ		m u o rː ɑ	2	b								SSSg
saami_pite	tree	1		muorra				muorːɑ		m u o rː ɑ	2	b								EZ
saami_skolt	tree	1		muõrr				muərː		m u ə rː	2	b								SKosSk
saami_south	tree	1		moere				muere		m u e r e	2	b								NSsNdb
saami_ume	tree	1		muarra				muɑrːɑ		m u ɑ rː ɑ	2	b								WbWlap
selkup_northern	tree	1		pō		pō		poː		p oː	1	a								SolkWb
udmurt	tree	1		pis-pu		pis-pu		pis-pu		p i s p u	1	a				"Comp.; ""pis"" 'log of wood'"				WotjWsch
veps	tree	1		pu				pu		p u	1	a								VVS
votic_western	tree	1		pū		pū		puː		p uː	1	a								VKJMS
erzya	tree_stump	1		mukoŕ		mukoŕ		mukorʲ		m u k o rʲ	5	e								MordWb
estonian_south	tree_stump	1		kand				kɑnd		k ɑ n d	1	a	indo-iranian	clear					Holopainen2019, Katz2003	VESr
estonian_standard	tree_stump	1		känd		känt		kænt		k æ n t	1	a	indo-iranian	clear					Holopainen2019, Katz2003	SVSk
finnish_standard	tree_stump	1		kanto		kanto		kɑnt̪o̞		k ɑ n t̪ o̞	1	a	indo-iranian	clear					Holopainen2019, Katz2003	JL
hungarian	tree_stump	1		tönk		fatöŋk		fɒtøŋk		f ɒ t ø ŋ k	6	f			"Despite similarity, not cogn. with Fin ""tynkä"" ~ Liv ""tinnk"" < PFS *čüŋkä"	"""Fa"" 'tree'"				FMSz
hungarian	tree_stump	2		fatönk		fatöŋk		fɒtøŋk		f ɒ t ø ŋ k	6	f			"Despite similarity, not cogn. with Fin ""tynkä"" ~ Liv ""tinnk"" < PFS *čüŋkä"	"""Fa"" 'tree'"				FMSz
ingrian	tree_stump	1		kanᴅo		kanᴅo		kɑnd̥o		k ɑ n d̥ o	1	a	indo-iranian	clear					Holopainen2019, Katz2003	InkmSk
karelian_proper	tree_stump	1		kanto				kɑnto		k ɑ n t o	1	a	indo-iranian	clear					Holopainen2019, Katz2003	KKSV
khanty_vakh_vasyugan	tree_stump	1		äŋkǝl		äŋkəl		æŋkəl		æ ŋ k ə l	12	l								DEWbOstj
komi_permyak	tree_stump	1		mi̮r		mi̮r		mɯr		m ɯ r	13	m					Stem “mi̮rj-”			KoPRSl
komi_zyrian	tree_stump	1		mi̮r		mi̮r		mɯr		m ɯ r	13	m						SES		SyrjWsch
livonian_courland	tree_stump	1		tink				tiŋk		t i ŋ k	2	b			From. PFS *čüŋkä					LivWb
mansi_sosva	tree_stump	1		poŋna		poŋna		poŋnɑ		p o ŋ n ɑ	10	j								WogWb
mari_hill	tree_stump	1		tanɣata				tɑnɣɑtɑ		t ɑ n ɣ ɑ t ɑ	15	n	chuvash	possible				SES	TscherWb	
mari_meadow	tree_stump	1		omarta		omarta		omɑrtɑ		o m ɑ r t ɑ	7	g	tatar	clear					Isanbaev1994	SMSk, TscherWb
mari_meadow	tree_stump	2		pundə̑š		pundə̑š		pundəʃ		p u n d ə ʃ	8	h	indo-iranian	possible					Holopainen2019, Katz2003	SMSk, TscherWb
moksha	tree_stump	1		mokoŕ				mokorʲ		m o k o rʲ	5	e								
nenets_tundra	tree_stump	1		səl°				səl		s ə l	11	k								JurSWb
nganasan	tree_stump	1		səltə		səltə		səltə		s ə l t ə	11	k								SlNgaRus
proto_uralic	tree_stump	1	not_reconstructable																	
saami_inari	tree_stump	1		čuoldâ				t͡ʃuoldə		t͡ʃ u o l d ə	4	d								InsSSk
saami_kildin	tree_stump	1		čūllt		tšuullt		tʃuːlːt		t ʃ uː lː t	4	d								WOLD
saami_north	tree_stump	1		jalŋŋis				jɑlŋŋis		j ɑ l ŋ ŋ i s	3	c								SSSg
saami_pite	tree_stump	1	form_not_found																	EZ
saami_skolt	tree_stump	1		čuõldd				t͡ʃuəldː		t͡ʃ u ə l dː	4	d								SKosSk
saami_south	tree_stump	1		roehtse				rueht͡se		r u e h t͡s e	14	o								NSsNdb
saami_ume	tree_stump	1		jalˈŋès				jɑlˈŋes		j ɑ lˈ ŋ e s	3	c								WbWlap
selkup_northern	tree_stump	1		salčə		salčə		sɑltʃə		s ɑ l tʃ ə	11	k								SolkWb
udmurt	tree_stump	1		lijal		lijal		lijɑl		l i j ɑ l	9	i					Dialectal?			WotjWsch
veps	tree_stump	1		kand				kɑnd		k ɑ n d	1	a	indo-iranian	clear					Holopainen2019, Katz2003	VVS
votic_western	tree_stump	1		kanto		kanto		kɑnto		k ɑ n t o	1	a	indo-iranian	clear					Holopainen2019, Katz2003	VKJMS
erzya	turn	1		purdams		purdams		purdɑms		p u r d ɑ m s	6	f								MordWb
erzya	turn	2		velʹavtoms		velʹavtoms		veʎɑvtoms		v e ʎ ɑ v t o m s	10	j								MordWb
estonian_south	turn	1		käändmä				kæːndmæ		k æː n d m æ	1	a								VESr
estonian_south	turn	2		püürdmä				pyːrdmæ		p yː r d m æ	2	b								VESr
estonian_standard	turn	1		pöörduda		pöörtuta		pøːrtutɑ		p øː r t u t ɑ	2	b								SVSk
finnish_standard	turn	1		kääntyä		kääntüä		kæːnt̪yæ		k æː n t̪ y æ	1	a								JL
hungarian	turn	1		fordul		fordul		fordul		f o r d u l	6	f								FMSz
ingrian	turn	1		kǟntüä		kǟntüä		kæːntyæ		k æː n t y æ	1	a								InkmSk
karelian_proper	turn	1		keäntyö				keæntyø		k e æ n t y ø	1	a								KKSV
khanty_vakh_vasyugan	turn	1		kirɣəl-		kirɣəl-		kirɣəl-		k i r ɣ ə l	3	c			Deriv. from PFU *kerä 'round, roll, turn'					DEWbOstj
komi_permyak	turn	1		berge̮tći̮ni̮		berge̮tći̮ni̮		berɡɤttɕɯnɯ		b e r ɡ ɤ t tɕ ɯ n ɯ	8	h								KoPRSl
komi_zyrian	turn	1		bergavni̮		bergavni̮		berɡɑvnɯ		b e r ɡ ɑ v n ɯ	8	h								SyrjWsch
komi_zyrian	turn	2		kežni̮		kežni̮		keʒnɯ		k e ʒ n ɯ	9	i			"Possibly cogn. with Fin ""kääntyä"" 'turn (intr.)'"					SyrjWsch
livonian_courland	turn	1		kīerõ				kiːerɯ		k iː e r ɯ	3	c			From PFU *kerä 'round, roll, turn'					LivWb
mansi_sosva	turn	1		pērmti		pērmti		peːrmti		p eː r m t i	11	k								WogWb
mari_hill	turn	1		särnäläš				særnælæʃ		s æ r n æ l æ ʃ	17	r								
mari_meadow	turn	1		saβə̑rnem		saβə̑rnem		sɑβərnem		s ɑ β ə r n e m	7	g	chuvash	clear			"Deriv. from ""saβə̑rem"" 'turn (tr.)'"		TscherWb	SMSk, TscherWb
moksha	turn	1		šaroms				ʃɑroms		ʃ ɑ r o m s	17	r								
nenets_tundra	turn	1		syur°xəlcy°				sʲurxəlt͡sʲ		sʲ u r x ə l t͡sʲ	12	l								JurSWb
nganasan	turn	1		bəbtuaˀtəsa		bəbtuaˀtəsa		bəbtuɑʔtəsɑ		b ə b t u ɑ ʔ t ə s ɑ	16	p								SlNgaRus
proto_uralic	turn	1	not_reconstructable														PFU: *kerä 'round, roll, turn' ?			UEW, Sam88
saami_inari	turn	1		jorgosiđ				jorɡosið		j o r ɡ o s i ð	4	d								InsSSk
saami_kildin	turn	1		lievxe		lievxe		lievxe		l i e v x e	14	n								WOLD
saami_north	turn	1		jorgalit				jorkɑlit		j o r k ɑ l i t	4	d								SSSg
saami_pite	turn	1		jårgålit				jɔrkɔlit		j ɔ r k ɔ l i t	4	d								EZ
saami_skolt	turn	1		jåårǥled				jɔːrɣled		j ɔː r ɣ l e d	4	d								SKosSk
saami_south	turn	1		gajvedh				ɡɑjvedh		ɡ ɑ j v e d h	15	o								NSsNdb
saami_south	turn	2		jarkelidh				jɑrkelidh		j ɑ r k e l i d h	4	d								NSsNdb
saami_ume	turn	1		jårgèdit	jårgèhtit			jɔrketit		j ɔ r k e t i t	4	d								WbWlap
selkup_northern	turn	1		pīkəl-		pīkəl-		piːkəl-		p iː k ə l	13	m								SolkWb
udmurt	turn	1		beri̮ktiśki̮ni̮		beri̮ktiśki̮ni̮		berɯktiɕkɯnɯ		b e r ɯ k t i ɕ k ɯ n ɯ	8	h								WotjWsch
veps	turn	1		kätäs	kätäze			kætæs		k æ t æ s	1	a								VVS
votic_western	turn	1		tšǟntüä		čǟntüä		t͡ʃæːntyæ		t͡ʃ æː n t y æ	1	a						SES, EES		
erzya	turtle	1		čeŕepaxa		čeŕepaχa		tʃerʲepɑxɑ		tʃ e rʲ e p ɑ x ɑ	3	c	russian	clear					MordWb	MordWb
estonian_south	turtle	1		kilpkunn				kilpkunː		k i l p k u nː	1	h			Loantranslation < German or Estonian					VESr
estonian_standard	turtle	1		kilpkonn		kilpkonn		kilpkonː		k i l p k o nː	1	g								SVSk
finnish_standard	turtle	1		kilpikonna		kilpikonna		kilpiko̞nːɑ		k i l p i k o̞ nː ɑ	1	a								JL
hungarian	turtle	1		teknősbéka		teknööžbeeka		tɛknøːʒbeːkɒ		t ɛ k n øː ʒ b eː k ɒ	4	d								FMSz
ingrian	turtle	1	form_not_found																	InkmSk
karelian_proper	turtle	1	form_not_found																	KKSV
khanty_vakh_vasyugan	turtle	1	form_not_found																	DEWbOstj
komi_permyak	turtle	1		čerepaxa		čerepaχa		tʃerepɑxɑ		tʃ e r e p ɑ x ɑ	3	f	russian	clear					MH	KoPRSl
komi_zyrian	turtle	1		čerepaxa				t͡ʃerepɑxɑ		t͡ʃ e r e p ɑ x ɑ	3	f	russian	clear					MdH	SyrjWsch
livonian_courland	turtle	1		bruņā-krupā				bruɲɑː-krupɑː		b r u ɲ ɑː k r u p ɑː	5	k								LivWb
mansi_sosva	turtle	1	form_not_found																	WogWb
mari_hill	turtle	1		čerepaxa				t͡ʃerepɑxɑ		t͡ʃ e r e p ɑ x ɑ	3	e	russian	clear					MdH	
mari_meadow	turtle	1		čerepaxe		čerepaχe		tʃerepɑxe		tʃ e r e p ɑ x e	3	e	russian	clear					MH	SMSk, TscherWb
moksha	turtle	1		čeŕepaχa				t͡ʃerʲepɑxɑ		t͡ʃ e rʲ e p ɑ x ɑ	3	g	russian	clear					MordWb	
nenets_tundra	turtle	1	form_not_found																	JurSWb
nganasan	turtle	1	form_not_found																	SlNgaRus
proto_uralic	turtle	1	not_reconstructable																	
saami_inari	turtle	1		kolbâcuábui				kolbət͡suæbui		k o l b ə t͡s u æ b u i	6	i								InsSSk
saami_kildin	turtle	1	form_not_found																	WOLD
saami_north	turtle	1		galbarihcci				kɑlpɑrihcci		k ɑ l p ɑ r i h c c i	2	b								SSSg
saami_pite	turtle	1	form_not_found																	EZ
saami_skolt	turtle	1		kõlbbcuâbb				kəlbːt͡suɐbː		k ə l bː t͡s u ɐ bː	6	i								SKosSk
saami_south	turtle	1	form_not_found																	NSsNdb
saami_ume	turtle	1	form_not_found																	WbWlap
selkup_northern	turtle	1	form_not_found																	SolkWb
udmurt	turtle	1		izbaka				izbɑkɑ		i z b ɑ k ɑ	7	j				Comp.; lit. 'stone-frog'				EUD
veps	turtle	1	form_not_found																	VVS
votic_western	turtle	1	form_not_found																	VKJMS
erzya	twist	1		mendʹams		mendʹams		mendʲɑms		m e n dʲ ɑ m s	8	h								MordWb
erzya	twist	2		purdams		purdams		purdɑms		p u r d ɑ m s	7	g								MordWb
estonian_south	twist	1		väändmä				væːndmæ		v æː n d m æ	1	a	germanic	possible					SSA, NES, EES	SI
estonian_standard	twist	1		väänata		väänatta		væːnɑtːɑ		v æː n ɑ tː ɑ	1	a	germanic	possible					SSA, NES, EES	SVSk
finnish_standard	twist	1		kiertää		kiertää		kie̞rt̪æː		k i e̞ r t̪ æː	2	b								JL
finnish_standard	twist	2		vääntää		vääntää		ʋæːn̪t̪æː		ʋ æː n̪ t̪ æː	1	a	germanic	possible					SSA, NES, EES	JL
hungarian	twist	1		csavar		čavar		t͡ʃɒvɒr		t͡ʃ ɒ v ɒ r	12	l	west old turkic	possible					WOT, TESz	FMSz
hungarian	twist	2		teker		teker		tɛkɛr		t ɛ k ɛ r	11	k	west old turkic	possible					WOT, TESz	FMSz
ingrian	twist	1		kērtǟ		kērtǟ		keːrtæː		k eː r t æː	2	b								InkmSk
karelian_proper	twist	1		kierteä				kierteæ		k i e r t e æ	2	b								KKSV
karelian_proper	twist	2		veänteä				veænteæ		v e æ n t e æ	1	a	germanic	possible					SSA, NES, EES	KKSV
khanty_vakh_vasyugan	twist	1		jo̭ɣǝr-		jo̭ɣər-		jo̻ɣər-		j o̻ ɣ ə r	17	q								DEWbOstj
komi_permyak	twist	1		berge̮tni̮		berge̮tni̮		berɡɤtnɯ		b e r ɡ ɤ t n ɯ	13	m								KoPRSl
komi_permyak	twist	2		berge̮tli̮ni̮		berge̮tli̮ni̮		berɡɤtlɯnɯ		b e r ɡ ɤ t l ɯ n ɯ	13	m								KoPRSl
komi_permyak	twist	3		piʒ́ravni̮		piʒ́ravni̮		pidʑrɑvnɯ		p i dʑ r ɑ v n ɯ	20	t								KoPRSl
komi_zyrian	twist	1		pesni̮				pesnɨ		p e s n ɨ	30	z			Cognacy reference lacking			MdH		
komi_zyrian	twist	2		gartni̮		gartni̮		ɡɑrtnɯ		ɡ ɑ r t n ɯ	10	j								SyrjWsch
livonian_courland	twist	1		kīerõ				kiːerɯ		k iː e r ɯ	2	b								LivWb
mansi_sosva	twist	1		pēri		pēri		peːri		p eː r i	14	n					Latter two derivs.			WogWb
mansi_sosva	twist	2		pērmti		pērmti		peːrmti		p eː r m t i	14	n					Latter two derivs.			WogWb
mansi_sosva	twist	3		pēriɣti		pēriɣti		peːriɣti		p eː r i ɣ t i	14	n					Latter two derivs.			WogWb
mari_hill	twist	1		toδə̑laš				toðəlɑʃ		t o ð ə l ɑ ʃ	23	w			Cognacy reference lacking			SES		
mari_hill	twist	2		äjäš				æjæʃ		æ j æ ʃ	24	x			Cognacy reference lacking			SES		
mari_meadow	twist	1		pütə̑rem		pütə̑rem		pytərem		p y t ə r e m	13	m	tatar	clear					TscherWb	SMSk, TscherWb
mari_meadow	twist	2		saβə̑rem		saβə̑rem		sɑβərem		s ɑ β ə r e m	14	n	chuvash	clear					TscherWb	SMSk, TscherWb
moksha	twist	1		mäńd'ams				mænʲdʲɑms		m æ nʲ dʲ ɑ m s	8	h			Cognacy reference lacking			SES		
nenets_tundra	twist	1		syur°xəlye-				sʲurxəlʲe-		sʲ u r x ə lʲ e	15	o								JurSWb
nganasan	twist	1		hujkələbti̮dʹi		hujkələbti̮dʹi		hujkələbtɯdʲi		h u j k ə l ə b t ɯ dʲ i	22	v				'Twist, bend'				SlNgaRus
proto_uralic	twist	1	not_reconstructable																	UEW, Sam88
saami_inari	twist	1		karreeđ				kɑrːeːð		k ɑ rː eː ð	2	b								InsSSk
saami_inari	twist	2		puunnjâđ				puːnːjəð		p uː nː j ə ð	6	f								InsSSk
saami_inari	twist	3		ponjeldiđ				poɲeldið		p o ɲ e l d i ð	6	f								InsSSk
saami_kildin	twist	1		poanne		paanne		pɒːnːe		p ɒː nː e	6	f								WOLD
saami_north	twist	1		giessat				kiesːɑt		k i e sː ɑ t	4	d								SSSg
saami_pite	twist	1		bådnjåt				pɔtɲɔt		p ɔ t ɲ ɔ t	6	f								EZ
saami_skolt	twist	1		poonnjâd				poːnːjɐd		p oː nː j ɐ d	6	f								SKosSk
saami_south	twist	1		buhtjiedidh				buht͡ɕiedidh		b u h t͡ɕ i e d i d h	21	u								NSsNdb
saami_ume	twist	1		vìvvat				vivːɑt		v i vː ɑ t	5	e	north germanic	clear	"Cf. Sw ""veva"""				Schlachter1958	WbWlap
selkup_northern	twist	1		kolʹə-		kolʹə-		koʎə-		k o ʎ ə	16	p				'Turn (around), ?twist'				SolkWb
udmurt	twist	1		bergati̮ni̮		bergati̮ni̮		berɡɑtɯnɯ		b e r ɡ ɑ t ɯ n ɯ	13	m								WotjWsch
veps	twist	1		käta				kætɑ		k æ t ɑ	3	c				'Turn, twist'				VVS
votic_western	twist	1		vǟntǟ		vǟntǟ		væːntæː		v æː n t æː	1	a	germanic	possible				SSA	SSA, NES, EES	
erzya	two	1		kavto		kavto		kɑvto		k ɑ v t o	1	a								MordWb
estonian_south	two	1		kats'				kɑtsʲ		k ɑ t sʲ	1	a								VESr
estonian_standard	two	1		kaks		kaks		kɑks		k ɑ k s	1	a								SVSk
finnish_standard	two	1		kaksi		kaksi		kɑksi		k ɑ k s i	1	a								JL
hungarian	two	1		kettő		kettöö		kɛtːøː		k ɛ tː øː	1	a			Freestanding form continues old dual		Latter attr.			FMSz
hungarian	two	2		két		keet		keːt		k eː t	1	a			Freestanding form continues old dual		Latter attr.			FMSz
ingrian	two	1		kaks		kaks		kɑks		k ɑ k s	1	a								InkmSk
karelian_proper	two	1		kaksi				kɑksi		k ɑ k s i	1	a								KKSV
khanty_vakh_vasyugan	two	1		kätkən		kätkən		kætkən		k æ t k ə n	1	a			Freestanding form continues old dual		Latter attr.			DEWbOstj
khanty_vakh_vasyugan	two	2		kät		kät		kæt		k æ t	1	a			Freestanding form continues old dual		Latter attr.			DEWbOstj
komi_permyak	two	1		ki̮k		ki̮k		kɯk		k ɯ k	1	a								KoPRSl
komi_zyrian	two	1		ki̮k		ki̮k		kɯk		k ɯ k	1	a								SyrjWsch
livonian_courland	two	1		kakš				kɑkʃ		k ɑ k ʃ	1	a								LivWb
mansi_sosva	two	1		kitiɣ		kitiɣ		kitiɣ		k i t i ɣ	1	a			Freestanding form continues old dual		Latter attr.			WogWb
mansi_sosva	two	2		kit		kit		kit		k i t	1	a			Freestanding form continues old dual		Latter attr.			WogWb
mari_hill	two	1		kok				kok		k o k	1	a								
mari_meadow	two	1		kok		kok		kok		k o k	1	a					Former attr.			SMSk, TscherWb
mari_meadow	two	2		kok(t)ə̑t		koktə̑t		koktə̠t		k o k t ə̠ t	1	a					Former attr.			SMSk, TscherWb
moksha	two	1		kafta				kɑftɑ		k ɑ f t ɑ	1	a								
nenets_tundra	two	1		syidya				sʲidʲɑ		sʲ i dʲ ɑ	1	a								JurSWb
nganasan	two	1		śiti		śiti		ɕiti		ɕ i t i	1	a								SlNgaRus
proto_uralic	two	1		*käktä				kæktæ		k æ k t æ	1	a					FV, Pe point to *kakta, Ug and Sd to *käktä			UEW, Sam88
saami_inari	two	1		kyehti				kyehti		k y e h t i	1	a								InsSSk
saami_kildin	two	1		kūht		kuuht		kuːht		k uː h t	1	a								WOLD
saami_north	two	1		guokte				kuokte		k u o k t e	1	a								SSSg
saami_pite	two	1		guäkte				kuækte		k u æ k t e	1	a								EZ
saami_skolt	two	1		kuõʹhtt	kueʹhtt			kuəhʲtː		k u ə hʲ tː	1	a								SKosSk
saami_south	two	1		göökte				ɡøːkte		ɡ øː k t e	1	a								NSsNdb
saami_ume	two	1		güikte				kyikte		k y i k t e	1	a								WbWlap
selkup_northern	two	1		śitə		śitə		ɕitə		ɕ i t ə	1	a								SolkWb
udmurt	two	1		ki̮k		ki̮k		kɯk		k ɯ k	1	a								WotjWsch
veps	two	1		kaks				kɑks		k ɑ k s	1	a								VVS
votic_western	two	1		kahsi		kahsi		kɑhs		k ɑ h s	1	a								VKJMS
erzya	uncle	1		dʹadʹa		dʹadʹa		dʲɑdʲɑ		dʲ ɑ dʲ ɑ	7	n	russian	clear		'Father's brother'			MordWb	MordWb
erzya	uncle	2		lʹelʹa		lʹelʹa		ʎeʎɑ		ʎ e ʎ ɑ	4	d				"""Lʹelʹa"" 'older brother, mother's brother'; ""tʹetʹanʹ lʹelʹa"" 'father's brother'"				MordWb
erzya	uncle	3		tʹetʹań lʹelʹa		tʹetʹań_lʹelʹa		tʲetʲɑɲ ʎeʎɑ		tʲ e tʲ ɑ ɲ ʎ e ʎ ɑ	4	d				"""Lʹelʹa"" 'older brother, mother's brother'; ""tʹetʹanʹ lʹelʹa"" 'father's brother'"				MordWb
estonian_south	uncle	1		lell				lelː		l e lː	4	d				'father’s brother’				VESr
estonian_south	uncle	2		uno				uno		u n o	2	b				'mother’s brother’				VESr
estonian_standard	uncle	1		onu		onu		onu		o n u	2	b								SVSk
finnish_standard	uncle	1		eno		eno		e̞no̞		e̞ n o̞	2	b				'Mother's brother'				JL
finnish_standard	uncle	2		setä		setä		set̪æ		s e t̪ æ	1	a				'Father's brother'				JL
hungarian	uncle	1		nagybácsi		naǵbaatši		nɒɟbaːtʃi		n ɒ ɟ b aː t ʃ i	10	j								FMSz
ingrian	uncle	1		eno		eno		eno		e n o	2	b								InkmSk
ingrian	uncle	2		tǟᴅä		tǟᴅä		tæːd̥æ		t æː d̥ æ	7	g	russian	clear					InkmSk	InkmSk
karelian_proper	uncle	1		teätä				teætæ		t e æ t æ	7	g	russian	clear					MH	KKSV
karelian_proper	uncle	2		tätä				tætæ		t æ t æ	7	g	russian	clear					MH	KKSV
khanty_vakh_vasyugan	uncle	1		jǝɣlǝŋ		jəɣləŋ		jəɣləŋ		j ə ɣ l ə ŋ	8	h				'Father's brother'				DEWbOstj
komi_permyak	uncle	1		dʹadʹ		dʹadʹ		dʲɑdʲ		dʲ ɑ dʲ	7	o	russian	clear					KoPRSl	KoPRSl
komi_zyrian	uncle	1		ćož		ćož		tɕoʒ		tɕ o ʒ	1	a								SyrjWsch
livonian_courland	uncle	1		sūr-veļki				suːr-veʎki		s uː r v e ʎ k i	5	e				Lit. 'great-brother'				LivWb
mansi_sosva	uncle	1		aki		aki		ɑki		ɑ k i	6	f				'Younger brother of father, older brother of mother'				WogWb
mansi_sosva	uncle	2		kaŋk		kaŋk		kɑŋk		k ɑ ŋ k	12	l								WogWb
mansi_sosva	uncle	3		sāsiɣ		sāsiɣ		sɑːsiɣ		s ɑː s i ɣ	1	a				'Younger brother of mother'	Deriv.			WogWb
mari_hill	uncle	1		čəčə				t͡ʃət͡ʃə		t͡ʃ ə t͡ʃ ə	1	a						SES, Versinin2018		
mari_hill	uncle	2		kuɣuza				kuɣuzɑ		k u ɣ u z ɑ	16	u						SES		
mari_meadow	uncle	1		čə̑čə̑		čə̑čə̑		tʃətʃə		tʃ ə tʃ ə	1	a				'Mother's brother'				SMSk, TscherWb
mari_meadow	uncle	2		iza		iza		izɑ		i z ɑ	9	i				'Father's brother'				SMSk, TscherWb
moksha	uncle	1		oćä				ot͡sʲæ		o t͡sʲ æ	17	s								
moksha	uncle	2		ščəńä				ʃt͡ʃənʲæ		ʃ t͡ʃ ə nʲ æ	18	t								
nenets_tundra	uncle	1		tyidya				tʲidʲɑ		tʲ i dʲ ɑ	1	a								JurSWb
nganasan	uncle	1		əˀə		əˀə		əʔə		ə ʔ ə	13	p				'Older brother; father's younger brother'				SlNgaRus
nganasan	uncle	2		iśi		iśi		iɕi		i ɕ i	14	q				'Father's or mother's older brother'				SlNgaRus
nganasan	uncle	3		ńini̮		ńini̮		ɲinɯ		ɲ i n ɯ	15	r				'Older brother, older cousin; father's younger brother'				SlNgaRus
nganasan	uncle	4		ti̮ti̮dʹa		ti̮ti̮dʹa		tɯtɯdʲɑ		t ɯ t ɯ dʲ ɑ	1	a				'Mother's younger brother'	Deriv. from PU *čečä 'uncle'			SlNgaRus
proto_uralic	uncle	1		*čečä				t͡ʃet͡ʃæ		t͡ʃ e t͡ʃ æ	1	a								UEW, Sam88
proto_uralic	uncle	2		*ekä				ekæ		e k æ	6	f								UEW, Sam88
saami_inari	uncle	1		čeeci				t͡ʃeːt͡si		t͡ʃ eː t͡s i	1	a				'Father's younger brother'				InsSSk
saami_inari	uncle	2		eehi				eːhi		eː h i	6	f				'Father's older brother'				InsSSk
saami_inari	uncle	3		iänui				iænui		i æ n u i	2	b				'Mother's brother'				InsSSk
saami_kildin	uncle	1		čieʒ’		tšiedzʹ		tʃiedzʲ		t ʃ i e d zʲ	1	a				'Older brother of father'				WOLD
saami_kildin	uncle	2		īnn		iinn		iːnː		iː nː	2	b				'Mother's brother'				WOLD
saami_kildin	uncle	3		jēgk’		jeeggʹ		jeːɡːʲ		j eː ɡːʲ	6	f				'Younger brother of father'				WOLD
saami_north	uncle	1		čeahci				t͡ʃeæhci		t͡ʃ e æ h c i	1	a				'Younger brother or male cousin of father'				SSSg
saami_north	uncle	2		eahki				eæhki		e æ h k i	6	f				'Older brother or male cousin of father'				SSSg
saami_north	uncle	3		eanu				eænu		e æ n u	2	b				'Mother's brother or male cousin'				SSSg
saami_pite	uncle	1		eddnu				ettnu		e t t n u	2	b								EZ
saami_pite	uncle	2		iehke				iehke		i e h k e	6	f								EZ
saami_pite	uncle	3		tjehtse				ceht͡se		c e h t͡s e	1	a								EZ
saami_skolt	uncle	1		čiẹʹcc				t͡ʃiet͡sʲː		t͡ʃ i e t͡sʲː	1	a				'Older brother of father'				SKosSk
saami_skolt	uncle	2		jään				jæːn		j æː n	2	b				'Mother's brother'				SKosSk
saami_skolt	uncle	3		jiẹʹǩǩ				jiecː		j i e cː	6	f				'Younger brother of father'				SKosSk
saami_south	uncle	1		jiekie				jiekie		j i e k i e	6	f				'Father's older brother'				NSsNdb
saami_south	uncle	2		jyöne				jyøne		j y ø n e	2	b				'Mother's brother or male cousin'				NSsNdb
saami_south	uncle	3		tjietsie				t͡ɕiet͡sie		t͡ɕ i e t͡s i e	1	a				'Father's younger brother'				NSsNdb
saami_ume	uncle	1		jiehkee				jiehkeː		j i e h k eː	6	f				'Father's oldest brother'				WbWlap
saami_ume	uncle	2		jyödˈna				jyøtˈnɑ		j y ø tˈ n ɑ	2	b				'Mother's brother'				WbWlap
saami_ume	uncle	3		tjiehtsee				cieht͡seː		c i e h t͡s eː	1	a				'Father's brother'				WbWlap
selkup_northern	uncle	1		ilća		ilća		iltɕɑ		i l tɕ ɑ	3	c								SolkWb
udmurt	uncle	1		agai		agai		ɑɡɑi		ɑ ɡ ɑ i	11	k	tatar	clear			Dialectal?		Alatyrev1988	WotjWsch
veps	uncle	1		dädʹ				dædʲ		d æ dʲ	7	g	russian	clear					MH	VVS
votic_western	uncle	1		eno		eno		eno		e n o	2	b								VKJMS
votic_western	uncle	2		ono		ono		ono		o n o	2	m	estonian	clear					SSA	VKJMS
votic_western	uncle	3		dǟdä		dǟdä		dæːdæ		d æː d æ	7	g	russian	clear					VKJMS	VKJMS
erzya	untie	1		jukst'ems		juksńems		juksɲems		j u k s ɲ e m s	5	e								MordWb
estonian_south	untie	1	no_equivalent														"Cf. ""arõndama ~ arotama"", meaning given in Estonian as 'harutama', i.e. 'unravel, loosen etc.', used with knots but not in all cases. Can be expressed with phrase “vallalõ tegemä”."			VESr, SI
estonian_standard	untie	1		harutada				hɑrutɑdɑ		h ɑ r u t ɑ d ɑ	4	d					"Cf. ""harutada"" 'loosen, unravel, etc.' ; 'untie' usually expressed phrasally: ""Sõlme lahti teha, lahti harutada"", lit. 'Make, unravel a knot loose'"			SVSk
finnish_standard	untie	1	no_equivalent																	JL
hungarian	untie	1		kiold		kiold		kiold		k i o l d	7	g								FMSz
ingrian	untie	1	no_equivalent														"Phrases such as ""avaᴅa solmi"", lit. 'open a knot' used in given meaning"			InkmSk
karelian_proper	untie	1		keritteä				keritːeæ		k e r i tː e æ	1	a								KKSV
khanty_vakh_vasyugan	untie	1		aŋət-		aŋət-		ɑŋət-		ɑ ŋ ə t	13	m								DEWbOstj
komi_permyak	untie	1		pe̮rtćavni̮		pe̮rtćavni̮		pɤrttɕɑvnɯ		p ɤ r t tɕ ɑ v n ɯ	15	o								KoPRSl
komi_zyrian	untie	1		raźni̮		raźni̮		rɑʑnɯ		r ɑ ʑ n ɯ	6	f								SyrjWsch
livonian_courland	untie	1	form_not_found																	LivWb
mansi_sosva	untie	1		pēsti		pēsti		peːsti		p eː s t i	10	j								WogWb
mari_hill	untie	1		šütäš				ʃytæʃ		ʃ y t æ ʃ	16	p			Cognacy reference lacking			SES		
mari_meadow	untie	1		ruδem		ruδem		ruðem		r u ð e m	8	h								SMSk, TscherWb
moksha	untie	1		juksoms				juksoms		j u k s o m s	5	e			Cognacy reference lacking			SES		
nenets_tundra	untie	1		yeka-				jekɑ-		j e k ɑ	11	k								JurSWb
nganasan	untie	1		dʹuküdʹa		dʹuküdʹa		dʲukydʲɑ		dʲ u k y dʲ ɑ	11	k								SlNgaRus
proto_uralic	untie	1	not_reconstructable																	UEW, Sam88
saami_inari	untie	1		čuávdiđ				t͡ʃuævdið		t͡ʃ u æ v d i ð	3	c								InsSSk
saami_kildin	untie	1		piess’te		piessʹte		piesːʲte		p i e sːʲ t e	12	l								WOLD
saami_north	untie	1		čoavdit				t͡ʃoɑvtit		t͡ʃ o ɑ v t i t	3	c								SSSg
saami_north	untie	2		galgait				kɑlkɑit		k ɑ l k ɑ i t	9	i								
saami_pite	untie	1		nuollat				nuolːɑt		n u o lː ɑ t	14	n								EZ
saami_pite	untie	2		tjåvvdet				cɔvːtet		c ɔ vː t e t	3	c								EZ
saami_skolt	untie	1		čåuʹdded				t͡ʃɔudʲːed		t͡ʃ ɔ u dʲː e d	3	c								SKosSk
saami_south	untie	1		TscherWb				t͡scherwb		t͡s c h e r w b	14	n								NSsNdb
saami_ume	untie	1		nuallat				nuɑlːɑt		n u ɑ lː ɑ t	14	n			Cognacy reference lacking			SES		
saami_ume	untie	2		rahttat				rɑhtːɑt		r ɑ h tː ɑ t	18	r								WbWlap
selkup_northern	untie	1		ći̮kkə-		ći̮kkə-		tɕɯkːə-		tɕ ɯ kː ə	11	k								SolkWb
udmurt	untie	1	form_not_found																	
veps	untie	1		rušta				ruʃtɑ		r u ʃ t ɑ	2	b								NRVS
votic_western	untie	1		lahgottaa				lɑhɡotːɑː		l ɑ h ɡ o tː ɑː	17	q			Cognacy reference lacking			MdH		
votic_western	untie	2		arottaa				ɑrotːɑː		ɑ r o tː ɑː	4	d					"Phrases such as ""se̮лmus̄ pǟssemä"", lit. 'let loose from a knot' used in given meaning"			VKJMS
erzya	vomit	1		uksnoms		uksnoms		uksnoms		u k s n o m s	1	a								MordWb
estonian_south	vomit	1		ossõndama				osːɤndɑmɑ		o sː ɤ n d ɑ m ɑ	1	a								VESr
estonian_standard	vomit	1		oksendada		okksentata		okːsentɑtɑ		o kː s e n t ɑ t ɑ	1	a								SVSk
finnish_standard	vomit	1		oksentaa		oksentaa		o̞kse̞n̪t̪ɑː		o̞ k s e̞ n̪ t̪ ɑː	1	a								JL
hungarian	vomit	1		hány		haań		haːɲ		h aː ɲ	3	c	iranian	possible	"Cf. Av ""kan-"" 'dig'"				Zaicz2006	FMSz
ingrian	vomit	1		oksenᴅaissa		oksenᴅaissa		oksend̥ɑisːɑ		o k s e n d̥ ɑ i sː ɑ	1	a								InkmSk
karelian_proper	vomit	1		oksentoa				oksentoɑ		o k s e n t o ɑ	1	a								KKSV
khanty_vakh_vasyugan	vomit	1		aɣət-		aɣət-		ɑɣət-		ɑ ɣ ə t	4	d								DEWbOstj
komi_permyak	vomit	1		e̮se̮tni̮		e̮se̮tni̮		ɤsɤtnɯ		ɤ s ɤ t n ɯ	1	a								KoPRSl
komi_permyak	vomit	2		e̮sni̮		e̮sni̮		ɤsnɯ		ɤ s n ɯ	1	a								KoPRSl
komi_zyrian	vomit	1		vosni̮		vosni̮		vosnɯ		v o s n ɯ	1	a								SyrjWsch
livonian_courland	vomit	1		oksnõ				oksnɯ		o k s n ɯ	1	a								LivWb
mansi_sosva	vomit	1		ājtaχti		ājtaχti		ɑːjtɑxti		ɑː j t ɑ x t i	4	d								WogWb
mari_hill	vomit	1		uksə̑nzaš				uksənzɑʃ		u k s ə n z ɑ ʃ	1	a								
mari_meadow	vomit	1		ukšińčam		ukšińčam		ukʃiɲtʃɑm		u k ʃ i ɲ tʃ ɑ m	1	a								SMSk, TscherWb
moksha	vomit	1		uksondoms				uksondoms		u k s o n d o m s	1	a								
nenets_tundra	vomit	1		todə°				todə		t o d ə	5	e								JurSWb
nganasan	vomit	1	form_not_found																	SlNgaRus
proto_uralic	vomit	1	not_reconstructable																	UEW, Sam88
saami_inari	vomit	1		vyeksiđ				vyeksið		v y e k s i ð	1	a								InsSSk
saami_kildin	vomit	1		vukk’se		vukkʹse		vukːʲse		v u kːʲ s e	1	a								WOLD
saami_north	vomit	1		vuoksit				vuoksit		v u o k s i t	1	a								SSSg
saami_north	vomit	2		vuovssadit				vuovsːɑtit		v u o v sː ɑ t i t	1	a								SSSg
saami_pite	vomit	1		vuoksadit				vuoksɑtit		v u o k s ɑ t i t	1	a								EZ
saami_pite	vomit	2		vuäkkset				vuækːset		v u æ kː s e t	1	a								EZ
saami_skolt	vomit	1		vueʹhssed				vuehʲsːed		v u e hʲ sː e d	1	a								SKosSk
saami_south	vomit	1		goesmeridh				ɡuesmeridh		ɡ u e s m e r i d h	7	g								NSsNdb
saami_south	vomit	2		voeksedidh				vueksedidh		v u e k s e d i d h	1	a								NSsNdb
saami_ume	vomit	1		vüekˈseet				vyekˈseːt		v y e kˈ s eː t	1	a								WbWlap
selkup_northern	vomit	1		tȫtə-		tȫtə-		tøːtə-		t øː t ə	5	e								SolkWb
udmurt	vomit	1		e̮ski̮ni̮		e̮ski̮ni̮		ɤskɯnɯ		ɤ s k ɯ n ɯ	1	a								WotjWsch
veps	vomit	1		okse̮ta				oksetɑ		o k s e t ɑ	1	a								VVS
votic_western	vomit	1		õhsõtta		e̮hse̮tta		ɤhsɤtːɤmɑ		ɤ h s ɤ tː ɤ m ɑ	1	a								VKJMS
erzya	vulture	1	form_not_found																	MordWb
estonian_south	vulture	1		rõipõkodas				rɤipɤkodɑs		r ɤ i p ɤ k o d ɑ s	2	b			Loantranslation < German or Estonian					SI
estonian_standard	vulture	1		raisakotkas		raisakottkkas		rɑisɑkotːkːɑs		r ɑ i s ɑ k o tː kː ɑ s	2	b				"""Kotkas"" 'eagle'"				SVSk
finnish_standard	vulture	1		korppikotka		korppikotka		ko̞rpːiko̞t̪kɑ		k o̞ r pː i k o̞ t̪ k ɑ	1	a								JL
hungarian	vulture	1		keselyű		kešejüü		kɛʃɛjyː		k ɛ ʃ ɛ j yː	4	d								FMSz
ingrian	vulture	1	form_not_found																	InkmSk
karelian_proper	vulture	1	form_not_found																	KKSV
khanty_vakh_vasyugan	vulture	1		kul-po̭čǝk-ku	kul-po̭čǝʽ-ku	kul-po̭čək-ku	kul-po̭čə-ku	kul-po̻tʃək-ku	kul-po̻tʃə-ku	k u l p o̻ tʃ ə k k u	6	f				Lit. 'fish-tailed-man'				DEWbOstj
komi_permyak	vulture	1		i̮ǯi̮t kuč		i̮ǯi̮t_kuč		ɯdʒɯt kutʃ		ɯ d ʒ ɯ t k u t ʃ	7	g				Lit. 'big eagle'				KoPRSl
komi_zyrian	vulture	1	form_not_found																	SyrjWsch
livonian_courland	vulture	1	form_not_found																	LivWb
mansi_sosva	vulture	1		kūrsən		kūrsən		kuːrsən		k uː r s ə n	5	e	russian	clear					MH	WogWb
mari_hill	vulture	1	no_equivalent																	
mari_meadow	vulture	1	form_not_found																	SMSk, TscherWb
moksha	vulture	1	form_not_found																	
nenets_tundra	vulture	1	form_not_found																	JurSWb
nganasan	vulture	1	form_not_found																	SlNgaRus
proto_uralic	vulture	1	not_reconstructable																	
saami_inari	vulture	1	form_not_found																	InsSSk
saami_kildin	vulture	1	form_not_found																	WOLD
saami_north	vulture	1		ráhtọgoaskin				rɑːhtokoɑskin		r ɑː h t o k o ɑ s k i n	3	c								SSSg
saami_pite	vulture	1	form_not_found																	EZ
saami_skolt	vulture	1	form_not_found																	SKosSk
saami_south	vulture	1	form_not_found																	NSsNdb
saami_ume	vulture	1	form_not_found																	WbWlap
selkup_northern	vulture	1	form_not_found																	SolkWb
udmurt	vulture	1	form_not_found																	WotjWsch
veps	vulture	1	form_not_found																	VVS
votic_western	vulture	1	form_not_found																	VKJMS
erzya	walk	1		jakams		jakams		jɑkɑms		j ɑ k ɑ m s	3	c			From PFU *jakka- 'go, reach' ?					MordWb
estonian_south	walk	1		kõnd'ma				kɤndʲmɑ		k ɤ n dʲ m ɑ	13	m								VESr
estonian_standard	walk	1		käia		käia		kæiɑ		k æ i ɑ	1	a	germanic	clear	"Cf. Goth ""skēwjan"" 'walk, move'"				vanLinde2007, EES	SVSk
finnish_standard	walk	1		kävellä		kävellä		kæʋe̞lːæ		k æ ʋ e̞ lː æ	1	a	germanic	clear	"Cf. Goth ""skēwjan"" 'walk, move'"				vanLinde2007, EES	JL
hungarian	walk	1		gyalogol		ǵalogol		ɟɒloɡol		ɟ ɒ l o ɡ o l	8	h								FMSz
hungarian	walk	2		jár		jaar		jaːr		j aː r	7	g								FMSz
ingrian	walk	1		kävellä		kävellä		kævelːæ		k æ v e lː æ	1	a	germanic	clear	"Cf. Goth ""skēwjan"" 'walk, move'"				vanLinde2007, EES	InkmSk
karelian_proper	walk	1		kävellä				kævelːæ		k æ v e lː æ	1	a	germanic	clear	"Cf. Goth ""skēwjan"" 'walk, move'"				vanLinde2007, EES	KKSV
khanty_vakh_vasyugan	walk	1		jǝlil-		jəlil-		jəlil-		j ə l i l	9	i								DEWbOstj
komi_permyak	walk	1		vetle̮ni̮		vetle̮ni̮		vetlɤnɯ		v e t l ɤ n ɯ	5	e								KoPRSl, RB
komi_zyrian	walk	1		vetli̮ni̮		vetli̮ni̮		vetlɯnɯ		v e t l ɯ n ɯ	5	e								SyrjWsch
livonian_courland	walk	1		kǟdõ				kæːdɯ		k æː d ɯ	1	a	germanic	clear	"Cf. Goth ""skēwjan"" 'walk, move'"				vanLinde2007, EES	LivWb
mansi_sosva	walk	1		jali		jali		jɑli		j ɑ l i	9	i								WogWb
mansi_sosva	walk	2		jaliɣli		jaliɣli		jɑliɣli		j ɑ l i ɣ l i	9	i								WogWb
mansi_sosva	walk	3		jōmi		jōmi		joːmi		j oː m i	10	j								WogWb
mari_hill	walk	1		aškeδäš				ɑʃkeðæʃ		ɑ ʃ k e ð æ ʃ	15	o								
mari_meadow	walk	1		koštam		koštam		koʃtɑm		k o ʃ t ɑ m	4	d								SMSk, TscherWb
moksha	walk	1		jakams				jɑkɑms		j ɑ k ɑ m s	3	c								
nenets_tundra	walk	1		yadə°				jɑdə		j ɑ d ə	11	k			From PU *juta- 'go, walk, wander'					JurSWb
nganasan	walk	1		dʹoδürśa		dʹoδürśa		dʲoðyrɕɑ		dʲ o ð y r ɕ ɑ	11	k					From PU *juta- 'go, walk, wander'			SlNgaRus
proto_uralic	walk	1		*juta- ?				jutɑ		j u t ɑ	11	k								UEW, Sam88
saami_inari	walk	1		väzziđ				væd͡zːið		v æ d͡zː i ð	2	b								InsSSk
saami_kildin	walk	1		vānn’ce		vaannʹce		vɑːnːʲce		v ɑː nːʲ c e	2	b								WOLD
saami_north	walk	1		vázzit				vɑːd͡zːit		v ɑː d͡zː i t	2	b								SSSg
saami_pite	walk	1		vádtsatjit				vɑːtt͡sɑcit		v ɑː t t͡s ɑ c i t	2	b								EZ
saami_skolt	walk	1		väʹʒʒed				væʒʒed		v æ ʒ ʒ e d	2	b								SKosSk
saami_south	walk	1		vaedtsedh				vɑet͡sːedh		v ɑ e t͡sː e d h	2	b								NSsNdb
saami_ume	walk	1		vàdˈtseet				vɑtˈt͡seːt		v ɑ tˈ t͡s eː t	2	b								WbWlap
selkup_northern	walk	1		qüəl-		qüəl-		qyəl-		q y ə l	12	l								SolkWb
udmurt	walk	1		vetli̮ni̮		vetli̮ni̮		vetlɯnɯ		v e t l ɯ n ɯ	5	e								WotjWsch
udmurt	walk	2		wami̮šti̮ni̮		wami̮šti̮ni̮		wɑmɯʃtɯnɯ		w ɑ m ɯ ʃ t ɯ n ɯ	6	f								WotjWsch
veps	walk	1		kävelta	kävuda			kæveltɑ		k æ v e l t ɑ	1	a	germanic	clear	"Cf. Goth ""skēwjan"" 'walk, move'"				vanLinde2007, EES	VVS
votic_western	walk	1		tšävvä		čävvä		jɑlɡɤtːɤːmɑ		j ɑ l ɡ ɤ tː ɤː m ɑ	1	a						SES, EES		
erzya	warm	1		lʹembe		lʹembe		ʎembe		ʎ e m b e	1	a					Latter deriv.			MordWb
erzya	warm	2		lʹembińe		lʹembińe		ʎembiɲe		ʎ e m b i ɲ e	1	a					Latter deriv.			MordWb
estonian_south	warm	1		lämmi				læmːi		l æ mː i	1	a								VESr
estonian_standard	warm	1		soe		soe		soe		s o e	2	b	iranian	possible					EES	SVSk
finnish_standard	warm	1		lämmin		lämmin		læmːin		l æ mː i n	1	a								JL
hungarian	warm	1		meleg		meleg		mɛlɛɡ		m ɛ l ɛ ɡ	7	g								FMSz
ingrian	warm	1		lämmǟ		lämmǟ		læmːæː		l æ mː æː	1	a								InkmSk
ingrian	warm	2		sōja		sōja		soːjɑ		s oː j ɑ	2	b	iranian	possible					EES	InkmSk
karelian_proper	warm	1		lämmin				læmːin		l æ mː i n	1	a								KKSV
khanty_vakh_vasyugan	warm	1		meḷǝk		meḷək		meɭək		m e ɭ ə k	7	g								DEWbOstj
komi_permyak	warm	1		šoni̮t		šoni̮t		ʃonɯt		ʃ o n ɯ t	6	f								KoPRSl
komi_zyrian	warm	1		šoni̮d		šoni̮d		ʃonɯd		ʃ o n ɯ d	6	f								SyrjWsch
livonian_courland	warm	1		lem				lem		l e m	1	a								LivWb
mansi_sosva	warm	1		māltip		māltip		mɑːltip		m ɑː l t i p	7	g								WogWb
mari_hill	warm	1		šokšə̑				ʃokʃə		ʃ o k ʃ ə	10	j								
mari_meadow	warm	1		leβe		leβe		leβe		l e β e	1	a								SMSk, TscherWb
moksha	warm	1		l'ämbä				lʲæmbæ		lʲ æ m b æ	1	a								
nenets_tundra	warm	1		yiba				jibɑ		j i b ɑ	9	i			From PSd *ju-pa					JurSWb
nganasan	warm	1		hekusi̮		hekusi̮		hekusɯ		h e k u s ɯ	13	m				'Be warm, be hot'				SlNgaRus
nganasan	warm	2		ńüńa		ńüńa		ɲyɲɑ		ɲ y ɲ ɑ	9	i				Of weather	From PSd *ju-			SlNgaRus
proto_uralic	warm	1		*päwi				pæwi		p æ w i	4	d								UEW, Sam88
saami_inari	warm	1		liegâs				lieɡəs		l i e ɡ ə s	3	c								InsSSk
saami_kildin	warm	1		poahk		paahk		pɒːhk		p ɒː h k	5	e								WOLD
saami_north	warm	1		liekkas				liekːɑs		l i e kː ɑ s	3	c								SSSg
saami_pite	warm	1		báhkas				pɑːhkɑs		p ɑː h k ɑ s	5	e								EZ
saami_pite	warm	2		bivvalis				pivːɑlis		p i vː ɑ l i s	4	d								EZ
saami_pite	warm	3		lieggas				liekkɑs		l i e k k ɑ s	3	c								EZ
saami_skolt	warm	1		liõggâs				liəɡːɐs		l i ə ɡː ɐ s	3	c								SKosSk
saami_skolt	warm	2		paakkâs				pɑːkːɐs		p ɑː kː ɐ s	5	e								SKosSk
saami_south	warm	1		bïjveles				bɨjveles		b ɨ j v e l e s	4	d								NSsNdb
saami_ume	warm	1		bìvvala				pivːɑlɑ		p i vː ɑ l ɑ	4	d								WbWlap
selkup_northern	warm	1		pǖ		pǖ		pyː		p yː	4	d								SolkWb
udmurt	warm	1		šuni̮t		šuni̮t		ʃunɯt		ʃ u n ɯ t	6	f								WotjWsch
veps	warm	1		lʹäm				lʲæm		lʲ æ m	1	a								VVS
votic_western	warm	1		sōja		sōja		soːjɑ		s oː j ɑ	2	b	iranian	possible					EES	VKJMS
erzya	wash	1		šlʹams		šlʹams		ʃʎɑms		ʃ ʎ ɑ m s	2	b			"Cogn. with Fin ""huuhtoa"" 'rinse with water'"					MordWb
estonian_south	wash	1		mõskma				mɤskmɑ		m ɤ s k m ɑ	3	c	proto-indo-european	probable	HolopainenJunttila2022 assign as Pre-Indo-Iranian and consider the etymology more credible				EES, HolopainenJunttila2022	VESr
estonian_standard	wash	1		pesta		pesta		pestɑ		p e s t ɑ	1	a	proto-indo-european	possible					Koivulehto2003	SVSk
finnish_standard	wash	1		pestä		pestä		pe̞st̪æ		p e̞ s t̪ æ	1	a	proto-indo-european	possible					Koivulehto2003	JL
hungarian	wash	1		mos		moš		moʃ		m o ʃ	3	c	proto-indo-european	probable	HolopainenJunttila2022 assign as Pre-Indo-Iranian and consider the etymology more credible				Koivulehto2001, HolopainenJunttila2022	FMSz
ingrian	wash	1		pessä		pessä		pesːæ		p e sː æ	1	a	proto-indo-european	possible					Koivulehto2003	InkmSk
karelian_proper	wash	1		pessä				pesːæ		p e sː æ	1	a	proto-indo-european	possible					Koivulehto2003	KKSV
khanty_vakh_vasyugan	wash	1		lŏɣi̮t-		lŏɣi̮t-		lŏɣɯt-		l o ̆ ɣ ɯ t	4	d								DEWbOstj
komi_permyak	wash	1		miśśi̮ni̮		miśśi̮ni̮		miɕːɯnɯ		m i ɕː ɯ n ɯ	3	c	proto-indo-european	probable	HolopainenJunttila2022 assign as Pre-Indo-Iranian and consider the etymology more credible		Former intr., latter tr. v.		Koivulehto2001, HolopainenJunttila2022	KoPRSl
komi_permyak	wash	2		miśśe̮tni̮		miśśe̮tni̮		miɕːɤtnɯ		m i ɕː ɤ t n ɯ	3	c	proto-indo-european	probable	HolopainenJunttila2022 assign as Pre-Indo-Iranian and consider the etymology more credible		Former intr., latter tr. v.		Koivulehto2001, HolopainenJunttila2022	KoPRSl
komi_zyrian	wash	1		mi̮śki̮ni̮		mi̮śki̮ni̮		mɯɕkɯnɯ		m ɯ ɕ k ɯ n ɯ	3	c	proto-indo-european	probable	HolopainenJunttila2022 assign as Pre-Indo-Iranian and consider the etymology more credible				Koivulehto2001, HolopainenJunttila2022	SyrjWsch
livonian_courland	wash	1		piezzõ				piezːɯ		p i e zː ɯ	1	a	proto-indo-european	possible					Koivulehto2003	LivWb
mansi_sosva	wash	1		lowti		lowti		lowti		l o w t i	4	d								WogWb
mari_hill	wash	1		mə̑škaš				məʃkɑʃ		m ə ʃ k ɑ ʃ	3	c	proto-indo-european	probable	HolopainenJunttila2022 assign as Pre-Indo-Iranian and consider the etymology more credible			Koivulehto2001	Koivulehto2001, HolopainenJunttila2022	
mari_meadow	wash	1		muškam		muškam		muʃkɑm		m u ʃ k ɑ m	3	c	proto-indo-european	probable	HolopainenJunttila2022 assign as Pre-Indo-Iranian and consider the etymology more credible				Koivulehto2001, HolopainenJunttila2022	SMSk, TscherWb
moksha	wash	1		štams				ʃtɑms		ʃ t ɑ m s	2	b			Cognate to Erzyan?			SES, SSA		
nenets_tundra	wash	1		xəl°ta°				xəltɑ		x ə l t ɑ	7	g								JurSWb
nganasan	wash	1		kələ(ˀ)btusa		kələ, kələˀbtusa		kələ, kələʔbtusɑ			7	g				'Wash, clean'				SlNgaRus
nganasan	wash	2		ńobusa		ńobusa		ɲobusɑ		ɲ o b u s ɑ	5	e								SlNgaRus
proto_uralic	wash	1		*muśki̮-				musʲkɨ		m u sʲ k ɨ	3	c								UEW, Sam88
saami_inari	wash	1		poossâđ				poːsːəð		p oː sː ə ð	1	a	proto-indo-european	possible					Koivulehto2003	InsSSk
saami_kildin	wash	1		pēsse		peesse		peːsːe		p eː sː e	1	a	proto-indo-european	possible					Koivulehto2003	WOLD
saami_north	wash	1		bassat				pɑsːɑt		p ɑ sː ɑ t	1	a	proto-indo-european	possible					Koivulehto2003	SSSg
saami_pite	wash	1		bassat				pɑsːɑt		p ɑ sː ɑ t	1	a	proto-indo-european	possible					Koivulehto2003	EZ
saami_skolt	wash	1		põõssâd				pəːsːɐd		p əː sː ɐ d	1	a	proto-indo-european	possible					Koivulehto2003	SKosSk
saami_south	wash	1		bïssedh				bɨsːedh		b ɨ sː e d h	1	a	proto-indo-european	possible					Koivulehto2003	NSsNdb
saami_ume	wash	1		bassat				pɑsːɑt		p ɑ sː ɑ t	1	a	proto-indo-european	possible					Koivulehto2003	WbWlap
selkup_northern	wash	1		mūsəlčə-	müsəlčə-	mūsəlčə-	müsəlčə-	muːsəltʃə-	mysəltʃə-	m uː s ə l tʃ ə	3	c	proto-indo-european	possible			"Deriv. from ""mūsə- ~ müsə-"" 'wipe'"		Koivulehto2001	SolkWb
udmurt	wash	1		miśki̮ni̮		miśki̮ni̮		miɕkɯnɯ		m i ɕ k ɯ n ɯ	3	c	proto-indo-european	probable					Koivulehto2001	WotjWsch
veps	wash	1		pesta				pestɑ		p e s t ɑ	1	a	proto-indo-european	possible					Koivulehto2003	VVS
votic_western	wash	1		pesä		pesä		pesemæ		p e s e m æ	1	a	proto-indo-european	possible					Koivulehto2003	VKJMS
erzya	water	1		vedʹ		vedʹ		vedʲ		v e dʲ	1	a	proto-indo-european	probable					Koivulehto1999,  Hakkinen2009, SSA, NES	MordWb
estonian_south	water	1		vesi				vesi		v e s i	1	a	proto-indo-european	probable					Koivulehto1999,  Hakkinen2009, SSA, NES	VESr
estonian_standard	water	1		vesi		vesi		vesi		v e s i	1	a	proto-indo-european	probable					Koivulehto1999,  Hakkinen2009, SSA, NES	SVSk
finnish_standard	water	1		vesi		vesi		ʋe̞si		ʋ e̞ s i	1	a	proto-indo-european	probable					Koivulehto1999,  Hakkinen2009, SSA, NES	JL
hungarian	water	1		víz		viiz		viːz		v iː z	1	a	proto-indo-european	probable					Koivulehto1999,  Hakkinen2009, SSA, NES	FMSz
ingrian	water	1		vezi		vezi		vezi		v e z i	1	a	proto-indo-european	probable					Koivulehto1999,  Hakkinen2009, SSA, NES	InkmSk
karelian_proper	water	1		vesi				vesi		v e s i	1	a	proto-indo-european	probable					Koivulehto1999,  Hakkinen2009, SSA, NES	KKSV
khanty_vakh_vasyugan	water	1		jəŋk		jəŋk		jəŋk		j ə ŋ k	3	c			From PFU *jäŋi 'ice'					DEWbOstj
komi_permyak	water	1		va		va		vɑ		v ɑ	1	a	proto-indo-european	probable					Koivulehto1999,  Hakkinen2009, SSA, NES	KoPRSl
komi_zyrian	water	1		va		va		vɑ		v ɑ	1	a	proto-indo-european	probable					Koivulehto1999,  Hakkinen2009, SSA, NES	SyrjWsch
livonian_courland	water	1		vež				veʒ		v e ʒ	1	a	proto-indo-european	probable					Koivulehto1999,  Hakkinen2009, SSA, NES	LivWb
mansi_sosva	water	1		wit		wit		wit		w i t	1	a	proto-indo-european	probable					Koivulehto1999,  Hakkinen2009, SSA, NES	WogWb
mari_hill	water	1		βəd		βəd		βəd		β ə d	1	a	proto-indo-european	probable					Koivulehto1999,  Hakkinen2009, SSA, NES	
mari_meadow	water	1		βüt		βüt		βyt		β y t	1	a	proto-indo-european	probable					Koivulehto1999,  Hakkinen2009, SSA, NES	SMSk, TscherWb
moksha	water	1		ved'				vedʲ		v e dʲ	1	a	proto-indo-european	probable					Koivulehto1999,  Hakkinen2009, SSA, NES	
nenets_tundra	water	1		yiq				jiʔ		j i ʔ	1	a	proto-indo-european	probable					Koivulehto1999,  Hakkinen2009, SSA, NES	JurSWb
nganasan	water	1		bi̮ˀ		bi̮ˀ		bɯʔ		b ɯ ʔ	1	a	proto-indo-european	possible					Koivulehto1999,  Hakkinen2009, SSA, NES	SlNgaRus
proto_uralic	water	1		*weti				weti		w e t i	1	a	proto-indo-european	probable					Koivulehto1999,  Hakkinen2009, SSA, NES	UEW, Sam88
saami_inari	water	1		čääci				t͡ʃæːt͡si		t͡ʃ æː t͡s i	2	b								InsSSk
saami_kildin	water	1		čāʒ’		tšaadzʹ		tʃɑːdzʲ		t ʃ ɑː d zʲ	2	b								WOLD
saami_north	water	1		čáhci				t͡ʃɑːhci		t͡ʃ ɑː h c i	2	b								SSSg
saami_pite	water	1		tjáhtse				cɑːht͡se		c ɑː h t͡s e	2	b								EZ
saami_skolt	water	1		čääʹcc				t͡ʃæːt͡sʲː		t͡ʃ æː t͡sʲː	2	b								SKosSk
saami_south	water	1		tjaetsie				t͡ɕɑet͡sie		t͡ɕ ɑ e t͡s i e	2	b								NSsNdb
saami_ume	water	1		tjaahtsee				cɑːht͡seː		c ɑː h t͡s eː	2	b								WbWlap
selkup_northern	water	1		üt		üt		yt		y t	1	a	proto-indo-european	probable					Koivulehto1999,  Hakkinen2009, SSA, NES	SolkWb
udmurt	water	1		vu		vu		vu		v u	1	a	proto-indo-european	probable					Koivulehto1999,  Hakkinen2009, SSA, NES	WotjWsch
veps	water	1		vezi				vezi		v e z i	1	a	proto-indo-european	probable					Koivulehto1999,  Hakkinen2009, SSA, NES	VVS
votic_western	water	1		vesi		vesi		vesi		v e s i	1	a	proto-indo-european	probable					Koivulehto1999,  Hakkinen2009, SSA, NES	VKJMS
erzya	we	1		miń		miń		miɲ		m i ɲ	1	a								MordWb
estonian_south	we	1		miiq	mi			miːʔ		m iː ʔ	1	a								VESr
estonian_standard	we	1		meie		meie		meie		m e i e	1	a								SVSk
estonian_standard	we	2		me		me		me		m e	1	a								SVSk
finnish_standard	we	1		me		me		me̞		m e̞	1	a								JL
hungarian	we	1		mi		mi		mi		m i	1	a								FMSz
ingrian	we	1		mȫ		mȫ		møː		m øː	1	a								InkmSk
karelian_proper	we	1		myö				myø		m y ø	1	a								KKSV
khanty_vakh_vasyugan	we	1		məŋ		məŋ		məŋ		m ə ŋ	1	a								DEWbOstj
komi_permyak	we	1		mi	mije̮	mi	mije̮	mi	mijɤ	m i	1	a								KoPRSl
komi_zyrian	we	1		mi		mi		mi		m i	1	a								SyrjWsch
livonian_courland	we	1		mēg				meːɡ		m eː ɡ	1	a								LivWb
mansi_sosva	we	1		mān		mān		mɑːn		m ɑː n	1	a								WogWb
mari_hill	we	1		mä				mæ		m æ	1	a						SES, UEW		
mari_meadow	we	1		me		me		me		m e	1	a								SMSk, TscherWb
moksha	we	1		miń				minʲ		m i nʲ	1	a						SES, UEW		
nenets_tundra	we	1		mənyaq				məɲɑʔ		m ə ɲ ɑ ʔ	1	a								JurSWb
nganasan	we	1		mi̮ŋ		mi̮ŋ		mɯŋ		m ɯ ŋ	1	a								SlNgaRus
proto_uralic	we	1		*mV				mV		m V	1	a								UEW, Sam88
saami_inari	we	1		mij				mij		m i j	1	a								InsSSk
saami_kildin	we	1		mɨjj		mə̑jj		mɨjː		m ɨ jː	1	a								WOLD
saami_north	we	1		mii				mii		m i i	1	a								SSSg
saami_pite	we	1		mija				mijɑ		m i j ɑ	1	a								EZ
saami_skolt	we	1		mij				mij		m i j	1	a								SKosSk
saami_south	we	1		mijjieh				mijːieh		m i jː i e h	1	a								NSsNdb
saami_ume	we	1		mijja				mijːɑ		m i jː ɑ	1	a								WbWlap
selkup_northern	we	1		mē		mē		meː		m eː	1	a								SolkWb
udmurt	we	1		mi		mi		mi		m i	1	a								WotjWsch
veps	we	1		me				me		m e	1	a								VVS
votic_western	we	1		mǖ (möö		mǖ		myː		m yː	1	a								VKJMS
votic_western	we	2		med'd'e)				myː		m yː	1	a								VKJMS
erzya	weep	1		avaŕdʹems		avaŕdʹems		ɑvɑrʲdʲems		ɑ v ɑ rʲ dʲ e m s	6	f								MordWb
estonian_south	weep	1		ikma				ikmɑ		i k m ɑ	1	a								VESr
estonian_standard	weep	1		nutta		nutta		nutːɑ		n u tː ɑ	2	b								SVSk
finnish_standard	weep	1		itkeä		itkeä		it̪keæ		i t̪ k e æ	1	a								JL
hungarian	weep	1		sír		šiir		ʃiːr		ʃ iː r	9	i								FMSz
ingrian	weep	1		itkiä		itkiä		itkiæ		i t k i æ	1	a								InkmSk
karelian_proper	weep	1		itkie				itkie		i t k i e	1	a								KKSV
khanty_vakh_vasyugan	weep	1		jis-		jis-		jis-		j i s	11	k								DEWbOstj
komi_permyak	weep	1		be̮rdni̮		be̮rdni̮		bɤrdnɯ		b ɤ r d n ɯ	8	h								KoPRSl
komi_permyak	weep	2		gorzi̮ni̮		gorzi̮ni̮		ɡorzɯnɯ		ɡ o r z ɯ n ɯ	14	n	iranian	possible					Metsaranta2020	KoPRSl
komi_zyrian	weep	1		be̮rdni̮		be̮rdni̮		bɤrdnɯ		b ɤ r d n ɯ	8	h								SyrjWsch
livonian_courland	weep	1		itkõ				itkɯ		i t k ɯ	1	a								LivWb
mansi_sosva	weep	1		lʹūńśi		lʹūńśi		ʎuːɲɕi		ʎ uː ɲ ɕ i	10	j								WogWb
mari_hill	weep	1		mägəräš				mæɡəræʃ		m æ ɡ ə r æ ʃ	15	o								
mari_meadow	weep	1		šortam		šortam		ʃortɑm		ʃ o r t ɑ m	7	g								SMSk, TscherWb
moksha	weep	1		avaŕd'ems				ɑvɑrʲdʲems		ɑ v ɑ rʲ dʲ e m s	6	f								
nenets_tundra	weep	1		yaərcy°	yarcy°			jɑərt͡sʲ		j ɑ ə r t͡sʲ	12	l								JurSWb
nganasan	weep	1		dʹorədʹa		dʹorədʹa		dʲorədʲɑ		dʲ o r ə dʲ ɑ	12	l								SlNgaRus
proto_uralic	weep	1	not_reconstructable																	UEW, Sam88
saami_inari	weep	1		čiärruđ				t͡ʃiærːuð		t͡ʃ i æ rː u ð	3	c								InsSSk
saami_kildin	weep	1		lūjjh’ke		luujjʹke		luːj̊ːʲke		l uː j̊ːʲ k e	13	m								WOLD
saami_north	weep	1		čierrut				t͡ʃierːut		t͡ʃ i e rː u t	3	c								SSSg
saami_pite	weep	1		tjerrot				cerːot		c e rː o t	3	c								EZ
saami_pite	weep	2		vállut				vɑːlːut		v ɑː lː u t	4	d								EZ
saami_pite	weep	3		väludit				vælutit		v æ l u t i t	4	d								EZ
saami_skolt	weep	1		reäkkad				reækːɑd		r e æ kː ɑ d	5	e	finnic	clear	"Cf. Fin ""rääkyä"" 'shriek, bray'"				Lehtiranta1989	SKosSk
saami_south	weep	1		tjearodh				t͡ɕeɑrodh		t͡ɕ e ɑ r o d h	3	c								NSsNdb
saami_ume	weep	1		tjeärroot				ceærːoːt		c e æ rː oː t	3	c								WbWlap
saami_ume	weep	2		vàlloot				vɑlːoːt		v ɑ lː oː t	4	d								WbWlap
selkup_northern	weep	1		ćūrə-		ćūrə-		tɕuːrə-		tɕ uː r ə	12	l								SolkWb
udmurt	weep	1		be̮rdi̮ni̮		be̮rdi̮ni̮		bɤrdɯnɯ		b ɤ r d ɯ n ɯ	8	h								WotjWsch
veps	weep	1		itkta				itktɑ		i t k t ɑ	1	a								VVS
votic_western	weep	1		itkõa		itke̮a		itkɤmɑ		i t k ɤ m ɑ	1	a								VKJMS
erzya	wet	1		načko		načko		nɑtʃko		n ɑ tʃ k o	3	c								MordWb
estonian_south	wet	1		hämm				hæmː		h æ mː	14	n								VESr
estonian_south	wet	2		likõ				likɤ		l i k ɤ	13	m								VESr
estonian_standard	wet	1		märg		märk		mærk		m æ r k	1	a	baltic	probable					Junttila2015	SVSk
finnish_standard	wet	1		märkä		märkä		mærkæ		m æ r k æ	1	a	baltic	probable					Junttila2015	JL
hungarian	wet	1		nedves		nedveš		nɛdvɛʃ		n ɛ d v ɛ ʃ	7	g								FMSz
ingrian	wet	1		märɢä		märɢä		mærɡ̥æ		m æ r ɡ̥ æ	1	a	baltic	probable					Junttila2015	InkmSk
karelian_proper	wet	1		märkä				mærkæ		m æ r k æ	1	a	baltic	probable					Junttila2015	KKSV
khanty_vakh_vasyugan	wet	1		lălǝŋ		lăləŋ		lɑ̆ləŋ		l ɑ ̆ l ə ŋ	12	l								DEWbOstj
khanty_vakh_vasyugan	wet	2		mori̮	mŏri̮	mori̮	mŏri̮	morɯ	mŏrɯ	m o r ɯ	9	i								DEWbOstj
komi_permyak	wet	1		ulʹ		ulʹ		uʎ		u ʎ	15	o								KoPRSl
komi_permyak	wet	2		va		va		vɑ		v ɑ	5	e								KoPRSl
komi_zyrian	wet	1		va		va		vɑ		v ɑ	5	e								SyrjWsch
livonian_courland	wet	1		kažži				kɑʒːi		k ɑ ʒː i	2	b								LivWb
mansi_sosva	wet	1		ńār		ńār		ɲɑːr		ɲ ɑː r	8	h								WogWb
mari_hill	wet	1		načkə				nɑt͡ʃkə		n ɑ t͡ʃ k ə	3	c						SES, Bereczki2013		
mari_meadow	wet	1		nočko		nočko		notʃko		n o tʃ k o	3	c								SMSk, TscherWb
moksha	wet	1		načka				nɑt͡ʃkɑ		n ɑ t͡ʃ k ɑ	3	c						SES, UEW		
nenets_tundra	wet	1		səqnyuy°				səʔɲuj		s ə ʔ ɲ u j	10	j								JurSWb
nganasan	wet	1		ńeti̮bi̮ə		ńeti̮bi̮ə		ɲetɯbɯə		ɲ e t ɯ b ɯ ə	16	p								SlNgaRus
proto_uralic	wet	1	not_reconstructable														PFU: *ńačkV			UEW, Sam88
saami_inari	wet	1		njuoskâs				ɲuoskəs		ɲ u o s k ə s	3	c								InsSSk
saami_kildin	wet	1		njūckas		ńuuckas		ɲuːckɑs		ɲ uː c k ɑ s	3	c								WOLD
saami_north	wet	1		njuoskkas				ɲuoskːɑs		ɲ u o s kː ɑ s	3	c								SSSg
saami_pite	wet	1		luvvas				luvːɑs		l u vː ɑ s	4	d								EZ
saami_skolt	wet	1		njuõckâs				ɲuət͡skɐs		ɲ u ə t͡s k ɐ s	3	c								SKosSk
saami_south	wet	1		lovve				lovːe		l o vː e	4	d								NSsNdb
saami_ume	wet	1		luvvas				luvːɑs		l u vː ɑ s	4	d				"'Damp', ""luvvat"" 'become wet'"				WbWlap
selkup_northern	wet	1		ćentalʹ		ćentalʹ		tɕentɑʎ		tɕ e n t ɑ ʎ	11	k								SolkWb
udmurt	wet	1		kot		kot		kot		k o t	6	f								WotjWsch
veps	wet	1		märg				mærɡ		m æ r ɡ	1	a	baltic	probable					Junttila2015	VVS
votic_western	wet	1		märtšä		märčä		mærtʃ		m æ r tʃ	1	a	baltic	probable					Junttila2015	VKJMS
erzya	what	1		meźe		meźe		meʑe		m e ʑ e	1	a								MordWb
estonian_south	what	1		miä				miæ		m i æ	1	a								VESr
estonian_standard	what	1		mis		mis		mis		m i s	1	a								SVSk
finnish_standard	what	1		mi-		mi		mi		m i	1	a					Latter deriv.			JL
finnish_standard	what	2		mikä		mikä		mikæ		m i k æ	1	a					Latter deriv.			JL
hungarian	what	1		mi		mi		mi		m i	1	a								FMSz
ingrian	what	1		miɢä	mi	miɢä	mi	miɡ̥æ	mi	m i ɡ̥ æ	1	a								InkmSk
karelian_proper	what	1		mi	mikä			mi		m i	1	a					Latter deriv.			KKSV
khanty_vakh_vasyugan	what	1		mö̆ɣi		mö̆ɣi		mø̆ɣi		m ø ̆ ɣ i	1	a					Latter deriv.			DEWbOstj
khanty_vakh_vasyugan	what	2		mö̆ɣö̆lʹi		mö̆ɣö̆lʹi		mø̆ɣø̆ʎi		m ø ̆ ɣ ø ̆ ʎ i	1	a					Latter deriv.			DEWbOstj
komi_permyak	what	1		mi̮j		mi̮j		mɯj		m ɯ j	1	a								KoPRSl
komi_zyrian	what	1		mi̮j		mi̮j		mɯj		m ɯ j	1	a								SyrjWsch
livonian_courland	what	1		mis				mis		m i s	1	a								LivWb
mansi_sosva	what	1		man		man		mɑn		m ɑ n	1	a					Latter deriv.			WogWb
mansi_sosva	what	2		manər		manər		mɑnər		m ɑ n ə r	1	a					Latter deriv.			WogWb
mari_hill	what	1		ma				mɑ		m ɑ	1	a								
mari_meadow	what	1		mo		mo		mo		m o	1	a								SMSk, TscherWb
moksha	what	1		meźä				mezʲæ		m e zʲ æ	1	a								
nenets_tundra	what	1		ŋəmke				ŋəmke		ŋ ə m k e	2	b								JurSWb
nganasan	what	1		mā		mā		mɑː		m ɑː	1	a								SlNgaRus
proto_uralic	what	1		*mV				mV		m V	1	a								UEW, Sam88
saami_inari	what	1		mii				miː		m iː	1	a								InsSSk
saami_kildin	what	1		megk		megg		meɡː		m e ɡː	1	a								WOLD
saami_kildin	what	2		mī		mii		miː		m iː	1	a								WOLD
saami_north	what	1		mii				mii		m i i	1	a								SSSg
saami_pite	what	1		mij				mij		m i j	1	a								EZ
saami_skolt	what	1		mii				miː		m iː	1	a								SKosSk
saami_south	what	1		mij				mij		m i j	1	a								NSsNdb
saami_south	what	2		maam				mɑːm		m ɑː m	1	a								NSsNdb
saami_ume	what	1		mii				miː		m iː	1	a								WbWlap
selkup_northern	what	1		qaji		qaji		qɑji		q ɑ j i	3	c								SolkWb
udmurt	what	1		ma		ma		mɑ		m ɑ	1	a					Latter deriv.			WotjWsch
udmurt	what	2		mar		mar		mɑr		m ɑ r	1	a					Latter deriv.			WotjWsch
veps	what	1		mi				mi		m i	1	a								VVS
votic_western	what	1		mikä		mikä		mikæ		m i k æ	1	a								VKJMS
erzya	when	1		źardo		źardo		ʑɑrdo		ʑ ɑ r d o	4	d								MordWb
estonian_south	when	1		kuna	kunas			kunɑ		k u n ɑ	2	b								VESr
estonian_standard	when	1		kunas		kuna s		kunɑ s		k u n ɑ s	2	b								SVSk
estonian_standard	when	2		millal		milla l		milːɑ l		m i lː ɑ l	1	a								SVSk
finnish_standard	when	1		koska		koska		ko̞skɑ		k o̞ s k ɑ	2	b								JL
finnish_standard	when	2		milloin		milloin		milːo̞in		m i lː o̞ i n	1	a								JL
hungarian	when	1		mikor		mikor		mikor		m i k o r	1	a								FMSz
ingrian	when	1		konz		konz		konz		k o n z	2	b								InkmSk
ingrian	when	2		milloĭn		milloĭn		milːoĭn		m i lː o i ̆ n	1	a								InkmSk
karelian_proper	when	1		konsa				konsɑ		k o n s ɑ	2	b								KKSV
karelian_proper	when	2		kos				kos		k o s	2	b								KKSV
khanty_vakh_vasyugan	when	1		kuntɜ		kuntə		kuntə		k u n t ə	2	b								DEWbOstj
khanty_vakh_vasyugan	when	2		mǝtlät		mətlät		mətlæt		m ə t l æ t	1	a								DEWbOstj
khanty_vakh_vasyugan	when	3		mǝtlätnǝ		mətlätnə		mətlætnə		m ə t l æ t n ə	1	a								DEWbOstj
komi_permyak	when	1		ke̮r		ke̮r		kɤr		k ɤ r	2	b								KoPRSl
komi_zyrian	when	1		kor		kor		kor		k o r	2	b								SyrjWsch
livonian_courland	when	1		kunā				kunɑː		k u n ɑː	2	b								LivWb
mansi_sosva	when	1		χuń		χuń		xuɲ		x u ɲ	2	b								WogWb
mari_hill	when	1		kə̑nam				kənɑm		k ə n ɑ m	2	b						SES, Bereczki2013		
mari_meadow	when	1		kunam		kunam		kunɑm		k u n ɑ m	2	b								SMSk, TscherWb
moksha	when	1		məźarda				məzʲɑrdɑ		m ə zʲ ɑ r d ɑ	4	d			Compound. Cognacy reference lacking			SES		
nenets_tundra	when	1		syax°h				sʲɑxʔ		sʲ ɑ x ʔ	3	c			Cognacy uncertain					JurSWb
nganasan	when	1		kaŋgə		kaŋgə		kɑŋɡə		k ɑ ŋ ɡ ə	2	b								SlNgaRus
proto_uralic	when	1	not_reconstructable														Possibly an inflected form of a pronominal stem used in this meaning; cannot be reconstructed			UEW, Sam88
saami_inari	when	1		kuás				kuæs		k u æ s	2	b								InsSSk
saami_kildin	when	1		kuess’		kuessʹ		kuesːʲ		k u e sːʲ	2	b								WOLD
saami_north	when	1		goas				koɑs		k o ɑ s	2	b								SSSg
saami_pite	when	1		gåsse				kɔsːe		k ɔ sː e	2	b								EZ
saami_skolt	when	1		kuäʹss				kuæsʲː		k u æ sʲː	2	b								SKosSk
saami_south	when	1		gosse				ɡosːe		ɡ o sː e	2	b								NSsNdb
saami_south	when	2		gåessie				ɡɔesːie		ɡ ɔ e sː i e	2	b								NSsNdb
saami_ume	when	1		gåssee				kɔsːeː		k ɔ sː eː	2	b								WbWlap
selkup_northern	when	1		kun śāɣən		kun_śāɣən		kun ɕɑːɣən		k u n ɕ ɑː ɣ ə n	2	e								SolkWb
udmurt	when	1		ku		ku		ku		k u	2	b								WotjWsch
veps	when	1		konz				konz		k o n z	2	b								VVS
votic_western	when	1		kõõz		kē̮z		kɤns		k ɤ n s	2	b								VKJMS
erzya	where	1		koso		koso		koso		k o s o	2	b								MordWb
estonian_south	where	1		kon	koh ~ kohn			kon		k o n	2	b								VESr
estonian_standard	where	1		kus		kus		kus		k u s	2	b								SVSk
finnish_standard	where	1		missä		missä		misːæ		m i sː æ	1	a								JL
hungarian	where	1		hol		hol		hol		h o l	2	b								FMSz
ingrian	where	1		kuz		kuz		kuz		k u z	2	b								InkmSk
karelian_proper	where	1		kussa				kusːɑ		k u sː ɑ	2	b								KKSV
khanty_vakh_vasyugan	where	1		kot		kot		kot		k o t	2	b								DEWbOstj
khanty_vakh_vasyugan	where	2		kotǝki		kotəki		kotəki		k o t ə k i	2	b								DEWbOstj
komi_permyak	where	1		ki̮te̮n		ki̮te̮n		kɯtɤn		k ɯ t ɤ n	2	b								KoPRSl
komi_zyrian	where	1		ke̮n		ke̮n		kɤn		k ɤ n	2	b								SyrjWsch
komi_zyrian	where	2		ke̮ni		ke̮ni		kɤni		k ɤ n i	2	b								SyrjWsch
komi_zyrian	where	3		ki̮te̮n		ki̮te̮n		kɯtɤn		k ɯ t ɤ n	2	b								SyrjWsch
livonian_courland	where	1		kus				kus		k u s	2	b								LivWb
mansi_sosva	where	1		χōt		χōt		xoːt		x oː t	2	b								WogWb
mari_hill	where	1		kə̑štə̑				kəʃtə		k ə ʃ t ə	2	b						SES, UEW		
mari_meadow	where	1		kušto		kušto		kuʃto		k u ʃ t o	2	b								SMSk, TscherWb
moksha	where	1		kosa				kosɑ		k o s ɑ	2	b						SES, UEW		
nenets_tundra	where	1		xə-nyana				xə-ɲɑnɑ		x ə ɲ ɑ n ɑ	2	b								JurSWb
nganasan	where	1		kuni		kuni		kuni		k u n i	2	b								SlNgaRus
nganasan	where	2		kuńini		kuńini		kuɲini		k u ɲ i n i	2	b								SlNgaRus
proto_uralic	where	1	not_reconstructable														Possibly an inflected form of a pronominal stem used in this meaning; cannot be reconstructed			UEW, Sam88
saami_inari	where	1		kost				kost		k o s t	2	b								InsSSk
saami_kildin	where	1		kas’t		kasʹt		kɑsʲt		k ɑ sʲ t	2	b								WOLD
saami_north	where	1		gos				kos		k o s	2	b								SSSg
saami_pite	where	1		gusne				kusne		k u s n e	2	b								EZ
saami_pite	where	2		guggu				kukku		k u k k u	2	b								EZ
saami_pite	where	3		gunne				kunːe		k u nː e	2	b								EZ
saami_skolt	where	1		koʹst				kosʲt		k o sʲ t	2	b								SKosSk
saami_south	where	1		gusnie				ɡusnie		ɡ u s n i e	2	b								NSsNdb
saami_ume	where	1		güssnè				kysːne		k y sː n e	2	b								WbWlap
selkup_northern	where	1		kūn		kūn		kuːn		k uː n	2	b								SolkWb
selkup_northern	where	2		qajiqən		qajiqən		qɑjiqən		q ɑ j i q ə n	2	b								SolkWb
udmurt	where	1		ki̮ti̮n		ki̮ti̮n		kɯtɯn		k ɯ t ɯ n	2	b								WotjWsch
veps	where	1		kus				kus		k u s	2	b								VVS
votic_western	where	1		kuza		kuza		kuzɑ		k u z ɑ	2	b								VKJMS
erzya	whistle	1		veškems		veškems		veʃkems		v e ʃ k e m s	10	j								MordWb
erzya	whistle	2		veškstams		veškstams		veʃkstɑms		v e ʃ k s t ɑ m s	10	j								MordWb
estonian_south	whistle	1		vilistämä				vilistæmæ		v i l i s t æ m æ	9	i								VESr
estonian_standard	whistle	1		vilistada		vilisttata		vilistːɑtɑ		v i l i s tː ɑ t ɑ	9	i								SVSk
finnish_standard	whistle	1		viheltää		viheltää		ʋiɦe̞lt̪æː		ʋ i ɦ e̞ l t̪ æː	1	a								JL
hungarian	whistle	1		fütyül		fücül		fycyl		f y c y l	6	f								FMSz
ingrian	whistle	1		vihelᴅǟ		vihelᴅǟ		viheld̥æː		v i h e l d̥ æː	1	a								InkmSk
karelian_proper	whistle	1		vihelteä				vihelteæ		v i h e l t e æ	1	a								KKSV
khanty_vakh_vasyugan	whistle	1		č̣ŏɣi̮sǝl-				t͡ʃŏɣɨsəl		t͡ʃ ŏ ɣ ɨ s ə l	13	m								DEWbOstj
komi_permyak	whistle	1		piksi̮ni̮		piksi̮ni̮		piksɯnɯ		p i k s ɯ n ɯ	11	k								KoPRSl
komi_zyrian	whistle	1		šutʹlavni̮		šutʹlavni̮		ʃutʲlɑvnɯ		ʃ u tʲ l ɑ v n ɯ	5	e								SyrjWsch
livonian_courland	whistle	1		sviļpõ				sviʎpɯ		s v i ʎ p ɯ	2	b	latvian	clear					Suhonen1973	LivWb
mansi_sosva	whistle	1		kisi		kisi		kisi		k i s i	12	l								WogWb
mari_hill	whistle	1		šiškaš				ʃiʃkɑʃ		ʃ i ʃ k ɑ ʃ	4	d	tatar	clear					TscherWb	
mari_meadow	whistle	1		šüškem		šüškem		ʃyʃkem		ʃ y ʃ k e m	4	d	tatar	clear					TscherWb	SMSk, TscherWb
moksha	whistle	1		väškoms				væʃkoms		v æ ʃ k o m s	10	j								
nenets_tundra	whistle	1		syudər-				sʲudər-		sʲ u d ə r	7	g								JurSWb
nganasan	whistle	1		śüčaˀsa		śüčaˀsa		ɕytʃɑʔsɑ		ɕ y tʃ ɑ ʔ s ɑ	7	g								SlNgaRus
nganasan	whistle	2		śüčarsa		śüčarsa		ɕytʃɑrsɑ		ɕ y tʃ ɑ r s ɑ	7	g								SlNgaRus
proto_uralic	whistle	1	not_reconstructable																	
saami_inari	whistle	1		njurgođ				ɲurɡoð		ɲ u r ɡ o ð	3	c								InsSSk
saami_kildin	whistle	1		njurrke		ńurrke		ɲurːke		ɲ u rː k e	3	c								WOLD
saami_north	whistle	1		njurgut				ɲurkut		ɲ u r k u t	3	c								SSSg
saami_pite	whistle	1		njurrgot				ɲurːkot		ɲ u rː k o t	3	c								EZ
saami_skolt	whistle	1		njorggad	njõrggad			ɲorɡːɑd		ɲ o r ɡː ɑ d	3	c								SKosSk
saami_south	whistle	1		njorkedidh				ɲorkedidh		ɲ o r k e d i d h	3	c								NSsNdb
saami_ume	whistle	1		njurgguot				ɲurkkuot		ɲ u r k k u o t	3	c								WbWlap
selkup_northern	whistle	1		kǖkəmpi-		kǖkəmpi-		kyːkəmpi-		k yː k ə m p i	8	h			"Deriv. from ""kǖkə"" 'exclamation, whistling sound'"					SolkWb
udmurt	whistle	1		šulani̮		šulani̮		ʃulɑnɯ		ʃ u l ɑ n ɯ	5	e								WotjWsch
veps	whistle	1		vihelta				viheltɑ		v i h e l t ɑ	1	a								VVS
votic_western	whistle	1		vilissǟ		vilissǟ		vilisːeːmæ		v i l i sː eː m æ	9	i								VKJMS
erzya	white	1		ašo		ašo		ɑʃo		ɑ ʃ o	2	k	tatar	possible	Suggested to be a Tatar borrowing. Competing etymology: from PFU *ačka			Butylov2007	Butylov2007	MordWb
estonian_south	white	1		valgõ				vɑlɡɤ		v ɑ l ɡ ɤ	1	a								VESr
estonian_standard	white	1		valge		va lke		vɑ lke		v ɑ l k e	1	a								SVSk
finnish_standard	white	1		valkoinen		valkoinen		ʋɑlko̞ine̞n		ʋ ɑ l k o̞ i n e̞ n	1	a								JL
hungarian	white	1		fehér		feheer		fɛɦeːr		f ɛ ɦ eː r	5	e								FMSz
ingrian	white	1		valkia		valkia		vɑlkiɑ		v ɑ l k i ɑ	2	b								InkmSk
karelian_proper	white	1		valkie				vɑlkie		v ɑ l k i e	1	a								KKSV
karelian_proper	white	2		valkoine				vɑlkoine		v ɑ l k o i n e	1	a								KKSV
khanty_vakh_vasyugan	white	1		näɣi		näɣi		næɣi		n æ ɣ i	8	h								DEWbOstj
komi_permyak	white	1		ćoćkom		ćoćkom		tɕotɕkom		tɕ o tɕ k o m	10	j								KoPRSl
komi_zyrian	white	1		jeǯi̮d		jeǯi̮d		jedʒɯd		j e dʒ ɯ d	3	c								SyrjWsch
livonian_courland	white	1		vālda				vɑːldɑ		v ɑː l d ɑ	1	a								LivWb
mansi_sosva	white	1		jāŋk		jāŋk		jɑːŋk		j ɑː ŋ k	6	f								WogWb
mari_hill	white	1		oš				oʃ		o ʃ	2	b						SES, Bereczki2013		
mari_hill	white	2		ošə̑				oʃə		o ʃ ə	2	b						SES, Bereczki2013		
mari_meadow	white	1		oš		oš		oʃ		o ʃ	2	b			From PFU *ačka		Former attr.			SMSk, TscherWb
mari_meadow	white	2		ošo		ošo		oʃo		o ʃ o	2	b			From PFU *ačka		Former attr.			SMSk, TscherWb
moksha	white	1		akša				ɑkʃɑ		ɑ k ʃ ɑ	2	k	tatar	possible	Suggested to be a Tatar borrowing. Competing etymology: from PFU *ačka			Butylov2007	Butylov2007	
nenets_tundra	white	1		ser				ser		s e r	9	i				'Salt, grainy ice, white'				JurSWb
nenets_tundra	white	2		serako				serɑko		s e r ɑ k o	9	i				'Salt, grainy ice, white'				JurSWb
nganasan	white	1		si̮r		si̮r		sɯr		s ɯ r	9	i								SlNgaRus
proto_uralic	white	1	not_reconstructable																	UEW, Sam88
saami_inari	white	1		vielgâd				vielɡəd		v i e l ɡ ə d	1	a								InsSSk
saami_kildin	white	1		vīllke		viillke		viːlːke		v iː lː k e	1	a								WOLD
saami_north	white	1		vielgat				vielkɑt		v i e l k ɑ t	1	a								SSSg
saami_pite	white	1		villges				vilːkes		v i lː k e s	1	a								EZ
saami_pite	white	2		vällgat				vælːkɑt		v æ lː k ɑ t	1	a								EZ
saami_skolt	white	1		viõlggâd				viəlɡːɐd		v i ə l ɡː ɐ d	1	a								SKosSk
saami_south	white	1		veelkes				veːlkes		v eː l k e s	1	a								NSsNdb
saami_ume	white	1		veälˈgada				veælˈkɑtɑ		v e æ lˈ k ɑ t ɑ	1	a								WbWlap
selkup_northern	white	1		se̮rə		se̮rə		sɤrə		s ɤ r ə	9	i								SolkWb
udmurt	white	1		te̮dʹi̮		te̮dʹi̮		tɤdʲɯ		t ɤ dʲ ɯ	4	d								WotjWsch
veps	white	1		vouged				vouɡed		v o u ɡ e d	1	a								VVS
votic_western	white	1		valke̮a		valke̮a		vɑlɡɤkɤz		v ɑ l ɡ ɤ k ɤ z	2	b								VKJMS
erzya	who	1		kije	ki	kije	ki	kije	ki	k i j e	2	b								MordWb
estonian_south	who	1		kiä				kiæ		k i æ	2	b								VESr
estonian_standard	who	1		kes		kes		kes		k e s	2	b								SVSk
finnish_standard	who	1		ken-		ken		ke̞n		k e̞ n	2	b					Infl. stem			JL
finnish_standard	who	2		kuka		kuka		kukɑ		k u k ɑ	1	a								JL
hungarian	who	1		ki		ki		ki		k i	2	b								FMSz
ingrian	who	1		ken		ken		ken		k e n	2	b								InkmSk
ingrian	who	2		kuɢa		kuɢa		kuɡ̥ɑ		k u ɡ̥ ɑ	1	a								InkmSk
karelian_proper	who	1		ken				ken		k e n	2	b								KKSV
karelian_proper	who	2		ku				ku		k u	1	a								KKSV
karelian_proper	who	3		kuka				kukɑ		k u k ɑ	1	a								KKSV
khanty_vakh_vasyugan	who	1		koji̮		koji̮		kojɯ		k o j ɯ	1	a								DEWbOstj
komi_permyak	who	1		kin		kin		kin		k i n	2	b								KoPRSl
komi_zyrian	who	1		kod		kod		kod		k o d	1	a								SyrjWsch
livonian_courland	who	1		kis				kis		k i s	2	b								LivWb
mansi_sosva	who	1		χōŋχa		χōŋχa		xoːŋxɑ		x oː ŋ x ɑ	1	a								WogWb
mari_hill	who	1		kü				ky		k y	2	b						SES, UEW		
mari_meadow	who	1		kö		kö		kø		k ø	2	b								SMSk, TscherWb
moksha	who	1		kijä				kijæ		k i j æ	2	b						SES, UEW		
nenets_tundra	who	1		xíbya				xibʲɑ		x i bʲ ɑ	2	b			Connection with other languages' forms uncertain					JurSWb
nganasan	who	1		si̮li̮		si̮li̮		sɯlɯ		s ɯ l ɯ	2	b								SlNgaRus
proto_uralic	who	1		*ke				ke		k e	2	b								UEW, Sam88
proto_uralic	who	2		*ku				ku		k u	1	a				'Who, (what ?)'				UEW, Sam88
saami_inari	who	1		kii				kiː		k iː	2	b								InsSSk
saami_kildin	who	1		kē		kee		keː		k eː	2	b								WOLD
saami_kildin	who	2		kegk		kegg		keɡː		k e ɡː	2	b								WOLD
saami_north	who	1		gii				kii		k i i	2	b								SSSg
saami_pite	who	1		ge				ke		k e	2	b								EZ
saami_skolt	who	1		ǩii				ciː		c iː	2	b								SKosSk
saami_south	who	1		gie				ɡie		ɡ i e	2	b								NSsNdb
saami_ume	who	1		gìe				kie		k i e	2	b								WbWlap
selkup_northern	who	1		kuti		kuti		kuti		k u t i	1	a								SolkWb
selkup_northern	who	2		kutika		kutika		kutikɑ		k u t i k ɑ	1	a								SolkWb
udmurt	who	1		kin		kin		kin		k i n	2	b								WotjWsch
veps	who	1		ken				ken		k e n	2	b								VVS
votic_western	who	1		tšen		čen		tʃen		tʃ e n	2	b								VKJMS
erzya	wide	1		kelʹej		kelʹej		keʎej		k e ʎ e j	4	d			"Cogn. with North Sa ""gâl'lje"" 'wide, roomy'"					MordWb
estonian_south	wide	1		lag'a	lagja			lɑɡʲɑ		l ɑ ɡʲ ɑ	2	b	germanic_or_north_germanic	possible					EES, SSA	VESr
estonian_standard	wide	1		lai		lai		lɑi		l ɑ i	2	b	germanic_or_north_germanic	possible					EES, SSA	SVSk
finnish_standard	wide	1		leveä		leveä		le̞ʋe̞æ		l e̞ ʋ e̞ æ	1	a	germanic	probable					SSA, NES	JL
hungarian	wide	1		széles		seeleš		seːlɛʃ		s eː l ɛ ʃ	7	g								FMSz
ingrian	wide	1		lev̆vīä		lev̆vīä		lev̆viːæ		l e v ̆ v iː æ	1	k	estonian	possible					EES	InkmSk
karelian_proper	wide	1		levie				levie		l e v i e	1	a	germanic	probable					SSA, NES	KKSV
khanty_vakh_vasyugan	wide	1		komət		komət		komət		k o m ə t	3	c					Latter deriv.			DEWbOstj
khanty_vakh_vasyugan	wide	2		komtǝki		komtəki		komtəki		k o m t ə k i	3	c					Latter deriv.			DEWbOstj
komi_permyak	wide	1		paśki̮t		paśki̮t		pɑɕkɯt		p ɑ ɕ k ɯ t	5	e			From PU *paśkV 'notch, opening'					KoPRSl
komi_zyrian	wide	1		paśki̮d		paśki̮d		pɑɕkɯd		p ɑ ɕ k ɯ d	5	e			From PU *paśkV 'notch, opening'					SyrjWsch
livonian_courland	wide	1		laigā				lɑiɡɑː		l ɑ i ɡ ɑː	2	b	germanic_or_north_germanic	possible					EES, SSA	LivWb
mansi_sosva	wide	1		pāχwəŋ	pāŋχəŋ etc.	pāχwəŋ	pāŋχəŋ	pɑːxʷəŋ	pɑːŋxəŋ	p ɑː xʷ ə ŋ	8	h								WogWb
mari_hill	wide	1		kə̑mδa				kəmðɑ		k ə m ð ɑ	3	c						SES		
mari_meadow	wide	1		kumδa		kumδa		kumðɑ		k u m ð ɑ	3	c								SMSk, TscherWb
moksha	wide	1		kel'i				kelʲi		k e lʲ i	4	d						SES, CygankinMosin2015		
nenets_tundra	wide	1		lata				lɑtɑ		l ɑ t ɑ	9	i								JurSWb
nganasan	wide	1		tantəgə̄		tantəgə̄		tɑntəɡəː		t ɑ n t ə ɡ əː	10	j								SlNgaRus
proto_uralic	wide	1	not_reconstructable														PFU: *kumti̮			UEW, Sam88
saami_inari	wide	1		kubduv				kubduv		k u b d u v	3	c								InsSSk
saami_kildin	wide	1		kōmm’tes’		koommʹtesʹ		koːmːʲtesʲ		k oː mːʲ t e sʲ	3	c								WOLD
saami_north	wide	1		govdat				kovtɑt		k o v t ɑ t	3	c								SSSg
saami_pite	wide	1		gåbdåk				kɔptɔk		k ɔ p t ɔ k	3	c								EZ
saami_skolt	wide	1		kobddi				kobdːi		k o b dː i	3	c								SKosSk
saami_south	wide	1		gamte				ɡɑmte		ɡ ɑ m t e	3	c								NSsNdb
saami_ume	wide	1		gåbˈdaga				kɔpˈtɑkɑ		k ɔ pˈ t ɑ k ɑ	3	c								WbWlap
selkup_northern	wide	1		čānčə		čānčə		tʃɑːntʃə		tʃ ɑː n tʃ ə	10	j								SolkWb
udmurt	wide	1		paśki̮t		paśki̮t		pɑɕkɯt		p ɑ ɕ k ɯ t	5	e			From PU *paśkV 'notch, opening'					WotjWsch
veps	wide	1		leved				leved		l e v e d	1	a	germanic	probable					SSA, NES	VVS
votic_western	wide	1		лad̄ʹa		ladʹdʹa		lɑdʲː		l ɑ dʲː	2	b	germanic_or_north_germanic	possible					EES, SSA	VKJMS
erzya	wife	1		koźajka		koźajka		koʑɑjkɑ		k o ʑ ɑ j k ɑ	10	j	russian	clear					MordWb	MordWb
erzya	wife	2		ńi		ńi		ɲi		ɲ i	8	h								MordWb
estonian_south	wife	1		naanõ				nɑːnɤ		n ɑː n ɤ	3	c	proto-indo-european	possible					Koivulehto1991	VESr
estonian_standard	wife	1		naine		naine		nɑine		n ɑ i n e	3	c	proto-indo-european	possible					Koivulehto1991	SVSk
finnish_standard	wife	1		vaimo		vaimo		ʋɑimo̞		ʋ ɑ i m o̞	1	a			Derivative					JL
hungarian	wife	1		feleség		felešeeg		fɛlɛʃeːɡ		f ɛ l ɛ ʃ eː ɡ	13	m								FMSz
ingrian	wife	1		nain		nain		nɑin		n ɑ i n	3	c	proto-indo-european	possible					Koivulehto1991	InkmSk
ingrian	wife	2		naizikko		naizikko		nɑizikːo		n ɑ i z i kː o	3	c	proto-indo-european	possible					Koivulehto1991	InkmSk
karelian_proper	wife	1		akka				ɑkːɑ		ɑ kː ɑ	2	b								KKSV
khanty_vakh_vasyugan	wife	1		ni		ni		ni		n i	8	h	proto-indo-european	possible					Koivulehto1991, DEWOS	DEWbOstj
komi_permyak	wife	1		iń		iń		iɲ		i ɲ	17	q			From PFP form meaning 'mother'					KoPRSl
komi_permyak	wife	2		ińka		ińka		iɲkɑ		i ɲ k ɑ	17	q			From PFP form meaning 'mother'					KoPRSl
komi_zyrian	wife	1		ge̮ti̮r		ge̮ti̮r		ɡɤtɯr		ɡ ɤ t ɯ r	11	k	germanic	possible					KESK	SyrjWsch
livonian_courland	wife	1		nai				nɑi		n ɑ i	3	c	proto-indo-european	possible					Koivulehto1991	LivWb
mansi_sosva	wife	1		ēkwa		ēk˳a		eːkʷɑ		eː kʷ ɑ	14	n								WogWb
mari_hill	wife	1		βätə				βætə		β æ t ə	9	i	chuvash	possible				SES, TscherWb	TscherWb	
mari_meadow	wife	1		βate		βate		βɑte		β ɑ t e	9	i	chuvash	possible					TscherWb	SMSk, TscherWb
moksha	wife	1		ava				ɑvɑ		ɑ v ɑ	20	r	volga bulgar turkic	clear					Butylov2007	Butylov2007
nenets_tundra	wife	1		nye				ɲe		ɲ e	8	h								JurSWb
nganasan	wife	1		bəbə čərə ni̮		bəbə_čərə_ni̮		bəbə tʃərə nɯ		b ə b ə t ʃ ə r ə n ɯ	19	t				Lit. 'bed contents woman'				SlNgaRus
nganasan	wife	2		ńemi̮bti̮ˀi̮a		ńemi̮bti̮ˀi̮a		ɲemɯbtɯʔɯɑ		ɲ e m ɯ b t ɯ ʔ ɯ ɑ	4	u					Deriv. from PU *emä 'mother'			SlNgaRus
proto_uralic	wife	1		*niŋä				niŋæ		n i ŋ æ	8	h								UEW, Sam88
saami_inari	wife	1		kálgu				kælɡu		k æ l ɡ u	6	f								InsSSk
saami_inari	wife	2		kaavâ				kɑːvə		k ɑː v ə	7	g								InsSSk
saami_kildin	wife	1		āhk’		aahkʹ		ɑːhkʲ		ɑː h kʲ	2	b								WOLD
saami_kildin	wife	2		koab		kaab		kɒːb		k ɒː b	7	g								WOLD
saami_north	wife	1		eamit				eæmit		e æ m i t	4	t	finnic	clear	Cf. Fin “emäntä” 'woman of the house, hostess'			Sammallahti1998	Sammallahti1998, SSA	SSSg
saami_pite	wife	1		áhkatj				ɑːhkɑc		ɑː h k ɑ c	2	b								EZ
saami_pite	wife	2		emet				emet		e m e t	4	d								EZ
saami_skolt	wife	1		kaav				kɑːv		k ɑː v	7	g								SKosSk
saami_south	wife	1		gåmma				ɡɔmːɑ		ɡ ɔ mː ɑ	18	r	north germanic	clear					Qvigstad1893	NSsNdb
saami_south	wife	2		geellege				ɡeːlːeɡe		ɡ eː lː e ɡ e	6	f								NSsNdb
saami_ume	wife	1		gå̀llaga				kɔlːɑkɑ		k ɔ lː ɑ k ɑ	6	f								WbWlap
saami_ume	wife	2		ulˈmatja				ulˈmɑcɑ		u lˈ m ɑ c ɑ	5	e								WbWlap
selkup_northern	wife	1		imma		imma		imːɑ		i mː ɑ	16	p								SolkWb
udmurt	wife	1		ki̮šno		ki̮šno		kɯʃno		k ɯ ʃ n o	15	o								WotjWsch
veps	wife	1		akk		ak		ɑkː		ɑ kː	2	b								VVS
votic_western	wife	1		nain		nain		nɑin		n ɑ i n	3	c	proto-indo-european	possible					Koivulehto1991	VKJMS
erzya	wind	1		varma		varma		vɑrmɑ		v ɑ r m ɑ	4	d								MordWb
estonian_south	wind	1		tuul'				tuːlʲ		t uː lʲ	1	a	proto-indo-european	possible					Koivulehto1991, SSA, NES, EES	VESr
estonian_standard	wind	1		tuul		tuul		tuːl		t uː l	1	a	proto-indo-european	possible					Koivulehto1991, SSA, NES, EES	SVSk
finnish_standard	wind	1		tuuli		tuuli		t̪uːli		t̪ uː l i	1	a	proto-indo-european	possible					Koivulehto1991, SSA, NES, EES	JL
hungarian	wind	1		szél		seel		seːl		s eː l	6	f	west old turkic	probable					WOT, TESz	FMSz
ingrian	wind	1		tūli		tūli		tuːli		t uː l i	1	a	proto-indo-european	possible					Koivulehto1991, SSA, NES, EES	InkmSk
karelian_proper	wind	1		tuuli				tuːli		t uː l i	1	a	proto-indo-european	possible					Koivulehto1991, SSA, NES, EES	KKSV
khanty_vakh_vasyugan	wind	1		wat		wat		wɑt		w ɑ t	7	g	iranian	clear					Korenchy1972, Holopainen2019	DEWbOstj
komi_permyak	wind	1		te̮v		te̮v		tɤv		t ɤ v	1	a	proto-indo-european	possible					Koivulehto1991, SSA, NES, EES	KoPRSl
komi_zyrian	wind	1		te̮v		te̮v		tɤv		t ɤ v	1	a	proto-indo-european	possible					Koivulehto1991, SSA, NES, EES	SyrjWsch
livonian_courland	wind	1		tūļ				tuːʎ		t uː ʎ	1	a	proto-indo-european	possible					Koivulehto1991, SSA, NES, EES	LivWb
mansi_sosva	wind	1		wōt		wōt		woːt		w oː t	7	g	iranian	clear					Korenchy1972, Holopainen2019	WogWb
mari_hill	wind	1		mardež				mɑrdeʒ		m ɑ r d e ʒ	5	e								
mari_meadow	wind	1		marδež		marδež		mɑrðeʒ		m ɑ r ð e ʒ	5	e								SMSk, TscherWb
moksha	wind	1		varma				vɑrmɑ		v ɑ r m ɑ	4	d								
nenets_tundra	wind	1		myercya				mʲert͡sʲɑ		mʲ e r t͡sʲ ɑ	8	h								JurSWb
nganasan	wind	1		biə		biə		biə		b i ə	10	j								SlNgaRus
proto_uralic	wind	1		*tuwli̮				tuwlɨ		t u w l ɨ	1	a								UEW, Sam88
saami_inari	wind	1		pieggâ				pieɡːə		p i e ɡː ə	3	c								InsSSk
saami_kildin	wind	1		pīŋŋk		piiŋŋk		piːŋːk		p iː ŋː k	3	c								WOLD
saami_north	wind	1		biegga				piekkɑ		p i e k k ɑ	3	c								SSSg
saami_pite	wind	1		bägga				pækkɑ		p æ k k ɑ	3	c								EZ
saami_skolt	wind	1		piõgˈg				piəɡː		p i ə ɡː	3	c								SKosSk
saami_south	wind	1		bïegke				bɨeɡke		b ɨ e ɡ k e	3	c								NSsNdb
saami_ume	wind	1		beägˈga				peækˈkɑ		p e æ kˈ k ɑ	3	c				"'Storm'; cf. derivs. ""biäggas"" 'windy', ""beägˈgat"" 'blow (of wind)'"				WbWlap
selkup_northern	wind	1		merkə		merkə		merkə		m e r k ə	8	h								SolkWb
udmurt	wind	1		te̮l		te̮l		tɤl		t ɤ l	1	a	proto-indo-european	possible					Koivulehto1991, SSA, NES, EES	WotjWsch
veps	wind	1		döl				døl		d ø l	2	k			Cognacy reference lacking			MdH		
veps	wind	2		tullei				tulːei		t u lː e i	1	a			Likely cognate with the Finnic reflexes. Cognacy reference lacking			MdH		
votic_western	wind	1		tūli		tūli		tuːli		t uː l i	1	a	proto-indo-european	possible					Koivulehto1991, SSA, NES, EES	VKJMS
erzya	wing	1		śolmo		śolmo		ɕolmo		ɕ o l m o	4	d								MordWb
estonian_south	wing	1		siib				siːb		s iː b	1	a	baltic	probable					Vaba2011	VESr
estonian_standard	wing	1		tiib		tiip		tiːp		t iː p	1	a	baltic	probable					Vaba2011	SVSk
finnish_standard	wing	1		siipi		siipi		siːpi		s iː p i	1	a	baltic	probable					Vaba2011	JL, Heikk13, Heikk14
hungarian	wing	1		szárny		saarń		saːrɲ		s aː r ɲ	7	g	volga bulgar turkic	possible					WOT, TESz	FMSz
ingrian	wing	1		sīʙi		sīʙi		siːb̥i		s iː b̥ i	1	a	baltic	probable					Vaba2011	InkmSk
karelian_proper	wing	1		siipi				siːpi		s iː p i	1	a	baltic	probable					Vaba2011	KKSV
khanty_vakh_vasyugan	wing	1		păjlaŋ		păjlaŋ		pɑ̆jlɑŋ		p ɑ ̆ j l ɑ ŋ	9	i								DEWbOstj
komi_permyak	wing	1		bord		bord		bord		b o r d	6	f	indo-iranian	clear					Koivulehto2001, Koivulehto1988, Holopainen2019	KoPRSl
komi_zyrian	wing	1		bord		bord		bord		b o r d	6	f	indo-iranian	clear					Koivulehto2001, Koivulehto1988, Holopainen2019	SyrjWsch
livonian_courland	wing	1		tībõz				tiːbɯz		t iː b ɯ z	1	a	baltic	probable					Vaba2011	LivWb
mansi_sosva	wing	1		towəl		towəl		towəl		t o w ə l	2	b			From PFU *tulka 'feather' ~ PSd *tuə(j)					WogWb
mari_hill	wing	1		šə̑ldə̑r				ʃəldər		ʃ ə l d ə r	5	e						SES, TscherWb		
mari_meadow	wing	1		šulδə̑r		šulδə̑r		ʃulðər		ʃ u l ð ə r	5	e								SMSk, TscherWb
moksha	wing	1		paćä				pɑt͡sʲæ		p ɑ t͡sʲ æ	12	l						SES, MordWb		
nenets_tundra	wing	1		to				to		t o	2	b			From PSd *tuə(j) 'feather' ~  PFU *tulka					JurSWb
nganasan	wing	1		čuo		čuo		tʃuo		tʃ u o	2	b			From PSd *tuə(j) 'feather' ~  PFU *tulka					SlNgaRus
proto_uralic	wing	1	not_reconstructable														Reflex of PU *tuli̮ (PFU *tul-ka?) 'feather'used in all primary branches; however, parallel development?			UEW, Sam88
saami_inari	wing	1		suájá				suæjæ		s u æ j æ	3	c								InsSSk
saami_kildin	wing	1		suejj		suejj		suejː		s u e jː	3	c								WOLD
saami_north	wing	1		soadjá	soadji			soɑɟɑː		s o ɑ ɟ ɑː	3	c								SSSg
saami_pite	wing	1		sådje				sɔɟe		s ɔ ɟ e	3	c								EZ
saami_pite	wing	2		viŋŋge				viŋːke		v i ŋː k e	10	j	north germanic	clear					MH	EZ
saami_skolt	wing	1		suäjj				suæjː		s u æ jː	3	c								SKosSk
saami_south	wing	1		såaja				sɔɑjɑ		s ɔ ɑ j ɑ	3	c								NSsNdb
saami_south	wing	2		såajoe				sɔɑjue		s ɔ ɑ j u e	3	c								NSsNdb
saami_ume	wing	1		så̀jjee				sɔjːeː		s ɔ jː eː	3	c								WbWlap
selkup_northern	wing	1		kūtə		kūtə		kuːtə		k uː t ə	11	k								SolkWb
udmurt	wing	1		burd		burd		burd		b u r d	6	f	indo-iranian	clear					Koivulehto2001, Koivulehto1988, Holopainen2019	WotjWsch
veps	wing	1		sūg				suːɡ		s uː ɡ	2	b			From PFU *tulka 'feather'? (~ PSd *tuə(j))					VVS
votic_western	wing	1		sīpi		sīpi		siːpi		s iː p i	1	a	baltic	probable					Vaba2011	VKJMS
erzya	wipe	1		nardams		nardams		nɑrdɑms		n ɑ r d ɑ m s	4	d								MordWb
estonian_south	wipe	1		pühk'mä				pyhkʲmæ		p y h kʲ m æ	1	a			"Cf. NHG ""wisken"""					VESr
estonian_standard	wipe	1		pühkida		pühkita		pyhkitɑ		p y h k i t ɑ	1	a			"Cf. NHG ""wisken"""					SVSk
finnish_standard	wipe	1		pyyhkiä		püühkiä		pyːçkiæ		p yː ç k i æ	1	a			"Cf. NHG ""wisken"""					JL
hungarian	wipe	1		töröl		töröl		tørøl		t ø r ø l	8	h								FMSz
ingrian	wipe	1		pǖhkiä		pǖhkiä		pyːhkiæ		p yː h k i æ	1	a			"Cf. NHG ""wisken"""					InkmSk
karelian_proper	wipe	1		pyyhkie				pyːhkie		p yː h k i e	1	a			"Cf. NHG ""wisken"""					KKSV
khanty_vakh_vasyugan	wipe	1		moŋət-		moŋət-		moŋət-		m o ŋ ə t	10	j								DEWbOstj
komi_permyak	wipe	1		ći̮ški̮ni̮		ći̮ški̮ni̮		tɕɯʃkɯnɯ		tɕ ɯ ʃ k ɯ n ɯ	6	f								KoPRSl
komi_zyrian	wipe	1		ći̮ški̮ni̮		ći̮ški̮ni̮		tɕɯʃkɯnɯ		tɕ ɯ ʃ k ɯ n ɯ	6	f								SyrjWsch
livonian_courland	wipe	1		pūdstõ				puːdstɯ		p uː d s t ɯ	2	b	proto-indo-european	possible					EES, SSA	LivWb
mansi_sosva	wipe	1		sēɣi		sēɣi		seːɣi		s eː ɣ i	9	i								WogWb
mari_hill	wipe	1		əštəläš				əʃtəlæʃ		ə ʃ t ə l æ ʃ	5	e			Cognacy reference lacking			SES		
mari_meadow	wipe	1		üštam		üštam		yʃtɑm		y ʃ t ɑ m	5	e								SMSk, TscherWb
moksha	wipe	1		nardams				nɑrdɑms		n ɑ r d ɑ m s	4	d			Source claims descriptive origin. Highly uncertain.			SES, Versinin2004		
nenets_tundra	wipe	1		tæcy°				tæt͡sʲ		t æ t͡sʲ	11	k								JurSWb
nganasan	wipe	1		ńakidʹa		ńakidʹa		ɲɑkidʲɑ		ɲ ɑ k i dʲ ɑ	15	o				'Rub, wipe'				SlNgaRus
proto_uralic	wipe	1		*čočV- ?				t͡ʃot͡ʃV		t͡ʃ o t͡ʃ V	7	g								UEW, Sam88
saami_inari	wipe	1		sikkođ				sikːoð		s i kː o ð	3	c								InsSSk
saami_kildin	wipe	1		jērre		jeerre		jeːrːe		j eː rː e	13	m								WOLD
saami_north	wipe	1		sihkkut				sihkːut		s i h kː u t	3	c								SSSg
saami_pite	wipe	1	form_not_found																	EZ
saami_skolt	wipe	1		sekkad				sekːɑd		s e kː ɑ d	3	c								SKosSk
saami_south	wipe	1		njaamedh				ɲɑːmedh		ɲ ɑː m e d h	14	n								NSsNdb
saami_ume	wipe	1		sï'hkkuot				sihkːuot		s i h kː u o t	3	c								WbWlap
selkup_northern	wipe	1		mūsə-	müsə-	mūsə-	müsə-	muːsə-	mysə-	m uː s ə	12	l								SolkWb
udmurt	wipe	1		tšuši̮ni̮		čuši̮ni̮		tʃuʃɯnɯ		tʃ u ʃ ɯ n ɯ	7	g								WotjWsch
veps	wipe	1		pühktʹa				pyxktʲɑ		p y x k tʲ ɑ	1	a			"Cf. NHG ""wisken"""					VVS
votic_western	wipe	1		pühtšiä		pühčiä		pyht͡ʃiæ		p y h t͡ʃ i æ	1	a			"Cf. NHG ""wisken"""					VKJMS
erzya	with	1		marto		marto		mɑrto		m ɑ r t o	9	i								MordWb
estonian_south	with	1		üten	üteh ~ ütehn			yten		y t e n	4	d			From PFin *ükte-nä '(together) as one'					VESr
estonian_standard	with	1		koos		koos		koːs		k oː s	3	c					"""Koos"" is properly 'together'; suffix ""-ga"" used more typically in comitative function, also with preposed ""koos"""			SVSk
finnish_standard	with	1		kanssa		kanssa		kɑnsːɑ		k ɑ n sː ɑ	1	a	germanic	clear	Deriv. from ”kansa” 'nation, people', cf. PGer *χansā				SSA	JL
hungarian	with	1		vele		vele		vɛlɛ		v ɛ l ɛ	12	l				'With him' and suffix on head noun, respectively				FMSz
hungarian	with	2		(-val/vel)		(-val/vel)		(-vɒl/vɛl)			12	l				'With him' and suffix on head noun, respectively				FMSz
ingrian	with	1		kanz	kā	kanz	kā	kɑnz	kɑː	k ɑ n z	1	a	germanic	clear	Deriv. from ”kansa” 'nation, people', cf. PGer *χansā				SSA	InkmSk
ingrian	with	2		-kā	-kǟ	-kā	-kǟ	-kɑː	-kæː	k ɑː	1	a	germanic	clear	Deriv. from ”kansa” 'nation, people', cf. PGer *χansā				SSA	InkmSk
ingrian	with	3		kera		kera		kerɑ		k e r ɑ	2	b			Shortened from kerta					InkmSk
karelian_proper	with	1		kera				kerɑ		k e r ɑ	2	b			Shortened from kerta					KKSV
khanty_vakh_vasyugan	with	1		jö̆t-		jö̆t-		jø̆t-		j ø ̆ t	14	n					Used with suffixed possessive pronoun			DEWbOstj
komi_permyak	with	1	no_equivalent														"Comitative suffix ""-ke̮d"" used for 'with'; no independent word"			KoPRSl
komi_zyrian	with	1		-ke̮d		-ke̮d		kəd		k ə d	18	r					"Comitative suffix ""-ke̮d"" used for 'with'; no independent word"			SyrjWsch
livonian_courland	with	1		īņõ				iːɲɯ		iː ɲ ɯ	4	d			From PFin *ükte-nä '(together) as one'					LivWb
livonian_courland	with	2		īņõs				iːɲɯs		iː ɲ ɯ s	4	d			From PFin *ükte-nä '(together) as one'					LivWb
mansi_sosva	with	1		jurtəl		jurtəl		jurtəl		j u r t ə l	13	m								WogWb
mari_hill	with	1		δono				ðono		ð o n o	8	h			Cognacy reference lacking			SES		
mari_meadow	with	1		δene		δene		ðene		ð e n e	8	h				'At, with'				SMSk, TscherWb
moksha	with	1		marχta				mɑrxtɑ		m ɑ r x t ɑ	9	i			Cognacy reference lacking			SES		
nenets_tundra	with	1	no_equivalent														"Comitative case used for 'with'; however, ""nyah"" 'with someone'"			JurSWb
nganasan	with	1		nanu		nanu		nɑnu		n ɑ n u	17	q				"Form of postposition ""na"" 'to, towards', used primarily in possessive constructions"				SlNgaRus
proto_uralic	with	1	not_reconstructable																	UEW, Sam88
saami_inari	with	1		meid(d)ei				meidːei		m e i dː e i	15	o								InsSSk
saami_inari	with	2		mield				mield		m i e l d	6	f	finnic	clear					Sammallahti1998	InsSSk
saami_kildin	with	1		mīll’te		miillʹte		miːlːʲte		m iː lːʲ t e	6	f	finnic	clear					Riessler2009	WOLD
saami_north	with	1		fárrui				fɑːrːui		f ɑː rː u i	5	e	north germanic	clear					Sammallahti1998	SSSg
saami_north	with	2		mielde				mielte		m i e l t e	6	f	finnic	clear					Sammallahti1998	SSSg
saami_pite	with	1	form_not_found																	EZ
saami_skolt	with	1		-in / -vuiʹm				-in / -vuimʲ		i n / v u i mʲ	11	k					Comitative case used for 'with'; no independent word			SKosSk
saami_south	with	1		gujmie				ɡujmie		ɡ u j m i e	16	p					Deriv. from guejmie 'mate, companion'			NSsNdb
saami_south	with	2		meatan				meɑtɑn		m e ɑ t ɑ n	15	o	north germanic	clear					MH	NSsNdb
saami_ume	with	1		miŋèsna				miŋesnɑ		m i ŋ e s n ɑ	7	g								WbWlap
selkup_northern	with	1	no_equivalent														Intrumental case used for 'with'; no independent word			SolkWb
udmurt	with	1		tšoš		čoš		tʃoʃ		tʃ o ʃ	10	j								WotjWsch
udmurt	with	2		tšošen		čošen		tʃoʃen		tʃ o ʃ e n	10	j								WotjWsch
veps	with	1	no_equivalent														"Comitative case (suffix ""-ke"") used for 'with'; no independent word"			VVS
votic_western	with	1		(-)kā		kā		kɑːs		k ɑː s	1	a	germanic	clear	Deriv. from ”kansa” 'nation, people', cf. PGer *χansā				SSA	VKJMS
erzya	woman	1		ava		ava		ɑvɑ		ɑ v ɑ	4	d	volga bulgar turkic	clear					Butylov2007, Paasonen1897	MordWb
estonian_south	woman	1		naanõ				nɑːnɤ		n ɑː n ɤ	1	a	proto-indo-european	possible					Koivulehto1991	VESr
estonian_standard	woman	1		naine		naine		nɑine		n ɑ i n e	1	a	proto-indo-european	possible					Koivulehto1991	SVSk
finnish_standard	woman	1		nainen		nainen		nɑine̞n		n ɑ i n e̞ n	1	a	proto-indo-european	possible					Koivulehto1991	JL
hungarian	woman	1		asszony		assoń		ɒsːoɲ		ɒ sː o ɲ	12	l	iranian	probable					Zaicz2006, TESz	FMSz
hungarian	woman	2		nő		nöö		nøː		n øː	8	h								FMSz
ingrian	woman	1		nain		nain		nɑin		n ɑ i n	1	a	proto-indo-european	possible					Koivulehto1991	InkmSk
karelian_proper	woman	1		naine				nɑine		n ɑ i n e	1	a	proto-indo-european	possible					Koivulehto1991	KKSV
khanty_vakh_vasyugan	woman	1		ni		ni		ni		n i	8	h								DEWbOstj
komi_permyak	woman	1		ińka		ińka		iɲkɑ		i ɲ k ɑ	13	m								KoPRSl
komi_zyrian	woman	1		ań		ań		ɑɲ		ɑ ɲ	10	j			From PU *ańa 'wife of older relative, mother?'					SyrjWsch
komi_zyrian	woman	2		ni̮vbaba		ni̮vbaba		nɯvbɑbɑ		n ɯ v b ɑ b ɑ	11	k			First part from PU *nejδi 'daughter, girl'					SyrjWsch
livonian_courland	woman	1		naì				nɑi		n ɑ i	1	a	proto-indo-european	possible					Koivulehto1991	LivWb
mansi_sosva	woman	1		nē		nē		neː		n eː	8	h								WogWb
mari_hill	woman	1		əδərämäš				əðəræmæʃ		ə ð ə r æ m æ ʃ	6	f			Cognacy reference lacking		"Deriv. from ""üδə̑r"" 'girl, daughter'"	SES		
mari_meadow	woman	1		üδə̑ramaš		üδə̑ramaš		yðərɑmɑʃ		y ð ə r ɑ m ɑ ʃ	6	f					"Deriv. from ""üδə̑r"" 'girl, daughter'"			SMSk, TscherWb
moksha	woman	1		ava				ɑvɑ		ɑ v ɑ	4	d	volga bulgar turkic	clear				Butylov2007	Butylov2007, Paasonen1897	
nenets_tundra	woman	1		nye				ɲe		ɲ e	8	h								JurSWb
nganasan	woman	1		ni̮		ni̮		nɯ		n ɯ	8	h								SlNgaRus
proto_uralic	woman	1		*niŋä				niŋæ		n i ŋ æ	8	h								UEW, Sam88
saami_inari	woman	1		nissoon				nisːoːn		n i sː oː n	2	b								InsSSk
saami_kildin	woman	1		nɨzan		nə̑zan		nɨzɑn		n ɨ z ɑ n	2	b								WOLD
saami_north	woman	1		nisu				nisu		n i s u	2	b								SSSg
saami_pite	woman	1		kujdna				kujtnɑ		k u j t n ɑ	3	c	north germanic	clear					Schlachter1958	EZ
saami_skolt	woman	1		neezzan				neːzzɑn		n eː z z ɑ n	2	b								SKosSk
saami_south	woman	1		nyjsene				nyjsene		n y j s e n e	2	b								NSsNdb
saami_south	woman	2		nyjsenæjja				nyjsenæjːɑ		n y j s e n æ jː ɑ	2	b								NSsNdb
saami_ume	woman	1		kujnna				kujnːɑ		k u j nː ɑ	3	c	north germanic	clear					Schlachter1958	WbWlap
saami_ume	woman	2		nïjsuone				nijsuone		n i j s u o n e	2	b								WbWlap
selkup_northern	woman	1		imma		imma		imːɑ		i mː ɑ	9	i								SolkWb
udmurt	woman	1		ki̮šnomurt		ki̮šno		kɯʃno		k ɯ ʃ n o	7	g								WotjWsch
veps	woman	1		naine				nɑine		n ɑ i n e	1	a	proto-indo-european	possible					Koivulehto1991	VVS
votic_western	woman	1		nain		nain		nɑin		n ɑ i n	1	a	proto-indo-european	possible					Koivulehto1991	VKJMS
erzya	woods	1		viŕ		viŕ		virʲ		v i rʲ	3	c	baltic	possible	"Cogn. with Fin ""vieri"" 'edge, side'"				Grunthal2012	MordWb
estonian_south	woods	1		mõts				mɤts		m ɤ t s	1	a	baltic	probable					vanLinde2007, Junttila2012	VESr
estonian_standard	woods	1		mets		metts		metːs		m e tː s	1	a	baltic	probable					vanLinde2007, Junttila2012	SVSk
finnish_standard	woods	1		metsä		metsä		me̞t̪sæ		m e̞ t̪ s æ	1	a	baltic	probable					vanLinde2007, Junttila2012	JL
hungarian	woods	1		erdő		erdöö		ɛɾdøː		ɛ ɾ d øː	8	h								FMSz
ingrian	woods	1		met̀sä		met̀sä		met̀sæ		m e t̀ s æ	1	a	baltic	probable					vanLinde2007, Junttila2012	InkmSk
karelian_proper	woods	1		mettšä				metːʃæ		m e tː ʃ æ	1	a	baltic	probable					vanLinde2007, Junttila2012	KKSV
khanty_vakh_vasyugan	woods	1		wont		wont		wont		w o n t	2	b								DEWbOstj
komi_permyak	woods	1		ve̮r		ve̮r		vɤr		v ɤ r	5	e			From PFU *wōri (?*wari) 'hill, forest', cf. PU *wara 'mountain, ridge' (Aikio 2006)					KoPRSl
komi_zyrian	woods	1		ve̮r		ve̮r		vɤr		v ɤ r	5	e			From PFU *wōri (?*wari) 'hill, forest', cf. PU *wara 'mountain, ridge' (Aikio 2006)					SyrjWsch
livonian_courland	woods	1		mõtsā				mɯtsɑː		m ɯ t s ɑː	1	a	baltic	probable					vanLinde2007, Junttila2012	LivWb
mansi_sosva	woods	1		wōr		wōr		woːr		w oː r	5	e			From PFU *wōri (?*wari) 'hill, forest', cf. PU *wara 'mountain, ridge' (Aikio 2006)					WogWb
mari_hill	woods	1		šərgə				ʃərɡə		ʃ ə r ɡ ə	14	o			Cognacy reference lacking					
mari_meadow	woods	1		čoδə̑ra		čoδə̑ra		tʃoðərɑ		tʃ o ð ə r ɑ	4	d								SMSk, TscherWb
moksha	woods	1		viŕ				virʲ		v i rʲ	3	c								
nenets_tundra	woods	1		pedara				pedɑrɑ		p e d ɑ r ɑ	10	j								JurSWb
nganasan	woods	1		muŋku		muŋku		muŋku		m u ŋ k u	13	n				'Tree', plural 'forest'				SlNgaRus
proto_uralic	woods	1	not_reconstructable																	UEW, Sam88
saami_inari	woods	1		mecci				met͡sːi		m e t͡sː i	1	m	finnic	clear					Lehtiranta1989	InsSSk
saami_kildin	woods	1		vārr’		vaarrʹ		vɑːrːʲ		v ɑː rːʲ	9	i			From PU *wara 'hill, ridge'? (Aikio 2006)					WOLD
saami_north	woods	1		vuovdi				vuovti		v u o v t i	2	b	germanic	probable					Aikio2009	SSSg
saami_pite	woods	1		mähttse				mæhtːse		m æ h tː s e	1	m	finnic	clear					Lehtiranta1989	EZ
saami_pite	woods	2		vuävvde				vuævːte		v u æ vː t e	2	b								EZ
saami_skolt	woods	1		meäʹcˈc				meæt͡sʲː		m e æ t͡sʲː	1	m	finnic	clear					Lehtiranta1989	SKosSk
saami_south	woods	1		skåake	skåajje			skɔɑke		s k ɔ ɑ k e	12	l	north germanic	clear					Qvigstad1893	NSsNdb
saami_ume	woods	1		mä̀htsee				mæht͡seː		m æ h t͡s eː	1	m	finnic	clear					Lehtiranta1989	WbWlap
selkup_northern	woods	1		maćə		maćə		mɑtɕə		m ɑ tɕ ə	11	k								SolkWb
udmurt	woods	1		ńules		ńules		ɲules		ɲ u l e s	6	f			From PU *ńulkV 'silver fir'					WotjWsch
veps	woods	1		mets		mec		mets		m e t s	1	a	baltic	probable					vanLinde2007, Junttila2012	VVS
votic_western	woods	1		mettsä		mettsä		metsæ		m e t s æ	1	a	baltic	probable					vanLinde2007, Junttila2012	VKJMS
erzya	word	1		val		val		vɑl		v ɑ l	4	d								MordWb
estonian_south	word	1		sõna				sɤnɑ		s ɤ n ɑ	1	a								VESr
estonian_standard	word	1		sõna		sə̑na		sɤnɑ		s ɤ n ɑ	1	a								SVSk
finnish_standard	word	1		sana		sana		sɑnɑ		s ɑ n ɑ	1	a								JL
hungarian	word	1		szó		soo		soː		s oː	6	f	west old turkic	possible	Possible competing Iranian origin rejected in Holopainen2023				WOT, TESz	FMSz
ingrian	word	1		sana		sana		sɑnɑ		s ɑ n ɑ	1	a								InkmSk
karelian_proper	word	1		sana				sɑnɑ		s ɑ n ɑ	1	a								KKSV
khanty_vakh_vasyugan	word	1		kö̭l		kö̭l		kø̻l		k ø̻ l	5	e				'Word, speech, language'				DEWbOstj
komi_permyak	word	1		ki̮v		ki̮v		kɯv		k ɯ v	5	e				'Tongue, language, word'				KoPRSl
komi_zyrian	word	1		ki̮v		ki̮v		kɯv		k ɯ v	5	e				'Tongue, language, speech, word'				SyrjWsch
livonian_courland	word	1		sõnā				sɯnɑː		s ɯ n ɑː	1	a								LivWb
mansi_sosva	word	1		lʹātəŋ		lʹātəŋ		ʎɑːtəŋ		ʎ ɑː t ə ŋ	9	i				'Word, speech, language'				WogWb
mansi_sosva	word	2		lʹāχ	lʹāŋχ	lʹāχ	lʹāŋχ	ʎɑːx	ʎɑːŋx	ʎ ɑː x	8	h				'Word, speech, language'				WogWb
mari_hill	word	1		šamak				ʃɑmɑk		ʃ ɑ m ɑ k	12	m	chuvash	clear				TscherWb	TscherWb	
mari_meadow	word	1		mut		mut		mut		m u t	7	g								SMSk, TscherWb
moksha	word	1		val				vɑl		v ɑ l	4	d						SES, CygankinMosin2015		
nenets_tundra	word	1		wada				wɑdɑ		w ɑ d ɑ	10	j				'Word, language'				JurSWb
nganasan	word	1		buəðu		buəδu		buəðu		b u ə ð u	10	j				'Word; talk, speech'				SlNgaRus
proto_uralic	word	1	not_reconstructable																	UEW, Sam88
saami_inari	word	1		pááhu				pæːhu		p æː h u	3	c								InsSSk
saami_inari	word	2		sääni				sæːni		s æː n i	1	l	finnic	probable					SSA	InsSSk
saami_kildin	word	1		sānn’		saannʹ		sɑːnːʲ		s ɑː nːʲ	1	l	finnic	probable					Riessler2009	WOLD
saami_north	word	1		sátni				sɑːtni		s ɑː t n i	1	l	finnic	probable					SSA	SSSg
saami_pite	word	1		báhko				pɑːhko		p ɑː h k o	3	c								EZ
saami_skolt	word	1		sääʹnn				sæːnʲː		s æː nʲː	1	l	finnic	probable					SSA	SKosSk
saami_south	word	1		baakoe				bɑːkue		b ɑː k u e	3	c								NSsNdb
saami_ume	word	1		baahkoo				pɑːhkoː		p ɑː h k oː	3	c								WbWlap
selkup_northern	word	1		ē̮či		ē̮či		ɤːtʃi		ɤː tʃ i	11	k								SolkWb
udmurt	word	1		ki̮l		ki̮l		kɯl		k ɯ l	5	e				'Tongue, language, word'				WotjWsch
veps	word	1		sana				sɑnɑ		s ɑ n ɑ	1	a								VVS
veps	word	2		vajeh				vɑjeh		v ɑ j e h	2	b								VVS
votic_western	word	1		sõna		se̮na		sɤnɑ		s ɤ n ɑ	1	a								VKJMS
erzya	worm	1		suks		suks		suks		s u k s	4	d			Word-internal u for expected o					MordWb
estonian_south	worm	1		huss'				husːʲ		h u sːʲ	2	b	slavic	possible					EES	VESr
estonian_south	worm	2		vagõl	vakl			vɑɡɤl		v ɑ ɡ ɤ l	15	p								SI
estonian_standard	worm	1		uss		uss		usː		u sː	2	b	slavic	possible					EES	SVSk
finnish_standard	worm	1		mato		mato		mɑt̪o̞		m ɑ t̪ o̞	1	a	iranian	clear					Holopainen2018, Holopainen2019, EVE	JL
hungarian	worm	1		féreg		feereg		feːɾɛɡ		f eː ɾ ɛ ɡ	7	g								FMSz
ingrian	worm	1		maᴅo		maᴅo		mɑd̥o		m ɑ d̥ o	1	a	iranian	clear					Holopainen2018, Holopainen2019, EVE	InkmSk
karelian_proper	worm	1		mato(ine)				mɑtoine		m ɑ t o i n e	1	a	iranian	clear					Holopainen2018, Holopainen2019, EVE	KKSV
khanty_vakh_vasyugan	worm	1		soɣ		soɣ		soɣ		s o ɣ	8	h								DEWbOstj
komi_permyak	worm	1		gag		gag		ɡɑɡ		ɡ ɑ ɡ	13	m					"Stem ""gagj-"""			KoPRSl
komi_zyrian	worm	1		nomi̮r		nomi̮r		nomɯr		n o m ɯ r	6	f								SyrjWsch
livonian_courland	worm	1		boŗ				borʲ		b o rʲ	3	c								LivWb
mansi_sosva	worm	1		pērk		pērk		peːrk		p eː r k	7	g								WogWb
mari_hill	worm	1		šukš				ʃukʃ		ʃ u k ʃ	4	d						SES, Bereczki2013, UEW		
mari_meadow	worm	1		šukš		šukš		ʃukʃ		ʃ u k ʃ	4	d								SMSk, TscherWb
moksha	worm	1		suks				suks		s u k s	4	d						SES, UEW		
nenets_tundra	worm	1		xəli				xəli		x ə l i	11	k								JurSWb
nganasan	worm	1		kəlʹśüˀə		kəlʹśüˀə		kəʎɕyʔə		k ə ʎ ɕ y ʔ ə	11	k								SlNgaRus
proto_uralic	worm	1	not_reconstructable																	UEW, Sam88
saami_inari	worm	1		máátu				mæːtu		m æː t u	1	o	finnic	clear					SSA	InsSSk
saami_inari	worm	2		kiksâ				kiksə		k i k s ə	12	l								InsSSk
saami_inari	worm	3		suoksâ				suoksə		s u o k s ə	4	d								InsSSk
saami_kildin	worm	1		mādt		maadd		mɑːdː		m ɑː dː	1	o	finnic	clear					Riessler2009	WOLD
saami_north	worm	1		máhtu				mɑːhtu		m ɑː h t u	1	o	finnic	clear					Sammallahti1998, SSA	SSSg
saami_pite	worm	1		máhto				mɑːhto		m ɑː h t o	1	o	finnic	clear					SSA	EZ
saami_skolt	worm	1		määtt				mæːtː		m æː tː	1	o	finnic	clear					SSA	SKosSk
saami_south	worm	1		soekse				suekse		s u e k s e	4	d				'Worm, maggot'				NSsNdb
saami_ume	worm	1		suakˈsa				suɑkˈsɑ		s u ɑ kˈ s ɑ	4	d								WbWlap
selkup_northern	worm	1		čuk		čuk		tʃuk		tʃ u k	10	j								SolkWb
udmurt	worm	1		numi̮r		numi̮r		numɯr		n u m ɯ r	6	f								WotjWsch
veps	worm	1		mado				mɑdo		m ɑ d o	1	a	iranian	clear					Holopainen2018, Holopainen2019, EVE	VVS
votic_western	worm	1		matokkain				touko		t o u k o	1	a	iranian	clear				EVE	Holopainen2018, Holopainen2019, EVE	
votic_western	worm	2		touko		touko		touko		t o u k o	14	n								VKJMS
erzya	year	1		ije		ije		ije		i j e	3	c	proto-indo-european	possible	Cf. Fin ikä 'age'				Koivulehto1988a	MordWb
estonian_south	year	1		aastak				ɑːstɑk		ɑː s t ɑ k	2	b								VESr
estonian_south	year	2		ajasta(ig)				ɑjɑstɑiɡ		ɑ j ɑ s t ɑ i ɡ	2	b								VESr
estonian_standard	year	1		aasta		aastta		ɑːstːɑ		ɑː s tː ɑ	2	b								SVSk
finnish_standard	year	1		vuosi		vuosi		ʋuo̞si		ʋ u o̞ s i	1	a								JL
hungarian	year	1		év		eev		eːv		eː v	3	k	indo-iranian	possible	Borrowing relations unclear			Koivulehto1988a	Koivulehto1988a	FMSz
ingrian	year	1		vōz		vōz		voːz		v oː z	1	a								InkmSk
karelian_proper	year	1		vuosi				vuosi		v u o s i	1	a								KKSV
khanty_vakh_vasyugan	year	1		al		al		ɑl		ɑ l	1	a	permic	possible					UEW	DEWbOstj
komi_permyak	year	1		god		god		ɡod		ɡ o d	8	h	russian	clear					KoPRSl	KoPRSl
komi_permyak	year	2		vo		vo		vo		v o	1	a								KoPRSl
komi_zyrian	year	1		vo		vo		vo		v o	1	a								SyrjWsch
livonian_courland	year	1		āigast				ɑːiɡɑst		ɑː i ɡ ɑ s t	2	b								LivWb
mansi_sosva	year	1		tāl		tāl		tɑːl		t ɑː l	6	f			From PFU *tälwä 'winter'					WogWb
mari_hill	year	1		i				i		i	3	c	proto-indo-european	possible				Koivulehto1988a	Koivulehto1988a	
mari_meadow	year	1		ij		ij		ij		i j	3	c	proto-indo-european	possible					Koivulehto1988a	SMSk, TscherWb
moksha	year	1		kiza				kizɑ		k i z ɑ	8	l						UEW		
nenets_tundra	year	1		po				po		p o	7	g								JurSWb
nganasan	year	1		hüə		hüə		hyə		h y ə	7	g				'Year, age'				SlNgaRus
proto_uralic	year	1		*ärV				ærV		æ r V	5	e								UEW, Sam88
saami_inari	year	1		ihe				ihe		i h e	3	j	finnic	clear					Sammallahti1998	InsSSk
saami_kildin	year	1		ɨgk’		ə̑ggʹ		ɨɡːʲ		ɨ ɡːʲ	3	j	finnic	clear					Riessler2009	WOLD
saami_north	year	1		jahki				jɑhki		j ɑ h k i	3	i	finnic	clear	Cf. Fin ikä 'age'				Sammallahti1998	SSSg
saami_pite	year	1		jahke				jɑhke		j ɑ h k e	3	i	finnic	clear					Sammallahti1998	EZ
saami_skolt	year	1		eeʹǩǩ				eːcː		eː cː	3	j	finnic	clear					Sammallahti1998	SKosSk
saami_south	year	1		jaepie				jɑepie		j ɑ e p i e	4	d								NSsNdb
saami_ume	year	1		jàhpee				jɑhpeː		j ɑ h p eː	4	d								WbWlap
selkup_northern	year	1		po		po		po		p o	7	g								SolkWb
udmurt	year	1		ar		ar		ɑr		ɑ r	5	e								WotjWsch
veps	year	1		voź		vozʹ		vozʲ		v o zʲ	1	a								VVS
votic_western	year	1		vōsi		vōsi		ɑːstɑik		ɑː s t ɑ i k	1	a								
erzya	yellow	1		ožo		ožo		oʒo		o ʒ o	5	e								MordWb
estonian_south	yellow	1		kõllanõ				kɤlːɑnɤ		k ɤ lː ɑ n ɤ	1	a	baltic	clear	"Cf. Lith ""geltà"" 'yellowness, the yellow color'"				Junttila2015, SSA, EES, NES	VESr
estonian_standard	yellow	1		kollane		kollane		kolːɑne		k o lː ɑ n e	1	a	baltic	clear	"Cf. Lith ""geltà"" 'yellowness, the yellow color'"				Junttila2015, SSA, EES, NES	SVSk
finnish_standard	yellow	1		keltainen		keltainen		ke̞lt̪ɑine̞n		k e̞ l t̪ ɑ i n e̞ n	1	a	baltic	clear	"Cf. Lith ""geltà"" 'yellowness, the yellow color'"				Junttila2015, SSA, EES, NES	JL
hungarian	yellow	1		sárga		šaarga		ʃaːrɡɒ		ʃ aː r ɡ ɒ	6	n	west old turkic	probable				WOT	WOT	FMSz
ingrian	yellow	1		keltain		keltain		keltɑin		k e l t ɑ i n	1	a	baltic	clear	"Cf. Lith ""geltà"" 'yellowness, the yellow color'"				Junttila2015, SSA, EES, NES	InkmSk
karelian_proper	yellow	1		keltaine				keltɑine		k e l t ɑ i n e	1	a	baltic	clear	"Cf. Lith ""geltà"" 'yellowness, the yellow color'"				Junttila2015, SSA, EES, NES	KKSV
khanty_vakh_vasyugan	yellow	1		kul-lö̆j		kul-lö̆j		kul-lø̆j		k u l l ø ̆ j	9	i				"Comp.; ""kul"" 'fish', ""lö̆j"" 'gall'; ie. yellow as fish gall"				DEWbOstj
komi_permyak	yellow	1		vež		vež		veʒ		v e ʒ	3	c	indo-iranian_or_iranian	possible					Koivulehto1999	KoPRSl
komi_zyrian	yellow	1		viž		viž		viʒ		v i ʒ	3	c	indo-iranian_or_iranian	possible					Koivulehto1999	SyrjWsch
livonian_courland	yellow	1		vīri				viːri		v iː r i	3	c	indo-iranian_or_iranian	possible					Koivulehto1999	LivWb
mansi_sosva	yellow	1		kasm		kasm		kɑsm		k ɑ s m	8	h								WogWb
mari_hill	yellow	1		sarə̑				sɑrə		s ɑ r ə	6	f	turkic	possible	Turkic layer cannot be determined.			TscherWb	TscherWb	
mari_meadow	yellow	1		narə̑ńče		narə̑ńče		nɑrəɲtʃe		n ɑ r ə ɲ tʃ e	12	l	tatar	clear					Isanbaev1994	SMSk, TscherWb
moksha	yellow	1		t'užä				tʲuʒæ		tʲ u ʒ æ	7	g			Cognacy reference lacking			SES		
nenets_tundra	yellow	1		tasyexey°				tɑsʲexej		t ɑ sʲ e x e j	10	j								JurSWb
nganasan	yellow	1		todʹakuə		todʹakuə		todʲɑkuə		t o dʲ ɑ k u ə	10	j				'Yellow, brown, gray'				SlNgaRus
proto_uralic	yellow	1	not_reconstructable																	UEW, Sam88
saami_inari	yellow	1		fiskâd				fiskəd		f i s k ə d	4	d								InsSSk
saami_kildin	yellow	1		ruččkes’		rutšškesʹ		rutʃːkesʲ		r u t ʃː k e sʲ	13	m								WOLD
saami_north	yellow	1		fiskat				fiskɑt		f i s k ɑ t	4	d								SSSg
saami_pite	yellow	1		vissgat				visːkɑt		v i sː k ɑ t	4	d								EZ
saami_skolt	yellow	1		viskkâd				viskːɐd		v i s kː ɐ d	4	d								SKosSk
saami_south	yellow	1		viskes				viskes		v i s k e s	4	d								NSsNdb
saami_ume	yellow	1		visskada				visːkɑtɑ		v i sː k ɑ t ɑ	4	d								WbWlap
selkup_northern	yellow	1		patəlʹ		patəlʹ		pɑtəʎ		p ɑ t ə ʎ	11	k					"Deriv. from ""patə"" 'gall'"			SolkWb
udmurt	yellow	1		tšuž		čuž		tʃuʒ		tʃ u ʒ	7	g								WotjWsch
veps	yellow	1		pakuine				pɑkuine		p ɑ k u i n e	2	b								VVS
votic_western	yellow	1		kõltõin		ke̮lte̮in		kɤltɤin		k ɤ l t ɤ i n	1	a	baltic	clear	"Cf. Lith ""geltà"" 'yellowness, the yellow color'"				Junttila2015, SSA, EES, NES	VKJMS
erzya	yesterday	1		iśak		iśak		iɕɑk		i ɕ ɑ k	3	c								MordWb
estonian_south	yesterday	1		eeläq				eːlæʔ		eː l æ ʔ	1	a								VESr
estonian_standard	yesterday	1		eile		eile		eile		e i l e	1	a								SVSk
finnish_standard	yesterday	1		eilen		ejlen		e̞jle̞n		e̞ j l e̞ n	1	a								JL
hungarian	yesterday	1		tegnap		tegnap		tɛɡnɒp		t ɛ ɡ n ɒ p	4	j				"Deriv. and comp. with ""nap"" 'day'"		MdH		FMSz
ingrian	yesterday	1		eglen		eglen		eɡlen		e ɡ l e n	1	a								InkmSk
karelian_proper	yesterday	1		eklein				eklein		e k l e i n	1	a								KKSV
khanty_vakh_vasyugan	yesterday	1		mălakotǝl		mălakotəl		mɑ̆lɑkotəl		m ɑ ̆ l ɑ k o t ə l	5	k				"Comp; ""măla(ɣəl)"" 'last', ""kotǝl"" 'day'"		MdH		DEWbOstj
khanty_vakh_vasyugan	yesterday	2		mălaɣəl kotǝl		mălaɣəl_kotəl		mɑ̆lɑɣəl kotəl		m ɑ ̆ l ɑ ɣ ə l k o t ə l	5	k				"Comp; ""măla(ɣəl)"" 'last', ""kotǝl"" 'day'"		MdH		DEWbOstj
komi_permyak	yesterday	1		te̮n		te̮n		tɤn		t ɤ n	4	h						MdH		KoPRSl
komi_zyrian	yesterday	1		te̮-ri̮t		te̮-ri̮t		tɤ-rɯt		t ɤ r ɯ t	4	g				Compounds		MdH		SyrjWsch
komi_zyrian	yesterday	2		te̮n-lun		te̮n-lun		tɤn-lun		t ɤ n l u n	4	g				Compounds		MdH		SyrjWsch
livonian_courland	yesterday	1		eggiļ				eɡːiʎ		e ɡː i ʎ	1	a								LivWb
mansi_sosva	yesterday	1		mōl-χōtal		mōl-χōtal		moːl-xoːtɑl		m oː l x oː t ɑ l	5	e				"Comp; ""mōl"" 'last', ""χōtal"" 'day'"				WogWb
mari_hill	yesterday	1		tengečə				teŋɡet͡ʃə		t e ŋ ɡ e t͡ʃ ə	4	d			Cognacy reference lacking			SES		
mari_meadow	yesterday	1		teŋgeče		teŋgeče		teŋɡetʃe		t e ŋ ɡ e tʃ e	4	d			"Comp.; ""teŋ-"" from PU *tä-, ""keče"" 'day'"					SMSk, TscherWb
moksha	yesterday	1		iśak				isʲɑk		i sʲ ɑ k	3	c			Cognacy reference lacking			SES		
nenets_tundra	yesterday	1		tye-nyana				tʲe-ɲɑnɑ		tʲ e ɲ ɑ n ɑ	4	d								JurSWb
nganasan	yesterday	1		dʹali̮ takə̄		dʹali̮_takə̄		dʲɑlɯ tɑkəː		dʲ ɑ l ɯ t ɑ k əː	4	d			"""Dʹali̮"" 'day' from PSmd *jälä"	Lit. 'that (further away) day'				SlNgaRus
proto_uralic	yesterday	1	not_reconstructable																	UEW, Sam88
saami_inari	yesterday	1		jieht				jieht		j i e h t	2	b								InsSSk
saami_kildin	yesterday	1		jexxta		jexxta		jexːtɑ		j e xː t ɑ	2	b								WOLD
saami_north	yesterday	1		ikte				ikte		i k t e	2	b								SSSg
saami_pite	yesterday	1		ukto	iktu			ukto		u k t o	2	b								EZ
saami_skolt	yesterday	1		jåhtta				jɔhtːɑ		j ɔ h tː ɑ	2	b								SKosSk
saami_south	yesterday	1		jååktan				joːktɑn		j oː k t ɑ n	2	b								NSsNdb
saami_ume	yesterday	1		jukˈta				jukˈtɑ		j u kˈ t ɑ	2	b								WbWlap
selkup_northern	yesterday	1		tǟlʹćēlə		tǟlʹćēlə		tæːʎtɕeːlə		t æː ʎ tɕ eː l ə	4	d			"""Ćēlə"" 'day' from PSmd *jälä"					SolkWb
udmurt	yesterday	1		tolon		tolon		tolon		t o l o n	4	h			"From earlier compound; cf. Komi ""te̮-lun"" 'that day'"			MdH		WotjWsch
veps	yesterday	1		eglē				eɡleː		e ɡ l eː	1	a								VVS
veps	yesterday	2		eglai				eɡlɑi		e ɡ l ɑ i	1	a								VVS
votic_western	yesterday	1		egle		egle		eɡle		e ɡ l e	1	a								VKJMS
erzya	you_pl	1		tiń		tiń		tiɲ		t i ɲ	1	a								MordWb
estonian_south	you_pl	1		tiiq	ti			tiːʔ		t iː ʔ	1	a								VESr
estonian_standard	you_pl	1		teie		teie		teie		t e i e	1	a								SVSk
estonian_standard	you_pl	2		te		te		te		t e	1	a								SVSk
finnish_standard	you_pl	1		te		te		t̪e̞		t̪ e̞	1	a								JL
hungarian	you_pl	1		ti		ti		ti		t i	1	a								FMSz
ingrian	you_pl	1		tȫ		tȫ		tøː		t øː	1	a								InkmSk
karelian_proper	you_pl	1		työ				tyø		t y ø	1	a								KKSV
khanty_vakh_vasyugan	you_pl	1		nəŋ		nəŋ		nəŋ		n ə ŋ	2	b								DEWbOstj
komi_permyak	you_pl	1		ti		ti		ti		t i	1	a								KoPRSl
komi_permyak	you_pl	2		tije̮		tije̮		tijɤ		t i j ɤ	1	a								KoPRSl
komi_zyrian	you_pl	1		ti		ti		ti		t i	1	a								SyrjWsch
livonian_courland	you_pl	1		tēg				teːɡ		t eː ɡ	1	a								LivWb
mansi_sosva	you_pl	1		nān		nān		nɑːn		n ɑː n	2	b								WogWb
mari_hill	you_pl	1		tä				tæ		t æ	1	a						SES, Bereczki2013		
mari_meadow	you_pl	1		te		te		te		t e	1	a								SMSk, TscherWb
moksha	you_pl	1		t'iń				tʲinʲ		tʲ i nʲ	1	a						SES, UEW		
nenets_tundra	you_pl	1		pid°raq				pidrɑʔ		p i d r ɑ ʔ	3	c								JurSWb
nganasan	you_pl	1		ti̮ŋ		ti̮ŋ		tɯŋ		t ɯ ŋ	1	a								SlNgaRus
proto_uralic	you_pl	1		*tȣ̈				tø		t ø	1	a								UEW, Sam88
saami_inari	you_pl	1		tij				tij		t i j	1	a								InsSSk
saami_kildin	you_pl	1		tɨjj		tə̑jj		tɨjː		t ɨ jː	1	a								WOLD
saami_north	you_pl	1		dii				tii		t i i	1	a								SSSg
saami_pite	you_pl	1		dija				tijɑ		t i j ɑ	1	a								EZ
saami_skolt	you_pl	1		tij				tij		t i j	1	a								SKosSk
saami_south	you_pl	1		dijjieh				dijːieh		d i jː i e h	1	a								NSsNdb
saami_ume	you_pl	1		dijja				tijːɑ		t i jː ɑ	1	a								WbWlap
selkup_northern	you_pl	1		tē		tē		teː		t eː	1	a								SolkWb
udmurt	you_pl	1		ti		ti		ti		t i	1	a								WotjWsch
veps	you_pl	1		tʹö	tʹe			tʲø		tʲ ø	1	a								VVS
votic_western	you_pl	1		tǖ (töö)		tǖ		tyː		t yː	1	a								VKJMS
erzya	you_sg	1		ton		ton		ton		t o n	1	a								MordWb
estonian_south	you_sg	1		sag				sɑɡ		s ɑ ɡ	1	a								VESr
estonian_south	you_sg	2		sina				sinɑ		s i n ɑ	1	a								VESr
estonian_south	you_sg	3		sinno				sinːo		s i nː o	1	a								VESr
estonian_standard	you_sg	1		sa		sa		sɑ		s ɑ	1	a								SVSk
estonian_standard	you_sg	2		sina		sina		sinɑ		s i n ɑ	1	a								SVSk
finnish_standard	you_sg	1		sinä		sinä		sinæ		s i n æ	1	a								JL
hungarian	you_sg	1		te		te		tɛ		t ɛ	1	a								FMSz
ingrian	you_sg	1		siä		siä		siæ		s i æ	1	a								InkmSk
karelian_proper	you_sg	1		sie				sie		s i e	1	a								KKSV
karelian_proper	you_sg	2		sinä				sinæ		s i n æ	1	a								KKSV
khanty_vakh_vasyugan	you_sg	1		nö̆ŋ		nö̆ŋ		nø̆ŋ		n ø ̆ ŋ	2	b								DEWbOstj
komi_permyak	you_sg	1		te		te		te		t e	1	a								KoPRSl
komi_zyrian	you_sg	1		te		te		te		t e	1	a								SyrjWsch
livonian_courland	you_sg	1		sa				sɑ		s ɑ	1	a								LivWb
livonian_courland	you_sg	2		sinā				sinɑː		s i n ɑː	1	a								LivWb
mansi_sosva	you_sg	1		naŋ		naŋ		nɑŋ		n ɑ ŋ	2	b								WogWb
mari_hill	you_sg	1		təń		təń		tənʲ		t ə nʲ	1	a						SES, Bereczki2013, UEW		
mari_meadow	you_sg	1		tə̑j		tə̑j		təj		t ə j	1	a								SMSk, TscherWb
moksha	you_sg	1		ton				ton		t o n	1	a						SES, UEW		
nenets_tundra	you_sg	1		pidər°				pidər		p i d ə r	3	c								JurSWb
nganasan	you_sg	1		tənə		tənə		tənə		t ə n ə	1	a								SlNgaRus
proto_uralic	you_sg	1		*ti-				ti		t i	1	a								UEW, Sam88
proto_uralic	you_sg	2		*tun-				tun		t u n	1	a								UEW, Sam88
saami_inari	you_sg	1		tun				tun		t u n	1	a								InsSSk
saami_kildin	you_sg	1		tōnn		toonn		toːnː		t oː nː	1	a								WOLD
saami_north	you_sg	1		don				ton		t o n	1	a								SSSg
saami_pite	you_sg	1		dån				tɔn		t ɔ n	1	a								EZ
saami_skolt	you_sg	1		ton				ton		t o n	1	a								SKosSk
saami_south	you_sg	1		datne				dɑtne		d ɑ t n e	1	a								NSsNdb
saami_ume	you_sg	1		dådˈna				tɔtˈnɑ		t ɔ tˈ n ɑ	1	a								WbWlap
selkup_northern	you_sg	1		tan		tan		tɑn		t ɑ n	1	a								SolkWb
udmurt	you_sg	1		ton		ton		ton		t o n	1	a								WotjWsch
veps	you_sg	1		śä				sʲæ		sʲ æ	1	a								VVS
veps	you_sg	2		sińä				sinʲæ		s i nʲ æ	1	a								VVS
votic_western	you_sg	1		siä		siä		siæ		s i æ	1	a								VKJMS
erzya	younger_brother	1		jalaks		jalaks		jɑlɑks		j ɑ l ɑ k s	5	e					"Cf. ""lʹelʹa"" 'older brother'"			MordWb
estonian_south	younger_brother	1		väikuveli				væikuveli		v æ i k u v e l i	2	b					"Phrasally expressed: ""vähämb veli"" 'younger brother'"			VESr
estonian_standard	younger_brother	1		väikevend		väikkevent		væikːevent		v æ i kː e v e n t	2	b								SVSk
finnish_standard	younger_brother	1		pikkuveli		pikkuveli		pikːuʋe̞li		p i kː u ʋ e̞ l i	1	a								JL
hungarian	younger_brother	1		öcs		ötšš		øtʃː		ø t ʃː	7	g								FMSz
ingrian	younger_brother	1	form_not_found																	InkmSk
karelian_proper	younger_brother	1	form_not_found													"""Velji"" 'brother'"				KKSV
khanty_vakh_vasyugan	younger_brother	1		kaki̮		kaki̮		kɑkɯ		k ɑ k ɯ	13	m								DEWbOstj
komi_permyak	younger_brother	1	no_equivalent														"Phrasally expressed: ""uće̮tži̮k von"" 'younger brother'"			KoPRSl
komi_zyrian	younger_brother	1	form_not_found														"Cf. ""vok"" 'brother'"			SyrjWsch
livonian_courland	younger_brother	1		veļki				veʎki		v e ʎ k i	3	c					"Deriv. from ""veʾlʹ"" 'brother'"			LivWb
mansi_sosva	younger_brother	1		kaś				kɑsʲ		k ɑ sʲ	9	o						SES		WogWb
mari_hill	younger_brother	1		šol'a				ʃolɑ		ʃ o l ɑ	6	f								
mari_meadow	younger_brother	1		šolʹo		šolʹo		ʃoʎo		ʃ o ʎ o	6	f								SMSk, TscherWb
moksha	younger_brother	1		päl'ńä				pælʲnʲæ		p æ lʲ nʲ æ	14	n								
nenets_tundra	younger_brother	1		pyebya				pʲebʲɑ		pʲ e bʲ ɑ	10	j					Cf. “papa” 'younger sister, younger brother'			JurSWb
nganasan	younger_brother	1	no_equivalent													"Cf. ""ŋadʹa"" 'younger brother, younger sister, younger brother'"				SlNgaRus
proto_uralic	younger_brother	1	not_reconstructable																	
saami_inari	younger_brother	1	form_not_found														"Cf. ""vilja"" 'brother'"			InsSSk
saami_kildin	younger_brother	1	no_equivalent														"Phrasally expressed: ""nūra vīll’j"" 'younger brother'"			WOLD
saami_north	younger_brother	1		unnavielja				unːɑvieljɑ		u nː ɑ v i e l j ɑ	4	d				Both lit. 'little-brother'				SSSg
saami_north	younger_brother	2		uhcavielja				uhcɑvieljɑ		u h c ɑ v i e l j ɑ	4	d				Both lit. 'little-brother'				SSSg
saami_pite	younger_brother	1	no_equivalent														"Phrasally expressed: ""nuorab vällja"" 'younger brother'"			EZ
saami_skolt	younger_brother	1	form_not_found														"Cf. ""villj ~ viʹllj"" 'brother'"			SKosSk
saami_south	younger_brother	1		onnevïelle				onːevɨelːe		o nː e v ɨ e lː e	4	d								NSsNdb
saami_ume	younger_brother	1		unnaveällja				unːɑveælːjɑ		u nː ɑ v e æ lː j ɑ	4	d					"Cf. ""veälˈja"" 'brother'"	SES		WbWlap
selkup_northern	younger_brother	1		mī̮ta		mī̮ta		mɯːtɑ		m ɯː t ɑ	11	k								SolkWb
udmurt	younger_brother	1		vi̮n		vi̮n		vɯn		v ɯ n	8	h								WotjWsch
veps	younger_brother	1	form_not_found													"Cf. ""velʹlʹi"" 'brother'"				VVS
votic_western	younger_brother	1	form_not_found																	VKJMS
