ID,Local_ID,Language_ID,Parameter_ID,Value,Form,Segments,Comment,Source,Cognacy,Loan,Graphemes,Profile,item_UPA,item_IPA,form_set,etym_notes,glossing_notes
0-1-1,,0,1,*tuli̮,*tuli̮,,,UEW;Sam88,,,,,,,1,,
101-1-1,,101,1,dålle,dålle,,,NSsNdb,,,,,,,1,,
102-1-1,,102,1,dålla,dålla,,,WbWlap,,,,,,,1,,
104-1-1,,104,1,dållå,dållå,,,EZ,,,,,,,1,,
105-1-1,,105,1,dolla,dolla,,,SSSg,,,,,,,1,,
106-1-1,,106,1,tulla,tulla,,,InsSSk,,,,,,,1,,
107-1-1,,107,1,toll,toll,,,SKosSk,,,,,,,1,,
108-1-1,,108,1,tōll,tōll,t oː lː,,WOLD,,,,,,toːlː,1,,
203-1-1,,203,1,tuli,tuli,t̪ u l i,,JL,,,,,,t̪uli,1,,
204-1-1,,204,1,tuli,tuli,,,KKSV,,,,,,,1,,
207-1-1,,207,1,tulʹi,tulʹi,,,VVS,,,,,,,1,,
208-1-1,,208,1,tuli,tuli,t u l i,,InkmSk,,,,,tuli,tuli,1,,
209-1-1,,209,1,tuli,tuli,t u l i,,VKJMS,,,,,tuli,tuli,1,,
210-1-1,,210,1,tuli,tuli,t u l i,,SVSk,,,,,,tuli,1,,
211-1-1,,211,1,tuli,tuli,,,VESr,,,,,,,1,,
212-1-1,,212,1,tuʾlʹ,tuʾlʹ,,,LivWb,,,,,,,1,,
301-1-1,,301,1,tol,tol,t o l,,MordWb,,,,,tol,tol,1,,
401-1-1,,401,1,tul,tul,t u l,,SMSk;TscherWb,,,,,tul,tul,1,,
504-1-1,,504,1,ti̮l,ti̮l,t ɯ l,,WotjWsch,,,,,ti̮l,tɯl,1,,
901-1-1,,901,1,tuj,tuj,t u j,,SlNgaRus,,,,,tuj,tuj,1,,
902-1-1,,902,1,tu,tu,,,JurSWb,,,,,,,1,,
907-1-1,,907,1,tǖ,tǖ,t yː,,SolkWb,,,,,tǖ,tyː,1,,
207-1-2,,207,1,lʹämoi,lʹämoi,,,VVS,,,,,,,2,,
501-1-1,,501,1,bi,bi,b i,,SyrjWsch,,,,,bi,bi,3,Possibly from PFU *päjwä,
503-1-1,,503,1,bi,bi,b i,,KoPRSl,,,,,bi,bi,3,Possibly from PFU *päjwä,
601-1-1,,601,1,tűz,tűz,t yː z,,FMSz,,,,,,tyːz,4,,
807-1-1,,807,1,tö̆ɣət,tö̆ɣət,t ø ̆ ɣ ə t,,DEWbOstj,,,,,tö̆ɣət,tø̆ɣət,4,,
701-1-1,,701,1,ulʹa,ulʹa,u ʎ ɑ,,WogWb,,,,,ulʹa,uʎɑ,5,,
701-1-2,,701,1,nāj,nāj,n ɑː j,,WogWb,,,,,nāj,nɑːj,6,,
0-10-1,,0,10,"*ti-, *tun-",*ti-,,,UEW;Sam88,,,,,,,1,,
0-10-2,,0,10,"*ti-, *tun-",*tun-,,,UEW;Sam88,,,,,,,1,,
101-10-1,,101,10,datne,datne,,,NSsNdb,,,,,,,1,,
102-10-1,,102,10,dådˈna,dådˈna,,,WbWlap,,,,,,,1,,
104-10-1,,104,10,dån,dån,,,EZ,,,,,,,1,,
105-10-1,,105,10,don,don,,,SSSg,,,,,,,1,,
106-10-1,,106,10,tun,tun,,,InsSSk,,,,,,,1,,
107-10-1,,107,10,ton,ton,,,SKosSk,,,,,,,1,,
108-10-1,,108,10,tōnn,tōnn,t oː nː,,WOLD,,,,,,toːnː,1,,
203-10-1,,203,10,sinä,sinä,s i n æ,,JL,,,,,,sinæ,1,,
204-10-1,,204,10,"sie, sinä",sie,,,KKSV,,,,,,,1,,
204-10-2,,204,10,"sie, sinä",sinä,,,KKSV,,,,,,,1,,
207-10-1,,207,10,"śä, sińä",śä,,,VVS,,,,,,,1,,
207-10-2,,207,10,"śä, sińä",sińä,,,VVS,,,,,,,1,,
208-10-1,,208,10,siä,siä,s i æ,,InkmSk,,,,,siä,siæ,1,,
209-10-1,,209,10,siä,siä,s i æ,,VKJMS,,,,,siä,siæ,1,,
210-10-1,,210,10,"sa, sina",sa,s ɑ s i n ɑ,,SVSk,,,,,,"sɑ, sinɑ",1,,
210-10-2,,210,10,"sa, sina",sina,s ɑ s i n ɑ,,SVSk,,,,,,"sɑ, sinɑ",1,,
211-10-1,,211,10,"sag, sina, sinno",sag,,,VESr,,,,,,,1,,
211-10-2,,211,10,"sag, sina, sinno",sina,,,VESr,,,,,,,1,,
211-10-3,,211,10,"sag, sina, sinno",sinno,,,VESr,,,,,,,1,,
212-10-1,,212,10,"sa, sinā",sa,,,LivWb,,,,,,,1,,
212-10-2,,212,10,"sa, sinā",sinā,,,LivWb,,,,,,,1,,
301-10-1,,301,10,ton,ton,t o n,,MordWb,,,,,ton,ton,1,,
401-10-1,,401,10,tə̑j,tə̑j,t ə j,,SMSk;TscherWb,,,,,tə̑j,təj,1,,
501-10-1,,501,10,te,te,t e,,SyrjWsch,,,,,te,te,1,,
503-10-1,,503,10,te,te,t e,,KoPRSl,,,,,te,te,1,,
504-10-1,,504,10,ton,ton,t o n,,WotjWsch,,,,,ton,ton,1,,
601-10-1,,601,10,te,te,t ɛ,,FMSz,,,,,,tɛ,1,,
901-10-1,,901,10,tənə,tənə,t ə n ə,,SlNgaRus,,,,,tənə,tənə,1,,
907-10-1,,907,10,tan,tan,t ɑ n,,SolkWb,,,,,tan,tɑn,1,,
701-10-1,,701,10,naŋ,naŋ,n ɑ ŋ,,WogWb,,,,,naŋ,nɑŋ,2,,
807-10-1,,807,10,nö̆ŋ,nö̆ŋ,n ø ̆ ŋ,,DEWbOstj,,,,,nö̆ŋ,nø̆ŋ,2,,
902-10-1,,902,10,pidər°,pidər°,,,JurSWb,,,,,,,3,,
203-100-1,,203,100,kova,kova,k o̞ ʋ ɑ,,JL,,,,,,ko̞ʋɑ,1,,
204-100-1,,204,100,kova,kova,,,KKSV,,,,,,,1,,
207-100-1,,207,100,kova,kova,,,VVS,,,,,,,1,,
208-100-1,,208,100,kova,kova,k o v ɑ,,InkmSk,,,,,kova,kovɑ,1,,
209-100-1,,209,100,ke̮va,ke̮va,k ɤ v ɑ,,VKJMS,,,,,ke̮va,kɤvɑ,1,,
210-100-1,,210,100,kõva,kõva,k ɤ v ɑ,,SVSk,,,,,,kɤvɑ ,1,,
211-100-1,,211,100,kõva,kõva,,,VESr,,,,,,,1,,
212-100-1,,212,100,ke̮vā,ke̮vā,,,LivWb,,,,,,,1,,
101-100-1,,101,100,garre,garre,,,NSsNdb,,,,,,,2,,
102-100-1,,102,100,garras,garras,,,WbWlap,,,,,,,2,,
104-100-1,,104,100,garra,garra,,,EZ,,,,,,,2,,
105-100-1,,105,100,garas,garas,,,SSSg,,,,,,,2,,
106-100-1,,106,100,kooras,kooras,,,InsSSk,,,,,,,2,,
107-100-1,,107,100,kõõrâs,kõõrâs,,,SKosSk,,,,,,,2,,
108-100-1,,108,100,kērr,kērr,k eː rː,,WOLD,,,,,,keːrː,2,,
301-100-1,,301,100,kalgodo,kalgodo,k ɑ l ɡ o d o,,MordWb,,,,,kalgodo,kɑlɡodo,3,,
401-100-1,,401,100,peškə̑δe,peškə̑δe,p e ʃ k ə ð e,,SMSk;TscherWb,,,,,peškə̑δe,peʃkəðe,4,,
501-100-1,,501,100,ćori̮d,ćori̮d,tɕ o r ɯ d,,SyrjWsch,,,,,ćori̮d,tɕorɯd,5,"From PFP (PU?) *ćarV 'hard, strong'",
503-100-1,,503,100,ćori̮t,ćori̮t,tɕ o r ɯ t,,KoPRSl,,,,,ćori̮t,tɕorɯt,5,"From PFP (PU?) *ćarV 'hard, strong'",
504-100-1,,504,100,ćuri̮t,ćuri̮t,tɕ u r ɯ t,,WotjWsch,,,,,ćuri̮t,tɕurɯt,5,"From PFP (PU?) *ćarV 'hard, strong'",
0-100-1,,0,100,*kämä ?,*kämä ?,,,UEW;Sam88,,,,,,,6,,
301-100-2,,301,100,keme,keme,k e m e,,MordWb,,,,,keme,keme,6,,
601-100-1,,601,100,kemény,kemény,k ɛ m eː ɲ,,FMSz,,,,,,kɛmeːɲ,6,,
701-100-1,,701,100,ńaŋra,ńaŋra,ɲ ɑ ŋ r ɑ,,WogWb,,,,,ńaŋra,ɲɑŋrɑ,7,,
807-100-1,,807,100,serɜ,serɜ,s e r ə,,DEWbOstj,,,,,serə,serə,8,,
401-100-2,,401,100,peŋgə̑δe,peŋgə̑δe,p e ŋ ɡ ə ð e,,SMSk;TscherWb,,,,,peŋgə̑δe,peŋɡəðe,9,,
907-100-1,,907,100,śarə,śarə,ɕ ɑ r ə,,SolkWb,,,,,śarə,ɕɑrə,10,,
902-100-1,,902,100,yabtyiy° ~ yabtiy°,yabtyiy° ~ yabtiy°,,,JurSWb,,,,,,,11,,
401-100-3,,401,100,čotkə̑do,čotkə̑do,tʃ o t k ə d o,,SMSk;TscherWb,,,,,čotkə̑do,tʃotkədo,12,,
208-100-2,,208,100,kalpia,kalpia,k ɑ l p i ɑ,,InkmSk,,,,,kalpia,kɑlpiɑ,13,,
208-100-3,,208,100,valju,valju,v ɑ l j u,,InkmSk,,,,,valju,vɑlju,14,,
209-100-2,,209,100,kaŋka,kaŋka,k ɑ ŋ k ɑ,,VKJMS,,,,,kaŋka,kɑŋkɑ,15,,
101-100-2,,101,100,tjamke,tjamke,,,NSsNdb,,,,,,,16,,
104-100-2,,104,100,tjavvga,tjavvga,,,EZ,,,,,,,16,,
901-100-1,,901,100,dʹanti̮ə,dʹanti̮ə,dʲ ɑ n t ɯ ə,,SlNgaRus,,,,,dʹanti̮ə,dʲɑntɯə,17,,
901-100-2,,901,100,nosəgə̄,nosəgə̄,n o s ə ɡ əː,,SlNgaRus,,,,,nosəgə̄,nosəɡəː,18,,
901-100-3,,901,100,tujmuə,tujmuə,t u j m u ə,,SlNgaRus,,,,,tujmuə,tujmuə,19,,
0-101-1,,0,101,[Not reconstructable],,,,UEW;Sam88,,,,,,,?,[Not reconstructable],
102-101-1,,102,101,[Form not found],,,,WbWlap,,,,,,,?,[Form not found],
104-101-1,,104,101,[Form not found],,,,EZ,,,,,,,?,[Form not found],
203-101-1,,203,101,murskata,murskata,m u r s k ɑ t̪ ɑ,,JL,,,,,,murskɑt̪ɑ,1,,
203-101-2,,203,101,jauhaa,jauhaa,j ɑ u ɦ ɑː,,JL,,,,,,jɑuɦɑː,2,,
204-101-1,,204,101,jauhuo,jauhuo,,,KKSV,,,,,,,2,,
207-101-1,,207,101,jauhta,jauhta,,,VVS,,,,,,,2,,
208-101-1,,208,101,jauhoja,jauhoja,j ɑ u h o j ɑ,,InkmSk,,,,,jauhoja,jɑuhojɑ,2,,
209-101-1,,209,101,javama,javama,j ɑ v ɑ m ɑ,,VKJMS,,,,,javama,jɑvɑmɑ,2,,
210-101-1,,210,101,jahvatada,jahvatada,j ɑ h v ɑ tː ɑ t ɑ,,SVSk,,,,,,jɑhvɑtːɑtɑ,2,,
211-101-1,,211,101,jauhma,jauhma,,,VESr,,,,,,,2,,
212-101-1,,212,101,joʾuvə,joʾuvə,,,LivWb,,,,,,,2,,
301-101-1,,301,101,"jažams, jažavtoms",jažams,j ɑ ʒ ɑ m s,,MordWb,,,,,"jažams, jažavtoms",jɑʒɑms,2,,
301-101-2,,301,101,"jažams, jažavtoms",jažavtoms,j ɑ ʒ ɑ v t o m s,,MordWb,,,,,"jažams, jažavtoms",jɑʒɑvtoms,2,,
401-101-1,,401,101,"joŋə̑štem, joŋə̑žem",joŋə̑štem,j o ŋ ə ʃ t e m,,SMSk;TscherWb,,,,,"joŋə̑štem, joŋə̑žem",joŋəʃtem,2,,'Grind'
401-101-2,,401,101,"joŋə̑štem, joŋə̑žem",joŋə̑žem,j o ŋ ə ʒ e m,,SMSk;TscherWb,,,,,"joŋə̑štem, joŋə̑žem",joŋəʒem,2,,'Grind'
204-101-2,,204,101,murentoa,murentoa,,,KKSV,,,,,,,3,,
210-101-2,,210,101,purustada,purustada,p u r u s tː ɑ t ɑ,,SVSk,,,,,,purustːɑtɑ,4,,
211-101-2,,211,101,purutama,purutama,,,VESr,,,,,,,4,,
212-101-2,,212,101,suʾrrə,suʾrrə,,,LivWb,,,,,,,5,"Cogn. with Fin ""survoa"" 'cram, mash'",
105-101-1,,105,101,milˈlet,milˈlet,,,SSSg,,,,,,,6,,'Grind (primarily coffee)'
106-101-1,,106,101,millođ,millođ,,,InsSSk,,,,,,,6,,
108-101-1,,108,101,mielle,mielle,m i e lː e,,WOLD,,,,,,mielːe,6,,
101-101-1,,101,101,måaladidh,måaladidh,,,NSsNdb,,,,,,,7,,
105-101-2,,105,101,molˈlet,molˈlet,,,SSSg,,,,,,,7,,
107-101-1,,107,101,maaʹlˈjed,maaʹlˈjed,,,SKosSk,,,,,,,7,,
401-101-3,,401,101,tə̑ɣə̑δemδem,tə̑ɣə̑δemδem,t ə ɣ ə ð e m ð e m,,SMSk;TscherWb,,,,,tə̑ɣə̑δemδem,təɣəðemðem,8,"Deriv. from ""tə̑ɣə̑δe"" 'fine, small-grained'",
401-101-4,,401,101,"laštə̑rtem, laštə̑rɣem",laštə̑rtem,l ɑ ʃ t ə r t e m,,SMSk;TscherWb,,,,,"laštə̑rtem, laštə̑rɣem",lɑʃtərtem,9,,'Crush'
401-101-5,,401,101,"laštə̑rtem, laštə̑rɣem",laštə̑rɣem,l ɑ ʃ t ə r ɣ e m,,SMSk;TscherWb,,,,,"laštə̑rtem, laštə̑rɣem",lɑʃtərɣem,9,,'Crush'
501-101-1,,501,101,"ize̮dni̮, izni̮",ize̮dni̮,i z ɤ d n ɯ,,SyrjWsch,,,,,"ize̮dni̮, izni̮",izɤdnɯ,10,"Deriv. from ""iz"" 'stone'",
501-101-2,,501,101,"ize̮dni̮, izni̮",izni̮,i z n ɯ,,SyrjWsch,,,,,"ize̮dni̮, izni̮",iznɯ,10,"Deriv. from ""iz"" 'stone'",
503-101-1,,503,101,izni̮,izni̮,i z n ɯ,,KoPRSl,,,,,izni̮,iznɯ,10,"Deriv. from ""iz"" 'stone'",
501-101-3,,501,101,maikni̮,maikni̮,m ɑ i k n ɯ,,SyrjWsch,,,,,maikni̮,mɑiknɯ,11,,
504-101-1,,504,101,ńelʹki̮ni̮,ńelʹki̮ni̮,ɲ e ʎ k ɯ n ɯ,,WotjWsch,,,,,ńelʹki̮ni̮,ɲeʎkɯnɯ,12,,"'Crush, cram'"
601-101-1,,601,101,őröl,őröl,øː r ø l,,FMSz,,,,,,øːrøl,13,,'Grind'
601-101-2,,601,101,darál,darál,d ɒ r aː l,,FMSz,,,,,,dɒraːl,14,,'Grind'
701-101-1,,701,101,sāŋχwi ~ sāŋki,sāŋχwi ~ sāŋki,s ɑː ŋ xʷ i,,WogWb,,,,,"sāŋχwi, sāŋki","sɑːŋxʷi, sɑːŋki",15,,
807-101-1,,807,101,"roɣǝ-, rö̆ɣət-",roɣǝ-,r o ɣ ə,,DEWbOstj,,,,,"roɣə-, rö̆ɣət-",roɣə-,16,,
807-101-2,,807,101,"roɣǝ-, rö̆ɣət-",rö̆ɣət-,r ø ̆ ɣ ə t,,DEWbOstj,,,,,"roɣə-, rö̆ɣət-",rø̆ɣət-,16,,
902-101-1,,902,101,nyəyəlcy°,nyəyəlcy°,,,JurSWb,,,,,,,17,,
907-101-1,,907,101,kosəl-,kosəl-,k o s ə l,,SolkWb,,,,,kosəl-,kosəl-,18,,
601-101-3,,601,101,"összezúz, szétzúz",összezúz,ø sː ɛ z uː z s eː t z uː z,,FMSz,,,,,,"øsːɛzuːz, seːtzuːz",19,,'Crush'
601-101-4,,601,101,"összezúz, szétzúz",szétzúz,ø sː ɛ z uː z s eː t z uː z,,FMSz,,,,,,"øsːɛzuːz, seːtzuːz",19,,'Crush'
503-101-2,,503,101,kre̮šitni̮,kre̮šitni̮,k r ɤ ʃ i t n ɯ,,KoPRSl,,,,,kre̮šitni̮,krɤʃitnɯ,20,,
101-101-2,,101,101,njeervedh,njeervedh,,,NSsNdb,,,,,,,21,,
901-101-1,,901,101,hülʹəbti̮si̮,hülʹəbti̮si̮,h y ʎ ə b t ɯ s ɯ,,SlNgaRus,,,,,hülʹəbti̮si̮,hyʎəbtɯsɯ,22,,"'Scatter; crush, pulverize'"
901-101-2,,901,101,śelʹidʹi,śelʹidʹi,ɕ e ʎ i dʲ i,,SlNgaRus,,,,,śelʹidʹi,ɕeʎidʲi,23,,"'Sharpen, grind'"
0-102-1,,0,102,[Not reconstructable],,,PU *we(ń)ćV (UEW) problematic,UEW;Sam88,,,,,,,?,[Not reconstructable],
203-102-1,,203,102,kaikki,kaikki,k ɑ i kː i,,JL,,,,,,kɑikːi,1,,
204-102-1,,204,102,kaikki,kaikki,,,KKSV,,,,,,,1,,
207-102-1,,207,102,kaik,kaik,,,VVS,,,,,,,1,,
208-102-1,,208,102,"kai, kaiɢ, kaiɢin",kai,k ɑ i,,InkmSk,,,,,"kai, kaiɢ, kaiɢin",kɑi,1,,
208-102-2,,208,102,"kai, kaiɢ, kaiɢin",kaiɢ,k ɑ i ɡ̥,,InkmSk,,,,,"kai, kaiɢ, kaiɢin",kɑiɡ̥,1,,
208-102-3,,208,102,"kai, kaiɢ, kaiɢin",kaiɢin,k ɑ i ɡ̥ i n,,InkmSk,,,,,"kai, kaiɢ, kaiɢin",kɑiɡ̥in,1,,
209-102-1,,209,102,ke̮iɢ ~ ke̮ik,ke̮iɢ ~ ke̮ik,k ɤ i ɡ̥,,VKJMS,,,,,"ke̮iɢ, ke̮ik","kɤiɡ̥, kɤik",1,,
210-102-1,,210,102,kõik,kõik,k ɤ i k,,SVSk,,,,,,kɤik,1,,
211-102-1,,211,102,kõik',kõik',,,VESr,,,,,,,1,,
212-102-1,,212,102,amà,amà,,,LivWb,,,,,,,2,,
105-102-1,,105,102,buot,buot,,,SSSg,,,,,,,3,,
106-102-1,,106,102,puoh,puoh,,,InsSSk,,,,,,,3,,
107-102-1,,107,102,puk,puk,,,SKosSk,,,,,,,3,,
108-102-1,,108,102,pugk,pugk,p u gː,,WOLD,,,,,,pugː,3,,
401-102-1,,401,102,čə̑la,čə̑la,tʃ ə l ɑ,,SMSk;TscherWb,,,,,čə̑la,tʃəlɑ,4,,
301-102-1,,301,102,veśe,veśe,v e ɕ e,,MordWb,,,,,veśe,veɕe,5,From PU *we(ń)ćV?,
601-102-1,,601,102,összes,összes,ø sː ɛ ʃ,,FMSz,,,,,,øsːɛʃ,5,From PU *we(ń)ćV?,
901-102-1,,901,102,"bənsə, bəńdʹikā",bənsə,b ə n s ə,Latter deriv.; from PU *we(ń)ćV?,SlNgaRus,,,,,"bənsə, bəńdʹikā",bənsə,5,,
901-102-2,,901,102,"bənsə, bəńdʹikā",bəńdʹikā,b ə ɲ dʲ i k ɑː,Latter deriv.; from PU *we(ń)ćV?,SlNgaRus,,,,,"bənsə, bəńdʹikā",bəɲdʲikɑː,5,,
902-102-1,,902,102,mal°h,mal°h,,,JurSWb,,,,,,,6,"Deriv. from ""mal°"" 'end, top'",
501-102-1,,501,102,"bi̮d, bi̮de̮n",bi̮d,b ɯ d,,SyrjWsch,,,,,"bi̮d, bi̮de̮n",bɯd,7,,Latter form used with animate referents
501-102-2,,501,102,"bi̮d, bi̮de̮n",bi̮de̮n,b ɯ d ɤ n,,SyrjWsch,,,,,"bi̮d, bi̮de̮n",bɯdɤn,7,,Latter form used with animate referents
503-102-1,,503,102,bi̮de̮s,bi̮de̮s,b ɯ d ɤ s,,KoPRSl,,,,,bi̮de̮s,bɯdɤs,7,,
601-102-2,,601,102,"mind, minden",mind,m i n d m i n d ɛ n,,FMSz,,,,,,"mind, mindɛn",8,,
601-102-3,,601,102,"mind, minden",minden,m i n d m i n d ɛ n,,FMSz,,,,,,"mind, mindɛn",8,,
701-102-1,,701,102,sōχ,sōχ,s oː x,,WogWb,,,,,sōχ,soːx,9,,
807-102-1,,807,102,əj-săɣi̮t,əj-săɣi̮t,ə j s ɑ ̆ ɣ ɯ t,,DEWbOstj,,,,,əj-săɣi̮t,əj-sɑ̆ɣɯt,10,,"Comp; ""əj"" 'one'"
501-102-3,,501,102,"stav, stave̮n",stav,s t ɑ v,,SyrjWsch,,,,,"stav, stave̮n",stɑv,11,,Latter form used with animate referents
501-102-4,,501,102,"stav, stave̮n",stave̮n,s t ɑ v ɤ n,,SyrjWsch,,,,,"stav, stave̮n",stɑvɤn,11,,Latter form used with animate referents
907-102-1,,907,102,muntə,muntə,m u n t ə,,SolkWb,,,,,muntə,muntə,12,,
504-102-1,,504,102,vańmi̮z,vańmi̮z,v ɑ ɲ m ɯ z,,WotjWsch,,,,,vańmi̮z,vɑɲmɯz,13,,
106-102-2,,106,102,viisut,viisut,,,InsSSk,,,,,,,14,,
101-102-1,,101,102,gaajhke,gaajhke,,,NSsNdb,,,,,,,1,,
102-102-1,,102,102,gáihka,gáihka,,,WbWlap,,,,,,,1,,
104-102-1,,104,102,gajk,gajk,,,EZ,,,,,,,1,,
902-103-1,,902,103,[No equivalent],,,No freestanding word in general use,JurSWb,,,,,,,0,[No equivalent],
0-103-1,,0,103,[Not reconstructable],,,,UEW;Sam88,,,,,,,?,[Not reconstructable],
901-103-1,,901,103,[Form not found],,,,SlNgaRus,,,,,,,?,[Form not found],
101-103-1,,101,103,jïh,jïh,,,NSsNdb,,,,,,,1,Poss. direct loan from Scand. instead of through Finnic,
102-103-1,,102,103,jah,jah,,,WbWlap,,,,,,,1,Poss. direct loan from Scand. instead of through Finnic,
204-103-1,,204,103,i,i,,,KKSV,,,,,,,2,,
208-103-1,,208,103,i,i,i,,InkmSk,,,,,i,i,2,,
209-103-1,,209,103,i,i,i,,VKJMS,,,,,i,i,2,,
204-103-2,,204,103,ta ~ tai,ta ~ tai,,,KKSV,,,,,,,4,"Influence of Russian ""da"" on native ""tai""?",
207-103-1,,207,103,da,da,,,VVS,,,,,,,4,,
208-103-2,,208,103,ta,ta,t ɑ,,InkmSk,,,,,ta,tɑ,4,"Influence of Russian ""da"" on native ""tai""?",
107-103-1,,107,103,di ~ da etc.,di ~ da etc.,,,SKosSk,,,,,,,4,,
401-103-1,,401,103,δa,δa,ð ɑ,,SMSk;TscherWb,,,,,δa,ðɑ,5,"Loan from Chuvash, influenced by Rus ""da""",
401-103-2,,401,103,δen,δen,ð e n,Coordination of nouns,SMSk;TscherWb,,,,,δen,ðen,6,,
601-103-1,,601,103,"és, s",és,eː ʃ ʃ,Latter contraction,FMSz,,,,,,"eːʃ, ʃ",7,,
601-103-2,,601,103,"és, s",s,eː ʃ ʃ,Latter contraction,FMSz,,,,,,"eːʃ, ʃ",7,,
701-103-1,,701,103,ja,ja,j ɑ,,WogWb,,,,,ja,jɑ,8,"Origin unknown, not connected to Fin “ja” (< Ger)",
807-103-1,,807,103,päni,päni,p æ n i,,DEWbOstj,,,,,päni,pæni,9,,"'And, again'"
907-103-1,,907,103,aj,aj,ɑ j,,SolkWb,,,,,aj,ɑj,10,,
807-103-2,,807,103,os,os,o s,,DEWbOstj,,,,,os,os,11,,"'And, still, again, also'"
108-103-1,,108,103,a,a,a,,WOLD,,,,,,a,12,,
101-103-2,,101,103,"gon, gonnoeh",gon,,,NSsNdb,,,,,,,13,,
101-103-3,,101,103,"gon, gonnoeh",gonnoeh,,,NSsNdb,,,,,,,13,,
102-103-2,,102,103,"ja, jah",ja,,,WbWlap,,,,,,,1,Poss. direct loan from Scand. instead of through Finnic,
102-103-3,,102,103,"ja, jah",jah,,,WbWlap,,,,,,,1,Poss. direct loan from Scand. instead of through Finnic,
104-103-1,,104,103,ja,ja,,,EZ,,,,,,,1,,
105-103-1,,105,103,ja,ja,,,SSSg,,,,,,,1,,
106-103-1,,106,103,já ~ ja,já ~ ja,,,InsSSk,,,,,,,1,,
107-103-2,,107,103,ja,ja,,,SKosSk,,,,,,,1,,
108-103-2,,108,103,ja,ja,j a,,WOLD,,,,,,ja,1,,
203-103-1,,203,103,ja,ja,j ɑ,,JL,,,,,,jɑ,1,,
208-103-3,,208,103,ja,ja,j ɑ,,InkmSk,,,,,ja,jɑ,1,,
209-103-2,,209,103,ja,ja,j ɑ,,VKJMS,,,,,ja,jɑ,1,,
210-103-1,,210,103,ja,ja,j ɑ,,SVSk,,,,,,jɑ,1,,
211-103-1,,211,103,ja,ja,,,VESr,,,,,,,1,,
212-103-1,,212,103,ja,ja,,,LivWb,,,,,,,1,,
301-103-1,,301,103,di ~ da,di ~ da,d i,,MordWb,,,,,"di, da","di, dɑ",4,,
501-103-1,,501,103,i,i,i,,SyrjWsch,,,,,i,i,2,,
503-103-1,,503,103,i,i,i,,KoPRSl,,,,,i,i,2,,
504-103-1,,504,103,i,i,i,,WotjWsch,,,,,i,i,2,,
501-103-2,,501,103,da,da,d ɑ,,SyrjWsch,,,,,da,dɑ,4,,
503-103-2,,503,103,da,da,d ɑ,,KoPRSl,,,,,da,dɑ,4,,
504-103-2,,504,103,da,da,d ɑ,,WotjWsch,,,,,da,dɑ,4,,
701-103-2,,701,103,i,i,i,,WogWb,,,,,i,i,2,,
301-103-2,,301,103,i,i,i,,MordWb,,,,,i,i,2,,
105-104-1,,105,104,ealˈli,ealˈli,,,SSSg,,,,,,,1,From PU *elä- 'live',
106-104-1,,106,104,ellee,ellee,,,InsSSk,,,,,,,1,From PU *elä- 'live',
107-104-1,,107,104,jieʹlli,jieʹlli,,,SKosSk,,,,,,,1,From PU *elä- 'live',
203-104-1,,203,104,eläin,eläin,e̞ l æ i n,,JL,,,,,,e̞læin,1,From PU *elä- 'live',
204-104-1,,204,104,"elävä, elukka",elävä,,,KKSV,,,,,,,1,From PU *elä- 'live',
204-104-2,,204,104,"elävä, elukka",elukka,,,KKSV,,,,,,,1,From PU *elä- 'live',
208-104-1,,208,104,eloɢaᴢ,eloɢaᴢ,e l o ɡ̥ ɑ z̥,,InkmSk,,,,,eloɢaᴢ,eloɡ̥ɑz̥,1,From PU *elä- 'live',
209-104-1,,209,104,eлoke̮ᴢ,eлoke̮ᴢ,e l o k ɤ z̥,,VKJMS,,,,,eloke̮ᴢ,elokɤz̥,1,From PU *elä- 'live',
211-104-1,,211,104,elläi,elläi,,,VESr,,,,,,,1,From PU *elä- 'live',
108-104-1,,108,104,žɨva,žɨva,ʒ ɨ v a,,WOLD,,,,,,ʒɨva,2,,
209-104-2,,209,104,лōm,лōm,l oː m,,VKJMS,,,,,lōm,loːm,3,,
210-104-1,,210,104,loom,loom,l oː m,,SVSk,,,,,,loːm ,3,,
212-104-1,,212,104,lùoməz,lùoməz,,,LivWb,,,,,,,3,,
101-104-1,,101,104,juvre,juvre,,,NSsNdb,,,,,,,4,,
301-104-1,,301,104,źveŕ,źveŕ,ʑ v e rʲ,,MordWb,,,,,źveŕ,ʑverʲ,5,,
401-104-1,,401,104,janlə̑k,janlə̑k,j ɑ n l ə k,,SMSk;TscherWb,,,,,janlə̑k,jɑnlək,6,,
301-104-2,,301,104,rakša,rakša,r ɑ k ʃ ɑ,,MordWb,,,,,rakša,rɑkʃɑ,7,,
601-104-1,,601,104,állat,állat,aː lː ɒ t,,FMSz,,,,,,aːlːɒt,8,,
701-104-1,,701,104,ūj,ūj,uː j,,WogWb,,,,,ūj,uːj,9,"From PFU ?*wajV 'wild, shy'",
807-104-1,,807,104,wajəɣ,wajəɣ,w ɑ j ə ɣ,,DEWbOstj,,,,,wajəɣ,wɑjəɣ,9,"From PFU ?*wajV 'wild, shy'",
0-104-1,,0,104,*śurmi̮,*śurmi̮,,,UEW;Sam88,,,,,,,10,,'Wild animal'
902-104-1,,902,104,sarmyik°,sarmyik°,,,JurSWb,,,,,,,10,,
907-104-1,,907,104,sūrəm,sūrəm,s uː r ə m,,SolkWb,,,,,sūrəm,suːrəm,10,,
501-104-1,,501,104,peme̮s,peme̮s,p e m ɤ s,,SyrjWsch,,,,,peme̮s,pemɤs,11,,
504-104-1,,504,104,pe̮jšur,pe̮jšur,p ɤ j ʃ u r,,WotjWsch,,,,,pe̮jšur,pɤjʃur,12,,
503-104-1,,503,104,ve̮rpi,ve̮rpi,v ɤ r p i,,KoPRSl,,,,,ve̮rpi,vɤrpi,13,Historically from compound 'forest boy',
101-104-2,,101,104,vaejsjie,vaejsjie,,,NSsNdb,,,,,,,14,,
102-104-1,,102,104,tjuura,tjuura,,,WbWlap,,,,,,,4,,
204-104-3,,204,104,šiivatta,šiivatta,,,KKSV,,,,,,,2,,
207-104-1,,207,104,živat,živat,,,NRVS,,,,,,,2,,
501-104-2,,501,104,zv́er,zv́er,z vʲ e r,,SyrjWsch,,,,,zv́er,zvʲer,5,,
104-104-1,,104,104,judos,judos,,,EZ,,,,,,,15,,
901-104-1,,901,104,dʹaməδə,dʹaməδə,dʲ ɑ m ə ð ə,,SlNgaRus,,,,,dʹaməδə,dʲɑməðə,16,,
0-105-1,,0,105,[Not reconstructable],,,,UEW;Sam88,,,,,,,?,[Not reconstructable],
901-105-1,,901,105,[Form not found],,,,SlNgaRus,,,,,,,?,[Form not found],
101-105-1,,101,105,luvnie,luvnie,,,NSsNdb,,,,,,,1,,
102-105-1,,102,105,lüdˈnee,lüdˈnee,,,WbWlap,,,,,,,1,,
105-105-1,,105,105,luhtte,luhtte,,,SSSg,,,,,,,1,,
106-105-1,,106,105,lunne,lunne,,,InsSSk,,,,,,,1,,
203-105-1,,203,105,luona,luona,l u o̞ n ɑ,,JL,,,,,,luo̞nɑ,1,,
204-105-1,,204,105,luona,luona,,,KKSV,,,,,,,1,,
208-105-1,,208,105,lōn,lōn,l oː n,,InkmSk,,,,,lōn,loːn,1,,
207-105-1,,207,105,kohtas,kohtas,,,NRVS,,,,,,,2,,
209-105-1,,209,105,jūre̮ᴢ,jūre̮ᴢ,j uː r ɤ z̥,,VKJMS,,,,,jūre̮ᴢ,juːrɤz̥,3,,
210-105-1,,210,105,juures,juures,j uː r e s,,SVSk,,,,,,juːres,3,,
212-105-1,,212,105,jū(r)s,jūs,,,LivWb,,,,,,,3,,
107-105-1,,107,105,åʹrrn,åʹrrn,,,SKosSk,,,,,,,4,,
301-105-1,,301,105,kedʹse,kedʹse,k e dʲ s e,,MordWb,,,,,kedʹse,kedʲse,5,,
401-105-1,,401,105,δene,δene,ð e n e,,SMSk;TscherWb,,,,,δene,ðene,6,From PFU *tarV 'near',
501-105-1,,501,105,dori̮n,dori̮n,d o r ɯ n,,SyrjWsch,,,,,dori̮n,dorɯn,6,From PFU *tarV 'near',
504-105-1,,504,105,dori̮n,dori̮n,d o r ɯ n,,WotjWsch,,,,,dori̮n,dorɯn,6,From PFU *tarV 'near',
501-105-2,,501,105,ordi̮n,ordi̮n,o r d ɯ n,,SyrjWsch,,,,,ordi̮n,ordɯn,7,Deriv. from PFP *ertä 'side',
504-105-2,,504,105,urtsi̮n,urtsi̮n,u r t s ɯ n,,WotjWsch,,,,,urtsi̮n,urtsɯn,7,Deriv. from PFP *ertä 'side',
301-105-2,,301,105,pelʹe,pelʹe,p e ʎ e,,MordWb,,,,,pelʹe,peʎe,8,,
401-105-2,,401,105,pelen,pelen,p e l e n,,SMSk;TscherWb,,,,,pelen,pelen,8,,
601-105-1,,601,105,"(-nál/nél), nála",nála,n aː l n eː l n aː l ɒ,,FMSz,,,,,,"(-naːl/neːl), naːlɒ",9,,"Former as suffix, latter 'at him/her'"
601-105-2,,601,105,mellett,mellett,m ɛ lː ɛ tː,,FMSz,,,,,,mɛlːɛtː,10,,
701-105-1,,701,105,pālt,pālt,p ɑː l t,,WogWb,,,,,pālt,pɑːlt,11,,
807-105-1,,807,105,pŏŋəl,pŏŋəl,p o ̆ ŋ ə l,,DEWbOstj,,,,,pŏŋəl,pŏŋəl,12,,
401-105-3,,401,105,βokten(e),βokten,β o k t e n,,SMSk;TscherWb,,,,,"βokten, βoktene",βokten,13,“-tene” from PFU *tarV 'near',
902-105-1,,902,105,nyana,nyana,,,JurSWb,,,,,,,14,,
907-105-1,,907,105,nānə,nānə,n ɑː n ə,,SolkWb,,,,,nānə,nɑːnə,14,,
108-105-1,,108,105,al’n,al’n,a lʲ n,,WOLD,,,,,,alʲn,15,,
211-105-1,,211,105,man,man,,,VESr,,,,,,,16,,
106-105-2,,106,105,kulen,kulen,,,InsSSk,,,,,,,17,,
106-105-3,,106,105,keččin,keččin,,,InsSSk,,,,,,,18,,
503-105-1,,503,105,saji̮n,saji̮n,s ɑ j ɯ n,,KoPRSl,,,,,saji̮n,sɑjɯn,19,,
209-105-2,,209,105,tüven̄,tüven̄,t y v e nː,,VKJMS,,,,,tüvenn,tyvenː,20,,
209-105-3,,209,105,ǟrel̄,ǟrel̄,æː r e lː,,VKJMS,,,,,ǟrell,æːrelː,21,,
503-105-2,,503,105,di̮ni̮n,di̮ni̮n,d ɯ n ɯ n,,KoPRSl,,,,,di̮ni̮n,dɯnɯn,22,,
104-105-1,,104,105,naldne,naldne,,,EZ,,,,,,,23,,
0-106-1,,0,106,[Not reconstructable],,,,UEW;Sam88,,,,,,,?,[Not reconstructable],
203-106-1,,203,106,huono,huono,h u o̞ n o̞,,JL,,,,,,huo̞no̞,1,,
204-106-1,,204,106,huono,huono,,,KKSV,,,,,,,1,,
208-106-1,,208,106,hōno,hōno,h oː n o,,InkmSk,,,,,hōno,hoːno,1,,
301-106-1,,301,106,beŕań,beŕań,b e rʲ ɑ ɲ,,MordWb,,,,,beŕań,berʲɑɲ,26,,
104-106-1,,104,106,bahá,bahá,,,EZ,,,,,,,24,,
106-106-1,,106,106,hyeni,hyeni,,,InsSSk,,,,,,,1,,
107-106-1,,107,106,hueʹnn,hueʹnn,,,SKosSk,,,,,,,1,,
207-106-1,,207,106,hond,hond,,,VVS,,,,,,,2,From *honto,
210-106-1,,210,106,halb,halb,h ɑ l p,,SVSk,,,,,,hɑlp,3,Debated,
211-106-1,,211,106,halv,halv,,,VESr,,,,,,,3,Debated,
212-106-1,,212,106,slikt,slikt,,,LivWb,,,,,,,4,"Cf. Lith ""slikts"" Winkler 104: ger, Suhonen1973: Lit",
105-106-1,,105,106,headju,headju,,,SSSg,,,,,,,5,"Cf. Fin ""häijy"" 'mean'",
102-106-1,,102,106,nä̀yree,nä̀yree,,,WbWlap,,,,,,,6,Cf. Finnic *nöyrä 'weak',
107-106-2,,107,106,neuʹrr,neuʹrr,,,SKosSk,,,,,,,6,Cf. Finnic *nöyrä 'weak',
212-106-2,,212,106,tiʾg,tiʾg,,,LivWb,,,,,,,7,,
105-106-2,,105,106,hēittot,hēittot,,,SSSg,,,,,,,8,,
106-106-2,,106,106,heeitug,heeitug,,,InsSSk,,,,,,,8,,
501-106-1,,501,106,ome̮lʹ,ome̮lʹ,o m ɤ ʎ,,SyrjWsch,,,,,ome̮lʹ,omɤʎ,9,,
503-106-1,,503,106,ume̮lʹ,ume̮lʹ,u m ɤ ʎ,,KoPRSl,,,,,ume̮lʹ,umɤʎ,9,,
504-106-1,,504,106,urod,urod,u r o d,,WotjWsch,,,,,urod,urod,10,,
601-106-1,,601,106,rossz,rossz,r o sː,,FMSz,,,,,,rosː,11,,
701-106-1,,701,106,lʹūlʹ,lʹūlʹ,ʎ uː ʎ,,WogWb,,,,,lʹūlʹ,ʎuːʎ,12,,
807-106-1,,807,106,ätəm,ätəm,æ t ə m,,DEWbOstj,,,,,ätəm,ætəm,13,,"'Bad, meager, thin, wrong'"
901-106-1,,901,106,bahia,bahia,b ɑ h i ɑ,Deriv. from PSd *wəj- 'bad',SlNgaRus,,,,,bahia,bɑhiɑ,14,,"'Ugly, bad'"
902-106-1,,902,106,wæwa,wæwa,,,JurSWb,,,,,,,14,,
907-106-1,,907,106,qośək,qośək,q o ɕ ə k,,SolkWb,,,,,qośək,qoɕək,15,,
108-106-1,,108,106,njuess’,njuess’,ɲ u e sːʲ,,WOLD,,,,,,ɲuesːʲ,16,,
301-106-2,,301,106,kalʹdʹav,kalʹdʹav,k ɑ ʎ dʲ ɑ v,,MordWb,,,,,kalʹdʹav,kɑʎdʲɑv,17,,
301-106-3,,301,106,aparo,aparo,ɑ p ɑ r o,,MordWb,,,,,aparo,ɑpɑro,18,,"Comp.; ""a"" 'not', ""paro"" 'good'"
401-106-1,,401,106,uδa,uδa,u ð ɑ,,SMSk;TscherWb,,,,,uδa,uðɑ,19,,
401-106-2,,401,106,načar,načar,n ɑ tʃ ɑ r,,SMSk;TscherWb,,,,,načar,nɑtʃɑr,20,,
101-106-1,,101,106,måekies,måekies,,,NSsNdb,,,,,,,21,,
101-106-2,,101,106,madtan,madtan,,,NSsNdb,,,,,,,22,,
209-106-1,,209,106,kehno,kehno,k e h n o,,VKJMS,,,,,kehno,kehno,23,,
208-106-2,,208,106,paha,paha,p ɑ h ɑ,,InkmSk,,,,,paha,pɑhɑ,24,,
209-106-2,,209,106,paha,paha,p ɑ h ɑ,,VKJMS,,,,,paha,pɑhɑ,24,,
208-106-3,,208,106,huʙa,huʙa,h u b̥ ɑ,,InkmSk,,,,,huʙa,hub̥ɑ,25,,
0-107-1,,0,107,[Not reconstructable],,,,UEW;Sam88,,,,,,,?,[Not reconstructable],
701-107-1,,701,107,[Form not found],,,No freestanding word?,WogWb,,,,,,,?,[Form not found],
907-107-1,,907,107,[Form not found],,,No independent word?,SolkWb,,,,,,,?,[Form not found],
106-107-1,,106,107,koas ~ kuás,koas ~ kuás,,,InsSSk,,,,,,,1,,
108-107-1,,108,107,guejke,guejke,g u e j k e,,WOLD,,,,,,guejke,1,,
203-107-1,,203,107,koska,koska,k o̞ s k ɑ,,JL,,,,,,ko̞skɑ,1,,
204-107-1,,204,107,kuin,kuin,,,KKSV,,,,,,,1,,Deriv.; subord. conj.
209-107-1,,209,107,ku,ku,k u,,VKJMS,,,,,ku,ku,1,,
212-107-1,,212,107,ku,ku,,Subord. conj.,LivWb,,,,,,,1,,
203-107-2,,203,107,siksi (että),siksi,s i k s i e t̪ː æ,,JL,,,,,,siksi(et̪ːæ),2,,"""Että"" used as subordinating conjunction"
204-107-2,,204,107,siksi (kuin),siksi,,,KKSV,,,,,,,2,,"""Kuin"" used as subord. conj."
207-107-1,,207,107,sida,sida,,,VVS,,,,,,,2,,
207-107-2,,207,107,sikš,sikš,,,VVS,,,,,,,2,,
208-107-1,,208,107,"sentǟ, sem peräst",sentǟ,s e n t æː,,InkmSk,,,,,"sentǟ, sem_peräst",sentæː,2,,
208-107-2,,208,107,"sentǟ, sem peräst",sem peräst,s e m p e r æ s t,,InkmSk,,,,,"sentǟ, sem_peräst",sem peræst,2,,
209-107-2,,209,107,sissi,sissi,s i sː i,,VKJMS,,,,,sissi,sisːi,2,,
210-107-1,,210,107,sellepärast (et),sellepärast,s e lː e p æ r ɑ s t e t,,SVSk,,,,,,selːepærɑst(et),2,,"Comp.; “selle pärast” ''because of it'; ""et"" used as subord. conj."
211-107-1,,211,107,selle,selle,,,VESr,,,,,,,2,,
212-107-2,,212,107,"sìestə, sie pieràst",sìestə,,,LivWb,,,,,,,2,,Latter lit. 'because of it'
212-107-3,,212,107,"sìestə, sie pieràst",sie pieràst,,,LivWb,,,,,,,2,,Latter lit. 'because of it'
301-107-1,,301,107,śeks,śeks,ɕ e k s,,MordWb,,,,,śeks,ɕeks,2,,
401-107-1,,401,107,sandene,sandene,s ɑ n d e n e,,SMSk;TscherWb,,,,,sandene,sɑndene,2,"""-dene"" 'at' from PFU *tarɜ 'near'",
102-107-1,,102,107,diaht(a),diaht,,,WbWlap,,,,,,,3,,
104-107-1,,104,107,dajna gu,dajna gu,,,EZ,,,,,,,3,"Cogn. with Fin ""jotta"" '(so) that, in order to'",
105-107-1,,105,107,danne,danne,,,SSSg,,,,,,,3,,
106-107-2,,106,107,tondeet ~ tondiet,tondeet ~ tondiet,,,InsSSk,,,,,,,3,,
107-107-1,,107,107,"tõndiõtt, tõʹnt",tõndiõtt,,,SKosSk,,,,,,,3,,
107-107-2,,107,107,"tõndiõtt, tõʹnt",tõʹnt,,,SKosSk,,,,,,,3,,
501-107-1,,501,107,si̮ ponda,si̮ ponda,s ɯ p o n d ɑ,,SyrjWsch,,,,,si̮_ponda,sɯ pondɑ,4,,
601-107-1,,601,107,"mert, mivel",mert,m ɛ r t m i v ɛ l,,FMSz,,,,,,"mɛrt, mivɛl",5,,
601-107-2,,601,107,"mert, mivel",mivel,m ɛ r t m i v ɛ l,,FMSz,,,,,,"mɛrt, mivɛl",5,,
204-107-3,,204,107,sentäh(en),sentäh,,,KKSV,,,,,,,6,,"Comp.; ""sen tähen"" 'because of it'"
208-107-3,,208,107,sentǟ,sentǟ,s e n t æː,,InkmSk,,,,,sentǟ,sentæː,6,,
301-107-2,,301,107,śeks meks,śeks meks,ɕ e k s m e k s,,MordWb,,,,,śeks_meks,ɕeks meks,7,,"""Śeks"" by itself 'because'"
401-107-2,,401,107,satlan ~ saδlan,satlan ~ saδlan,s ɑ t l ɑ n,"Deriv. from ""sade"" 'that'",SMSk;TscherWb,,,,,"satlan, saδlan","sɑtlɑn, sɑðlɑn",8,,
208-107-4,,208,107,sem peräst,sem peräst,s e m p e r æ s t,,InkmSk,,,,,sem_peräst,sem peræst,9,,
210-107-2,,210,107,sellepärast (et),sellepärast,s e lː e p æ r ɑ s t e t,,SVSk,,,,,,selːepærɑst(et),9,,"Comp.; “selle pärast” ''because of it'; ""et"" used as subord. conj."
212-107-4,,212,107,sie pieràst,sie pieràst,,,LivWb,,,,,,,9,,'Because of it'
501-107-2,,501,107,si̮ ve̮sna,si̮ ve̮sna,s ɯ v ɤ s n ɑ,,SyrjWsch,,,,,si̮_ve̮sna,sɯ vɤsnɑ,10,,
504-107-1,,504,107,mali̮ ke šuono,mali̮ ke šuono,m ɑ l ɯ k e ʃ u o n o,,WotjWsch,,,,,mali̮_ke_šuono,mɑlɯ ke ʃuono,11,,
807-107-1,,807,107,merǝ,merǝ,m e r ə,,DEWbOstj,,,,,merə,merə,12,,"'Because of, during'; postposition"
901-107-1,,901,107,ńīðə,ńīðə,ɲ iː ð ə,,SlNgaRus,,,,,ńīδə,ɲiːðə,13,,
902-107-1,,902,107,ŋədy°bya-,ŋədy°bya-,,,JurSWb,,,,,,,13,,
101-107-1,,101,107,juktie,juktie,,,NSsNdb,,,,,,,14,"Cogn. with Fin ""jotta"" '(so) that, in order to'",
106-107-3,,106,107,jo,jo,,,InsSSk,,,,,,,14,,
503-107-1,,503,107,da,da,d ɑ,,KoPRSl,,,,,da,dɑ,15,,
101-107-2,,101,107,jihkie,jihkie,,,NSsNdb,,,,,,,16,,
503-107-2,,503,107,siʒ́ ki̮ʒ́,siʒ́ ki̮ʒ́,s i dʑ k ɯ dʑ,,KoPRSl;RB,,,,,siʒ́ ki̮ʒ́,sidʑ kɯdʑ,17,,'So that'; used as conjunction
901-107-2,,901,107,suəbəsi̮,suəbəsi̮,s u ə b ə s ɯ,,SlNgaRus,,,,,suəbəsi̮,suəbəsɯ,18,,
203-108-1,,203,108,vatsa,vatsa,ʋ ɑ t̪ s ɑ,,JL,,,,,,ʋɑt̪sɑ,1,,
204-108-1,,204,108,vattša,vattša,,,KKSV,,,,,,,1,,
207-108-1,,207,108,vats,vats,,,VVS,,,,,,,1,,
208-108-1,,208,108,vatsa,vatsa,v ɑ t s ɑ,,InkmSk,,,,,vatsa,vɑtsɑ,1,,
209-108-1,,209,108,vatts,vatts,v ɑ tː s,,VKJMS,,,,,vatts,vɑtːs,1,,
210-108-1,,210,108,vats,vats,v ɑ tː s,,SVSk,,,,,,vɑtːs,1,,
212-108-1,,212,108,vats,vats,,,LivWb,,,,,,,1,,
203-108-2,,203,108,maha,maha,m ɑ ɦ ɑ,,JL,,,,,,mɑɦɑ,2,,
207-108-2,,207,108,koht,koht,,,VVS,,,,,,,3,,
210-108-2,,210,108,kõht,kõht,k ɤ h t,,SVSk,,,,,,kɤht,3,,
211-108-1,,211,108,kõtt,kõtt,,,VESr,,,,,,,3,,
504-108-1,,504,108,ke̮t,ke̮t,k ɤ t,,WotjWsch,,,,,ke̮t,kɤt,3,,
209-108-2,,209,108,mako,mako,m ɑ k o,,VKJMS,,,,,mako,mɑko,2,,
212-108-2,,212,108,maʾg,maʾg,,,LivWb,,,,,,,2,,
0-108-1,,0,108,*ćowja ~ ćojwa,*ćowja ~ ćojwa,,Only in Sa and Sd; phonetic correspondence not solid,UEW;Sam88,,,,,,,5,,
101-108-1,,101,108,tjåejjie,tjåejjie,,,NSsNdb,,,,,,,5,,
102-108-1,,102,108,tjåìvee,tjåìvee,,,WbWlap,,,,,,,5,,
104-108-1,,104,108,tjåjjve,tjåjjve,,,EZ,,,,,,,5,,
105-108-1,,105,108,čoavji,čoavji,,,SSSg,,,,,,,5,,
106-108-1,,106,108,čoavji ~  čuáv'ji,čoavji ~ čuáv'ji,,,InsSSk,,,,,,,5,,
107-108-1,,107,108,čåuʹjj,čåuʹjj,,,SKosSk,,,,,,,5,,
108-108-1,,108,108,čuejjv,čuejjv,t ʃ u e jː v,,WOLD,,,,,,tʃuejːv,5,,
901-108-1,,901,108,čajbə,čajbə,tʃ ɑ j b ə,Irregular correspondence of initial,SlNgaRus,,,,,čajbə,tʃɑjbə,5,,
902-108-1,,902,108,tyíw°,tyíw°,,,JurSWb,,,,,,,5,Irregular correspondence of initial,
301-108-1,,301,108,peke,peke,p e k e,,MordWb,,,,,peke,peke,6,,
401-108-1,,401,108,müškə̑r,müškə̑r,m y ʃ k ə r,,SMSk;TscherWb,,,,,müškə̑r,myʃkər,7,,
501-108-1,,501,108,ruš-ku,ruš-ku,r u ʃ k u,,SyrjWsch,,,,,ruš-ku,ruʃ-ku,8,,"Comp. with ""ku"" 'skin'"
601-108-1,,601,108,has,has,h ɒ ʃ,,FMSz,,,,,,hɒʃ,9,,
601-108-2,,601,108,gyomor,gyomor,ɟ o m o r,,FMSz,,,,,,ɟomor,10,,
701-108-1,,701,108,sōriɣ,sōriɣ,s oː r i ɣ,,WogWb,,,,,sōriɣ,soːriɣ,11,,
701-108-2,,701,108,sim,sim,s i m,,WogWb,,,,,sim,sim,12,,
807-108-1,,807,108,kŏṇ,kŏṇ,k o ̆ ɳ,,DEWbOstj,,,,,kŏṇ,kŏɳ,13,,
807-108-2,,807,108,ont,ont,o n t,,DEWbOstj,,,,,ont,ont,14,Confined only to Ob-Ugric,
907-108-1,,907,108,perkə,perkə,p e r k ə,,SolkWb,,,,,perkə,perkə,15,,
807-108-3,,807,108,poɣli̮,poɣli̮,p o ɣ l ɯ,,DEWbOstj,,,,,poɣli̮,poɣlɯ,16,,
503-108-1,,503,108,ki̮ne̮m,ki̮ne̮m,k ɯ n ɤ m,,KoPRSl,,,,,ki̮ne̮m,kɯnɤm,17,,
108-109-1,,108,109,[Form not found],,,,WOLD,,,,,,,?,[Form not found],
101-109-1,,101,109,muerjie,muerjie,,,NSsNdb,,,,,,,1,,
102-109-1,,102,109,müerˈjee,müerˈjee,,,WbWlap,,,,,,,1,,
104-109-1,,104,109,muärrje ,muärrje,,,EZ,,,,,,,1,,
105-109-1,,105,109,muorji,muorji,,,SSSg,,,,,,,1,,
106-109-1,,106,109,myer'ji,myer'ji,,,InsSSk,,,,,,,1,,
107-109-1,,107,109,mueʹrjj,mueʹrjj,,,SKosSk,,,,,,,1,,
203-109-1,,203,109,marja,marja,m ɑ r j ɑ,,JL,,,,,,mɑrjɑ,1,,
204-109-1,,204,109,marja,marja,,,KKSV,,,,,,,1,,
208-109-1,,208,109,marja,marja,m ɑ r j ɑ,,InkmSk,,,,,marja,mɑrjɑ,1,,
209-109-1,,209,109,marje̮,marje̮,m ɑ r j ɤ,,VKJMS,,,,,marje̮,mɑrjɤ,1,,
210-109-1,,210,109,mari,mari,m ɑ r i,,SVSk,,,,,,mɑri,1,,
211-109-1,,211,109,mari,mari,,,VESr,,,,,,,1,,
212-109-1,,212,109,mɔ̄ŕa,mɔ̄ŕa,,,LivWb,,,,,,,1,,
301-109-1,,301,109,maŕ,maŕ,m ɑ rʲ,,MordWb,,,,,maŕ,mɑrʲ,1,,
207-109-1,,207,109,"bō, bolāńe",bō,,,VVS,,,,,,,2,,
207-109-2,,207,109,"bō, bolāńe",bolāńe,,,VVS,,,,,,,2,,
601-109-1,,601,109,bogyó,bogyó,b o ɟ oː,,FMSz,,,,,,boɟoː,2,"Correspondence in Ob-Ugric, Permic and Finnic but  TESz suggests also separate development in Hungarian ",
701-109-1,,701,109,pil ~ pīl,pil ~ pīl,p i l,,WogWb,,,,,"pil, pīl","pil, piːl",2,,
401-109-1,,401,109,jemə̑š,jemə̑š,j e m ə ʃ,,SMSk;TscherWb,,,,,jemə̑š,jeməʃ,4,,"'Fruits, berries'"
501-109-1,,501,109,tuś,tuś,t u ɕ,,SyrjWsch,,,,,tuś,tuɕ,5,,"'Seed, berry'"
401-109-2,,401,109,saska,saska,s ɑ s k ɑ,,SMSk;TscherWb,,,,,saska,sɑskɑ,6,,"'Berry, fruit'"
0-109-1,,0,109,*osa,*osa,,,UEW;Sam88,,,,,,,7,,
504-109-1,,504,109,uzi̮-bori̮,uzi̮-bori̮,u z ɯ b o r ɯ,,WotjWsch,,,,,uzi̮-bori̮,uzɯ-borɯ,7,Etymological connection based on first part,'Berry'; comp.
807-109-1,,807,109,ul,ul,u l,,DEWbOstj,,,,,ul,ul,7,,
901-109-1,,901,109,ŋuta,ŋuta,ŋ u t ɑ,,SlNgaRus,,,,,ŋuta,ŋutɑ,7,,
902-109-1,,902,109,ŋodya,ŋodya,,,JurSWb,,,,,,,7,,
907-109-1,,907,109,čopər,čopər,tʃ o p ə r,,SolkWb,,,,,čopər,tʃopər,8,,
503-109-1,,503,109,jage̮d,jage̮d,j ɑ ɡ ɤ d,,KoPRSl,,,,,jage̮d,jɑɡɤd,9,,
0-11-1,,0,11,*tuli̮-,*tuli̮-,,,UEW;Sam88,,,,,,,1,,
203-11-1,,203,11,tulla,tulla,t̪ u lː ɑ,,JL,,,,,,t̪ulːɑ,1,,
204-11-1,,204,11,tulla,tulla,,,KKSV,,,,,,,1,,
207-11-1,,207,11,tulda ~ tūda,tulda ~ tūda,,,VVS,,,,,,,1,,
208-11-1,,208,11,tulla,tulla,t u lː ɑ,,InkmSk,,,,,tulla,tulːɑ,1,,
209-11-1,,209,11,tuлe̮ma,tuлe̮ma,t u l ɤ m ɑ,,VKJMS,,,,,tule̮ma,tulɤmɑ,1,,
210-11-1,,210,11,tulla,tulla,t u lː ɑ,,SVSk,,,,,,tulːɑ,1,,
211-11-1,,211,11,tulõma,tulõma,,,VESr,,,,,,,1,,
212-11-1,,212,11,tūlda,tūlda,,,LivWb,,,,,,,1,,
401-11-1,,401,11,tolam,tolam,t o l ɑ m,,SMSk;TscherWb,,,,,tolam,tolɑm,1,,
901-11-1,,901,11,tujśa,tujśa,t u j ɕ ɑ,,SlNgaRus,,,,,tujśa,tujɕɑ,1,,
902-11-1,,902,11,tosy°,tosy°,,,JurSWb,,,,,,,1,,
907-11-1,,907,11,tǖ-,tǖ-,t yː,,SolkWb,,,,,tǖ-,tyː-,1,,
101-11-1,,101,11,båetedh,båetedh,,,NSsNdb,,,,,,,2,,
102-11-1,,102,11,bååhteet,bååhteet,,,WbWlap,,,,,,,2,,
104-11-1,,104,11,båhtet,båhtet,,,EZ,,,,,,,2,,
105-11-1,,105,11,boahtit,boahtit,,,SSSg,,,,,,,2,,
106-11-1,,106,11,poattiđ,poattiđ,,,InsSSk,,,,,,,2,,
107-11-1,,107,11,pueʹtted,pueʹtted,,,SKosSk,,,,,,,2,,
108-11-1,,108,11,puedt’e,puedt’e,p u e dːʲ e,,WOLD,,,,,,puedːʲe,2,,
301-11-1,,301,11,sams,sams,s ɑ m s,,MordWb,,,,,sams,sɑms,3,,
501-11-1,,501,11,voni̮,voni̮,v o n ɯ,,SyrjWsch,,,,,voni̮,vonɯ,4,,
504-11-1,,504,11,vui̮ni̮,vui̮ni̮,v u ɯ n ɯ,,WotjWsch,,,,,vui̮ni̮,vuɯnɯ,4,,
501-11-2,,501,11,lokni̮,lokni̮,l o k n ɯ,,SyrjWsch,,,,,lokni̮,loknɯ,5,"From PFU *läkti- 'leave, depart'",
503-11-1,,503,11,lokni̮,lokni̮,l o k n ɯ,"Stem ""lokt-""",KoPRSl,,,,,lokni̮,loknɯ,5,"From PFU *läkti- 'leave, depart'",
504-11-2,,504,11,li̮kti̮ni̮,li̮kti̮ni̮,l ɯ k t ɯ n ɯ,,WotjWsch,,,,,li̮kti̮ni̮,lɯktɯnɯ,5,"From PFU *läkti- 'leave, depart'",
601-11-1,,601,11,jön,jön,j ø n,,FMSz,,,,,,jøn,6,,
701-11-1,,701,11,juw ~ jiw,juw ~ jiw,j u w,,WogWb,,,,,"juw, jiw","juw, jiw",6,,
807-11-1,,807,11,jö̆-,jö̆-,j ø ̆,,DEWbOstj,,,,,jö̆-,jø̆-,6,,
807-11-2,,807,11,jŏχǝt-,jŏχǝt-,j o ̆ x ə t,,DEWbOstj,,,,,jŏχət-,jŏxət-,7,,
203-110-1,,203,110,hengittää,hengittää,h e̞ ŋː i t̪ː æː,,JL,,,,,,he̞ŋːit̪ːæː,1,,
204-110-1,,204,110,henkitteä,henkitteä,,,KKSV,,,,,,,1,,
207-110-1,,207,110,hengitada ~ henkta,hengitada ~ henkta,,,VVS,,,,,,,1,,
208-110-1,,208,110,"heŋɢittǟ, heŋɢäᴅä",heŋɢittǟ,h e ŋ ɡ̥ i tː æː,,InkmSk,,,,,"heŋɢittǟ, heŋɢäᴅä",heŋɡ̥itːæː,1,,
208-110-2,,208,110,"heŋɢittǟ, heŋɢäᴅä",heŋɢäᴅä,h e ŋ ɡ̥ æ d̥ æ,,InkmSk,,,,,"heŋɢittǟ, heŋɢäᴅä",heŋɡ̥æd̥æ,1,,
209-110-1,,209,110,entšimä,entšimä,e n tʃ i m æ,,VKJMS,,,,,enčimä,entʃimæ,1,,
210-110-1,,210,110,hingata,hingata,h i n k ɑ tː ɑ,,SVSk,,,,,,hinkɑtːɑ,1,,
211-110-1,,211,110,hingämä ~ hengämä,hingämä ~ hengämä,,,VESr,,,,,,,1,,
212-110-1,,212,110,jeŋŋgə,jeŋŋgə,,,LivWb,,,,,,,1,,
0-110-1,,0,110,*wajŋi̮,*wajŋi̮,,,UEW;Sam88,,,,,,,2,,"'Breath, spirit'"
101-110-1,,101,110,voejngedh,voejngedh,,,NSsNdb,,,,,,,2,,
102-110-1,,102,110,vuaigŋjat,vuaigŋjat,,,WbWlap,,,,,,,2,,
104-110-1,,104,110,vuojŋastak,vuojŋastak,,,EZ,,,,,,,2,,
105-110-1,,105,110,vuoigŋat,vuoigŋat,,,SSSg,,,,,,,2,,
106-110-1,,106,110,vuoi'ŋađ,vuoi'ŋađ,,,InsSSk,,,,,,,2,,
107-110-1,,107,110,vuõiŋŋâd,vuõiŋŋâd,,,SKosSk,,,,,,,2,,
108-110-1,,108,110,vūjjne,vūjjne,v uː jː n e,,WOLD,,,,,,vuːjːne,2,,
901-110-1,,901,110,bačədʹa,bačədʹa,b ɑ tʃ ə dʲ ɑ,,SlNgaRus,,,,,bačədʹa,bɑtʃədʲɑ,2,,
902-110-1,,902,110,yínt°q,yínt°q,,,JurSWb,,,,,,,2,Cognacy uncertain,'Breath (n.)'; deriv.
907-110-1,,907,110,kuə̑j-,kuə̑j-,k u ə j,,SolkWb,,,,,kuə̑j-,kuəj-,2,,
301-110-1,,301,110,lʹekśems,lʹekśems,ʎ e k ɕ e m s,,MordWb,,,,,lʹekśems,ʎekɕems,3,From PFV *läkkä 'breathe' ?,
401-110-1,,401,110,šülem,šülem,ʃ y l e m,,SMSk;TscherWb,,,,,šülem,ʃylem,4,,
501-110-1,,501,110,lolavni̮,lolavni̮,l o l ɑ v n ɯ,,SyrjWsch,,,,,lolavni̮,lolɑvnɯ,5,,
503-110-1,,503,110,lolavni̮,lolavni̮,l o l ɑ v n ɯ,,KoPRSl,,,,,lolavni̮,lolɑvnɯ,5,,
504-110-1,,504,110,lulʒ́i̮ni̮,lulʒ́i̮ni̮,l u l dʑ ɯ n ɯ,,WotjWsch,,,,,lulʒ́i̮ni̮,luldʑɯnɯ,5,,
601-110-1,,601,110,lélegzik,lélegzik,l eː l ɛ ɡ z i k,,FMSz,,,,,,leːlɛɡzik,5,,
701-110-1,,701,110,liläji,liläji,l i l æ j i,,WogWb,,,,,liläji,lilæji,5,,
807-110-1,,807,110,lält-,lält-,l æ l t,,DEWbOstj,,,,,lält-,lælt-,5,,
504-110-2,,504,110,šokani̮,šokani̮,ʃ o k ɑ n ɯ,,WotjWsch,,,,,šokani̮,ʃokɑnɯ,6,,
0-111-1,,0,111,[Not reconstructable],,,,UEW;Sam88,,,,,,,?,[Not reconstructable],
203-111-1,,203,111,lapsi,lapsi,l ɑ p s i,,JL,,,,,,lɑpsi,1,,
204-111-1,,204,111,lapsi,lapsi,,,KKSV,,,,,,,1,,
207-111-1,,207,111,lapś,lapś,,,VVS,,,,,,,1,,
208-111-1,,208,111,laps,laps,l ɑ p s,,InkmSk,,,,,laps,lɑps,1,,
209-111-1,,209,111,лahs,лahs,l ɑ h s,,VKJMS,,,,,lahs,lɑhs,1,,
210-111-1,,210,111,laps,laps,l a pː s,,SVSk,,,,,,lapːs,1,,
211-111-1,,211,111,lats',lats',,,VESr,,,,,,,1,,
212-111-1,,212,111,läpš,läpš,,,LivWb,,,,,,,1,,
101-111-1,,101,111,maana,maana,,,NSsNdb,,,,,,,2,,
102-111-1,,102,111,mànnaa,mànnaa,,,WbWlap,,,,,,,2,,
104-111-1,,104,111,mánná,mánná,,,EZ,,,,,,,2,,
105-111-1,,105,111,mánná,mánná,,,SSSg,,,,,,,2,,
102-111-2,,102,111,jugˈloo,jugˈloo,,,WbWlap,,,,,,,3,,
106-111-1,,106,111,"páárnáž, pärni",páárnáž,,,InsSSk,,,,,,,4,,
106-111-2,,106,111,"páárnáž, pärni",pärni,,,InsSSk,,,,,,,4,,
107-111-1,,107,111,"päʹrnn, päärnaž",päʹrnn,,,SKosSk,,,,,,,4,,
107-111-2,,107,111,"päʹrnn, päärnaž",päärnaž,,,SKosSk,,,,,,,4,,
108-111-1,,108,111,pārnenč,pārnenč,p aː r n e n t ʃ,,WOLD,,,,,,paːrnentʃ,4,,
301-111-1,,301,111,ejdʹe,ejdʹe,e j dʲ e,,MordWb,,,,,ejdʹe,ejdʲe,5,"Possibly connected with PUg *äjɜ 'small, young'",
301-111-2,,301,111,ejkakš,ejkakš,e j k ɑ k ʃ,,MordWb,,,,,ejkakš,ejkɑkʃ,6,,
401-111-1,,401,111,ikšə̑βə̑ ~ iɣešuβə̑,ikšə̑βə̑ ~ iɣešuβə̑,i k ʃ ə β ə,,SMSk;TscherWb,,,,,"ikšə̑βə̑, iɣešuβə̑","ikʃəβə, iɣeʃuβə",7,"First part ""iɣe"" 'cub, young of animal' possibly has cognates in Khan, Sd",'Children'
301-111-3,,301,111,pakša,pakša,p ɑ k ʃ ɑ,,MordWb,,,,,pakša,pɑkʃɑ,8,,
504-111-1,,504,111,pinal,pinal,p i n ɑ l,,WotjWsch,,,,,pinal,pinɑl,9,,
601-111-1,,601,111,gyerek ~ gyermek,gyerek ~ gyermek,ɟ ɛ r ɛ k ɟ ɛ r m ɛ k,,FMSz,,,,,,"ɟɛrɛk, ɟɛrmɛk",10,,
701-111-1,,701,111,ńāwram,ńāwram,ɲ ɑː w r ɑ m,,WogWb,,,,,ńāwram,ɲɑːwrɑm,11,,
701-111-2,,701,111,āɣi-piɣ,āɣi-piɣ,ɑː ɣ i p i ɣ,,WogWb,,,,,āɣi-piɣ,ɑːɣi-piɣ,12,"Comp.; lit. ""daughter-son""; ""āɣi"" from PFP *äkɜ ~ äwɜ 'daughter, girl'; ""piɣ"" from PFU *pojka 'son, boy'",
807-111-1,,807,111,ńəŋi-ki̮ji̮,ńəŋi-ki̮ji̮,ɲ ə ŋ i k ɯ j ɯ,,DEWbOstj,,,,,ńəŋi-ki̮ji̮,ɲəŋi-kɯjɯ,13,"Comp.; ""ńəŋi"" 'younger sister, younger daughter of relative'",
902-111-1,,902,111,ŋəcyeki°,ŋəcyeki°,,,JurSWb,,,,,,,14,,
907-111-1,,907,111,īŋa,īŋa,iː ŋ ɑ,,SolkWb,,,,,īŋa,iːŋɑ,15,"Deriv. from ""ī"" 'son'",
401-111-2,,401,111,joča,joča,j o tʃ ɑ,,SMSk;TscherWb,,,,,joča,jotʃɑ,16,,
501-111-1,,501,111,ćelʹadʹ,ćelʹadʹ,tɕ e ʎ ɑ dʲ,,SyrjWsch,,,,,ćelʹadʹ,tɕeʎɑdʲ,17,,'Children' (coll.)
504-111-2,,504,111,ni̮lpi,ni̮lpi,n ɯ l p i,,WotjWsch,,,,,ni̮lpi,nɯlpi,18,"From comp., lit. ""daughter-son""; ""ni̮l"" from PU *nejδe 'daughter, girl', ""pi"" from PFU *pojka 'son, boy'",
807-111-2,,807,111,ökǝmot,ökǝmot,ø k ə m o t,,DEWbOstj,,,,,ökəmot,økəmot,19,"Deriv. from ""ot"" 'thing' (lit. ""small thing"")",
503-111-1,,503,111,kaga,kaga,k ɑ ɡ ɑ,,KoPRSl,,,,,kaga,kɑɡɑ,20,,
901-111-1,,901,111,ńuə,ńuə,ɲ u ə,,SlNgaRus,,,,,ńuə,ɲuə,21,,
0-112-1,,0,112,*künči,*künči,,,UEW;Sam88,,,,,,,1,,
101-112-1,,101,112,gadtse,gadtse,,,NSsNdb,,,,,,,1,,
102-112-1,,102,112,gadtsa,gadtsa,,,WbWlap,,,,,,,1,,
104-112-1,,104,112,gaddtsa,gaddtsa,,,EZ,,,,,,,1,,
105-112-1,,105,112,gazza,gazza,,,SSSg,,,,,,,1,,
106-112-1,,106,112,kozza,kozza,,,InsSSk,,,,,,,1,,
107-112-1,,107,112,kõʒʒ,kõʒʒ,,,SKosSk,,,,,,,1,,
108-112-1,,108,112,kēnnc,kēnnc,k eː nː c,,WOLD,,,,,,keːnːc,1,,
203-112-1,,203,112,kynsi,kynsi,k y n s i,,JL,,,,,,kynsi,1,,
204-112-1,,204,112,kynsi,kynsi,,,KKSV,,,,,,,1,,
207-112-1,,207,112,künź,künź,,,VVS,,,,,,,1,,
208-112-1,,208,112,künz,künz,k y n z,,InkmSk,,,,,künz,kynz,1,,
209-112-1,,209,112,tšǖni,tšǖni,tʃ yː n i,,VKJMS,,,,,čǖni,tʃyːni,1,,
210-112-1,,210,112,"küüs, küünis",küüs,k yː s k yː n i s,,SVSk,,,,,,"kyːs, kyːnis",1,,
210-112-2,,210,112,"küüs, küünis",küünis,k yː s k yː n i s,,SVSk,,,,,,"kyːs, kyːnis",1,,
211-112-1,,211,112,küüds',küüds',,,VESr,,,,,,,1,,
212-112-1,,212,112,kīntš ~ kǖntš etc.,kīntš ~ kǖntš etc.,,,LivWb,,,,,,,1,,
301-112-1,,301,112,kenže,kenže,k e n ʒ e,,MordWb,,,,,kenže,kenʒe,1,,
401-112-1,,401,112,küč,küč,k y tʃ,,SMSk;TscherWb,,,,,küč,kytʃ,1,,
501-112-1,,501,112,gi̮ž,gi̮ž,ɡ ɯ ʒ,,SyrjWsch,,,,,gi̮ž,ɡɯʒ,1,,
503-112-1,,503,112,gi̮ž,gi̮ž,ɡ ɯ ʒ,"Stem ""gi̮žj-""",KoPRSl,,,,,gi̮ž,ɡɯʒ,1,,
504-112-1,,504,112,giži̮,giži̮,ɡ i ʒ ɯ,,WotjWsch,,,,,giži̮,ɡiʒɯ,1,,
701-112-1,,701,112,kos,kos,k o s,,WogWb,,,,,kos,kos,1,,
807-112-1,,807,112,kö̆ṇč,kö̆ṇč,k ø ̆ ɳ tʃ,,DEWbOstj,,,,,kö̆ṇč,kø̆ɳtʃ,1,,
901-112-1,,901,112,kətu,kətu,k ə t u,,SlNgaRus,,,,,kətu,kətu,1,,
601-112-1,,601,112,karom,karom,k ɒ r o m,"Cf. ""köröm"" 'fingernail'",FMSz,,,,,,kɒrom,2,,
101-112-2,,101,112,guehpere,guehpere,,,NSsNdb,,,,,,,3,,
902-112-1,,902,112,xəda,xəda,,,JurSWb,,,,,,,4,,
907-112-1,,907,112,qatə,qatə,q ɑ t ə,,SolkWb,,,,,qatə,qɑtə,4,,
0-113-1,,0,113,*pilwi,*pilwi,,"PFU: *pilwi, *kumV",UEW;Sam88,,,,,,,1,,
101-113-1,,101,113,balve,balve,,,NSsNdb,,,,,,,1,,
102-113-1,,102,113,balˈva,balˈva,,,WbWlap,,,,,,,1,,
104-113-1,,104,113,bállva,bállva,,,EZ,,,,,,,1,,
105-113-1,,105,113,balva,balva,,,SSSg,,,,,,,1,,
106-113-1,,106,113,polva,polva,,,InsSSk,,,,,,,1,,
107-113-1,,107,113,põlvv,põlvv,,,SKosSk,,,,,,,1,,
108-113-1,,108,113,pēvvl,pēvvl,p eː vː l,,WOLD,,,,,,peːvːl,1,,
203-113-1,,203,113,pilvi,pilvi,p i l ʋ i,,JL,,,,,,pilʋi,1,,
204-113-1,,204,113,pilvi,pilvi,,,KKSV,,,,,,,1,,
207-113-1,,207,113,pilʹv,pilʹv,,,VVS,,,,,,,1,,
208-113-1,,208,113,pilvi,pilvi,p i l v i,,InkmSk,,,,,pilvi,pilvi,1,,
209-113-1,,209,113,pilvi,pilvi,p i l v i,,VKJMS,,,,,pilvi,pilvi,1,,
210-113-1,,210,113,pilv,pilv,p i l v,,SVSk,,,,,,pilv,1,,
211-113-1,,211,113,pilv',pilv',,,VESr,,,,,,,1,,
212-113-1,,212,113,pīla,pīla,,,LivWb,,,,,,,1,,
301-113-1,,301,113,pelʹ,pelʹ,p e ʎ,,MordWb,,,,,pelʹ,peʎ,1,,
401-113-1,,401,113,pə̑l,pə̑l,p ə l,,SMSk;TscherWb,,,,,pə̑l,pəl,1,,
504-113-1,,504,113,pilʹem,pilʹem,p i ʎ e m,,WotjWsch,,,,,pilʹem,piʎem,1,,
601-113-1,,601,113,felhő,felhő,f ɛ l ɦ øː,,FMSz,,,,,,fɛlɦøː,1,,
807-113-1,,807,113,pələŋ,pələŋ,p ə l ə ŋ,,DEWbOstj,,,,,pələŋ,pələŋ,1,,
301-113-2,,301,113,kovol,kovol,k o v o l,,MordWb,,,,,kovol,kovol,2,,
501-113-1,,501,113,ki̮me̮r,ki̮me̮r,k ɯ m ɤ r,,SyrjWsch,,,,,ki̮me̮r,kɯmɤr,2,,
503-113-1,,503,113,ki̮me̮r,ki̮me̮r,k ɯ m ɤ r,,KoPRSl,,,,,ki̮me̮r,kɯmɤr,2,,
208-113-2,,208,113,tūt̀sa,tūt̀sa,t uː t̀ s ɑ,,InkmSk,,,,,tūt̀sa,tuːt̀sɑ,3,,
209-113-2,,209,113,tūtš,tūtš,t uː tʃ,,VKJMS,,,,,tūč,tuːtʃ,3,,
701-113-1,,701,113,tul,tul,t u l,,WogWb,,,,,tul,tul,3,,
901-113-1,,901,113,"čiəδu, čīrü",čiəδu,tʃ i ə ð u,,SlNgaRus,,,,,"čiəδu, čīrü",tʃiəðu,4,,
901-113-2,,901,113,"čiəδu, čīrü",čīrü,tʃ iː r y,,SlNgaRus,,,,,"čiəδu, čīrü",tʃiːry,4,,
902-113-1,,902,113,tyír°,tyír°,,,JurSWb,,,,,,,4,,
907-113-1,,907,113,tīttə,tīttə,t iː tː ə,,SolkWb,,,,,tīttə,tiːtːə,4,,
0-114-1,,0,114,[Not reconstructable],,,"Possibly *konta 'frost, cold', but only in FS and Sd, and in the former in a derived meaning",UEW;Sam88,,,,,,,?,[Not reconstructable],
101-114-1,,101,114,galme,galme,,,NSsNdb,,,,,,,1,,
104-114-1,,104,114,galbma,galbma,,,EZ,,,,,,,1,,
105-114-1,,105,114,galmmas,galmmas,,,SSSg,,,,,,,1,,
106-114-1,,106,114,koolmas,koolmas,,,InsSSk,,,,,,,1,,
107-114-1,,107,114,kõõlmâs ~ kõõumâs,kõõlmâs ~ kõõumâs,,,SKosSk,,,,,,,1,,
108-114-1,,108,114,kelmas,kelmas,k e l m a s,,WOLD,,,,,,kelmas,1,,
203-114-1,,203,114,kylmä,kylmä,k y l m æ,,JL,,,,,,kylmæ,1,,
204-114-1,,204,114,kylmä,kylmä,,,KKSV,,,,,,,1,,
208-114-1,,208,114,külmä,külmä,k y l m æ,,InkmSk,,,,,külmä,kylmæ,1,,
209-114-1,,209,114,tšülḿ,tšülḿ,tʃ y l mʲ,,VKJMS,,,,,čülḿ,tʃylmʲ,1,,
210-114-1,,210,114,külm,külm,k y l m,,SVSk,,,,,,kylm,1,,
211-114-1,,211,114,külm,külm,,,VESr,,,,,,,1,,
212-114-1,,212,114,kīlma ~ kǖlma,kīlma ~ kǖlma,,,LivWb,,,,,,,1,,
301-114-1,,301,114,kelʹme,kelʹme,k e ʎ m e,,MordWb,,,,,kelʹme,keʎme,1,,
204-114-2,,204,114,vilu,vilu,,,KKSV,,,,,,,2,,
207-114-1,,207,114,vilu,vilu,,,VVS,,,,,,,2,,
101-114-2,,101,114,tjåetskemes,tjåetskemes,,,NSsNdb,,,,,,,4,,
102-114-1,,102,114,tjååskès,tjååskès,,,WbWlap,,,,,,,4,,
104-114-2,,104,114,tjåskes,tjåskes,,,EZ,,,,,,,4,,
105-114-2,,105,114,čoaskkis,čoaskkis,,,SSSg,,,,,,,4,,
107-114-2,,107,114,čueʹcǩes,čueʹcǩes,,,SKosSk,,,,,,,4,,
102-114-2,,102,114,baaigòi,baaigòi,,,WbWlap,,,,,,,5,,
401-114-1,,401,114,jüštö,jüštö,j y ʃ t ø,,SMSk;TscherWb,,,,,jüštö,jyʃtø,6,,
807-114-1,,807,114,"jöɣli, jöɣlijeki",jöɣli,j ø ɣ l i,,DEWbOstj,,,,,"jöɣli, jöɣlijeki",jøɣli,6,,
807-114-2,,807,114,"jöɣli, jöɣlijeki",jöɣlijeki,j ø ɣ l i j e k i,,DEWbOstj,,,,,"jöɣli, jöɣlijeki",jøɣlijeki,6,,
501-114-1,,501,114,ke̮ʒ́i̮d,ke̮ʒ́i̮d,k ɤ dʑ ɯ d,,SyrjWsch,,,,,ke̮ʒ́i̮d,kɤdʑɯd,7,,
503-114-1,,503,114,ke̮ʒ́i̮t,ke̮ʒ́i̮t,k ɤ dʑ ɯ t,,KoPRSl,,,,,ke̮ʒ́i̮t,kɤdʑɯt,7,,
504-114-1,,504,114,keźi̮t,keźi̮t,k e ʑ ɯ t,,WotjWsch,,,,,keźi̮t,keʑɯt,7,,
601-114-1,,601,114,hideg,hideg,h i d ɛ ɡ,,FMSz,,,,,,hidɛɡ,8,,
701-114-1,,701,114,aśirma ~ aśərma,aśirma ~ aśərma,ɑ ɕ i r m ɑ,,WogWb,,,,,"aśirma, aśərma","ɑɕirmɑ, ɑɕərmɑ",9,,
807-114-3,,807,114,ətʹəɣ,ətʹəɣ,ə tʲ ə ɣ,,DEWbOstj,,,,,ətʹəɣ,ətʲəɣ,10,,
901-114-1,,901,114,čəśiśi,čəśiśi,tʃ ə ɕ i ɕ i,,SlNgaRus,,,,,čəśiśi,tʃəɕiɕi,11,,'Be cold (v)'
902-114-1,,902,114,tyecyə°,tyecyə°,,,JurSWb,,,,,,,11,,'Be cold (v.)'; deriv.
907-114-1,,907,114,taśśu-,taśśu-,t ɑ ɕː u,,SolkWb,,,,,taśśu-,tɑɕːu-,11,,'Be cold'
209-114-2,,209,114,kahu,kahu,k ɑ h u,,VKJMS,,,,,kahu,kɑhu,12,,
208-114-2,,208,114,kūma,kūma,k uː m ɑ,,InkmSk,,,,,kūma,kuːmɑ,13,,"'Hot, cold', i.e. of extreme temperatures"
203-115-1,,203,115,laskea,laskea,l ɑ s k e̞ ɑ,,JL,,,,,,lɑske̞ɑ,1,,
204-115-1,,204,115,laskie,laskie,,,KKSV,,,,,,,1,,
208-115-1,,208,115,laskia,laskia,l ɑ s k i ɑ,,InkmSk,,,,,laskia,lɑskiɑ,1,,
209-115-1,,209,115,лuke̮ma,лuke̮ma,l u k ɤ m ɑ,,VKJMS,,,,,luke̮ma,lukɤmɑ,1,,
0-115-1,,0,115,*luki̮-?,*luki̮-?,,Sd representation uncertain,UEW;Sam88,,,,,,,2,,
105-115-1,,105,115,lohkat,lohkat,,,SSSg,,,,,,,2,,
106-115-1,,106,115,lyeš'tiđ,lyeš'tiđ,,,InsSSk,,,,,,,2,,
108-115-1,,108,115,lōgke,lōgke,l oː gː e,,WOLD,,,,,,loːgːe,2,,
204-115-2,,204,115,lukie,lukie,,,KKSV,,,,,,,2,,
207-115-1,,207,115,lugeda,lugeda,,,VVS,,,,,,,2,,
210-115-1,,210,115,"lugeda, loendada",lugeda,l u k e t ɑ l o e n t ɑ t ɑ,,SVSk,,,,,,"luketɑ, loentɑtɑ",2,,
210-115-2,,210,115,"lugeda, loendada",loendada,l u k e t ɑ l o e n t ɑ t ɑ,,SVSk,,,,,,"luketɑ, loentɑtɑ",2,,
211-115-1,,211,115,lugõma,lugõma,,,VESr,,,,,,,2,,
212-115-1,,212,115,luʾggə,luʾggə,,,LivWb,,,,,,,2,,
301-115-1,,301,115,lovoms,lovoms,l o v o m s,,MordWb,,,,,lovoms,lovoms,2,,
401-115-1,,401,115,luδam,luδam,l u ð ɑ m,,SMSk;TscherWb,,,,,luδam,luðɑm,2,,
501-115-1,,501,115,li̮dʹdʹi̮ni̮,li̮dʹdʹi̮ni̮,l ɯ dʲː ɯ n ɯ,,SyrjWsch,,,,,li̮dʹdʹi̮ni̮,lɯdʲːɯnɯ,2,,
503-115-1,,503,115,li̮dʹdʹi̮ni̮,li̮dʹdʹi̮ni̮,l ɯ dʲː ɯ n ɯ,,KoPRSl,,,,,li̮dʹdʹi̮ni̮,lɯdʲːɯnɯ,2,,
504-115-1,,504,115,"li̮ʒ́ʒ́i̮ni̮, li̮djani̮",li̮ʒ́ʒ́i̮ni̮,l ɯ dʑː ɯ n ɯ,,WotjWsch,,,,,"li̮ʒ́ʒ́i̮ni̮, li̮djani̮",lɯdʑːɯnɯ,2,,
504-115-2,,504,115,"li̮ʒ́ʒ́i̮ni̮, li̮djani̮",li̮djani̮,l ɯ d j ɑ n ɯ,,WotjWsch,,,,,"li̮ʒ́ʒ́i̮ni̮, li̮djani̮",lɯdjɑnɯ,2,,
701-115-1,,701,115,lowińti,lowińti,l o w i ɲ t i,,WogWb,,,,,lowińti,lowiɲti,2,,
807-115-1,,807,115,lŏŋət-,lŏŋət-,l o ̆ ŋ ə t,,DEWbOstj,,,,,lŏŋət-,lŏŋət-,2,Cognacy uncertain because of irregular ŋ,
101-115-1,,101,115,ryöknedh,ryöknedh,,,NSsNdb,,,,,,,3,,
102-115-1,,102,115,ryökˈnat,ryökˈnat,,,WbWlap,,,,,,,3,,
104-115-1,,104,115,rekknut,rekknut,,,EZ,,,,,,,3,,
105-115-2,,105,115,rēhkenastit,rēhkenastit,,,SSSg,,,,,,,3,,
107-115-1,,107,115,rekknâʹstted,rekknâʹstted,,,SKosSk,,,,,,,3,,
601-115-1,,601,115,számol,számol,s aː m o l,,FMSz,,,,,,saːmol,4,,
901-115-1,,901,115,tuəbtusa,tuəbtusa,t u ə b t u s ɑ,From PSd *ton 'number (?)',SlNgaRus,,,,,tuəbtusa,tuəbtusɑ,5,,"'Count, read'"
902-115-1,,902,115,tola°,tola°,,,JurSWb,,,,,,,5,,
907-115-1,,907,115,tōr-,tōr-,t oː r,,SolkWb,,,,,tōr-,toːr-,5,,
401-115-2,,401,115,čotlem,čotlem,tʃ o t l e m,,SMSk;TscherWb,,,,,čotlem,tʃotlem,6,,
101-115-2,,101,115,tsïehkesjidh,tsïehkesjidh,,,NSsNdb,,,,,,,7,,
107-115-2,,107,115,laʹsǩǩeed,laʹsǩǩeed,,,SKosSk,,,,,,,1,,
203-116-1,,203,116,leikata,leikata,l e̞ i k ɑ t̪ ɑ,Conflicting views in literature,JL,,,,,,le̞ikɑt̪ɑ,1,Cf. PGer *blaikjan 'hit a mark in wood',
204-116-1,,204,116,leikata,leikata,,,KKSV,,,,,,,1,Cf. PGer *blaikjan 'hit a mark in wood',
207-116-1,,207,116,leigota,leigota,,,VVS,,,,,,,1,Cf. PGer *blaikjan 'hit a mark in wood',
208-116-1,,208,116,leiɢaᴅa,leiɢaᴅa,l e i ɡ̥ ɑ d̥ ɑ,,InkmSk,,,,,leiɢaᴅa,leiɡ̥ɑd̥ɑ,1,Cf. PGer *blaikjan 'hit a mark in wood',
209-116-1,,209,116,лe̮ikkama,лe̮ikkama,l ɤ i kː ɑ m ɑ,,VKJMS,,,,,le̮ikkama,lɤikːɑmɑ,1,Cf. PGer *blaikjan 'hit a mark in wood',
210-116-1,,210,116,lõigata,lõigata,l ɤ i k ɑ tː ɑ,,SVSk,,,,,,lɤikɑtːɑ,1,Cf. PGer *blaikjan 'hit a mark in wood',
211-116-1,,211,116,lõikama,lõikama,,,VESr,,,,,,,1,Cf. PGer *blaikjan 'hit a mark in wood',
204-116-2,,204,116,halata,halata,,,KKSV,,,,,,,2,"Cf. Fin ""halkaista"" 'split, cut into pieces'",
207-116-2,,207,116,tšapta,tšapta,,,VVS,,,,,,,3,,
212-116-1,,212,116,iʾedə,iʾedə,,,LivWb,,,,,,,4,,
101-116-1,,101,116,tjoehpedh,tjoehpedh,,,NSsNdb,,,,,,,5,,
104-116-1,,104,116,tjuahppat,tjuahppat,,,EZ,,,,,,,5,,
105-116-1,,105,116,čuohppat,čuohppat,,,SSSg,,,,,,,5,,
106-116-1,,106,116,cuop'pađ,cuop'pađ,,,InsSSk,,,,,,,5,,
107-116-1,,107,116,čuõpˈpâd,čuõpˈpâd,,,SKosSk,,,,,,,5,,
108-116-1,,108,116,čūhpe,čūhpe,t ʃ uː h p e,,WOLD,,,,,,tʃuːhpe,5,,
102-116-1,,102,116,tjuallat,tjuallat,,,WbWlap,,,,,,,6,From PFU *śala- 'cut',
104-116-2,,104,116,"tjuoladuvvut, tjuolastit (cut off)",tjuoladuvvut,,,EZ,,,,,,,6,From PFU *śala- 'cut',
104-116-3,,104,116,"tjuoladuvvut, tjuolastit (cut off)",tjuolastit,,,EZ,,,,,,,6,From PFU *śala- 'cut',
301-116-1,,301,116,narams,narams,n ɑ r ɑ m s,,MordWb,,,,,narams,nɑrɑms,7,,
0-116-1,,0,116,*pečkä-,*pečkä-,,,UEW;Sam88,,,,,,,8,,
301-116-2,,301,116,pečkems,pečkems,p e tʃ k e m s,,MordWb,,,,,pečkems,petʃkems,8,,
401-116-1,,401,116,püčkam,püčkam,p y tʃ k ɑ m,,SMSk;TscherWb,,,,,püčkam,pytʃkɑm,8,,
401-116-2,,401,116,šualam,šualam,ʃ u ɑ l ɑ m,,SMSk;TscherWb,,,,,šualam,ʃuɑlɑm,9,"Deriv. from ""šuam"" 'carve'",
501-116-1,,501,116,vundi̮ni̮,vundi̮ni̮,v u n d ɯ n ɯ,,SyrjWsch,,,,,vundi̮ni̮,vundɯnɯ,10,,
503-116-1,,503,116,vundavni̮,vundavni̮,v u n d ɑ v n ɯ,,KoPRSl,,,,,vundavni̮,vundɑvnɯ,10,,
504-116-1,,504,116,vandi̮ni̮,vandi̮ni̮,v ɑ n d ɯ n ɯ,,WotjWsch,,,,,vandi̮ni̮,vɑndɯnɯ,10,,
601-116-1,,601,116,vág,vág,v aː ɡ,,FMSz,,,,,,vaːɡ,10,,
501-116-2,,501,116,ši̮rni̮,ši̮rni̮,ʃ ɯ r n ɯ,,SyrjWsch,,,,,ši̮rni̮,ʃɯrnɯ,11,,
503-116-2,,503,116,še̮ri̮štni̮,še̮ri̮štni̮,ʃ ɤ r ɯ ʃ t n ɯ,,KoPRSl,,,,,še̮ri̮štni̮,ʃɤrɯʃtnɯ,11,,
504-116-2,,504,116,šori̮ni̮,šori̮ni̮,ʃ o r ɯ n ɯ,,WotjWsch,,,,,šori̮ni̮,ʃorɯnɯ,11,,
701-116-1,,701,116,jakti,jakti,j ɑ k t i,,WogWb,,,,,jakti,jɑkti,13,"From PFU *äktV- 'cut, hack, hit'",
807-116-1,,807,116,öɣət-,öɣət-,ø ɣ ə t,,DEWbOstj,,,,,öɣət-,øɣət-,13,"From PFU *äktV- 'cut, hack, hit'",
601-116-2,,601,116,nyír,nyír,ɲ iː r,,FMSz,,,,,,ɲiːr,14,,
901-116-1,,901,116,mətudʹa,mətudʹa,m ə t u dʲ ɑ,,SlNgaRus,,,,,mətudʹa,mətudʲɑ,15,,
902-116-1,,902,116,məda°,məda°,,,JurSWb,,,,,,,15,,
907-116-1,,907,116,mačə-,mačə-,m ɑ tʃ ə,,SolkWb,,,,,mačə-,mɑtʃə-,15,,
807-116-2,,807,116,joɣi̮-,joɣi̮-,j o ɣ ɯ,,DEWbOstj,,,,,joɣi̮-,joɣɯ-,16,,
108-116-2,,108,116,vējje,vējje,v eː jː e,,WOLD,,,,,,veːjːe,17,,
208-116-2,,208,116,hölväᴅä,hölväᴅä,h ø l v æ d̥ æ,,InkmSk,,,,,hölväᴅä,hølvæd̥æ,18,,
101-117-1,,101,117,biejjie,biejjie,,,NSsNdb,,,,,,,1,,
102-117-1,,102,117,bäìvee,bäìvee,,,WbWlap,,,,,,,1,,
104-117-1,,104,117,bäjjve,bäjjve,,,EZ,,,,,,,1,,
105-117-1,,105,117,beaivi,beaivi,,,SSSg,,,,,,,1,,
106-117-1,,106,117,peivi,peivi,,,InsSSk,,,,,,,1,,
107-117-1,,107,117,peiʹvv,peiʹvv,,,SKosSk,,,,,,,1,,
108-117-1,,108,117,piejjv,piejjv,p i e jː v,,WOLD,,,,,,piejːv,1,,
203-117-1,,203,117,päivä,päivä,p æ i ʋ æ,,JL,,,,,,pæiʋæ,1,,
204-117-1,,204,117,päivä,päivä,,,KKSV,,,,,,,1,,
207-117-1,,207,117,päi(v),päi,,,VVS,,,,,,,1,,
208-117-1,,208,117,päivä,päivä,p æ i v æ,,InkmSk,,,,,päivä,pæivæ,1,,
209-117-1,,209,117,päiv́,päiv́,p æ i vʲ,,VKJMS,,,,,päiv́,pæivʲ,1,,
210-117-1,,210,117,päev,päev,p æ e v,,SVSk,,,,,,pæev,1,,
211-117-1,,211,117,päiv,päiv,,,VESr,,,,,,,1,,
212-117-1,,212,117,pǟva,pǟva,,,LivWb,,,,,,,1,,
301-117-1,,301,117,či,či,tʃ i,,MordWb,,,,,či,tʃi,2,,
401-117-1,,401,117,keče,keče,k e tʃ e,,SMSk;TscherWb,,,,,keče,ketʃe,2,,
501-117-1,,501,117,lun,lun,l u n,,SyrjWsch,,,,,lun,lun,3,,
503-117-1,,503,117,lun,lun,l u n,,KoPRSl,,,,,lun,lun,3,,
504-117-1,,504,117,nunal,nunal,n u n ɑ l,,WotjWsch,,,,,nunal,nunɑl,3,Sporadic “n-”,
601-117-1,,601,117,nap,nap,n ɒ p,,FMSz,,,,,,nɒp,4,,
701-117-1,,701,117,χōtal,χōtal,x oː t ɑ l,,WogWb,,,,,χōtal,xoːtɑl,5,,
807-117-1,,807,117,kotǝl,kotǝl,k o t ə l,,DEWbOstj,,,,,kotəl,kotəl,5,,
0-117-1,,0,117,*jelä ?,*jelä ?,,"Only in Sa and Sd, and in the former in a derived meaning",UEW;Sam88,,,,,,,6,,
901-117-1,,901,117,dʹali̮,dʹali̮,dʲ ɑ l ɯ,,SlNgaRus,,,,,dʹali̮,dʲɑlɯ,6,,
902-117-1,,902,117,yalya,yalya,,,JurSWb,,,,,,,6,,
907-117-1,,907,117,ćēlə,ćēlə,tɕ eː l ə,,SolkWb,,,,,ćēlə,tɕeːlə,6,,
0-118-1,,0,118,*kali̮-,*kali̮-,,Some FU forms point to *kola- (Fin ”kōle-” can be from either),UEW;Sam88,,,,,,,1,,
203-118-1,,203,118,kuolla,kuolla,k u o̞ lː ɑ,,JL,,,,,,kuo̞lːɑ,1,,
204-118-1,,204,118,kuolla,kuolla,,,KKSV,,,,,,,1,,
207-118-1,,207,118,kolda ~ kouda,kolda ~ kouda,,,VVS,,,,,,,1,,
208-118-1,,208,118,kōlla,kōlla,k oː lː ɑ,,InkmSk,,,,,kōlla,koːlːɑ,1,,
209-118-1,,209,118,kōлe̮ma,kōлe̮ma,k oː l ɤ m ɑ,,VKJMS,,,,,kōle̮ma,koːlɤmɑ,1,,
211-118-1,,211,118,kuulma,kuulma,,,VESr,,,,,,,1,,
212-118-1,,212,118,kùolə,kùolə,,,LivWb,,,,,,,1,,
301-118-1,,301,118,kuloms,kuloms,k u l o m s,,MordWb,,,,,kuloms,kuloms,1,,
401-118-1,,401,118,kolem,kolem,k o l e m,,SMSk;TscherWb,,,,,kolem,kolem,1,,
501-118-1,,501,118,kuvni̮,kuvni̮,k u v n ɯ,,SyrjWsch,,,,,kuvni̮,kuvnɯ,1,,
503-118-1,,503,118,kuvni̮,kuvni̮,k u v n ɯ,,KoPRSl,,,,,kuvni̮,kuvnɯ,1,,
504-118-1,,504,118,kuli̮ni̮,kuli̮ni̮,k u l ɯ n ɯ,,WotjWsch,,,,,kuli̮ni̮,kulɯnɯ,1,,
601-118-1,,601,118,meghal,meghal,m ɛ k h ɒ l,,FMSz,,,,,,mɛkhɒl,1,,"""Meg"" is prefix"
701-118-1,,701,118,χōli,χōli,x oː l i,,WogWb,,,,,χōli,xoːli,1,,
807-118-1,,807,118,kăla-,kăla-,k ɑ ̆ l ɑ,,DEWbOstj,,,,,kăla-,kɑ̆lɑ-,1,,
901-118-1,,901,118,"kuədʹa, kotərusa ~ koturusa",kuədʹa,k u ə dʲ ɑ,"Latter deriv. from ""kotudʹa"" 'kill' (historically prob. itself deriv. of former)",SlNgaRus,,,,,"kuədʹa, kotərusa, koturusa",kuədʲɑ,1,,
901-118-2,,901,118,"kuədʹa, kotərusa ~ koturusa",kotərusa ~ koturusa,k u ə dʲ ɑ,"Latter deriv. from ""kotudʹa"" 'kill' (historically prob. itself deriv. of former)",SlNgaRus,,,,,"kuədʹa, kotərusa, koturusa","kuədʲɑ, kotərusɑ, koturusɑ",1,,
902-118-1,,902,118,xasy°,xasy°,,,JurSWb,,,,,,,1,,
907-118-1,,907,118,qū-,qū-,q uː,,SolkWb,,,,,qū-,quː-,1,,
209-118-2,,209,118,sure̮ma,sure̮ma,s u r ɤ m ɑ,,VKJMS,,,,,sure̮ma,surɤmɑ,2,,
210-118-1,,210,118,surra,surra,s u rː ɑ,,SVSk,,,,,,surːɑ,2,,
807-118-2,,807,118,sur-,sur-,s u r,,DEWbOstj,,,,,sur-,sur-,2,,
101-118-1,,101,118,jaemedh,jaemedh,,,NSsNdb,,,,,,,3,,
102-118-1,,102,118,jàbˈmeet,jàbˈmeet,,,WbWlap,,,,,,,3,,
104-118-1,,104,118,jämij,jämij,,,EZ,,,,,,,3,,This 3rd sg. form
105-118-1,,105,118,jápmit,jápmit,,,SSSg,,,,,,,3,,
106-118-1,,106,118,jäämmiđ,jäämmiđ,,,InsSSk,,,,,,,3,,
107-118-1,,107,118,jääʹmmed,jääʹmmed,,,SKosSk,,,,,,,3,,
108-118-1,,108,118,joamm’e,joamm’e,j ɒː mːʲ e,,WOLD,,,,,,jɒːmːʲe,3,,
901-118-3,,901,118,dʹaŋgumsa,dʹaŋgumsa,dʲ ɑ ŋ ɡ u m s ɑ,,SlNgaRus,,,,,dʹaŋgumsa,dʲɑŋɡumsɑ,4,,
0-119-1,,0,119,*kojwa-,*kojwa-,,Existence in PU uncertain,UEW;Sam88,,,,,,,1,,
102-119-1,,102,119,gåỳvoot,gåỳvoot,,,WbWlap,,,,,,,1,,
105-119-1,,105,119,goaivut,goaivut,,,SSSg,,,,,,,1,,
106-119-1,,106,119,koai'vuđ,koai'vuđ,,,InsSSk,,,,,,,1,,
107-119-1,,107,119,kuäivvad,kuäivvad,,,SKosSk,,,,,,,1,,
108-119-1,,108,119,kuajjve,kuajjve,k u a jː v e,,WOLD,,,,,,kuajːve,1,,
203-119-1,,203,119,kaivaa,kaivaa,k ɑ i ʋ ɑː,,JL,,,,,,kɑiʋɑː,1,,
204-119-1,,204,119,kaivoa,kaivoa,,,KKSV,,,,,,,1,,
207-119-1,,207,119,kaida,kaida,,,VVS,,,,,,,1,,
208-119-1,,208,119,kaivā,kaivā,k ɑ i v ɑː,,InkmSk,,,,,kaivā,kɑivɑː,1,,
209-119-1,,209,119,kaivoma,kaivoma,k ɑ i v o m ɑ,,VKJMS,,,,,kaivoma,kɑivomɑ,1,,
210-119-1,,210,119,kaevata,kaevata,k ɑ e v ɑ tː ɑ,,SVSk,,,,,,kɑevɑtːɑ,1,,
211-119-1,,211,119,kaibma,kaibma,,,VESr,,,,,,,1,,
212-119-1,,212,119,koùvə,koùvə,,,LivWb,,,,,,,1,,
102-119-2,,102,119,bàlleet ~ baalleet,bàlleet ~ baalleet,,,WbWlap,,,,,,,2,,
104-119-1,,104,119,bállet,bállet,,,EZ,,,,,,,2,,
107-119-2,,107,119,rääppad,rääppad,,,SKosSk,,,,,,,3,Possibly loan from Finnic instead,
301-119-1,,301,119,čuvoms,čuvoms,tʃ u v o m s,,MordWb,,,,,čuvoms,tʃuvoms,4,,
401-119-1,,401,119,küńčem,küńčem,k y ɲ tʃ e m,,SMSk;TscherWb,,,,,küńčem,kyɲtʃem,5,"Cogn. with Fin ""kyntää"" 'plough (v.)'",
301-119-2,,301,119,čupońems,čupońems,tʃ u p o ɲ e m s,,MordWb,,,,,čupońems,tʃupoɲems,6,,
501-119-1,,501,119,godni̮,godni̮,ɡ o d n ɯ,,SyrjWsch,,,,,godni̮,ɡodnɯ,7,,
504-119-1,,504,119,gudi̮ni̮,gudi̮ni̮,ɡ u d ɯ n ɯ,,WotjWsch,,,,,gudi̮ni̮,ɡudɯnɯ,7,,
504-119-2,,504,119,kopani̮,kopani̮,k o p ɑ n ɯ,,WotjWsch,,,,,kopani̮,kopɑnɯ,8,,
401-119-2,,401,119,korem,korem,k o r e m,,SMSk;TscherWb,,,,,korem,korem,9,From PFU *kurV- 'dig',
601-119-1,,601,119,ás,ás,aː ʃ,,FMSz,,,,,,aːʃ,10,,
701-119-1,,701,119,χīli ~ χili,χīli ~ χili,x iː l i,,WogWb,,,,,"χīli, χili","xiːli, xili",11,,
807-119-1,,807,119,ki̮ṇ-,ki̮ṇ-,k ɯ ɳ,,DEWbOstj,,,,,ki̮ṇ-,kɯɳ-,12,,
902-119-1,,902,119,səbkasy°,səbkasy°,,,JurSWb,,,,,,,13,,
601-119-2,,601,119,túr,túr,t uː r,,FMSz,,,,,,tuːr,14,,
907-119-1,,907,119,tilə-,tilə-,t i l ə,,SolkWb,,,,,tilə-,tilə-,15,,
503-119-1,,503,119,garji̮ni̮,garji̮ni̮,ɡ ɑ r j ɯ n ɯ,,KoPRSl,,,,,garji̮ni̮,ɡɑrjɯnɯ,16,,
101-119-1,,101,119,kroehkedh,kroehkedh,,,NSsNdb,,,,,,,17,,
101-119-2,,101,119,berkedh,berkedh,,,NSsNdb,,,,,,,18,,
901-119-1,,901,119,śirkədʹi,śirkədʹi,ɕ i r k ə dʲ i,,SlNgaRus,,,,,śirkədʹi,ɕirkədʲi,19,,
0-12-1,,0,12,[Not reconstructable],,,,UEW;Sam88,,,,,,,?,[Not reconstructable],
105-12-1,,105,12,raddi,raddi,,,SSSg,,,,,,,1,,
106-12-1,,106,12,radde,radde,,,InsSSk,,,,,,,1,,
107-12-1,,107,12,râʹdd,râʹdd,,,SKosSk,,,,,,,1,,
108-12-1,,108,12,rann’t,rann’t,r a nːʲ t,,WOLD,,,,,,ranːʲt,1,,
203-12-1,,203,12,rinta,rinta,r i n̪ t̪ ɑ,,JL,,,,,,rin̪t̪ɑ,1,,
204-12-1,,204,12,rinta,rinta,,,KKSV,,,,,,,1,,
207-12-1,,207,12,rind,rind,,,VVS,,,,,,,1,,
208-12-1,,208,12,rinᴅa,rinᴅa,r i n d̥ ɑ,,InkmSk,,,,,rinᴅa,rind̥ɑ,1,,
209-12-1,,209,12,rint,rint,r i n t,,VKJMS,,,,,rint,rint,1,,
210-12-1,,210,12,rind,rind,r i n t,,SVSk,,,,,,rint,1,,
211-12-1,,211,12,rind ~ rõnd,rind ~ rõnd,,,VESr,,,,,,,1,,
212-12-1,,212,12,rīnda,rīnda,,,LivWb,,,,,,,1,,
204-12-2,,204,12,rynnäs,rynnäs,,,KKSV,,,,,,,2,,
102-12-1,,102,12,vuabˈda,vuabˈda,,,WbWlap,,,,,,,3,,
104-12-1,,104,12,vuabbda,vuabbda,,,EZ,,,,,,,3,,
301-12-1,,301,12,meštʹe,meštʹe,m e ʃ tʲ e,,MordWb,,,,,meštʹe,meʃtʲe,4,,
401-12-1,,401,12,oŋ,oŋ,o ŋ,,SMSk;TscherWb,,,,,oŋ,oŋ,5,,"'Chest, breast'"
501-12-1,,501,12,more̮s,more̮s,m o r ɤ s,,SyrjWsch,,,,,more̮s,morɤs,6,From PFP ?*merɜ 'breast'?,
503-12-1,,503,12,moros,moros,m o r o s,,KoPRSl,,,,,moros,moros,6,From PFP ?*merɜ 'breast'?,
504-12-1,,504,12,gadʹ,gadʹ,ɡ ɑ dʲ,,WotjWsch,,,,,gadʹ,ɡɑdʲ,7,,
101-12-1,,101,12,mïelke,mïelke,,,NSsNdb,,,,,,,8,,
601-12-1,,601,12,"mell, mellkas",mell,m ɛ l m ɛ lː k ɒ ʃ,,FMSz,,,,,,"mɛl, mɛlːkɒʃ",8,,"Former 'woman's breast', latter 'chest, breast'"
601-12-2,,601,12,"mell, mellkas",mellkas,m ɛ l m ɛ lː k ɒ ʃ,,FMSz,,,,,,"mɛl, mɛlːkɒʃ",8,,"Former 'woman's breast', latter 'chest, breast'"
701-12-1,,701,12,māɣl,māɣl,m ɑː ɣ l,,WogWb,,,,,māɣl,mɑːɣl,8,,
807-12-1,,807,12,möɣəl,möɣəl,m ø ɣ ə l,,DEWbOstj,,,,,möɣəl,møɣəl,8,,
902-12-1,,902,12,lempara,lempara,,,JurSWb,,,,,,,9,,
907-12-1,,907,12,kī̮lə,kī̮lə,k ɯː l ə,,SolkWb,,,,,kī̮lə,kɯːlə,10,,
204-12-3,,204,12,nänni,nänni,,,KKSV,,,,,,,11,,"'Nipple, breast'"
301-12-2,,301,12,"potʹe, potʹetʹ",potʹe,p o tʲ e,,MordWb,,,,,"potʹe, potʹetʹ",potʲe,12,,
301-12-3,,301,12,"potʹe, potʹetʹ",potʹetʹ,p o tʲ e tʲ,,MordWb,,,,,"potʹe, potʹetʹ",potʲetʲ,12,,
401-12-2,,401,12,čə̑ze,čə̑ze,tʃ ə z e,,SMSk;TscherWb,,,,,čə̑ze,tʃəze,13,From PU *śüńśä?,"Nipple, breasts'"
901-12-1,,901,12,śinśə,śinśə,ɕ i n ɕ ə,,SlNgaRus,,,,,śinśə,ɕinɕə,13,From PU *śüńśä?,
108-12-2,,108,12,ninnč,ninnč,n i nː t ʃ,,WOLD,,,,,,ninːtʃ,14,,
203-120-1,,203,120,kuiva,kuiva,k u i ʋ ɑ,,JL,,,,,,kuiʋɑ,1,,
204-120-1,,204,120,kuiva,kuiva,,,KKSV,,,,,,,1,,
207-120-1,,207,120,kuiv,kuiv,,,VVS,,,,,,,1,,
208-120-1,,208,120,kuiva,kuiva,k u i v ɑ,,InkmSk,,,,,kuiva,kuivɑ,1,,
209-120-1,,209,120,kuiv,kuiv,k u i v,,VKJMS,,,,,kuiv,kuiv,1,,
210-120-1,,210,120,kuiv,kuiv,k u i v,,SVSk,,,,,,kuiv,1,,
211-120-1,,211,120,kuiv,kuiv,,,VESr,,,,,,,1,,
212-120-1,,212,120,kūja,kūja,,,LivWb,,,,,,,1,,
212-120-2,,212,120,tajà,tajà,,,LivWb,,,,,,,2,,
0-120-1,,0,120,*kuśka,*kuśka,,,UEW;Sam88,,,,,,,3,,
101-120-1,,101,120,gejhkie,gejhkie,,,NSsNdb,,,,,,,3,,
102-120-1,,102,120,gåỳhkee ~ gåiˈgee,gåỳhkee ~ gåiˈgee,,,WbWlap,,,,,,,3,,
104-120-1,,104,120,gåjjkes,gåjjkes,,,EZ,,,,,,,3,,
105-120-1,,105,120,goikkis,goikkis,,,SSSg,,,,,,,3,,
106-120-1,,106,120,ko'škes,ko'škes,,,InsSSk,,,,,,,3,,
107-120-1,,107,120,kååʹšǩes,kååʹšǩes,,,SKosSk,,,,,,,3,,
108-120-1,,108,120,koaš’kes’,koaš’kes’,k ɒː ʃʲ k e sʲ,,WOLD,,,,,,kɒːʃʲkesʲ,3,,
301-120-1,,301,120,kośke,kośke,k o ɕ k e,,MordWb,,,,,kośke,koɕke,3,,
901-120-1,,901,120,kośüə,kośüə,k o ɕ y ə,,SlNgaRus,,,,,kośüə,koɕyə,3,,
902-120-1,,902,120,xasuy°,xasuy°,,,JurSWb,,,,,,,3,,
401-120-1,,401,120,kukšo,kukšo,k u k ʃ o,,SMSk;TscherWb,,,,,kukšo,kukʃo,4,,
501-120-1,,501,120,kos,kos,k o s,,SyrjWsch,,,,,kos,kos,4,,
503-120-1,,503,120,ke̮s,ke̮s,k ɤ s,,KoPRSl,,,,,ke̮s,kɤs,4,,
504-120-1,,504,120,ke̮s,ke̮s,k ɤ s,,WotjWsch,,,,,ke̮s,kɤs,4,,
601-120-1,,601,120,száraz,száraz,s aː r ɒ z,,FMSz,,,,,,saːrɒz,5,From PFU *śarV- 'dry (v.)',
807-120-1,,807,120,sarəm,sarəm,s ɑ r ə m,,DEWbOstj,,,,,sarəm,sɑrəm,5,From PFU *śarV- 'dry (v.)',
701-120-1,,701,120,tōsam,tōsam,t oː s ɑ m,,WogWb,,,,,tōsam,toːsɑm,6,,
807-120-2,,807,120,sosəm,sosəm,s o s ə m,,DEWbOstj,,,,,sosəm,sosəm,6,,
907-120-1,,907,120,če̮kə-,če̮kə-,tʃ ɤ k ə,,SolkWb,,,,,če̮kə-,tʃɤkə-,7,,'Dry (v.)'; participle used for 'dry (adj.)'
0-121-1,,0,121,[Not reconstructable],,,,UEW;Sam88,,,,,,,?,[Not reconstructable],
102-121-1,,102,121,[Form not found],,,,WbWlap,,,,,,,?,[Form not found],
203-121-1,,203,121,pöly,pöly,p ø̞ l y,,JL,,,,,,pø̞ly,1,,
204-121-1,,204,121,pöly,pöly,,,KKSV,,,,,,,1,,
207-121-1,,207,121,pölü,pölü,,,VVS,,,,,,,1,,
208-121-1,,208,121,pöllü,pöllü,p ø lː y,,InkmSk,,,,,pöllü,pølːy,1,,
209-121-1,,209,121,pöllü,pöllü,p ø lː y,,VKJMS,,,,,pöllü,pølːy,1,,
203-121-2,,203,121,tomu,tomu,t̪ o̞ m u,,JL,,,,,,t̪o̞mu,2,,
204-121-2,,204,121,tomu ~ tömy,tomu ~ tömy,,,KKSV,,,,,,,2,,
207-121-2,,207,121,tomu,tomu,,,VVS,,,,,,,2,,
209-121-2,,209,121,toлmu,toлmu,t o l m u,,VKJMS,,,,,tolmu,tolmu,3,,
210-121-1,,210,121,tolm,tolm,t o l m,,SVSk,,,,,,tolm,3,,
211-121-1,,211,121,tolm,tolm,,,VESr,,,,,,,3,,
212-121-1,,212,121,tellm ~ töllm,tellm ~ töllm,,,LivWb,,,,,,,3,,
212-121-2,,212,121,pe̮rrm,pe̮rrm,,,LivWb,,,,,,,4,,
105-121-1,,105,121,gavja,gavja,,,SSSg,,,,,,,5,,
106-121-1,,106,121,kovja,kovja,,,InsSSk,,,,,,,5,,
107-121-1,,107,121,põõʹl,põõʹl,,,SKosSk,,,,,,,6,,
401-121-1,,401,121,purak,purak,p u r ɑ k,,SMSk;TscherWb,,,,,purak,purɑk,7,Origin unknown,
501-121-1,,501,121,bus,bus,b u s,,SyrjWsch,,,,,bus,bus,8,,
503-121-1,,503,121,bus,bus,b u s,,KoPRSl,,,,,bus,bus,8,,
301-121-1,,301,121,čelʹke,čelʹke,tʃ e ʎ k e,,MordWb,,,,,čelʹke,tʃeʎke,9,,
601-121-1,,601,121,por,por,p o r,,FMSz,,,,,,por,10,"Origin unknown; initial ""p-"" points to loan origin",
701-121-1,,701,121,pors,pors,p o r s,,WogWb,,,,,pors,pors,11,Origin unknown,
807-121-1,,807,121,ńɔr,ńɔr,ɲ ɔ r,,DEWbOstj,,,,,ńɔr,ɲɔr,12,,
902-121-1,,902,121,syibya,syibya,,,JurSWb,,,,,,,13,,
907-121-1,,907,121,puna,puna,p u n ɑ,,SolkWb,,,,,puna,punɑ,14,,
504-121-1,,504,121,tuzon,tuzon,t u z o n,,WotjWsch,,,,,tuzon,tuzon,15,,
108-121-1,,108,121,puenn,puenn,p u e nː,,WOLD,,,,,,puenː,16,,
101-121-1,,101,121,tsumhtsie,tsumhtsie,,,NSsNdb,,,,,,,17,,
101-121-2,,101,121,heblie,heblie,,,NSsNdb,,,,,,,18,,"'Dust, snowflake'"
301-121-2,,301,121,pulʹ,pulʹ,p u ʎ,,MordWb,,,,,pulʹ,puʎ,6,,
901-121-1,,901,121,dʹaŋ,dʹaŋ,dʲ ɑ ŋ,,SlNgaRus,,,,,dʹaŋ,dʲɑŋ,19,,
104-121-1,,104,121,dubme,dubme,,,EZ,,,,,,,2,Quite probably from Fin ”tomu” ’dust. Minor problems in sound correspondences but semantically plausible,
901-121-2,,901,121,lʹilʹə,lʹilʹə,ʎ i ʎ ə,,SlNgaRus,,,,,lʹilʹə,ʎiʎə,20,,
203-122-1,,203,122,rasva,rasva,r ɑ s ʋ ɑ,,JL;Hakk04,,,,,,rɑsʋɑ,1,,
204-122-1,,204,122,rasva,rasva,,,KKSV,,,,,,,1,,
207-122-1,,207,122,razv,razv,,,VVS,,,,,,,1,,
208-122-1,,208,122,razva,razva,r ɑ z v ɑ,,InkmSk,,,,,razva,rɑzvɑ,1,,
209-122-1,,209,122,raᴢv(ᴇ̮),raᴢv,r ɑ z̥ v,,VKJMS,,,,,"raᴢv, raᴢve̮",rɑz̥v,1,,
210-122-1,,210,122,rasv,rasv,r a s v,,SVSk,,,,,,rasv,1,,
211-122-1,,211,122,rasõv ~ rasv,rasõv ~ rasv,,,VESr,,,,,,,1,,
212-122-1,,212,122,razà,razà,,,LivWb,,,,,,,1,,
203-122-2,,203,122,ihra,ihra,i ç r ɑ,,JL;Hakk04,,,,,,içrɑ,2,,
204-122-2,,204,122,isra,isra,,,KKSV,,,,,,,2,,
207-122-2,,207,122,izr,izr,,,VVS,,,,,,,2,,
204-122-3,,204,122,kuu,kuu,,,KKSV,,,,,,,3,From PFU *kuji̮,
301-122-1,,301,122,kuja,kuja,k u j ɑ,,MordWb,,,,,kuja,kujɑ,3,Deriv. from PFU *kuji̮,
401-122-1,,401,122,koja,koja,k o j ɑ,,SMSk;TscherWb,,,,,koja,kojɑ,3,Deriv. from PFU *kuji̮,
504-122-1,,504,122,ke̮j,ke̮j,k ɤ j,,WotjWsch,,,,,ke̮j,kɤj,3,,
601-122-1,,601,122,háj,háj,h aː j,,FMSz,,,,,,haːj,3,,
101-122-1,,101,122,buejtie,buejtie,,,NSsNdb,,,,,,,4,Cf. PGer *faita-,
102-122-1,,102,122,büeidee,büeidee,,,WbWlap,,,,,,,4,Cf. PGer *faita-,
104-122-1,,104,122,buäjjde,buäjjde,,,EZ,,,,,,,4,Cf. PGer *faita-,
105-122-1,,105,122,buoidi,buoidi,,,SSSg,,,,,,,4,Cf. PGer *faita-,
106-122-1,,106,122,pyei'di,pyei'di,,,InsSSk,,,,,,,4,Cf. PGer *faita-,
107-122-1,,107,122,pueiʹdd,pueiʹdd,,,SKosSk,,,,,,,4,Cf. PGer *faita-,
108-122-1,,108,122,pūjjt,pūjjt,p uː jː t,,WOLD,,,,,,puːjːt,4,Cf. PGer *faita-,
102-122-2,,102,122,vuajja,vuajja,,,WbWlap,,,,,,,5,,
107-122-2,,107,122,vuõjj,vuõjj,,,SKosSk,,,,,,,5,,
701-122-1,,701,122,wōj,wōj,w oː j,,WogWb,,,,,wōj,woːj,5,,
807-122-1,,807,122,woj,woj,w o j,,DEWbOstj,,,,,woj,woj,5,,
501-122-1,,501,122,gos,gos,ɡ o s,,SyrjWsch,,,,,gos,ɡos,6,,
503-122-1,,503,122,gos,gos,ɡ o s,,KoPRSl,,,,,gos,ɡos,6,,
301-122-2,,301,122,žir,žir,ʒ i r,,MordWb,,,,,žir,ʒir,7,,
901-122-1,,901,122,dʹir,dʹir,dʲ i r,,SlNgaRus,,,,,dʹir,dʲir,8,,
902-122-1,,902,122,yur,yur,,,JurSWb,,,,,,,8,,
907-122-1,,907,122,ür,ür,y r,,SolkWb,,,,,ür,yr,8,,
0-122-1,,0,122,*śilä,*śilä,,,UEW;Sam88,,,,,,,9,,
301-122-3,,301,122,lʹem,lʹem,ʎ e m,,MordWb,,,,,lʹem,ʎem,10,From PFU *lämi 'soup',
101-122-2,,101,122,båervie,båervie,,,NSsNdb,,,,,,,11,,
601-122-2,,601,122,zsír,zsír,ʒ iː r,,FMSz,,,,,,ʒiːr,7,,
901-122-2,,901,122,čuˀ,čuˀ,tʃ u ʔ,,SlNgaRus,,,,,čuˀ,tʃuʔ,12,,
0-123-1,,0,123,*ićä,*ićä,,,UEW;Sam88,,,,,,,1,,
101-123-1,,101,123,aehtjie,aehtjie,,,NSsNdb,,,,,,,1,,
102-123-1,,102,123,àhtjee,àhtjee,,,WbWlap,,,,,,,1,,
104-123-1,,104,123,áhttje,áhttje,,,EZ,,,,,,,1,,
105-123-1,,105,123,áhčči,áhčči,,,SSSg,,,,,,,1,,
106-123-1,,106,123,eeči,eeči,,,InsSSk,,,,,,,1,,
107-123-1,,107,123,e(e)ʹčč,eʹčč,,,SKosSk,,,,,,,1,,
108-123-1,,108,123,aǯ,aǯ,a d ʒ,,WOLD,,,,,,adʒ,1,,
203-123-1,,203,123,isä,isä,i s æ,,JL,,,,,,isæ,1,,
204-123-1,,204,123,isä,isä,,,KKSV,,,,,,,1,,
209-123-1,,209,123,isä,isä,i s æ,,VKJMS,,,,,isä,isæ,1,,
210-123-1,,210,123,isa,isa,i s ɑ,,SVSk,,,,,,isɑ,1,,
211-123-1,,211,123,esä,esä,,,VESr,,,,,,,1,,
212-123-1,,212,123,izà,izà,,,LivWb,,,,,,,1,,
701-123-1,,701,123,āś,āś,ɑː ɕ,,WogWb,,,,,āś,ɑːɕ,1,,
901-123-1,,901,123,dʹesi̮,dʹesi̮,dʲ e s ɯ,,SlNgaRus,,,,,dʹesi̮,dʲesɯ,1,,
902-123-1,,902,123,nyísya,nyísya,,,JurSWb,,,,,,,1,,
907-123-1,,907,123,e̮sə,e̮sə,ɤ s ə,,SolkWb,,,,,e̮sə,ɤsə,1,,
204-123-2,,204,123,toatto,toatto,,,KKSV,,,,,,,2,,
207-123-1,,207,123,tat,tat,,,VVS,,,,,,,2,,
212-123-2,,212,123,tɔ̄tʹi,tɔ̄tʹi,,,LivWb,,,,,,,2,,
301-123-1,,301,123,tʹetʹa,tʹetʹa,tʲ e tʲ ɑ,,MordWb,,,,,tʹetʹa,tʲetʲɑ,3,,
401-123-1,,401,123,ača,ača,ɑ tʃ ɑ,,SMSk;TscherWb,,,,,ača,ɑtʃɑ,4,Chuvash origin unclear; not from PU *ićä,
501-123-1,,501,123,batʹ,batʹ,b ɑ tʲ,,SyrjWsch,,,,,batʹ,bɑtʲ,5,,
501-123-2,,501,123,aj,aj,ɑ j,,SyrjWsch,,,,,aj,ɑj,6,"From PFP *äji 'big, father'",
503-123-1,,503,123,aj,aj,ɑ j,,KoPRSl,,,,,aj,ɑj,6,"From PFP *äji 'big, father'",
504-123-1,,504,123,aji̮,aji̮,ɑ j ɯ,,WotjWsch,,,,,aji̮,ɑjɯ,6,"From PFP *äji 'big, father'",
601-123-1,,601,123,apa,apa,ɒ p ɒ,,FMSz,,,,,,ɒpɒ,7,From PFU *appi̮ 'father-in-law',
701-123-2,,701,123,jaɣ,jaɣ,j ɑ ɣ,,WogWb,,,,,jaɣ,jɑɣ,8,,
807-123-1,,807,123,jəɣ,jəɣ,j ə ɣ,,DEWbOstj,,,,,jəɣ,jəɣ,8,,
504-123-2,,504,123,bubi̮,bubi̮,b u b ɯ,,WotjWsch,,,,,bubi̮,bubɯ,9,,
807-123-2,,807,123,"ăpa, ăpi̮",ăpa,ɑ ̆ p ɑ,,DEWbOstj,,,,,"ăpa, ăpi̮",ɑ̆pɑ,10,Not from PFU *appi̮ 'father-in-law' ?,
807-123-3,,807,123,"ăpa, ăpi̮",ăpi̮,ɑ ̆ p ɯ,,DEWbOstj,,,,,"ăpa, ăpi̮",ɑ̆pɯ,10,Not from PFU *appi̮ 'father-in-law' ?,
208-123-1,,208,123,ätti,ätti,æ tː i,,InkmSk,,,,,ätti,ætːi,11,,
0-124-1,,0,124,*peli-,*peli-,,,UEW;Sam88,,,,,,,1,,
101-124-1,,101,124,bïlledh,bïlledh,,,NSsNdb,,,,,,,1,,
102-124-1,,102,124,ballat,ballat,,,WbWlap,,,,,,,1,,
104-124-1,,104,124,ballo,ballo,,,EZ,,,,,,,1,,
105-124-1,,105,124,ballat,ballat,,,SSSg,,,,,,,1,,
106-124-1,,106,124,poollađ,poollađ,,,InsSSk,,,,,,,1,,
107-124-1,,107,124,põõllâd,põõllâd,,,SKosSk,,,,,,,1,,
108-124-1,,108,124,pēlle,pēlle,p eː lː e,,WOLD,,,,,,peːlːe,1,,
203-124-1,,203,124,pelätä,pelätä,p e̞ l æ t̪ æ,,JL,,,,,,pe̞læt̪æ,1,,
209-124-1,,209,124,peltšämä,peltšämä,p e l tʃ æ m æ,,VKJMS,,,,,pelčämä,peltʃæmæ,1,,
211-124-1,,211,124,pelgämä,pelgämä,,,VESr,,,,,,,1,,
301-124-1,,301,124,pelʹems,pelʹems,p e ʎ e m s,,MordWb,,,,,pelʹems,peʎems,1,,
501-124-1,,501,124,povni̮,povni̮,p o v n ɯ,,SyrjWsch,,,,,povni̮,povnɯ,1,,
503-124-1,,503,124,povni̮,povni̮,p o v n ɯ,,KoPRSl,,,,,povni̮,povnɯ,1,,
601-124-1,,601,124,fél,fél,f eː l,,FMSz,,,,,,feːl,1,,
701-124-1,,701,124,pili,pili,p i l i,,WogWb,,,,,pili,pili,1,,
807-124-1,,807,124,"pǝl-, pǝlil-",pǝl-,p ə l,,DEWbOstj,,,,,"pəl-, pəlil-",pəl-,1,,
807-124-2,,807,124,"pǝl-, pǝlil-",pǝlil-,p ə l i l,,DEWbOstj,,,,,"pəl-, pəlil-",pəlil-,1,,
901-124-1,,901,124,"hi̮li̮msi̮, hilʹiˀśi",hi̮li̮msi̮,h ɯ l ɯ m s ɯ,,SlNgaRus,,,,,"hi̮li̮msi̮, hilʹiˀśi",hɯlɯmsɯ,1,,
901-124-2,,901,124,"hi̮li̮msi̮, hilʹiˀśi",hilʹiˀśi,h i ʎ i ʔ ɕ i,,SlNgaRus,,,,,"hi̮li̮msi̮, hilʹiˀśi",hiʎiʔɕi,1,,
204-124-1,,204,124,varata,varata,,,KKSV,,,,,,,2,,
207-124-1,,207,124,varaita,varaita,,,VVS,,,,,,,2,,
208-124-1,,208,124,pöläᴅä,pöläᴅä,p ø l æ d̥ æ,,InkmSk,,,,,pöläᴅä,pølæd̥æ,2,,
209-124-2,,209,124,kartte̮ma,kartte̮ma,k ɑ r tː ɤ m ɑ,,VKJMS,,,,,kartte̮ma,kɑrtːɤmɑ,3,"Not connected to PFU *karV- 'fear, be frightened'?",
210-124-1,,210,124,karta,karta,k ɑ r tː ɑ,,SVSk,,,,,,kɑrtːɑ,3,,
212-124-1,,212,124,karrtə,karrtə,,,LivWb,,,,,,,3,,
401-124-1,,401,124,lüδam,lüδam,l y ð ɑ m,,SMSk;TscherWb,,,,,lüδam,lyðɑm,4,,
504-124-1,,504,124,ki̮škani̮,ki̮škani̮,k ɯ ʃ k ɑ n ɯ,,WotjWsch,,,,,ki̮škani̮,kɯʃkɑnɯ,5,,
504-124-2,,504,124,kurdani̮,kurdani̮,k u r d ɑ n ɯ,,WotjWsch,,,,,kurdani̮,kurdɑnɯ,6,"From PFU *karV- 'fear, to be frightened'",
701-124-2,,701,124,χuraχli,χuraχli,x u r ɑ x l i,,WogWb,,,,,χuraχli,xurɑxli,6,"From PFU *karV- 'fear, to be frightened'",
902-124-1,,902,124,pyínə°,pyínə°,,,JurSWb,,,,,,,7,,
907-124-1,,907,124,enə-,enə-,e n ə,,SolkWb,,,,,enə-,enə-,8,,
208-124-2,,208,124,herviᴅä,herviᴅä,h e r v i d̥ æ,,InkmSk,,,,,herviᴅä,hervid̥æ,9,,
0-125-1,,0,125,*tuli̮,*tuli̮,,"PFU: *tul-ka; alternative reconstruction could be PU *ti̮wi̮(-li̮), PFU *ti̮wi̮-lka; cf. PYuk *tiw-(il-); NB! PFU ?*ti̮wli̮- 'blow (wind)' and PFU ?*ti̮wi̮lka 'wing' seem parallel to PIE derivs. reflected in PGer *windaz 'wind' and *weing- 'blowing (wind)' > 'wing'",UEW;Sam88,,,,,,,1,,
102-125-1,,102,125,dålˈgee,dålˈgee,,,WbWlap,,,,,,,1,From PFU *tulka 'feather' ~ PSd *tuə(j),
104-125-1,,104,125,dållge,dållge,,,EZ,,,,,,,1,From PFU *tulka 'feather' ~ PSd *tuə(j),
105-125-1,,105,125,dolgi,dolgi,,,SSSg,,,,,,,1,From PFU *tulka 'feather' ~ PSd *tuə(j),
106-125-1,,106,125,tolge,tolge,,,InsSSk,,,,,,,1,From PFU *tulka 'feather' ~ PSd *tuə(j),
107-125-1,,107,125,tåʹlǧǧ,tåʹlǧǧ,,,SKosSk,,,,,,,1,From PFU *tulka 'feather' ~ PSd *tuə(j),
203-125-1,,203,125,sulka,sulka,s u l k ɑ,,JL;Hakk04;Heikk13,,,,,,sulkɑ,1,From PFU *tulka 'feather'? ~ PSd *tuə(j); irregular initial “s-” in Finnic,
204-125-1,,204,125,sulka,sulka,,,KKSV,,,,,,,1,From PFU *tulka 'feather'? ~ PSd *tuə(j); irregular initial “s-” in Finnic,
207-125-1,,207,125,sūg,sūg,,,VVS,,,,,,,1,From PFU *tulka 'feather'? ~ PSd *tuə(j); irregular initial “s-” in Finnic,
208-125-1,,208,125,sulɢa,sulɢa,s u l ɡ̥ ɑ,,InkmSk,,,,,sulɢa,sulɡ̥ɑ,1,From PFU *tulka 'feather'? ~ PSd *tuə(j); irregular initial “s-” in Finnic,
209-125-1,,209,125,suлk,suлk,s u l k,,VKJMS,,,,,sulk,sulk,1,From PFU *tulka 'feather'? ~ PSd *tuə(j); irregular initial “s-” in Finnic,
210-125-1,,210,125,sulg,sulg,s u l k,,SVSk,,,,,,sulk,1,From PFU *tulka 'feather'? ~ PSd *tuə(j); irregular initial “s-” in Finnic,
211-125-1,,211,125,sulg',sulg',,,VESr,,,,,,,1,From PFU *tulka 'feather'? ~ PSd *tuə(j); irregular initial “s-” in Finnic,
212-125-1,,212,125,tūrgəz,tūrgəz,,,LivWb,,,,,,,1,From PFU *tulka 'feather'? ~ PSd *tuə(j); unexpected “-r-” for *-l-; “t-” retained contrarily to other Finnic languages,
301-125-1,,301,125,tolga,tolga,t o l ɡ ɑ,,MordWb,,,,,tolga,tolɡɑ,1,From PFU *tulka 'feather' ~ PSd *tuə(j),
503-125-1,,503,125,bordti̮v,bordti̮v,b o r d t ɯ v,,KoPRSl,,,,,bordti̮v,bordtɯv,1,Comp.; “bord” 'wing'; “ti̮v” from PFU *tulka 'feather' ~ PSd *tuə(j),
504-125-1,,504,125,ti̮li̮,ti̮li̮,t ɯ l ɯ,,WotjWsch,,,,,ti̮li̮,tɯlɯ,1,From PFU *tulka 'feather' ~ PSd *tuə(j),
601-125-1,,601,125,toll,toll,t o lː,,FMSz,,,,,,tolː,1,From PFU *tulka 'feather' ~ PSd *tuə(j),
701-125-1,,701,125,towəl,towəl,t o w ə l,,WogWb,,,,,towəl,towəl,1,From PFU *tulka 'feather' ~ PSd *tuə(j),
807-125-1,,807,125,tŏɣəl,tŏɣəl,t o ̆ ɣ ə l,,DEWbOstj,,,,,tŏɣəl,tŏɣəl,1,From PFU *tulka 'feather' ~ PSd *tuə(j),
901-125-1,,901,125,totə,totə,t o t ə,From PSd *tuə(j) 'feather' ~ PFU *tulka,SlNgaRus,,,,,totə,totə,1,,
902-125-1,,902,125,to,to,,,JurSWb,,,,,,,1,From PSd *tuə(j) 'feather' ~ PFU *tulka,
907-125-1,,907,125,tū,tū,t uː,,SolkWb,,,,,tū,tuː,1,From PSd *tuə(j) 'feather' ~ PFU *tulka,
204-125-2,,204,125,pero,pero,,,KKSV,,,,,,,2,,
101-125-1,,101,125,badtse,badtse,,,NSsNdb,,,,,,,3,,
108-125-1,,108,125,pōnnc,pōnnc,p oː nː c,,WOLD,,,,,,poːnːc,3,,
401-125-1,,401,125,pun,pun,p u n,,SMSk;TscherWb,,,,,pun,pun,3,,Collective
701-125-2,,701,125,pun,pun,p u n,,WogWb,,,,,pun,pun,3,,
807-125-2,,807,125,pun,pun,p u n,,DEWbOstj,,,,,pun,pun,3,,
401-125-2,,401,125,pə̑stə̑l,pə̑stə̑l,p ə s t ə l,,SMSk;TscherWb,,,,,pə̑stə̑l,pəstəl,4,"Sometimes analyzed as historical compound, hypothesizing that “-tə̑l” comes from PU *tulka",
501-125-1,,501,125,ge̮n,ge̮n,ɡ ɤ n,,SyrjWsch,,,,,ge̮n,ɡɤn,5,,
503-125-2,,503,125,ge̮n,ge̮n,ɡ ɤ n,,KoPRSl,,,,,ge̮n,ɡɤn,5,,
902-125-2,,902,125,tər,tər,,,JurSWb,,,,,,,6,,"'Feather, hair'"
907-125-2,,907,125,tar,tar,t ɑ r,,SolkWb,,,,,tar,tɑr,6,,"'Feather, hair'"
203-125-2,,203,125,höyhen,höyhen,h ø̞ y ɦ e̞ n,,JL,,,,,,hø̞yɦe̞n,7,,
204-125-3,,204,125,heyhen,heyhen,,,KKSV,,,,,,,7,,
208-125-2,,208,125,höühen,höühen,h ø y h e n,,InkmSk,,,,,höühen,høyhen,7,,
0-126-1,,0,126,[Not reconstructable],,,,UEW;Sam88,,,,,,,?,[Not reconstructable],
104-126-1,,104,126,[Form not found],,,,EZ,,,,,,,?,[Form not found],
203-126-1,,203,126,vähän,vähän,ʋ æ ɦ æ n,,JL,,,,,,ʋæɦæn,1,,
204-126-1,,204,126,vähä(n),vähä,,,KKSV,,,,,,,1,,
207-126-1,,207,126,vähä,vähä,,,VVS,,,,,,,1,,
208-126-1,,208,126,väh̆häin ~ vähäin,väh̆häin ~ vähäin,v æ h ̆ h æ i n,,InkmSk,,,,,"väh̆häin, vähäin","væh̆hæin, væhæin",1,,
209-126-1,,209,126,vähä,vähä,v æ h æ,,VKJMS,,,,,vähä,væhæ,1,,
210-126-1,,210,126,vähe,vähe,v æ h e,,SVSk,,,,,,væhe,1,,
211-126-1,,211,126,veidüq,veidüq,,,VESr,,,,,,,1,,
203-126-2,,203,126,harva,harva,h ɑ r ʋ ɑ,,JL,,,,,,hɑrʋɑ,2,,
204-126-2,,204,126,harva,harva,,,KKSV,,,,,,,2,,
207-126-2,,207,126,harv,harv,,,NRVS,,,,,,,2,,
212-126-1,,212,126,ɔ̄ra,ɔ̄ra,,,LivWb,,,,,,,2,,
212-126-2,,212,126,veìtə,veìtə,,,LivWb,,,,,,,3,,
105-126-1,,105,126,uhccán,uhccán,,,SSSg,,,,,,,4,,
106-126-1,,106,126,"uccáá, ucánjii",uccáá,,,InsSSk,,,,,,,4,,
106-126-2,,106,126,"uccáá, ucánjii",ucánjii,,,InsSSk,,,,,,,4,,
107-126-1,,107,126,occanj ~ õccnja etc.,occanj ~ õccnja etc.,,,SKosSk,,,,,,,4,,
101-126-1,,101,126,gille,gille,,,NSsNdb,,,,,,,5,,
102-126-1,,102,126,gille,gille,,,WbWlap,,,,,,,5,,
107-126-2,,107,126,siõmˈmna ~ simmna,siõmˈmna ~ simmna,,,SKosSk,,,,,,,6,,
301-126-1,,301,126,alamo,alamo,ɑ l ɑ m o,,MordWb,,,,,alamo,ɑlɑmo,7,,"Comp.; ""a"" 'not', ""lamo"" 'many'"
401-126-1,,401,126,iziš,iziš,i z i ʃ,,SMSk;TscherWb,,,,,iziš,iziʃ,8,"Deriv. from ""izi"" 'small'; from PFP *üćä 'small, a little' ?",
501-126-1,,501,126,te̮ke̮te̮,te̮ke̮te̮,t ɤ k ɤ t ɤ,,SyrjWsch,,,,,te̮ke̮te̮,tɤkɤtɤ,9,,
401-126-2,,401,126,šaɣal,šaɣal,ʃ ɑ ɣ ɑ l,,SMSk;TscherWb,,,,,šaɣal,ʃɑɣɑl,10,,
601-126-1,,601,126,kevés,kevés,k ɛ v eː ʃ,,FMSz,,,,,,kɛveːʃ,11,Deriv. from PFU (PU?) *kepä 'light (a.)',
701-126-1,,701,126,moś,moś,m o ɕ,,WogWb,,,,,moś,moɕ,12,,
807-126-1,,807,126,č̣i̮mǝl,č̣i̮mǝl,tʃ ɯ m ə l,,DEWbOstj,,,,,či̮məl,tʃɯməl,13,,
901-126-1,,901,126,tanuamənu,tanuamənu,t ɑ n u ɑ m ə n u,,SlNgaRus,,,,,tanuamənu,tɑnuɑmənu,14,,
902-126-1,,902,126,tyanyo,tyanyo,,,JurSWb,,,,,,,14,,
901-126-2,,901,126,kanərā,kanərā,k ɑ n ə r ɑː,,SlNgaRus,,,,,kanərā,kɑnərɑː,15,,
907-126-1,,907,126,qāna,qāna,q ɑː n ɑ,,SolkWb,,,,,qāna,qɑːnɑ,15,,
501-126-2,,501,126,eča,eča,e tʃ ɑ,,SyrjWsch,,,,,eča,etʃɑ,16,,
503-126-1,,503,126,etša,etša,e tʃ ɑ,,KoPRSl,,,,,eča,etʃɑ,16,,
504-126-1,,504,126,odig-og,odig-og,o d i ɡ o ɡ,,WotjWsch,,,,,odig-og,odiɡ-oɡ,17,,Comp.
108-126-1,,108,126,vānas,vānas,v aː n a s,,WOLD,,,,,,vaːnas,18,,
503-126-2,,503,126,ńevna,ńevna,ɲ e v n ɑ,,KoPRSl;RB,,,,,ńevna,ɲevnɑ,19,,
105-126-2,,105,126,veahá,veahá,,,SSSg,,,,,,,1,"Cf. Finnish ""vähä(n)"" '(a) few, (a) little'",
106-126-3,,106,126,váhá,váhá,,,InsSSk,,,,,,,1,"Cf. Finnish ""vähä(n)"" '(a) few, (a) little'",
105-126-3,,105,126,hárvvis,hárvvis,,,SSSg,,,,,,,2,"Cf. Finnish ""harva"" 'few, sparse'",
203-127-1,,203,127,tapella,tapella,t̪ ɑ p e̞ lː ɑ,,JL,,,,,,t̪ɑpe̞lːɑ,1,,
204-127-1,,204,127,tapella,tapella,,,KKSV,,,,,,,1,,
208-127-1,,208,127,tapella,tapella,t ɑ p e lː ɑ,,InkmSk;SSA,,,,,tapella,tɑpelːɑ,1,,
209-127-1,,209,127,tappè̮ma,tappè̮ma,t ɑ pː ɤ̀ m ɑ,,VKJMS,,,,,tappè̮ma,tɑpːɤ̀mɑ,1,,
212-127-1,,212,127,taplə,taplə,,,LivWb,,,,,,,1,,
0-127-1,,0,127,*torV-,*torV-,,,UEW;Sam88,,,,,,,2,,
101-127-1,,101,127,dåarodh,dåarodh,,,NSsNdb,,,,,,,2,,
102-127-1,,102,127,dååròdit,dååròdit,,,WbWlap,,,,,,,2,,
104-127-1,,104,127,dårrot,dårrot,,,EZ,,,,,,,2,,
105-127-1,,105,127,doarrut,doarrut,,,SSSg,,,,,,,2,,
106-127-1,,106,127,toarruđ,toarruđ,,,InsSSk,,,,,,,2,,
107-127-1,,107,127,tuärrad,tuärrad,,,SKosSk,,,,,,,2,,
108-127-1,,108,127,tuarre,tuarre,t u a rː e,,WOLD,,,,,,tuarːe,2,,
204-127-2,,204,127,torata,torata,,,KKSV,,,,,,,2,,
207-127-1,,207,127,torata,torata,,,VVS,,,,,,,2,,
301-127-1,,301,127,tuŕems,tuŕems,t u rʲ e m s,,MordWb,,,,,tuŕems,turʲems,2,Cognacy uncertain,
901-127-1,,901,127,"torasa, torarsa",torasa,t o r ɑ s ɑ,,SlNgaRus,,,,,"torasa, torarsa",torɑsɑ,2,,"'Compete in wrestling, fight'"
901-127-2,,901,127,"torasa, torarsa",torarsa,t o r ɑ r s ɑ,,SlNgaRus,,,,,"torasa, torarsa",torɑrsɑ,2,,"'Compete in wrestling, fight'"
210-127-1,,210,127,kakelda,kakelda,k ɑ kː e l t ɑ,,SVSk,,,,,,kɑkːeltɑ,3,,
211-127-1,,211,127,kaklõma ~ kakkõlõma,kaklõma ~ kakkõlõma,,,VESr,,,,,,,3,,
401-127-1,,401,127,kreδalam,kreδalam,k r e ð ɑ l ɑ m,,SMSk;TscherWb,,,,,kreδalam,kreðɑlɑm,4,,
501-127-1,,501,127,ti̮škaśni̮,ti̮škaśni̮,t ɯ ʃ k ɑ ɕ n ɯ,,SyrjWsch,,,,,ti̮škaśni̮,tɯʃkɑɕnɯ,5,,
503-127-1,,503,127,ti̮škaśni̮,ti̮škaśni̮,t ɯ ʃ k ɑ ɕ n ɯ,,KoPRSl,,,,,ti̮škaśni̮,tɯʃkɑɕnɯ,5,,
501-127-2,,501,127,kośaśni̮,kośaśni̮,k o ɕ ɑ ɕ n ɯ,,SyrjWsch,,,,,kośaśni̮,koɕɑɕnɯ,6,From PFU *keśV- 'rip',
504-127-1,,504,127,žugiśki̮ni̮,žugiśki̮ni̮,ʒ u ɡ i ɕ k ɯ n ɯ,,WotjWsch,,,,,žugiśki̮ni̮,ʒuɡiɕkɯnɯ,7,,
601-127-1,,601,127,"verekszik, verekedik",verekszik,v ɛ r ɛ k s i k v ɛ r ɛ k ɛ d i k,,FMSz,,,,,,"vɛrɛksik, vɛrɛkɛdik",8,"Derivs. from ""ver"" 'hit'",
601-127-2,,601,127,"verekszik, verekedik",verekedik,v ɛ r ɛ k s i k v ɛ r ɛ k ɛ d i k,,FMSz,,,,,,"vɛrɛksik, vɛrɛkɛdik",8,"Derivs. from ""ver"" 'hit'",
701-127-1,,701,127,alχati,alχati,ɑ l x ɑ t i,,WogWb,,,,,alχati,ɑlxɑti,9,,
807-127-1,,807,127,ńul-wel-,ńul-wel-,ɲ u l w e l,,DEWbOstj,,,,,ńul-wel-,ɲul-wel-,10,"Comp; ""ńula"" 'together', ""wel-"" 'kill, hit, hunt'",
902-127-1,,902,127,pyodə°,pyodə°,,,JurSWb,,,,,,,11,,
907-127-1,,907,127,quə̑tu-,quə̑tu-,q u ə t u,,SolkWb,,,,,quə̑tu-,quətu-,12,,
807-127-2,,807,127,lälʹǝɣsǝ-,lälʹǝɣsǝ-,l æ ʎ ə ɣ s ə,,DEWbOstj,,,,,lälʹəɣsə-,læʎəɣsə-,14,,
901-127-3,,901,127,"kəməuˀtəsa, kəməumsa",kəməuˀtəsa,k ə m ə u ʔ t ə s ɑ,,SlNgaRus,,,,,"kəməuˀtəsa, kəməumsa",kəməuʔtəsɑ,15,,
901-127-4,,901,127,"kəməuˀtəsa, kəməumsa",kəməumsa,k ə m ə u m s ɑ,,SlNgaRus,,,,,"kəməuˀtəsa, kəməumsa",kəməumsɑ,15,,
0-128-1,,0,128,*wijtti ?,*wijtti ?,,"In Samoyed, cognates used in meaning 'ten'",UEW;Sam88,,,,,,,1,,
101-128-1,,101,128,vïjhte,vïjhte,,,NSsNdb,,,,,,,1,,
102-128-1,,102,128,viihta,viihta,,,WbWlap,,,,,,,1,,
104-128-1,,104,128,vihta ~ vihtta,vihta ~ vihtta,,,EZ,,,,,,,1,,
105-128-1,,105,128,vihtta,vihtta,,,SSSg,,,,,,,1,,
106-128-1,,106,128,vitta,vitta,,,InsSSk,,,,,,,1,,
107-128-1,,107,128,vitt,vitt,,,SKosSk,,,,,,,1,,
108-128-1,,108,128,vɨdt,vɨdt,v ɨ dː,,WOLD,,,,,,vɨdː,1,,
203-128-1,,203,128,viisi,viisi,ʋ iː s i,,JL,,,,,,ʋiːsi,1,,
204-128-1,,204,128,viisi,viisi,,,KKSV,,,,,,,1,,
207-128-1,,207,128,viž,viž,,,VVS,,,,,,,1,,
208-128-1,,208,128,vīz,vīz,v iː z,,InkmSk,,,,,vīz,viːz,1,,
209-128-1,,209,128,vīs,vīs,v iː s,,VKJMS,,,,,vīs,viːs,1,,
210-128-1,,210,128,viis,viis,v iː s,,SVSk,,,,,,viːs ,1,,
211-128-1,,211,128,viis',viis',,,VESr,,,,,,,1,,
212-128-1,,212,128,vīž,vīž,,,LivWb,,,,,,,1,,
301-128-1,,301,128,vetʹe,vetʹe,v e tʲ e,,MordWb,,,,,vetʹe,vetʲe,1,,
401-128-1,,401,128,"βič, βizə̑t",βič,β i tʃ,Former attr.,SMSk;TscherWb,,,,,"βič, βizə̑t",βitʃ,1,,
401-128-2,,401,128,"βič, βizə̑t",βizə̑t,β i z ə t,Former attr.,SMSk;TscherWb,,,,,"βič, βizə̑t",βizət,1,,
501-128-1,,501,128,vit,vit,v i t,,SyrjWsch,,,,,vit,vit,1,,
503-128-1,,503,128,vit,vit,v i t,,KoPRSl,,,,,vit,vit,1,,
504-128-1,,504,128,vitʹ,vitʹ,v i tʲ,,WotjWsch,,,,,vitʹ,vitʲ,1,,
601-128-1,,601,128,öt,öt,ø t,,FMSz,,,,,,øt,1,,
701-128-1,,701,128,at,at,ɑ t,,WogWb,,,,,at,ɑt,1,,
807-128-1,,807,128,wet,wet,w e t,,DEWbOstj,,,,,wet,wet,1,,
901-128-1,,901,128,səŋhəlʹaŋkə,səŋhəlʹaŋkə,s ə ŋ h ə ʎ ɑ ŋ k ə,,SlNgaRus,,,,,səŋhəlʹaŋkə,səŋhəʎɑŋkə,2,,
902-128-1,,902,128,səmp°lyaŋk°,səmp°lyaŋk°,,,JurSWb,,,,,,,2,,
907-128-1,,907,128,sompəlaŋqə ~ sompəläŋqə,sompəlaŋqə ~ sompəläŋqə,s o m p ə l ɑ ŋ q ə,,SolkWb,,,,,"sompəlaŋqə, sompəläŋqə","sompəlɑŋqə, sompəlæŋqə",2,,
207-129-1,,207,129,[No equivalent],,,No word meaning 'float' known,VVS,,,,,,,0,[No equivalent],
401-129-1,,401,129,[No equivalent],,,No word meaning 'float' in general use,SMSk;TscherWb,,,,,,,0,[No equivalent],
0-129-1,,0,129,[Not reconstructable],,,,UEW;Sam88,,,,,,,?,[Not reconstructable],
208-129-1,,208,129,[Form not found],,,,InkmSk,,,,,,,?,[Form not found],
203-129-1,,203,129,kellua,kellua,k e̞ lː u ɑ,,JL,,,,,,ke̞lːuɑ,1,,'Float on water'
203-129-2,,203,129,leijua,leijua,l e i j u ɑ,,JL,,,,,,leijuɑ,2,,'Float in air'
204-129-1,,204,129,kuploa,kuploa,,,KKSV,,,,,,,3,,'Float on water'
210-129-1,,210,129,hõljuda,hõljuda,h ɤ l j u t ɑ,,SVSk,,,,,,hɤljutɑ ,4,,
211-129-1,,211,129,hõl'oma ~ hel'oma,hõl'oma ~ hel'oma,,,VESr,,,,,,,4,,
212-129-1,,212,129,klē̮rə,klē̮rə,,,LivWb,,,,,,,5,,
102-129-1,,102,129,gåbˈdoot,gåbˈdoot,,,WbWlap,,,,,,,6,,
104-129-1,,104,129,gåbbdut,gåbbdut,,,EZ,,,,,,,6,,
105-129-1,,105,129,govdut,govdut,,,SSSg,,,,,,,6,Uncertain relationship with Fin. Kupla’ bubble’; SSA,
501-129-1,,501,129,šli̮vgi̮ni̮,šli̮vgi̮ni̮,ʃ l ɯ v ɡ ɯ n ɯ,,SyrjWsch,,,,,šli̮vgi̮ni̮,ʃlɯvɡɯnɯ,7,,'Float in air'
601-129-1,,601,129,lebeg,lebeg,l ɛ b ɛ ɡ,,FMSz,,,,,,lɛbɛɡ,8,,'Float in air'
701-129-1,,701,129,portɣinti,portɣinti,p o r t ɣ i n t i,,WogWb,,,,,portɣinti,portɣinti,9,,
902-129-1,,902,129,xətə°,xətə°,,,JurSWb,,,,,,,10,,
204-129-2,,204,129,höyhötellä,höyhötellä,,,KKSV,,,,,,,11,,'Float in air'
301-129-1,,301,129,ukšnoms,ukšnoms,u k ʃ n o m s,,MordWb,,,,,ukšnoms,ukʃnoms,12,,'Float on water'
504-129-1,,504,129,lejkani̮,lejkani̮,l e j k ɑ n ɯ,,WotjWsch,,,,,lejkani̮,lejkɑnɯ,13,,
601-129-2,,601,129,száll,száll,s aː lː,,FMSz,,,,,,saːlː,14,,
807-129-1,,807,129,täŋimtǝ- ~ täŋkimtä-,täŋimtǝ- ~ täŋkimtä-,t æ ŋ i m t ə,,DEWbOstj,,,,,"täŋimtə-, täŋkimtä-","tæŋimtə-, tæŋkimtæ-",15,,'Float in air'
807-129-2,,807,129,nawǝ-,nawǝ-,n ɑ w ə,,DEWbOstj,,,,,nawə-,nɑwə-,16,,'Float on water'
907-129-1,,907,129,qūrə-,qūrə-,q uː r ə,,SolkWb,,,,,qūrə-,quːrə-,17,,
108-129-1,,108,129,vūjje,vūjje,v uː jː e,,WOLD,,,,,,vuːjːe,18,,
211-129-2,,211,129,udsalõma,udsalõma,,,VESr,,,,,,,19,,
503-129-1,,503,129,ujji̮ni̮,ujji̮ni̮,u jː ɯ n ɯ,,KoPRSl,,,,,ujji̮ni̮,ujːɯnɯ,20,,
209-129-1,,209,129,лē̮ttsuma,лē̮ttsuma,l ɤː tː s u m ɑ,,VKJMS,,,,,lē̮ttsuma,lɤːtːsumɑ,21,,
101-129-1,,101,129,gabpeldidh,gabpeldidh,,,NSsNdb,,,,,,,3,,
106-129-1,,106,129,koblođ,koblođ,,,InsSSk,,,,,,,3,,
107-129-1,,107,129,kåbllad,kåbllad,,,SKosSk,,,,,,,3,,'Float on water'
901-129-1,,901,129,dʹambiśa,dʹambiśa,dʲ ɑ m b i ɕ ɑ,,SlNgaRus,,,,,dʹambiśa,dʲɑmbiɕɑ,22,,"'Float, drift'"
901-129-2,,901,129,kudʹusa,kudʹusa,k u dʲ u s ɑ,,SlNgaRus,,,,,kudʹusa,kudʲusɑ,23,,
0-13-1,,0,13,*śaδa-,*śaδa-,,,UEW;Sam88,,,,,,,1,,'Rain (v.)'
203-13-1,,203,13,"sade, sataa",sade,s ɑ d e̞ s ɑ t̪ ɑː,Deriv.; latter v.,JL,,,,,,"sɑde̞, sɑt̪ɑː",1,,
203-13-2,,203,13,"sade, sataa",sataa,s ɑ d e̞ s ɑ t̪ ɑː,Deriv.; latter v.,JL,,,,,,"sɑde̞, sɑt̪ɑː",1,,
204-13-1,,204,13,saje(h),saje,,Deriv.,KKSV,,,,,,,1,,
207-13-1,,207,13,sadada,sadada,,V.;,VVS,,,,,,,1,,
208-13-1,,208,13,sae,sae,s ɑ e,,InkmSk,,,,,sae,sɑe,1,,
210-13-1,,210,13,sadada,sadada,s ɑ t ɑ t ɑ,V.,SVSk,,,,,,sɑtɑtɑ,1,,
212-13-1,,212,13,"saʾd, saʾddə",saʾd,,"N. and v., respectively",LivWb,,,,,,,1,,
212-13-2,,212,13,"saʾd, saʾddə",saʾddə,,"N. and v., respectively",LivWb,,,,,,,1,,
901-13-1,,901,13,sorua,sorua,s o r u ɑ,,SlNgaRus,,,,,sorua,soruɑ,1,,
902-13-1,,902,13,saryo,saryo,,,JurSWb,,,,,,,1,,
907-13-1,,907,13,sorənčä,sorənčä,s o r ə n tʃ æ,,SolkWb,,,,,sorənčä,sorəntʃæ,1,,
204-13-2,,204,13,"vihma, vihmuo",vihma,,"Noun and verb, respectively",KKSV,,,,,,,2,,
204-13-3,,204,13,"vihma, vihmuo",vihmuo,,"Noun and verb, respectively",KKSV,,,,,,,2,,
207-13-2,,207,13,vihm,vihm,,,VVS,,,,,,,2,,
208-13-2,,208,13,vihma,vihma,v i h m ɑ,,InkmSk,,,,,vihma,vihmɑ,2,,
209-13-1,,209,13,vihm,vihm,v i h m,,VKJMS,,,,,vihm,vihm,2,,
210-13-2,,210,13,vihm,vihm,v i h m,,SVSk,,,,,,vihm,2,,
211-13-1,,211,13,vihm,vihm,,,VESr,,,,,,,2,,
212-13-3,,212,13,vīʾm,vīʾm,,,LivWb,,,,,,,2,,
101-13-1,,101,13,ebrie,ebrie,,,NSsNdb,,,,,,,3,,
105-13-1,,105,13,arvi,arvi,,,SSSg,,,,,,,3,,
106-13-1,,106,13,arve,arve,,,InsSSk,,,,,,,3,,
107-13-1,,107,13,âʹbrr,âʹbrr,,,SKosSk,,,,,,,3,,
108-13-1,,108,13,ābb’r,ābb’r,aː bːʲ r,,WOLD,,,,,,aːbːʲr,3,,
102-13-1,,102,13,ràssjoo,ràssjoo,,,WbWlap,,,,,,,4,,
104-13-1,,104,13,rássjo,rássjo,,,EZ,,,,,,,4,,
301-13-1,,301,13,"piźems, piźeme",piźems,p i ʑ e m s,"V. and n., respectively",MordWb,,,,,"piźems, piźeme",piʑems,5,"Cogn. with Fin ""pisara"" 'drop (n.)'",
301-13-2,,301,13,"piźems, piźeme",piźeme,p i ʑ e m e,"V. and n., respectively",MordWb,,,,,"piźems, piźeme",piʑeme,5,"Cogn. with Fin ""pisara"" 'drop (n.)'",
401-13-1,,401,13,jür,jür,j y r,,SMSk;TscherWb,,,,,jür,jyr,6,,
501-13-1,,501,13,"zer, zerni̮",zer,z e r,"N. and v., respectively",SyrjWsch,,,,,"zer, zerni̮",zer,7,,
501-13-2,,501,13,"zer, zerni̮",zerni̮,z e r n ɯ,"N. and v., respectively",SyrjWsch,,,,,"zer, zerni̮",zernɯ,7,,
503-13-1,,503,13,zer,zer,z e r,,KoPRSl,,,,,zer,zer,7,,
504-13-1,,504,13,zor,zor,z o r,,WotjWsch,,,,,zor,zor,7,,
601-13-1,,601,13,eső,eső,ɛ ʃ øː,,FMSz,,,,,,ɛʃøː,8,,
701-13-1,,701,13,rakw,rakw,r ɑ kʷ,,WogWb,,,,,rak˳,rɑkʷ,9,,
807-13-1,,807,13,ḷăwətʹ,ḷăwətʹ,ɭ ɑ ̆ w ə tʲ,,DEWbOstj,,,,,ḷăwətʹ,ɭɑ̆wətʲ,10,,
203-130-1,,203,130,virrata,virrata,ʋ i rː ɑ t̪ ɑ,,JL,,,,,,ʋirːɑt̪ɑ,1,,
204-130-1,,204,130,virrata,virrata,,,KKSV,,,,,,,1,,
208-130-1,,208,130,virraᴅa,virraᴅa,v i rː ɑ d̥ ɑ,,InkmSk,,,,,virraᴅa,virːɑd̥ɑ,1,,
209-130-1,,209,130,virtama,virtama,v i r t ɑ m ɑ,,VKJMS,,,,,virtama,virtɑmɑ,1,,
207-130-1,,207,130,joksta,joksta,,,VVS,,,,,,,2,,
211-130-1,,211,130,juuskma,juuskma,,,VESr,,,,,,,2,,
212-130-1,,212,130,jùokšə,jùokšə,,,LivWb,,,,,,,2,,
210-130-1,,210,130,voolata,voolata,v oː l ɑ tː ɑ,,SVSk,,,,,,voːlɑtːɑ,3,,
701-130-1,,701,130,owi,owi,o w i,,WogWb,,,,,owi,owi,3,,
807-130-1,,807,130,ŏɣa-,ŏɣa-,o ̆ ɣ ɑ,,DEWbOstj,,,,,ŏɣa-,ŏɣɑ-,3,,
101-130-1,,101,130,galkedh,galkedh,,,NSsNdb,,,,,,,4,,
102-130-1,,102,130,gålˈgat,gålˈgat,,,WbWlap,,,,,,,4,,
104-130-1,,104,130,gållgåt,gållgåt,,,EZ,,,,,,,4,,
105-130-1,,105,130,golgat,golgat,,,SSSg,,,,,,,4,,
106-130-1,,106,130,kulgađ,kulgađ,,,InsSSk,,,,,,,4,,
107-130-1,,107,130,kolggâd,kolggâd,,,SKosSk,,,,,,,4,,
108-130-1,,108,130,kōllke,kōllke,k oː lː k e,,WOLD,,,,,,koːlːke,4,,
301-130-1,,301,130,čudʹems,čudʹems,tʃ u dʲ e m s,,MordWb,,,,,čudʹems,tʃudʲems,5,,
401-130-1,,401,130,joɣem,joɣem,j o ɣ e m,,SMSk;TscherWb,,,,,joɣem,joɣem,6,"Cf. Chuvash ""juχ-"" 'flow'",
501-130-1,,501,130,vizuvtni̮,vizuvtni̮,v i z u v t n ɯ,,SyrjWsch,,,,,vizuvtni̮,vizuvtnɯ,7,,
503-130-1,,503,130,vizi̮vtni̮,vizi̮vtni̮,v i z ɯ v t n ɯ,,KoPRSl,,,,,vizi̮vtni̮,vizɯvtnɯ,7,,
504-130-1,,504,130,vijani̮,vijani̮,v i j ɑ n ɯ,,WotjWsch,,,,,vijani̮,vijɑnɯ,8,,
504-130-2,,504,130,bi̮źi̮ni̮,bi̮źi̮ni̮,b ɯ ʑ ɯ n ɯ,,WotjWsch,,,,,bi̮źi̮ni̮,bɯʑɯnɯ,9,,
601-130-1,,601,130,folyik,folyik,f o j i k,,FMSz,,,,,,fojik,10,,
701-130-2,,701,130,ńōriɣli,ńōriɣli,ɲ oː r i ɣ l i,,WogWb,,,,,ńōriɣli,ɲoːriɣli,11,,
902-130-1,,902,130,yent°q,yent°q,,,JurSWb,,,,,,,12,,'Stream (n.)'; verb 'flow' a deriv. of this
907-130-1,,907,130,kȫŋ-,kȫŋ-,k øː ŋ,,SolkWb,,,,,kȫŋ-,køːŋ-,13,,
0-130-1,,0,130,*ćorV- ?,*ćorV- ?,,Representation in FP uncertain,UEW;Sam88,,,,,,,14,,
807-130-2,,807,130,ńăχ(ǝ)rǝl-,ńăχrǝl-,ɲ ɑ ̆ x,,DEWbOstj,,,,,"ńăχ, ńăχərəl-",ɲɑ̆x,15,,
901-130-1,,901,130,luaˀtusa,luaˀtusa,l u ɑ ʔ t u s ɑ,,SlNgaRus,,,,,luaˀtusa,luɑʔtusɑ,16,,
0-131-1,,0,131,[Not reconstructable],,,,UEW;Sam88,,,,,,,?,[Not reconstructable],
106-131-1,,106,131,kukká,kukká,,,InsSSk,,,,,,,1,,
203-131-1,,203,131,kukka,kukka,k u kː ɑ,,JL,,,,,,kukːɑ,1,,
204-131-1,,204,131,kukka,kukka,,,KKSV,,,,,,,1,,
208-131-1,,208,131,kukka,kukka,k u kː ɑ,,InkmSk,,,,,kukka,kukːɑ,1,,
209-131-1,,209,131,kuk̄,kuk̄,k u kː,,VKJMS,,,,,kukk,kukː,1,,
207-131-1,,207,131,änik,änik,,,VVS,,,,,,,2,,
210-131-1,,210,131,lill,lill,l i lː,,SVSk,,,,,,lilː,3,,
211-131-1,,211,131,lill',lill',,,VESr,,,,,,,3,,
212-131-1,,212,131,putʹk(əz),putʹk,,,LivWb,,,,,,,4,,
212-131-2,,212,131,pusk ~ pušk,pusk ~ pušk,,,LivWb,,,,,,,5,,
105-131-1,,105,131,lieđđi,lieđđi,,,SSSg,,,,,,,6,,
101-131-1,,101,131,plåamstere,plåamstere,,,NSsNdb,,,,,,,7,"Cf. Sw ""blomster""",
101-131-2,,101,131,rïesege,rïesege,,,NSsNdb,,,,,,,8,,
105-131-2,,105,131,rássi,rássi,,,SSSg,,,,,,,8,,
106-131-2,,106,131,rääsi,rääsi,,,InsSSk,,,,,,,8,,
107-131-1,,107,131,(heäʹrvv)rääʹss,rääʹss,,,SKosSk,,,,,,,8,"""Rääʹss"" (generally 'grass, plant, flower') from Scand",
108-131-1,,108,131,rāss’,rāss’,r aː sːʲ,,WOLD,,,,,,raːsːʲ,8,,
301-131-1,,301,131,ćeća,ćeća,tɕ e tɕ ɑ,,MordWb,,,,,ćeća,tɕetɕɑ,9,,
207-131-2,,207,131,cvetuińe,cvetuińe,,,VVS,,,,,,,10,,
601-131-1,,601,131,virág,virág,v i r aː ɡ,,FMSz,,,,,,viraːɡ,11,,
701-131-1,,701,131,śōri,śōri,ɕ oː r i,,WogWb,,,,,śōri,ɕoːri,12,,
902-131-1,,902,131,ŋəmteq,ŋəmteq,,,JurSWb,,,,,,,13,,
907-131-1,,907,131,si̮rkə,si̮rkə,s ɯ r k ə,,SolkWb,,,,,si̮rkə,sɯrkə,14,,
401-131-1,,401,131,peleδə̑š,peleδə̑š,p e l e ð ə ʃ,,SMSk;TscherWb,,,,,peleδə̑š,peleðəʃ,15,"Deriv. from ""peleδam"" 'bloom (v.)'",
212-131-3,,212,131,ēdrəm,ēdrəm,,,LivWb,,,,,,,16,,
501-131-1,,501,131,ʒ́oriʒ́,ʒ́oriʒ́,dʑ o r i dʑ,,SyrjWsch,,,,,ʒ́oriʒ́,dʑoridʑ,17,"Deriv. from PFU *ćerV 'grey'; ""ʒ́or"" dialectrally 'gray, unripe'",
503-131-1,,503,131,ʒ́oriʒ́,ʒ́oriʒ́,dʑ o r i dʑ,,KoPRSl,,,,,ʒ́oriʒ́,dʑoridʑ,17,,
807-131-1,,807,131,li̮jwɜ,li̮jwɜ,l ɯ j w ə,,DEWbOstj,,,,,li̮jwə,lɯjwə,18,,"Properly, 'flower of a berry'"
301-131-2,,301,131,cvet(ka),cvet,c v e t,,MordWb,,,,,"cvet, cvetka",cvet,10,,
504-131-1,,504,131,śaśka,śaśka,ɕ ɑ ɕ k ɑ,,WotjWsch,,,,,śaśka,ɕɑɕkɑ,9,,
901-131-1,,901,131,lukuðiaj,lukuðiaj,l u k u ð i ɑ j,,SlNgaRus,,,,,lukuδiaj,lukuðiɑj,20,,
102-131-1,,102,131,plumma,plumma,,,WbWlap,,,,,,,7,"Cf. Sw ""blomma""",
104-131-1,,104,131,gedjek,gedjek,,,EZ,,,,,,,19,,
0-132-1,,0,132,[Not reconstructable],,,PFU: *šülkV-,UEW;Sam88,,,,,,,?,[Not reconstructable],
203-132-1,,203,132,lentää,lentää,l e̞ n t̪ æː,,JL,,,,,,le̞nt̪æː,1,,
204-132-1,,204,132,lenteä,lenteä,,,KKSV,,,,,,,1,,
207-132-1,,207,132,leta,leta,,,VVS,,,,,,,1,,
208-132-1,,208,132,lentǟ,lentǟ,l e n t æː,,InkmSk,,,,,lentǟ,lentæː,1,,
209-132-1,,209,132,lentämä,lentämä,l e n t æ m æ,,VKJMS,,,,,lentämä,lentæmæ,1,,
210-132-1,,210,132,lennata,lennata,l e nː ɑ tː ɑ,,SVSk,,,,,,lenːɑtːɑ,1,,
211-132-1,,211,132,lindama,lindama,,,VESr,,,,,,,1,,
212-132-1,,212,132,linndə,linndə,,,LivWb,,,,,,,1,,
105-132-1,,105,132,girdit,girdit,,,SSSg,,,,,,,2,,
106-132-1,,106,132,kirdeđ,kirdeđ,,,InsSSk,,,,,,,2,,
107-132-1,,107,132,ǩeʹrdded,ǩeʹrdded,,,SKosSk,,,,,,,2,,
108-132-1,,108,132,kɨrr’te,kɨrr’te,k ɨ rːʲ t e,,WOLD,,,,,,kɨrːʲte,2,,
301-132-1,,301,132,lʹivtʹams,lʹivtʹams,ʎ i v tʲ ɑ m s,,MordWb,,,,,lʹivtʹams,ʎivtʲɑms,3,,
401-132-1,,401,132,čoŋeštem,čoŋeštem,tʃ o ŋ e ʃ t e m,,SMSk;TscherWb,,,,,čoŋeštem,tʃoŋeʃtem,4,,
501-132-1,,501,132,lebavni̮,lebavni̮,l e b ɑ v n ɯ,,SyrjWsch,,,,,lebavni̮,lebɑvnɯ,5,,
503-132-1,,503,132,lebavni̮,lebavni̮,l e b ɑ v n ɯ,,KoPRSl,,,,,lebavni̮,lebɑvnɯ,5,,
504-132-1,,504,132,"lobi̮ni̮, lobʒ́i̮ni̮",lobi̮ni̮,l o b ɯ n ɯ,,WotjWsch,,,,,"lobi̮ni̮, lobʒ́i̮ni̮",lobɯnɯ,5,,
504-132-2,,504,132,"lobi̮ni̮, lobʒ́i̮ni̮",lobʒ́i̮ni̮,l o b dʑ ɯ n ɯ,,WotjWsch,,,,,"lobi̮ni̮, lobʒ́i̮ni̮",lobdʑɯnɯ,5,,
601-132-1,,601,132,repül,repül,r ɛ p y l,,FMSz,,,,,,rɛpyl,6,,
701-132-1,,701,132,tili ~ tiɣli,tili ~ tiɣli,t i l i,,WogWb,,,,,"tili, tiɣli","tili, tiɣli",7,,
807-132-1,,807,132,ləɣəl-,ləɣəl-,l ə ɣ ə l,,DEWbOstj,,,,,ləɣəl-,ləɣəl-,7,,
901-132-1,,901,132,təirśi,təirśi,t ə i r ɕ i,,SlNgaRus,,,,,təirśi,təirɕi,8,,
902-132-1,,902,132,tyírcy°,tyírcy°,,,JurSWb,,,,,,,8,,
907-132-1,,907,132,tī-,tī-,t iː,,SolkWb,,,,,tī-,tiː-,8,,
101-132-1,,101,132,haeliehtidh,haeliehtidh,,,NSsNdb,,,,,,,9,,
102-132-1,,102,132,haalèhtit,haalèhtit,,,WbWlap,,,,,,,9,,'Fly (away)'
104-132-1,,104,132,háledit,háledit,,,EZ,,,,,,,9,,
203-133-1,,203,133,sumu,sumu,s u m u,,JL,,,,,,sumu,1,,
204-133-1,,204,133,sumu,sumu,,,KKSV,,,,,,,1,,
207-133-1,,207,133,sumeg,sumeg,,,VVS,,,,,,,1,,
208-133-1,,208,133,sumu,sumu,s u m u,,InkmSk,,,,,sumu,sumu,1,,
301-133-1,,301,133,suv,suv,s u v,,MordWb,,,,,suv,suv,1,,
208-133-2,,208,133,uᴅu,uᴅu,u d̥ u,,InkmSk,,,,,uᴅu,ud̥u,2,,
210-133-1,,210,133,udu,udu,u t u,,SVSk,,,,,,utu,2,,
211-133-1,,211,133,"undsõq, udsu",undsõq,,,VESr,,,,,,,2,,
211-133-2,,211,133,"undsõq, udsu",udsu,,,VESr,,,,,,,2,,
212-133-1,,212,133,uʾd,uʾd,,,LivWb,,,,,,,2,,
102-133-1,,102,133,murhkoo,murhkoo,,,WbWlap,,,,,,,3,"Cf. ON ""myrkvi""",
104-133-1,,104,133,murrko,murrko,,,EZ,,,,,,,3,"Cf. ON ""myrkvi""",
105-133-1,,105,133,murku,murku,,,SSSg,,,,,,,3,"Cf. ON ""myrkvi""",
101-133-1,,101,133,mearhka,mearhka,,,NSsNdb,,,,,,,4,"Cf. ON ""mjǫrkvi""",
105-133-2,,105,133,mierká,mierká,,,SSSg,,,,,,,4,"Cf. ON ""mjǫrkvi""",
106-133-1,,106,133,miär'kká,miär'kká,,,InsSSk,,,,,,,4,"Cf. ON ""mjǫrkvi""",
107-133-1,,107,133,suâlnõk,suâlnõk,,,SKosSk,,,,,,,5,,
204-133-2,,204,133,tumana,tumana,,,KKSV,,,,,,,6,,
401-133-1,,401,133,tütə̑ra ~ tütra,tütə̑ra ~ tütra,t y t ə r ɑ,,SMSk;TscherWb,,,,,"tütə̑ra, tütra","tytərɑ, tytrɑ",7,,
501-133-1,,501,133,ru,ru,r u,,SyrjWsch,,,,,ru,ru,8,,
504-133-1,,504,133,bus,bus,b u s,,WotjWsch,,,,,bus,bus,9,,
0-133-1,,0,133,*küntV,*küntV,,,UEW;Sam88,,,,,,,10,,"'Fog, steam, smoke'"
601-133-1,,601,133,köd,köd,k ø d,,FMSz,,,,,,kød,10,,
701-133-1,,701,133,sēŋkw,sēŋkw,s eː ŋ kʷ,,WogWb,,,,,sēŋk˳,seːŋkʷ,11,,
807-133-1,,807,133,č̣üχ,č̣üχ,tʃ y x,,DEWbOstj,,,,,čüχ,tʃyx,11,,
902-133-1,,902,133,syinyo,syinyo,,,JurSWb,,,,,,,12,,
907-133-1,,907,133,ćaptu,ćaptu,tɕ ɑ p t u,,SolkWb,,,,,ćaptu,tɕɑptu,13,,
108-133-1,,108,133,cīgk,cīgk,c iː gː,,WOLD,,,,,,ciːgː,14,,
208-133-3,,208,133,tomakka,tomakka,t o m ɑ kː ɑ,,InkmSk,,,,,tomakka,tomɑkːɑ,6,,
209-133-1,,209,133,tomak̄,tomak̄,t o m ɑ kː,,VKJMS,,,,,tomakk,tomɑkː,6,,
301-133-2,,301,133,tuman,tuman,t u m ɑ n,,MordWb,,,,,tuman,tumɑn,6,,
503-133-1,,503,133,tuman,tuman,t u m ɑ n,,KoPRSl,,,,,tuman,tumɑn,6,,
901-133-1,,901,133,kəku,kəku,k ə k u,,SlNgaRus,,,,,kəku,kəku,16,,"'Mist, steam, fog'"
0-134-1,,0,134,*ńeljä,*ńeljä,,PFU: *ńeljä ~ *neljä,UEW;Sam88,,,,,,,1,,
101-134-1,,101,134,nieljie,nieljie,,,NSsNdb,,,,,,,1,,
102-134-1,,102,134,nèlˈja,nèlˈja,,,WbWlap,,,,,,,1,,
104-134-1,,104,134,nällje,nällje,,,EZ,,,,,,,1,,
105-134-1,,105,134,njeallje,njeallje,,,SSSg,,,,,,,1,,
106-134-1,,106,134,nelji,nelji,,,InsSSk,,,,,,,1,,
107-134-1,,107,134,nellj,nellj,,,SKosSk,,,,,,,1,,
108-134-1,,108,134,njiellj,njiellj,ɲ i e ʎː,,WOLD,,,,,,ɲieʎː,1,,
203-134-1,,203,134,neljä,neljä,n e̞ l j æ,,JL,,,,,,ne̞ljæ,1,,
204-134-1,,204,134,neljä,neljä,,,KKSV,,,,,,,1,,
207-134-1,,207,134,nelʹ,nelʹ,,,VVS,,,,,,,1,,
208-134-1,,208,134,neljä,neljä,n e l j æ,,InkmSk,,,,,neljä,neljæ,1,,
209-134-1,,209,134,nelʼlʼe,nelʼlʼe,n e ʎː e,,VKJMS,,,,,nelʹlʹe,neʎːe,1,,
210-134-1,,210,134,neli,neli,n e l i,,SVSk,,,,,,neli,1,,
211-134-1,,211,134,neli ~ nelli,neli ~ nelli,,,VESr,,,,,,,1,,
212-134-1,,212,134,nēlʹa,nēlʹa,,,LivWb,,,,,,,1,,
301-134-1,,301,134,ńilʹe,ńilʹe,ɲ i ʎ e,,MordWb,,,,,ńilʹe,ɲiʎe,1,,
401-134-1,,401,134,"nə̑l, nə̑lə̑t",nə̑l,n ə l,Former attr.,SMSk;TscherWb,,,,,"nə̑l, nə̑lə̑t",nəl,1,,
401-134-2,,401,134,"nə̑l, nə̑lə̑t",nə̑lə̑t,n ə l ə t,Former attr.,SMSk;TscherWb,,,,,"nə̑l, nə̑lə̑t",nələt,1,,
501-134-1,,501,134,ńolʹ,ńolʹ,ɲ o ʎ,,SyrjWsch,,,,,ńolʹ,ɲoʎ,1,,
503-134-1,,503,134,ńolʹ,ńolʹ,ɲ o ʎ,,KoPRSl,,,,,ńolʹ,ɲoʎ,1,,
504-134-1,,504,134,ńi̮lʹ,ńi̮lʹ,ɲ ɯ ʎ,,WotjWsch,,,,,ńi̮lʹ,ɲɯʎ,1,,
601-134-1,,601,134,négy,négy,n eː ɟ,,FMSz,,,,,,neːɟ,1,,
701-134-1,,701,134,ńila,ńila,ɲ i l ɑ,,WogWb,,,,,ńila,ɲilɑ,1,,
807-134-1,,807,134,ńələ,ńələ,ɲ ə l ə,,DEWbOstj,,,,,ńələ,ɲələ,1,,
901-134-1,,901,134,čətə,čətə,tʃ ə t ə,,SlNgaRus,,,,,čətə,tʃətə,2,,
902-134-1,,902,134,tyet°,tyet°,,,JurSWb,,,,,,,2,,
907-134-1,,907,134,tēttə,tēttə,t eː tː ə,,SolkWb,,,,,tēttə,teːtːə,2,,
0-135-1,,0,135,[Not reconstructable],,,,UEW;Sam88,,,,,,,?,[Not reconstructable],
106-135-1,,106,135,jiännuđ,jiännuđ,,,InsSSk,,,,,,,1,,
107-135-1,,107,135,jiõŋŋâd,jiõŋŋâd,,,SKosSk,,,,,,,1,,
203-135-1,,203,135,jäätyä,jäätyä,j æː t̪ y æ,,JL,,,,,,jæːt̪yæ,1,,
204-135-1,,204,135,jeätyö,jeätyö,,,KKSV,,,,,,,1,,
207-135-1,,207,135,jaduda,jaduda,,,VVS,,,,,,,1,,
208-135-1,,208,135,"jǟttüä, jǟtöjä",jǟttüä,j æː tː y æ,,InkmSk,,,,,"jǟttüä, jǟtöjä",jæːtːyæ,1,,
208-135-2,,208,135,"jǟttüä, jǟtöjä",jǟtöjä,j æː t ø j æ,,InkmSk,,,,,"jǟttüä, jǟtöjä",jæːtøjæ,1,,
209-135-1,,209,135,jǟttümä,jǟttümä,j æː tː y m æ,,VKJMS,,,,,jǟttümä,jæːtːymæ,1,,
210-135-1,,210,135,jäätuda,jäätuda,j æː tː y t ɑ,,SVSk,,,,,,jæːtːytɑ,1,,
211-135-1,,211,135,iätümä ~ ijätümä,iätümä ~ ijätümä,,,VESr,,,,,,,1,,
301-135-1,,301,135,ejendams,ejendams,e j e n d ɑ m s,,MordWb,,,,,ejendams,ejendɑms,1,,
401-135-1,,401,135,ijaŋeš,ijaŋeš,i j ɑ ŋ e ʃ,,SMSk;TscherWb,,,,,ijaŋeš,ijɑŋeʃ,1,,
101-135-1,,101,135,gelmedh,gelmedh,,,NSsNdb,,,,,,,2,,
102-135-1,,102,135,galbmeet,galbmeet,,,WbWlap,,,,,,,2,,
104-135-1,,104,135,gálbmet,gálbmet,,,EZ,,,,,,,2,,
105-135-1,,105,135,galbmot,galbmot,,,SSSg,,,,,,,2,,
106-135-2,,106,135,kolmuđ,kolmuđ,,,InsSSk,,,,,,,2,,
107-135-2,,107,135,kâʹlmmed,kâʹlmmed,,,SKosSk,,,,,,,2,,
108-135-1,,108,135,kall’me,kall’me,k a lːʲ m e,,WOLD,,,,,,kalːʲme,2,,
209-135-2,,209,135,tšülmissümä,tšülmissümä,tʃ y l m i sː y m æ,,VKJMS,,,,,čülmissümä,tʃylmisːymæ,2,,
212-135-1,,212,135,killmə ~ küllmə,killmə ~ küllmə,,,LivWb,,,,,,,2,,
301-135-2,,301,135,kelʹḿems,kelʹḿems,k e ʎ mʲ e m s,,MordWb,,,,,kelʹḿems,keʎmʲems,2,,
401-135-2,,401,135,kə̑lmem,kə̑lmem,k ə l m e m,,SMSk;TscherWb,,,,,kə̑lmem,kəlmem,2,,
501-135-1,,501,135,ki̮nmi̮ni̮,ki̮nmi̮ni̮,k ɯ n m ɯ n ɯ,,SyrjWsch,,,,,ki̮nmi̮ni̮,kɯnmɯnɯ,2,,
503-135-1,,503,135,ki̮nmi̮ni̮,ki̮nmi̮ni̮,k ɯ n m ɯ n ɯ,,KoPRSl,,,,,ki̮nmi̮ni̮,kɯnmɯnɯ,2,,
504-135-1,,504,135,ki̮nmi̮ni̮,ki̮nmi̮ni̮,k ɯ n m ɯ n ɯ,,WotjWsch,,,,,ki̮nmi̮ni̮,kɯnmɯnɯ,2,,
601-135-1,,601,135,megfagy,megfagy,m ɛ k f ɒ ɟ,,FMSz,,,,,,mɛkfɒɟ,3,,"""Meg"" is prefix"
701-135-1,,701,135,pōlʹi,pōlʹi,p oː ʎ i,,WogWb,,,,,pōlʹi,poːʎi,3,,
807-135-1,,807,135,pat-,pat-,p ɑ t,,DEWbOstj,,,,,pat-,pɑt-,4,,
901-135-1,,901,135,"kənti̮dʹi, kəndi̮bti̮si̮",kənti̮dʹi,k ə n t ɯ dʲ i,,SlNgaRus,,,,,"kənti̮dʹi, kəndi̮bti̮si̮",kəntɯdʲi,5,,
901-135-2,,901,135,"kənti̮dʹi, kəndi̮bti̮si̮",kəndi̮bti̮si̮,k ə n d ɯ b t ɯ s ɯ,,SlNgaRus,,,,,"kənti̮dʹi, kəndi̮bti̮si̮",kəndɯbtɯsɯ,5,,
902-135-1,,902,135,xənyimcy°,xənyimcy°,,"From ?PU *konta 'frost, cold'",JurSWb,,,,,,,5,,
907-135-1,,907,135,qantə-,qantə-,q ɑ n t ə,"From ?PU *konta 'frost, cold'",SolkWb,,,,,qantə-,qɑntə-,5,,
301-135-3,,301,135,taŕkstams,taŕkstams,t ɑ rʲ k s t ɑ m s,,MordWb,,,,,taŕkstams,tɑrʲkstɑms,6,,
211-135-2,,211,135,karsatuma,karsatuma,,,VESr,,,,,,,7,,
101-136-1,,101,136,dïeves,dïeves,,,NSsNdb,,,,,,,1,,
102-136-1,,102,136,diävas,diävas,,,WbWlap,,,,,,,1,,
104-136-1,,104,136,devas ~ dievas,devas ~ dievas,,,EZ,,,,,,,1,,
105-136-1,,105,136,dievva,dievva,,,SSSg,,,,,,,1,,
106-136-1,,106,136,tievas,tievas,,,InsSSk,,,,,,,1,,
107-136-1,,107,136,tiudd,tiudd,,,SKosSk,,,,,,,1,,
108-136-1,,108,136,tievvt,tievvt,t i e vː t,,WOLD,,,,,,tievːt,1,,
203-136-1,,203,136,täysi,täysi,t̪ æ y s i,,JL,,,,,,t̪æysi,1,,
204-136-1,,204,136,täysi,täysi,,,KKSV,,,,,,,1,,
207-136-1,,207,136,tʹäüź,tʹäüź,,,VVS,,,,,,,1,,
208-136-1,,208,136,täüz,täüz,t æ y z,,InkmSk,,,,,täüz,tæyz,1,,
209-136-1,,209,136,"täünö, täüᴢ",täünö,t æ y n ø,,VKJMS,,,,,"täünö, täüᴢ",tæynø,1,,
209-136-2,,209,136,"täünö, täüᴢ",täüᴢ,t æ y z̥,,VKJMS,,,,,"täünö, täüᴢ",tæyz̥,1,,
210-136-1,,210,136,täis,täis,t æ i s,,SVSk,,,,,,tæis,1,,
211-136-1,,211,136,täüs',täüs',,,VESr,,,,,,,1,,
212-136-1,,212,136,täùž,täùž,,,LivWb,,,,,,,1,,
401-136-1,,401,136,tič,tič,t i tʃ,,SMSk;TscherWb,,,,,tič,titʃ,1,,
601-136-1,,601,136,tele,tele,t ɛ l ɛ,,FMSz,,,,,,tɛlɛ,1,,
701-136-1,,701,136,tāɣəl,tāɣəl,t ɑː ɣ ə l,,WogWb,,,,,tāɣəl,tɑːɣəl,1,,
807-136-1,,807,136,"tel, telǝl, telǝɣ",tel,t e l,Latter derivs.,DEWbOstj,,,,,"tel, teləl, teləɣ",tel,1,,
807-136-2,,807,136,"tel, telǝl, telǝɣ",telǝl,t e l ə l,Latter derivs.,DEWbOstj,,,,,"tel, teləl, teləɣ",teləl,1,,
807-136-3,,807,136,"tel, telǝl, telǝɣ",telǝɣ,t e l ə ɣ,Latter derivs.,DEWbOstj,,,,,"tel, teləl, teləɣ",teləɣ,1,,
301-136-1,,301,136,peškśe,peškśe,p e ʃ k ɕ e,,MordWb,,,,,peškśe,peʃkɕe,2,,
401-136-2,,401,136,temše,temše,t e m ʃ e,,SMSk;TscherWb,,,,,temše,temʃe,3,"Cogn. with Hung ""töm-"" 'fill, stuff (v.)'",
0-136-1,,0,136,*türi,*türi,,,UEW;Sam88,,,,,,,4,,
501-136-1,,501,136,"ti̮r, ti̮ra",ti̮r,t ɯ r,,SyrjWsch,,,,,"ti̮r, ti̮ra",tɯr,4,,
501-136-2,,501,136,"ti̮r, ti̮ra",ti̮ra,t ɯ r ɑ,,SyrjWsch,,,,,"ti̮r, ti̮ra",tɯrɑ,4,,
503-136-1,,503,136,ti̮r,ti̮r,t ɯ r,,KoPRSl,,,,,ti̮r,tɯr,4,,
504-136-1,,504,136,ti̮r,ti̮r,t ɯ r,,WotjWsch,,,,,ti̮r,tɯr,4,,
907-136-1,,907,136,tīrəlʹ,tīrəlʹ,t iː r ə ʎ,,SolkWb,,,,,tīrəlʹ,tiːrəʎ,4,,
902-136-1,,902,136,panəcy°,panəcy°,,,JurSWb,,,,,,,5,,'Be full (v.)'
106-136-2,,106,136,oles,oles,,,InsSSk,,,,,,,6,,
101-136-2,,101,136,ellies,ellies,,,NSsNdb,,,,,,,7,,
901-136-1,,901,136,dʹulsi̮ə,dʹulsi̮ə,dʲ u l s ɯ ə,,SlNgaRus,,,,,dʹulsi̮ə,dʲulsɯə,8,,
901-136-2,,901,136,müntüśa,müntüśa,m y n t y ɕ ɑ,,SlNgaRus,,,,,müntüśa,myntyɕɑ,9,,
0-137-1,,0,137,[Not reconstructable],,,,UEW;Sam88,,,,,,,?,[Not reconstructable],
101-137-1,,101,137,kraesie,kraesie,,,NSsNdb,,,,,,,1,,
102-137-1,,102,137,kràssee,kràssee,,,WbWlap,,,,,,,1,,
104-137-1,,104,137,grásse,grásse,,,EZ,,,,,,,1,,
105-137-1,,105,137,rássi,rássi,,,SSSg,,,,,,,1,,
106-137-1,,106,137,rääsi,rääsi,,,InsSSk,,,,,,,1,,
107-137-1,,107,137,rääʹss,rääʹss,,,SKosSk,,,,,,,1,,
108-137-1,,108,137,rāss’,rāss’,r aː sːʲ,,WOLD,,,,,,raːsːʲ,1,,
211-137-1,,211,137,hain,hain,,,SI,,,,,,,2,,
211-137-2,,211,137,moro,moro,,,SI,,,,,,,3,,
301-137-1,,301,137,tʹikše,tʹikše,tʲ i k ʃ e,,MordWb,,,,,tʹikše,tʲikʃe,4,"From PFP *teškä ~ tekšä 'bush, grass, spike'",
401-137-1,,401,137,šuδo,šuδo,ʃ u ð o,,SMSk;TscherWb,,,,,šuδo,ʃuðo,5,,
501-137-1,,501,137,turun,turun,t u r u n,,SyrjWsch,,,,,turun,turun,6,,
503-137-1,,503,137,turun,turun,t u r u n,,KoPRSl,,,,,turun,turun,6,,
504-137-1,,504,137,turi̮n,turi̮n,t u r ɯ n,,WotjWsch,,,,,turi̮n,turɯn,6,,
601-137-1,,601,137,fű,fű,f yː,,FMSz,,,,,,fyː,7,,
701-137-1,,701,137,pum,pum,p u m,,WogWb,,,,,pum,pum,7,,
807-137-1,,807,137,pam,pam,p ɑ m,,DEWbOstj,,,,,pam,pɑm,7,,
902-137-1,,902,137,ŋum,ŋum,,,JurSWb,,,,,,,8,,
901-137-1,,901,137,ńotə,ńotə,ɲ o t ə,,SlNgaRus,,,,,ńotə,ɲotə,9,,
907-137-1,,907,137,ńūčə,ńūčə,ɲ uː tʃ ə,,SolkWb,,,,,ńūčə,ɲuːtʃə,9,,
203-137-1,,203,137,ruoho,ruoho,r u o̞ ɦ o̞,,JL,,,,,,ruo̞ɦo̞,1,,
204-137-1,,204,137,ruoho,ruoho,,,KKSV,,,,,,,1,,
207-137-1,,207,137,roho,roho,,,VVS,,,,,,,1,,
208-137-1,,208,137,"roho, rōho",roho,r o h o,,InkmSk,,,,,"roho, rōho",roho,1,,
208-137-2,,208,137,"roho, rōho",rōho,r oː h o,,InkmSk,,,,,"roho, rōho",roːho,1,,
209-137-1,,209,137,roho,roho,r o h o,,VKJMS,,,,,roho,roho,1,,
210-137-1,,210,137,rohi,rohi,r o h i,,SVSk,,,,,,rohi,1,,
211-137-3,,211,137,ruuh,ruuh,,,VESr,,,,,,,1,,
212-137-1,,212,137,re̮ʾu(v) ~ riʾu(v),re̮ʾu ~ riʾu,,,LivWb,,,,,,,1,,
104-137-2,,104,137,sidno,sidno,,,EZ,,,,,,,10,,
902-138-1,,902,138,[No equivalent],,,No basic word for 'green',JurSWb,,,,,,,0,[No equivalent],
0-138-1,,0,138,[Not reconstructable],,,?*piša 'gall' possibly used for this colour,UEW;Sam88,,,,,,,?,[Not reconstructable],
203-138-1,,203,138,vihreä,vihreä,ʋ i ç r e̞ æ,,JL,,,,,,ʋiçre̞æ,1,,
204-138-1,,204,138,vihanta,vihanta,,,KKSV,,,,,,,1,,
207-138-1,,207,138,viher,viher,,,VVS,,,,,,,1,,
209-138-1,,209,138,viher,viher,v i h e r,,VKJMS,,,,,viher,viher,1,,
401-138-1,,401,138,"užar, užarɣe",užar,u ʒ ɑ r,Former attr.,SMSk;TscherWb,,,,,"užar, užarɣe",uʒɑr,1,,
401-138-2,,401,138,"užar, užarɣe",užarɣe,u ʒ ɑ r ɣ e,Former attr.,SMSk;TscherWb,,,,,"užar, užarɣe",uʒɑrɣe,1,,
501-138-1,,501,138,vež,vež,v e ʒ,,SyrjWsch,,,,,vež,veʒ,1,,
504-138-1,,504,138,vož,vož,v o ʒ,,WotjWsch,,,,,vož,voʒ,1,,
204-138-2,,204,138,selenäine,selenäine,,,KKSV,,,,,,,2,"Cf. Rus ""zelënyj""",
204-138-3,,204,138,ruohoine,ruohoine,,,KKSV,,,,,,,3,,
208-138-1,,208,138,roh̆hoin,roh̆hoin,r o h ̆ h o i n,,InkmSk,,,,,roh̆hoin,roh̆hoin,3,,
209-138-2,,209,138,rohoin,rohoin,r o h o i n,,VKJMS,,,,,rohoin,rohoin,3,,
210-138-1,,210,138,roheline,roheline,r o h e l i n e,,SVSk,,,,,,roheline,3,,
211-138-1,,211,138,rohilinõ,rohilinõ,,,VESr,,,,,,,3,,
212-138-1,,212,138,ɔ̄lʹaz,ɔ̄lʹaz,,,LivWb,,,,,,,4,,
212-138-2,,212,138,me̮lltsi,me̮lltsi,,,LivWb,,,,,,,5,,
101-138-1,,101,138,kruana,kruana,,,NSsNdb,,,,,,,3,,
102-138-1,,102,138,kruadˈnaa,kruadˈnaa,,,WbWlap,,,,,,,3,,
104-138-1,,104,138,gruodna,gruodna,,,EZ,,,,,,,3,,
105-138-1,,105,138,ruoná,ruoná,,,SSSg,,,,,,,3,,
106-138-1,,106,138,ruánáá,ruánáá,,,InsSSk,,,,,,,3,,
107-138-1,,107,138,ruânn,ruânn,,,SKosSk,,,,,,,3,,
108-138-1,,108,138,ruenn,ruenn,r u e nː,,WOLD,,,,,,ruenː,3,,
301-138-1,,301,138,piže,piže,p i ʒ e,Possibly from PU *piša 'gall',MordWb,,,,,piže,piʒe,7,,
601-138-1,,601,138,zöld,zöld,z ø l d,,FMSz,,,,,,zøld,8,,
701-138-1,,701,138,"ńār, ńār-pum",ńār,ɲ ɑː r,,WogWb,,,,,"ńār, ńār-pum",ɲɑːr,9,,"Latter comp. with ""pum"" 'grass'"
701-138-2,,701,138,"ńār, ńār-pum",ńār-pum,ɲ ɑː r p u m,,WogWb,,,,,"ńār, ńār-pum",ɲɑːr-pum,9,,"Latter comp. with ""pum"" 'grass'"
807-138-1,,807,138,kul-lö̆j,kul-lö̆j,k u l l ø ̆ j,,DEWbOstj,,,,,kul-lö̆j,kul-lø̆j,10,,"Comp.; ""kul"" 'fish', ""lö̆j"" 'gall'; ie. green as fish gall"
907-138-1,,907,138,norälʹ,norälʹ,n o r æ ʎ,,SolkWb,,,,,norälʹ,noræʎ,6,,"'Blue, green'"
503-138-1,,503,138,zelʹone̮j,zelʹone̮j,z e ʎ o n ɤ j,,KoPRSl,,,,,zelʹone̮j,zeʎonɤj,2,"Cf. Rus ""zelënyj""",
901-138-1,,901,138,ŋindiaˀsi̮ə,ŋindiaˀsi̮ə,ŋ i n d i ɑ ʔ s ɯ ə,,SlNgaRus,,,,,ŋindiaˀsi̮ə,ŋindiɑʔsɯə,12,,
901-138-2,,901,138,ńotərəku,ńotərəku,ɲ o t ə r ə k u,"Deriv. from ""ńotə"" 'grass'",SlNgaRus,,,,,ńotərəku,ɲotərəku,11,,
901-139-1,,901,139,[Form not found],,,,SlNgaRus,,,,,,,?,[Form not found],
0-139-1,,0,139,*śali̮,*śali̮,,PFU: *śola (cf. PIE ḱolo-),UEW;Sam88,,,,,,,1,,
102-139-1,,102,139,tjå̀llee,tjå̀llee,,,WbWlap,,,,,,,1,,
104-139-1,,104,139,tjålle,tjålle,,,EZ,,,,,,,1,,
105-139-1,,105,139,čoalli,čoalli,,,SSSg,,,,,,,1,,
106-139-1,,106,139,čoali,čoali,,,InsSSk,,,,,,,1,,
107-139-1,,107,139,čuẹʹll,čuẹʹll,,,SKosSk,,,,,,,1,,
108-139-1,,108,139,čuell’,čuell’,t ʃ u e lːʲ,,WOLD,,,,,,tʃuelːʲ,1,,
203-139-1,,203,139,suoli,suoli,s u o̞ l i,,JL,,,,,,suo̞li,1,,
204-139-1,,204,139,suoli,suoli,,,KKSV,,,,,,,1,,
207-139-1,,207,139,solʹ,solʹ,,,VVS,,,,,,,1,,
208-139-1,,208,139,sōli,sōli,s oː l i,,InkmSk,,,,,sōli,soːli,1,,
209-139-1,,209,139,sōli,sōli,s oː l i,,VKJMS,,,,,sōli,soːli,1,,
210-139-1,,210,139,sool,sool,s oː l,,SVSk,,,,,,soːl,1,,
211-139-1,,211,139,soolik,soolik,,,VESr,,,,,,,1,,
212-139-1,,212,139,sùolʹ,sùolʹ,,,LivWb,,,,,,,1,,
301-139-1,,301,139,śulo,śulo,ɕ u l o,,MordWb,,,,,śulo,ɕulo,1,,
401-139-1,,401,139,šolo,šolo,ʃ o l o,,SMSk;TscherWb,,,,,šolo,ʃolo,1,,
501-139-1,,501,139,śuv,śuv,ɕ u v,,SyrjWsch,,,,,śuv,ɕuv,1,,
503-139-1,,503,139,śu ~ śuv,śu ~ śuv,ɕ u,,KoPRSl,,,,,"śu, śuv","ɕu, ɕuv",1,,
504-139-1,,504,139,śul,śul,ɕ u l,,WotjWsch,,,,,śul,ɕul,1,,
807-139-1,,807,139,sol,sol,s o l,,DEWbOstj,,,,,sol,sol,1,,
204-139-2,,204,139,kiiška,kiiška,,,KKSV,,,,,,,2,,
207-139-2,,207,139,kišk,kišk,,,VVS,,,,,,,2,,
601-139-1,,601,139,bél,bél,b eː l,,FMSz,,,,,,beːl,3,,
701-139-1,,701,139,saχ,saχ,s ɑ x,,WogWb,,,,,saχ,sɑx,4,,
902-139-1,,902,139,yedyo,yedyo,,,JurSWb,,,,,,,5,,
907-139-1,,907,139,ketu,ketu,k e t u,,SolkWb,,,,,ketu,ketu,5,,
101-139-1,,101,139,sysngelasjh,sysngelasjh,,,NSsNdb,,,,,,,6,,
503-139-2,,503,139,kiška,kiška,k i ʃ k ɑ,,KoPRSl,,,,,kiška,kiʃkɑ,2,,
0-14-1,,0,14,"*min-, *mun-",*min-,,,UEW;Sam88,,,,,,,1,,
0-14-2,,0,14,"*min-, *mun-",*mun-,,,UEW;Sam88,,,,,,,1,,
101-14-1,,101,14,manne,manne,,,NSsNdb,,,,,,,1,,
102-14-1,,102,14,månna,månna,,,WbWlap,,,,,,,1,,
104-14-1,,104,14,mån/iv/-iv,mån,,,EZ,,,,,,,1,,
104-14-2,,104,14,mån/iv/-iv,iv,,,EZ,,,,,,,1,,
104-14-3,,104,14,mån/iv/-iv,-iv,,,EZ,,,,,,,1,,
105-14-1,,105,14,mun,mun,,,SSSg,,,,,,,1,,
106-14-1,,106,14,mun,mun,,,InsSSk,,,,,,,1,,
107-14-1,,107,14,mon,mon,,,SKosSk,,,,,,,1,,
108-14-1,,108,14,munn,munn,m u nː,,WOLD,,,,,,munː,1,,
203-14-1,,203,14,minä,minä,m i n æ,,JL,,,,,,minæ,1,,
204-14-1,,204,14,mie,mie,,"In Olonets Karelian (Livvi), ""minä""",KKSV,,,,,,,1,,
207-14-1,,207,14,mińa ~ mä,mińa ~ mä,,,VVS,,,,,,,1,,
208-14-1,,208,14,miä,miä,m i æ,,InkmSk,,,,,miä,miæ,1,,
209-14-1,,209,14,miä,miä,m i æ,,VKJMS,,,,,miä,miæ,1,,
210-14-1,,210,14,mina ~ ma,mina ~ ma,m i n ɑ ~ m ɑ,,SVSk,,,,,,minɑ ~ mɑ,1,,
211-14-1,,211,14,"maq, mina, minno",maq,,,VESr,,,,,,,1,,
211-14-2,,211,14,"maq, mina, minno",mina,,,VESr,,,,,,,1,,
211-14-3,,211,14,"maq, mina, minno",minno,,,VESr,,,,,,,1,,
212-14-1,,212,14,ma,ma,,,LivWb,,,,,,,1,,
301-14-1,,301,14,mon,mon,m o n,,MordWb,,,,,mon,mon,1,,
401-14-1,,401,14,mə̑j,mə̑j,m ə j,,SMSk;TscherWb,,,,,mə̑j,məj,1,,
501-14-1,,501,14,me,me,m e,,SyrjWsch,,,,,me,me,1,,
503-14-1,,503,14,me,me,m e,"Stem ""men-""",KoPRSl,,,,,me,me,1,,
504-14-1,,504,14,mon,mon,m o n,,WotjWsch,,,,,mon,mon,1,,
601-14-1,,601,14,én,én,eː n,,FMSz,,,,,,eːn,1,Early Ug *mänɜ > ämnɜ?,
701-14-1,,701,14,am,am,ɑ m,,WogWb,,,,,am,ɑm,1,Early Ug *mänɜ > ämnɜ?,
807-14-1,,807,14,mä,mä,m æ,,DEWbOstj,,,,,mä,mæ,1,,
901-14-1,,901,14,mənə,mənə,m ə n ə,,SlNgaRus,,,,,mənə,mənə,1,,
902-14-1,,902,14,məny°,məny°,,,JurSWb,,,,,,,1,,
907-14-1,,907,14,man,man,m ɑ n,,SolkWb,,,,,man,mɑn,1,,
0-140-1,,0,140,*päŋi,*päŋi,,,UEW;Sam88,,,,,,,1,,
203-140-1,,203,140,pää,pää,p æː,,JL,,,,,,pæː,1,,
204-140-1,,204,140,peä,peä,,,KKSV,,,,,,,1,,
207-140-1,,207,140,pä,pä,,,VVS,,,,,,,1,,
208-140-1,,208,140,pǟ,pǟ,p æː,,InkmSk,,,,,pǟ,pæː,1,,
209-140-1,,209,140,pǟ,pǟ,p æː,,VKJMS,,,,,pǟ,pæː,1,,
210-140-1,,210,140,pea,pea,p e ɑ,,SVSk,,,,,,peɑ,1,,
211-140-1,,211,140,pää,pää,,,VESr,,,,,,,1,,
212-140-1,,212,140,pǟ,pǟ,,,LivWb,,,,,,,1,,
601-140-1,,601,140,"fej, fő",fej,f ɛ j f øː,,FMSz,,,,,,"fɛj, føː",1,,
601-140-2,,601,140,"fej, fő",fő,f ɛ j f øː,,FMSz,,,,,,"fɛj, føː",1,,
701-140-1,,701,140,puŋk,puŋk,p u ŋ k,,WogWb,,,,,puŋk,puŋk,1,,
0-140-2,,0,140,*ojwa,*ojwa,,,UEW;Sam88,,,,,,,2,,
101-140-1,,101,140,åejjie,åejjie,,,NSsNdb,,,,,,,2,,
102-140-1,,102,140,å̀ivee,å̀ivee,,,WbWlap,,,,,,,2,,
104-140-1,,104,140,åjjve,åjjve,,,EZ,,,,,,,2,,
105-140-1,,105,140,oaivi,oaivi,,,SSSg,,,,,,,2,,
106-140-1,,106,140,oai'vi,oai'vi,,,InsSSk,,,,,,,2,,
107-140-1,,107,140,vueiʹvv,vueiʹvv,,,SKosSk,,,,,,,2,,
108-140-1,,108,140,vuejjv,vuejjv,v u e jː v,,WOLD,,,,,,vuejːv,2,,
401-140-1,,401,140,βuj,βuj,β u j,,SMSk;TscherWb,,,,,βuj,βuj,2,,
901-140-1,,901,140,ŋojbu,ŋojbu,ŋ o j b u,,SlNgaRus,,,,,ŋojbu,ŋojbu,2,,
902-140-1,,902,140,ŋæwa,ŋæwa,,,JurSWb,,,,,,,2,,
301-140-1,,301,140,pŕa,pŕa,p rʲ ɑ,,MordWb,,,,,pŕa,prʲɑ,3,Semantic development from earlier 'rear end' > ('either end' >) 'front end = head',
501-140-1,,501,140,jur,jur,j u r,,SyrjWsch,,,,,jur,jur,4,,
503-140-1,,503,140,jur,jur,j u r,,KoPRSl,,,,,jur,jur,4,,
504-140-1,,504,140,ji̮r,ji̮r,j ɯ r,,WotjWsch,,,,,ji̮r,jɯr,4,,
807-140-1,,807,140,oɣ,oɣ,o ɣ,,DEWbOstj,,,,,oɣ,oɣ,5,,
907-140-1,,907,140,olə,olə,o l ə,,SolkWb,,,,,olə,olə,6,,
0-141-1,,0,141,*śüδä-m-,*śüδä-m-,,,UEW;Sam88,,,,,,,1,,
107-141-1,,107,141,čââʹđ,čââʹđ,,,SKosSk,,,,,,,1,,
203-141-1,,203,141,sydän,sydän,s y d æ n,,JL,,,,,,sydæn,1,,
204-141-1,,204,141,seän,seän,,,KKSV,,,,,,,1,,
207-141-1,,207,141,südʹäin,südʹäin,,,VVS,,,,,,,1,,
208-141-1,,208,141,süän,süän,s y æ n,,InkmSk,,,,,süän,syæn,1,,
209-141-1,,209,141,süä,süä,s y æ,,VKJMS,,,,,süä,syæ,1,,
210-141-1,,210,141,süda,süda,s y d ɑ,,SVSk,,,,,,sydɑ,1,,
211-141-1,,211,141,süä,süä,,,VESr,,,,,,,1,,
212-141-1,,212,141,sidàm ~ südàm,sidàm ~ südàm,,,LivWb,,,,,,,1,,
301-141-1,,301,141,śedʹej,śedʹej,ɕ e dʲ e j,,MordWb,,,,,śedʹej,ɕedʲej,1,,
401-141-1,,401,141,šüm,šüm,ʃ y m,,SMSk;TscherWb,,,,,šüm,ʃym,1,,
501-141-1,,501,141,śe̮le̮m,śe̮le̮m,ɕ ɤ l ɤ m,,SyrjWsch,,,,,śe̮le̮m,ɕɤlɤm,1,,
503-141-1,,503,141,śe̮le̮m,śe̮le̮m,ɕ ɤ l ɤ m,,KoPRSl,,,,,śe̮le̮m,ɕɤlɤm,1,,
504-141-1,,504,141,śulem,śulem,ɕ u l e m,,WotjWsch,,,,,śulem,ɕulem,1,,
601-141-1,,601,141,szív,szív,s iː v,,FMSz,,,,,,siːv,1,,
701-141-1,,701,141,sim,sim,s i m,,WogWb,,,,,sim,sim,1,,
807-141-1,,807,141,səm,səm,s ə m,,DEWbOstj,,,,,səm,səm,1,,
901-141-1,,901,141,sə̄,sə̄,s əː,,SlNgaRus,,,,,sə̄,səː,1,,
902-141-1,,902,141,syey°,syey°,,,JurSWb,,,,,,,1,,
907-141-1,,907,141,sīćə,sīćə,s iː tɕ ə,,SolkWb,,,,,sīćə,siːtɕə,1,Deriv. from PU *śüδä?,
101-141-1,,101,141,vaajmoe,vaajmoe,,,NSsNdb,,,,,,,2,,
102-141-1,,102,141,vàibmoo,vàibmoo,,,WbWlap,,,,,,,2,,
104-141-1,,104,141,vájbmo,vájbmo,,,EZ,,,,,,,2,,
105-141-1,,105,141,váibmu,váibmu,,,SSSg,,,,,,,2,,
106-141-1,,106,141,váimu,váimu,,,InsSSk,,,,,,,2,,
108-141-1,,108,141,sārr’t,sārr’t,s aː rːʲ t,,WOLD,,,,,,saːrːʲt,3,,
108-141-2,,108,141,kūtt’k,kūtt’k,k uː tːʲ k,,WOLD,,,,,,kuːtːʲk,4,,
0-142-1,,0,142,*tä-(kä),*tä-,,Possibly an inflected form of a pronominal stem used in this meaning; cannot be reconstructed,UEW;Sam88,,,,,,,1,,
101-142-1,,101,142,"daagkoe, daebpene",daagkoe,,,NSsNdb,,,,,,,1,,
101-142-2,,101,142,"daagkoe, daebpene",daebpene,,,NSsNdb,,,,,,,1,,
102-142-1,,102,142,dàdnee,dàdnee,,,WbWlap,,,,,,,1,,
104-142-1,,104,142,"dán, dáppen, dánne, däiigo, däggu",dán,,,EZ,,,,,,,1,,
104-142-2,,104,142,"dán, dáppen, dánne, däiigo, däggu",dáppen,,,EZ,,,,,,,1,,
104-142-3,,104,142,"dán, dáppen, dánne, däiigo, däggu",dánne,,,EZ,,,,,,,1,,
104-142-4,,104,142,"dán, dáppen, dánne, däiigo, däggu",däiigo,,,EZ,,,,,,,1,,
104-142-5,,104,142,"dán, dáppen, dánne, däiigo, däggu",däggu,,,EZ,,,,,,,1,,
105-142-1,,105,142,"dáppe, dá",dáppe,,,SSSg,,,,,,,1,,
105-142-2,,105,142,"dáppe, dá",dá,,,SSSg,,,,,,,1,,
106-142-1,,106,142,tääbbin,tääbbin,,,InsSSk,,,,,,,1,,
107-142-1,,107,142,tääiʹb(en),tääiʹb,,,SKosSk,,,,,,,1,,
108-142-1,,108,142,tes’t,tes’t,t e sʲ t,,WOLD,,,,,,tesʲt,1,,
203-142-1,,203,142,täällä,täällä,t̪ æː lː æ,,JL,,,,,,t̪æːlːæ,1,,
203-142-2,,203,142,tässä,tässä,t̪ æ sː æ,,JL,,,,,,t̪æsːæ,1,,
204-142-1,,204,142,teällä,teällä,,,KKSV,,,,,,,1,,
207-142-1,,207,142,tägä,tägä,,,VVS,,,,,,,1,,
207-142-2,,207,142,täs,täs,,,VVS,,,,,,,1,,
209-142-1,,209,142,tǟl,tǟl,t æː l,,VKJMS,,,,,tǟl,tæːl,1,,
212-142-1,,212,142,"täs, täsà",täs,,,LivWb,,,,,,,1,,
212-142-2,,212,142,"täs, täsà",täsà,,,LivWb,,,,,,,1,,
301-142-1,,301,142,tʹese,tʹese,tʲ e s e,,MordWb,,,,,tʹese,tʲese,1,,
401-142-1,,401,142,tə̑šte,tə̑šte,t ə ʃ t e,,SMSk;TscherWb,,,,,tə̑šte,təʃte,1,,
501-142-1,,501,142,"tan ~ tani, tate̮n",tan ~ tani,t ɑ n,,SyrjWsch,,,,,"tan, tani, tate̮n","tɑn, tɑni, tɑtɤn",1,,
501-142-2,,501,142,"tan ~ tani, tate̮n",tate̮n,t ɑ t ɤ n,,SyrjWsch,,,,,"tan, tani, tate̮n",tɑtɤn,1,,
503-142-1,,503,142,tate̮n,tate̮n,t ɑ t ɤ n,,KoPRSl,,,,,tate̮n,tɑtɤn,1,,
504-142-1,,504,142,tati̮n,tati̮n,t ɑ t ɯ n,,WotjWsch,,,,,tati̮n,tɑtɯn,1,,
701-142-1,,701,142,tit,tit,t i t,,WogWb,,,,,tit,tit,1,,
807-142-1,,807,142,tət,tət,t ə t,,DEWbOstj,,,,,tət,tət,1,,
907-142-1,,907,142,tintə ~ ti̮ntə,tintə ~ ti̮ntə,t i n t ə,,SolkWb,,,,,"tintə, ti̮ntə","tintə, tɯntə",1,,
208-142-1,,208,142,sīn,sīn,s iː n,,InkmSk,,,,,sīn,siːn,2,,
210-142-1,,210,142,siin,siin,s iː n,,SVSk,,,,,,siːn,2,,
211-142-1,,211,142,siin ~ siihn,siin ~ siihn,,,VESr,,,,,,,2,,
212-142-3,,212,142,"sīn, sīd etc.",sīn,,,LivWb,,,,,,,2,,
212-142-4,,212,142,"sīn, sīd etc.",sīd etc.,,,LivWb,,,,,,,2,,
501-142-3,,501,142,etan ~ etani,etan ~ etani,e t ɑ n,"Comp. with ""tan"" ~ ""tani"" (also 'here' by itself)",SyrjWsch,,,,,"etan, etani","etɑn, etɑni",3,,
503-142-2,,503,142,este̮n,este̮n,e s t ɤ n,,KoPRSl,,,,,este̮n,estɤn,3,,
601-142-1,,601,142,itt,itt,i tː,,FMSz,,,,,,itː,3,,
902-142-1,,902,142,tyukoxəna,tyukoxəna,,,JurSWb,,,,,,,4,,
209-142-2,,209,142,kassen,kassen,k ɑ sː e n,,VKJMS,,,,,kassen,kɑsːen,5,,
901-142-1,,901,142,"əmni̮, əmədʹa",əmni̮,ə m n ɯ,,SlNgaRus,,,,,"əmni̮, əmədʹa",əmnɯ,6,,
901-142-2,,901,142,"əmni̮, əmədʹa",əmədʹa,ə m ə dʲ ɑ,,SlNgaRus,,,,,"əmni̮, əmədʹa",əmədʲɑ,6,,
901-142-3,,901,142,miˀia,miˀia,m i ʔ i ɑ,,SlNgaRus,,,,,miˀia,miʔiɑ,7,,
0-143-1,,0,143,[Not reconstructable],,,PFU: *pitä-,UEW;Sam88,,,,,,,?,[Not reconstructable],
203-143-1,,203,143,pitää,pitää,p i t̪ æː,,JL,,,,,,pit̪æː,1,,
204-143-1,,204,143,piteä,piteä,,,KKSV,,,,,,,1,,
207-143-1,,207,143,pidʹada,pidʹada,,,VVS,,,,,,,1,,
208-143-1,,208,143,pit̆tǟ,pit̆tǟ,p i t ̆ t æː,,InkmSk,,,,,pit̆tǟ,pit̆tæː,1,,
209-143-1,,209,143,pitämä,pitämä,p i t æ m æ,,VKJMS,,,,,pitämä,pitæmæ,1,,
212-143-1,,212,143,piʾddə,piʾddə,,,LivWb,,,,,,,1,,
210-143-1,,210,143,hoida,hoida,h o i t ɑ,,SVSk,,,,,,hoitɑ,2,,
211-143-1,,211,143,hoitma,hoitma,,,VESr,,,,,,,2,,
105-143-1,,105,143,doallat,doallat,,,SSSg,,,,,,,3,,
106-143-1,,106,143,toollađ,toollađ,,,InsSSk,,,,,,,3,,
107-143-1,,107,143,tuõʹlˈl’jed,tuõʹlˈl’jed,,,SKosSk,,,,,,,3,,
101-143-1,,101,143,"utniedidh, utniehtidh",utniedidh,,,NSsNdb,,,,,,,4,,
101-143-2,,101,143,"utniedidh, utniehtidh",utniehtidh,,,NSsNdb,,,,,,,4,,
102-143-1,,102,143,adnèhtit,adnèhtit,,,WbWlap,,,,,,,4,,
104-143-1,,104,143,anedit,anedit,,,EZ,,,,,,,4,,
106-143-2,,106,143,anneeđ,anneeđ,,,InsSSk,,,,,,,4,,
108-143-1,,108,143,oann’e,oann’e,ɒː nːʲ e,,WOLD,,,,,,ɒːnːʲe,4,,
301-143-1,,301,143,kiŕdʹems,kiŕdʹems,k i rʲ dʲ e m s,,MordWb,,,,,kiŕdʹems,kirʲdʲems,5,"From PFV *kärte- 'suffer, hold'",
401-143-1,,401,143,kučem,kučem,k u tʃ e m,,SMSk;TscherWb,,,,,kučem,kutʃem,6,"Cogn. with NSa ""goaccâ-"" 'hold back, restrain'",
501-143-1,,501,143,viʒ́ni̮,viʒ́ni̮,v i dʑ n ɯ,,SyrjWsch,,,,,viʒ́ni̮,vidʑnɯ,7,,
503-143-1,,503,143,viʒ́ni̮,viʒ́ni̮,v i dʑ n ɯ,,KoPRSl,,,,,viʒ́ni̮,vidʑnɯ,7,,
504-143-1,,504,143,voźi̮ni̮,voźi̮ni̮,v o ʑ ɯ n ɯ,,WotjWsch,,,,,voźi̮ni̮,voʑɯnɯ,7,,
601-143-1,,601,143,tart,tart,t ɒ r t,,FMSz,,,,,,tɒrt,8,,
601-143-2,,601,143,fog,fog,f o ɡ,,FMSz,,,,,,foɡ,9,,
701-143-1,,701,143,takti,takti,t ɑ k t i,,WogWb,,,,,takti,tɑkti,10,,
807-143-1,,807,143,kätl-,kätl-,k æ t l,,DEWbOstj,,,,,kätl-,kætl-,11,,"'Hold, catch'"
902-143-1,,902,143,nyəqm°bə° ~ nyəqmibə°,nyəqm°bə° ~ nyəqmibə°,,,JurSWb,,,,,,,12,,
907-143-1,,907,143,oralpi-,oralpi-,o r ɑ l p i,"Deriv. from ""or-"" 'grab'",SolkWb,,,,,oralpi-,orɑlpi-,13,,
501-143-2,,501,143,kutni̮,kutni̮,k u t n ɯ,,SyrjWsch,,,,,kutni̮,kutnɯ,14,,
101-143-3,,101,143,steeredh,steeredh,,,NSsNdb,,,,,,,15,,
901-143-1,,901,143,kəmiasa,kəmiasa,k ə m i ɑ s ɑ,,SlNgaRus,,,,,kəmiasa,kəmiɑsɑ,16,,"'Hold, catch'"
0-144-1,,0,144,[Not reconstructable],,,Possibly an inflected form of a pronominal stem (*ku- ?) used in this meaning; cannot be reconstructed,UEW;Sam88,,,,,,,?,[Not reconstructable],
102-144-1,,102,144,maktè,maktè,,,WbWlap,,,,,,,1,,
104-144-1,,104,144,"mákkar, maktes",mákkar,,,EZ,,,,,,,1,,
104-144-2,,104,144,"mákkar, maktes",maktes,,,EZ,,,,,,,1,,
105-144-1,,105,144,mō,mō,,,SSSg,,,,,,,1,,
106-144-1,,106,144,maht ~ mahte,maht ~ mahte,,,InsSSk,,,,,,,1,,
107-144-1,,107,144,mäʹhtt,mäʹhtt,,,SKosSk,,,,,,,1,,
203-144-1,,203,144,miten,miten,m i t̪ e̞ n,,JL,,,,,,mit̪e̞n,1,,
204-144-1,,204,144,milleh,milleh,,,KKSV,,,,,,,1,,
204-144-2,,204,144,miten,miten,,,KKSV,,,,,,,1,,
207-144-1,,207,144,mit,mit,,,VVS,,,,,,,1,,
209-144-1,,209,144,mi,mi,m i,,VKJMS,,,,,mi,mi,1,,
212-144-1,,212,144,"mis, mià",mis,,,LivWb,,,,,,,1,,
212-144-2,,212,144,"mis, mià",mià,,,LivWb,,,,,,,1,,
401-144-1,,401,144,mo semə̑n,mo semə̑n,m o s e m ə n,,SMSk;TscherWb,,,,,mo_semə̑n,mo semən,1,,
101-144-1,,101,144,guktie,guktie,,,NSsNdb,,,,,,,2,,
104-144-3,,104,144,gukte,gukte,,,EZ,,,,,,,2,,
105-144-2,,105,144,govt,govt,,,SSSg,,,,,,,2,,
108-144-1,,108,144,kōxxt,kōxxt,k oː xː t,,WOLD,,,,,,koːxːt,2,,
203-144-2,,203,144,kuinka,kuinka,k u i ŋ k ɑ,,JL,,,,,,kuiŋkɑ,2,,
204-144-3,,204,144,kuin,kuin,,,KKSV,,,,,,,2,,
207-144-2,,207,144,kut,kut,,,VVS,,,,,,,2,,
208-144-1,,208,144,kuin,kuin,k u i n,,InkmSk,,,,,kuin,kuin,2,,
209-144-2,,209,144,kui,kui,k u i,,VKJMS,,,,,kui,kui,2,,
210-144-1,,210,144,"kui, kuidas",kui,k u i k u i t ɑ s,,SVSk,,,,,,"kui, kuitɑs",2,,
210-144-2,,210,144,"kui, kuidas",kuidas,k u i k u i t ɑ s,,SVSk,,,,,,"kui, kuitɑs",2,,
211-144-1,,211,144,kui ~ kuis,kui ~ kuis,,,VESr,,,,,,,2,,
212-144-3,,212,144,ku(i),ku,,,LivWb,,,,,,,2,,
301-144-1,,301,144,koda,koda,k o d ɑ,,MordWb,,,,,koda,kodɑ,2,,
401-144-2,,401,144,kuze,kuze,k u z e,,SMSk;TscherWb,,,,,kuze,kuze,2,,
501-144-1,,501,144,ki̮ʒ́ ~ ki̮ʒ́i,ki̮ʒ́ ~ ki̮ʒ́i,k ɯ dʑ,,SyrjWsch,,,,,"ki̮ʒ́, ki̮ʒ́i","kɯdʑ, kɯdʑi",2,,
503-144-1,,503,144,ki̮ʒ́,ki̮ʒ́,k ɯ dʑ,,KoPRSl,,,,,ki̮ʒ́,kɯdʑ,2,,
504-144-1,,504,144,ki̮źi̮,ki̮źi̮,k ɯ ʑ ɯ,,WotjWsch,,,,,ki̮źi̮,kɯʑɯ,2,,
601-144-1,,601,144,"hogy, hogyan",hogy,h o ɟ h o ɟ ɒ n,,FMSz,,,,,,"hoɟ, hoɟɒn",2,,
601-144-2,,601,144,"hogy, hogyan",hogyan,h o ɟ h o ɟ ɒ n,,FMSz,,,,,,"hoɟ, hoɟɒn",2,,
701-144-1,,701,144,χumlʹe,χumlʹe,x u m ʎ e,,WogWb,,,,,χumlʹe,xumʎe,2,,
807-144-1,,807,144,kŏti̮,kŏti̮,k o ̆ t ɯ,,DEWbOstj,,,,,kŏti̮,kŏtɯ,2,,
901-144-1,,901,144,kuńiˀia,kuńiˀia,k u ɲ i ʔ i ɑ,,SlNgaRus,,,,,kuńiˀia,kuɲiʔiɑ,2,,
902-144-1,,902,144,xən-cyer°q,xən-cyer°q,,,JurSWb,,,,,,,2,,
907-144-1,,907,144,kun tār,kun tār,k u n t ɑː r,,SolkWb,,,,,kun_tār,kun tɑːr,2,,
401-144-3,,401,144,mo semə̑n,mo semə̑n,m o s e m ə n,,SMSk;TscherWb,,,,,mo_semə̑n,mo semən,3,"""Mo"" 'what'; latter part from ""sem"" 'tone, mode, manner', loan from Chuv",
203-145-1,,203,145,(avio)mies,mies,ɑ ʋ i o̞ m i e̞ s,,JL,,,,,,(ɑʋio̞)mie̞s,1,,"Compound of ""avio"" 'marriage' and ""mies"" 'man'; also just “mies”"
204-145-1,,204,145,mies,mies,,,KKSV,,,,,,,1,,
208-145-1,,208,145,mēz,mēz,m eː z,,InkmSk,,,,,mēz,meːz,1,,
209-145-1,,209,145,mēᴢ,mēᴢ,m eː z̥,,VKJMS,,,,,mēᴢ,meːz̥,1,,
210-145-1,,210,145,mees,mees,m eː s,,SVSk,,,,,,meːs,1,,"'Man, husband'"
211-145-1,,211,145,miis,miis,,,SI,,,,,,,1,,
212-145-1,,212,145,(naìz-)mìez,mìez,,,LivWb,,,,,,,1,,"Comp.; literally 'woman-man', ie. 'man having a wife'"
207-145-1,,207,145,mužik,mužik,,,VVS,,,,,,,2,"Cf. Rus ""muž"" 'man, husband', deriv. ""mužik""",
105-145-1,,105,145,isit,isit,,,SSSg,,,,,,,3,"Cf. Finnish ""isäntä"" 'man of the house, host'",
102-145-1,,102,145,kràdˈna,kràdˈna,,,WbWlap,,,,,,,4,"Cf. Sw ""granne"" 'neighbour'",
107-145-1,,107,145,kuõjj,kuõjj,,,SKosSk,,,,,,,5,,
108-145-1,,108,145,kūjj,kūjj,k uː jː,,WOLD,,,,,,kuːjː,5,,
301-145-1,,301,145,miŕdʹe,miŕdʹe,m i rʲ dʲ e,,MordWb,,,,,miŕdʹe,mirʲdʲe,6,,
401-145-1,,401,145,marij,marij,m ɑ r i j,,SMSk;TscherWb,,,,,marij,mɑrij,7,,Also 'Mari person'
501-145-1,,501,145,vere̮s,vere̮s,v e r ɤ s,Not in dialect of Sysola?,SyrjWsch,,,,,vere̮s,verɤs,8,"Cogn. with Fin ""orja"" 'slave'",
504-145-1,,504,145,kart,kart,k ɑ r t,,WotjWsch,,,,,kart,kɑrt,9,,
601-145-1,,601,145,férj,férj,f eː r ʝ,,FMSz,,,,,,feːrʝ,10,"Old compound; PFU *poji̮ 'son', latter part from PFU *ürkä 'son, boy'",
0-145-1,,0,145,*koje(-mV) ?,*koje ?,,,UEW;Sam88,,,,,,,11,,"'Man, person'; used in meaning of 'husband' in principal branches"
701-145-1,,701,145,χum,χum,x u m,,WogWb,,,,,χum,xum,11,"From PU deriv. *koji̮-mV 'man, person'",
807-145-1,,807,145,ku,ku,k u,,DEWbOstj,,,,,ku,ku,11,,
901-145-1,,901,145,kuədʹumu,kuədʹumu,k u ə dʲ u m u,,SlNgaRus,,,,,kuədʹumu,kuədʲumu,11,,"'Man, husband'"
503-145-1,,503,145,ajka,ajka,ɑ j k ɑ,,KoPRSl,,,,,ajka,ɑjkɑ,12,,
902-145-1,,902,145,xasawa,xasawa,,,JurSWb,,,,,,,13,,
907-145-1,,907,145,tipi,tipi,t i p i,,SolkWb,,,,,tipi,tipi,14,,
101-145-1,,101,145,"geelle, gaalla",geelle,,,NSsNdb,,,,,,,15,,
101-145-2,,101,145,"geelle, gaalla",gaalla,,,NSsNdb,,,,,,,15,,
102-145-2,,102,145,gàllès,gàllès,,,WbWlap,,,,,,,15,,
106-145-1,,106,145,käälis,käälis,,,InsSSk,,,,,,,15,,
211-145-2,,211,145,ülä,ülä,,,VESr,,,,,,,16,,
503-145-2,,503,145,že̮nik,že̮nik,ʒ ɤ n i k,,KoPRSl,,,,,že̮nik,ʒɤnik,17,,
503-145-3,,503,145,mužik,mužik,m u ʒ i k,,KoPRSl,,,,,mužik,muʒik,2,"Cf. Rus ""muž"" 'man, husband', deriv. ""mužik""",
701-145-2,,701,145,ōjka,ōjka,oː j k ɑ,,WogWb,,,,,ōjka,oːjkɑ,12,,
104-145-1,,104,145,båddnje,båddnje,,,EZ,,,,,,,18,,
901-145-2,,901,145,bəbə čərə,bəbə čərə,b ə b ə tʃ ə r ə,,SlNgaRus,,,,,bəbə_čərə,bəbə tʃərə,19,,Lit. 'bed contents'
807-146-1,,807,146,[No equivalent],,,No freestanding word in general use,DEWbOstj,,,,,,,0,[No equivalent],
902-146-1,,902,146,[No equivalent],,,Conditional constructions employ subordinative verb forms,JurSWb,,,,,,,0,[No equivalent],
0-146-1,,0,146,[Not reconstructable],,,,UEW;Sam88,,,,,,,?,[Not reconstructable],
901-146-1,,901,146,[Form not found],,,,SlNgaRus,,,,,,,?,[Form not found],
101-146-1,,101,146,jus ~ jis,jus ~ jis,,,NSsNdb,,,,,,,1,,
102-146-1,,102,146,jus ~ jüs etc.,jus ~ jüs etc.,,,WbWlap,,,,,,,1,,
104-146-1,,104,146,jus,jus,,,EZ,,,,,,,1,,
105-146-1,,105,146,jos ~ jus etc.,jos ~ jus etc.,,,SSSg,,,,,,,1,,
106-146-1,,106,146,"jis, jos",jis,,,InsSSk,,,,,,,1,,
106-146-2,,106,146,"jis, jos",jos,,,InsSSk,,,,,,,1,,
107-146-1,,107,146,jos ~ jõs,jos ~ jõs,,,SKosSk,,,,,,,1,,
203-146-1,,203,146,jos,jos,j o̞ s,,JL,,,,,,jo̞s,1,,
204-146-1,,204,146,jos,jos,,,KKSV,,,,,,,1,,
207-146-1,,207,146,jōs,jōs,,,VVS,,,,,,,1,,
208-146-1,,208,146,joz,joz,j o z,,InkmSk,,,,,joz,joz,1,,
212-146-1,,212,146,jaz ~ až ~ ja etc.,jaz ~ až ~ ja etc.,,,LivWb,,,,,,,1,"""ja"" probably influenced by Latv ""ja""",
204-146-2,,204,146,jeesli,jeesli,,,KKSV,,,,,,,2,,
107-146-2,,107,146,ku,ku,,,SKosSk,,,,,,,3,,
108-146-1,,108,146,koale,koale,k ɒː l e,,WOLD,,,,,,kɒːle,3,,
209-146-1,,209,146,ku,ku,k u,,VKJMS,,,,,ku,ku,3,,
210-146-1,,210,146,kui,kui,k u i,Deriv.,SVSk,,,,,,kui,3,,
211-146-1,,211,146,ku ~ kuq,ku ~ kuq,,,VESr,,,,,,,3,,
401-146-1,,401,146,ɣə̑n,ɣə̑n,ɣ ə n,,SMSk;TscherWb,,,,,ɣə̑n,ɣən,3,,
501-146-1,,501,146,"ke̮, (-ke̮)",ke̮,k ɤ,In sentences as suffix,SyrjWsch,,,,,"ke̮, -ke̮",kɤ,3,,
503-146-1,,503,146,ke̮,ke̮,k ɤ,,KoPRSl,,,,,ke̮,kɤ,3,,
504-146-1,,504,146,ke,ke,k e,,WotjWsch,,,,,ke,ke,3,,
601-146-1,,601,146,ha,ha,h ɒ,,FMSz,,,,,,hɒ,3,,
301-146-1,,301,146,butʹi ~ budʹi,butʹi ~ budʹi,b u tʲ i,,MordWb,,,,,"butʹi, budʹi","butʲi, budʲi",4,,
701-146-1,,701,146,ērt,ērt,eː r t,,WogWb,,,,,ērt,eːrt,5,,
907-146-1,,907,146,qata,qata,q ɑ t ɑ,,SolkWb,,,,,qata,qɑtɑ,7,Etymology unknown,
0-147-1,,0,147,[Not reconstructable],,,Possibly a deriv. of *kali̮- 'die'; cf. PSd *kåə-tå- 'die-(caus.)'?,UEW;Sam88,,,,,,,?,[Not reconstructable],
203-147-1,,203,147,tappaa,tappaa,t̪ ɑ pː ɑː,,JL,,,,,,t̪ɑpːɑː,1,,
204-147-1,,204,147,tappoa,tappoa,,,KKSV,,,,,,,1,,
209-147-1,,209,147,tappe̮ma,tappe̮ma,t ɑ pː ɤ m ɑ,,VKJMS,,,,,tappe̮ma,tɑpːɤmɑ,1,,
210-147-1,,210,147,tappa,tappa,t ɑ pː ɑ,,SVSk,,,,,,tɑpːɑ,1,,
211-147-1,,211,147,tapma,tapma,,,VESr,,,,,,,1,,
212-147-1,,212,147,tappə,tappə,,,LivWb,,,,,,,1,,
207-147-1,,207,147,rikta,rikta,,,VVS,,,,,,,2,"Cogn. with Fin ""rikkoa"" 'break'",
102-147-1,,102,147,gådˈdeet,gådˈdeet,,,WbWlap,,,,,,,3,,
104-147-1,,104,147,gåddet,gåddet,,,EZ,,,,,,,3,,
105-147-1,,105,147,goddit,goddit,,,SSSg,,,,,,,3,,
106-147-1,,106,147,koddeđ,koddeđ,,,InsSSk,,,,,,,3,,
107-147-1,,107,147,kåʹdded,kåʹdded,,,SKosSk,,,,,,,3,,
108-147-1,,108,147,koann’te,koann’te,k ɒː nːʲ t e,,WOLD,,,,,,kɒːnːʲte,3,,
102-147-2,,102,147,jaamèhtit,jaamèhtit,,,WbWlap,,,,,,,4,,
301-147-1,,301,147,maštoms,maštoms,m ɑ ʃ t o m s,,MordWb,,,,,maštoms,mɑʃtoms,5,,
301-147-2,,301,147,čavoms,čavoms,tʃ ɑ v o m s,,MordWb,,,,,čavoms,tʃɑvoms,6,,
401-147-1,,401,147,puštam,puštam,p u ʃ t ɑ m,,SMSk;TscherWb,,,,,puštam,puʃtɑm,7,,
501-147-1,,501,147,kule̮dni̮,kule̮dni̮,k u l ɤ d n ɯ,,SyrjWsch,,,,,kule̮dni̮,kulɤdnɯ,8,,
901-147-1,,901,147,kotudʹa,kotudʹa,k o t u dʲ ɑ,,SlNgaRus,,,,,kotudʹa,kotudʲɑ,8,,
902-147-1,,902,147,xada°,xada°,,,JurSWb,,,,,,,8,,
907-147-1,,907,147,quə̑t-,quə̑t-,q u ə t,,SolkWb,,,,,quə̑t-,quət-,8,,
501-147-2,,501,147,vijni̮,vijni̮,v i j n ɯ,,SyrjWsch,,,,,vijni̮,vijnɯ,9,,
503-147-1,,503,147,vijni̮,vijni̮,v i j n ɯ,,KoPRSl,,,,,vijni̮,vijnɯ,9,,
504-147-1,,504,147,vii̮ni̮,vii̮ni̮,v i ɯ n ɯ,,WotjWsch,,,,,vii̮ni̮,viɯnɯ,9,,
601-147-1,,601,147,(meg)öl,öl,m ɛ ɡ ø l,,FMSz,,,,,,(mɛɡ)øl,9,,"""Meg"" is prefix (also used without)"
701-147-1,,701,147,ali,ali,ɑ l i,,WogWb,,,,,ali,ɑli,9,,
807-147-1,,807,147,wel-,wel-,w e l,,DEWbOstj,,,,,wel-,wel-,9,,
208-147-1,,208,147,surmaᴅa,surmaᴅa,s u r m ɑ d̥ ɑ,,InkmSk,,,,,surmaᴅa,surmɑd̥ɑ,11,,
209-147-2,,209,147,surmama,surmama,s u r m ɑ m ɑ,,VKJMS,,,,,surmama,surmɑmɑ,11,,
101-147-1,,101,147,buvvedh,buvvedh,,,NSsNdb,,,,,,,12,,
101-148-1,,101,148,jaevrie,jaevrie,,,NSsNdb,,,,,,,1,,
102-148-1,,102,148,jàuree,jàuree,,,WbWlap,,,,,,,1,,
104-148-1,,104,148,jávvre,jávvre,,,EZ,,,,,,,1,,
105-148-1,,105,148,jávri,jávri,,,SSSg,,,,,,,1,,
106-148-1,,106,148,jävri,jävri,,,InsSSk,,,,,,,1,,
107-148-1,,107,148,jäuʹrr,jäuʹrr,,,SKosSk,,,,,,,1,,
108-148-1,,108,148,jāvv’r,jāvv’r,j aː vːʲ r,,WOLD,,,,,,jaːvːʲr,1,,
203-148-1,,203,148,järvi,järvi,j æ r ʋ i,,JL,,,,,,jærʋi,1,,
204-148-1,,204,148,järvi,järvi,,,KKSV,,,,,,,1,,
207-148-1,,207,148,ģärv,ģärv,,,VVS,,,,,,,1,,
208-148-1,,208,148,järvi,järvi,j æ r v i,,InkmSk,,,,,järvi,jærvi,1,,
209-148-1,,209,148,järvi,järvi,j æ r v i,,VKJMS,,,,,järvi,jærvi,1,,
210-148-1,,210,148,järv,järv,j æ r v,,SVSk,,,,,,jærv,1,,
211-148-1,,211,148,järv',järv',,,VESr,,,,,,,1,,
212-148-1,,212,148,jɔ̄ra,jɔ̄ra,,,LivWb,,,,,,,1,,
301-148-1,,301,148,eŕke,eŕke,e rʲ k e,,MordWb,,,,,eŕke,erʲke,1,,
401-148-1,,401,148,jer,jer,j e r,,SMSk;TscherWb,,,,,jer,jer,1,,
0-148-1,,0,148,*toɣi̮,*toɣi̮,,,UEW;Sam88,,,,,,,2,,
501-148-1,,501,148,ti̮,ti̮,t ɯ,,SyrjWsch,,,,,ti̮,tɯ,2,,
503-148-1,,503,148,ti̮,ti̮,t ɯ,,KoPRSl,,,,,ti̮,tɯ,2,,
504-148-1,,504,148,ti̮,ti̮,t ɯ,,WotjWsch,,,,,ti̮,tɯ,2,,
601-148-1,,601,148,tó,tó,t oː,,FMSz,,,,,,toː,2,,
901-148-1,,901,148,turku,turku,t u r k u,,SlNgaRus,,,,,turku,turku,2,,
902-148-1,,902,148,to,to,,,JurSWb,,,,,,,2,,
907-148-1,,907,148,tō ~ tū,tō ~ tū,t oː,,SolkWb,,,,,"tō, tū","toː, tuː",2,,
701-148-1,,701,148,tūr,tūr,t uː r,Also proposed: From PUg *ϑarɜ 'lake at high water',WogWb,,,,,tūr,tuːr,3,Separate borrowing into Ob-Ugric?,
807-148-1,,807,148,emtər,emtər,e m t ə r,,DEWbOstj,,,,,emtər,emtər,4,,
0-149-1,,0,149,[Not reconstructable],,,,UEW;Sam88,,,,,,,?,[Not reconstructable],
102-149-1,,102,149,lassta,lassta,,,WbWlap,,,,,,,1,Cf. PIE *bʰleh-to- 'leaf',
104-149-1,,104,149,lássta,lássta,,,EZ,,,,,,,1,Cf. PIE *bʰleh-to- 'leaf',
105-149-1,,105,149,lasta,lasta,,,SSSg,,,,,,,1,Cf. PIE *bʰleh-to- 'leaf',
106-149-1,,106,149,losta,losta,,,InsSSk,,,,,,,1,Cf. PIE *bʰleh-to- 'leaf',
107-149-1,,107,149,lõstt,lõstt,,,SKosSk,,,,,,,1,Cf. PIE *bʰleh-to- 'leaf',
108-149-1,,108,149,lēsst,lēsst,l eː sː t,,WOLD,,,,,,leːsːt,1,Cf. PIE *bʰleh-to- 'leaf',
203-149-1,,203,149,lehti,lehti,l e̞ ç t̪ i,,JL,,,,,,le̞çt̪i,1,Cf. PIE *bʰleh-to- 'leaf',
204-149-1,,204,149,lehti,lehti,,,KKSV,,,,,,,1,Cf. PIE *bʰleh-to- 'leaf',
207-149-1,,207,149,lʹeht,lʹeht,,,VVS,,,,,,,1,Cf. PIE *bʰleh-to- 'leaf',
208-149-1,,208,149,lehti,lehti,l e h t i,,InkmSk,,,,,lehti,lehti,1,Cf. PIE *bʰleh-to- 'leaf',
209-149-1,,209,149,lehto,lehto,l e h t o,,VKJMS,,,,,lehto,lehto,1,Cf. PIE *bʰleh-to- 'leaf',
210-149-1,,210,149,leht,leht,l e h t,,SVSk,,,,,,leht,1,Cf. PIE *bʰleh-to- 'leaf',
211-149-1,,211,149,leht',leht',,,VESr,,,,,,,1,Cf. PIE *bʰleh-to- 'leaf',
212-149-1,,212,149,lēʾdʹ,lēʾdʹ,,,LivWb,,,,,,,1,Cf. PIE *bʰleh-to- 'leaf',
401-149-1,,401,149,lə̑štaš,lə̑štaš,l ə ʃ t ɑ ʃ,,SMSk;TscherWb,,,,,lə̑štaš,ləʃtɑʃ,1,Cf. PIE *bʰleh-to- 'leaf',
301-149-1,,301,149,lopa,lopa,l o p ɑ,,MordWb,,,,,lopa,lopɑ,2,,
501-149-1,,501,149,lʹis,lʹis,ʎ i s,,SyrjWsch,,,,,lʹis,ʎis,1,"Cf. Rus ""list""",
501-149-2,,501,149,kor,kor,k o r,,SyrjWsch,,,,,kor,kor,4,,
503-149-1,,503,149,kor,kor,k o r,"Stem ""korj-""",KoPRSl,,,,,kor,kor,4,,
504-149-1,,504,149,ku̯ar,ku̯ar,k u̯ ɑ r,,WotjWsch,,,,,ku̯ar,ku̯ɑr,4,,
601-149-1,,601,149,levél,levél,l ɛ v eː l,,FMSz,,,,,,lɛveːl,5,,
701-149-1,,701,149,lūpta,lūpta,l uː p t ɑ,,WogWb,,,,,lūpta,luːptɑ,5,,
807-149-1,,807,149,ḷi̮wət,ḷi̮wət,ɭ ɯ w ə t,,DEWbOstj,,,,,ḷi̮wət,ɭɯwət,5,,
902-149-1,,902,149,weba,weba,,,JurSWb,,,,,,,6,,
907-149-1,,907,149,ćāpə,ćāpə,tɕ ɑː p ə,,SolkWb,,,,,ćāpə,tɕɑːpə,7,,
101-149-1,,101,149,plaerie,plaerie,,,NSsNdb,,,,,,,1,,
901-149-1,,901,149,horaδiaj,horaδiaj,h o r ɑ ð i ɑ j,,SlNgaRus,,,,,horaδiaj,horɑðiɑj,8,,
901-15-1,,901,15,[Form not found],,,,SlNgaRus,,,,,,,?,[Form not found],
0-15-1,,0,15,*täji,*täji,,PFU: *täji?,UEW;Sam88,,,,,,,1,,
101-15-1,,101,15,dihkie,dihkie,,,NSsNdb,,,,,,,1,Deriv. of PFU *täji,
102-15-1,,102,15,dihkee,dihkee,,,WbWlap,,,,,,,1,Deriv. of PFU *täji,
104-15-1,,104,15,dihke,dihke,,,EZ,,,,,,,1,Deriv. of PFU *täji,
105-15-1,,105,15,dihkki,dihkki,,,SSSg,,,,,,,1,Deriv. of PFU *täji,
106-15-1,,106,15,tikke,tikke,,,InsSSk,,,,,,,1,Deriv. of PFU *täji,
107-15-1,,107,15,teʹǩǩ,teʹǩǩ,,,SKosSk,,,,,,,1,Deriv. of PFU *täji,
108-15-1,,108,15,tɨhk’,tɨhk’,t ɨ h kʲ,,WOLD,,,,,,tɨhkʲ,1,Deriv. of PFU *täji,
203-15-1,,203,15,täi,täi,t̪ æ i,,JL,,,,,,t̪æi,1,,
204-15-1,,204,15,täi,täi,,,KKSV,,,,,,,1,,
207-15-1,,207,15,tʹäi,tʹäi,,,VVS,,,,,,,1,,
208-15-1,,208,15,täi,täi,t æ i,,InkmSk,,,,,täi,tæi,1,,
209-15-1,,209,15,täi,täi,t æ i,,VKJMS,,,,,täi,tæi,1,,
210-15-1,,210,15,täi,täi,t æ i,,SVSk,,,,,,tæi,1,,
211-15-1,,211,15,täi,täi,,,VESr,,,,,,,1,,
212-15-1,,212,15,teì,teì,,,LivWb,,,,,,,1,,
401-15-1,,401,15,tij,tij,t i j,,SMSk;TscherWb,,,,,tij,tij,1,,
501-15-1,,501,15,toj,toj,t o j,,SyrjWsch,,,,,toj,toj,1,,
503-15-1,,503,15,toj,toj,t o j,,KoPRSl,,,,,toj,toj,1,,
504-15-1,,504,15,tej,tej,t e j,,WotjWsch,,,,,tej,tej,1,,
601-15-1,,601,15,tetű,tetű,t ɛ t yː,,FMSz,,,,,,tɛtyː,1,Deriv. of PFU *täji,
701-15-1,,701,15,tākəm,tākəm,t ɑː k ə m,,WogWb,,,,,tākəm,tɑːkəm,1,,
807-15-1,,807,15,töɣtəm,töɣtəm,t ø ɣ t ə m,,DEWbOstj,,,,,töɣtəm,tøɣtəm,1,,
301-15-1,,301,15,elʹi,elʹi,e ʎ i,Meaning not ’louse’?,MordWb,,,,,elʹi,eʎi,2,,
902-15-1,,902,15,pəncyeq°,pəncyeq°,,,JurSWb,,,,,,,3,,
907-15-1,,907,15,unču,unču,u n tʃ u,,SolkWb,,,,,unču,untʃu,4,"From PU *omča 'some insect, beetle'",
0-150-1,,0,150,[Not reconstructable],,,,UEW;Sam88,,,,,,,?,[Not reconstructable],
208-150-1,,208,150,[Form not found],,,,InkmSk,,,,,,,?,[Form not found],
203-150-1,,203,150,maata,maata,m ɑː t̪ ɑ,,JL,,,,,,mɑːt̪ɑ,1,,
207-150-1,,207,150,magata,magata,,,VVS,,,,,,,1,,
212-150-1,,212,150,maʾggə ~ magàtə,maʾggə ~ magàtə,,,LivWb,,,,,,,1,,
204-150-1,,204,150,viruo,viruo,,,KKSV,,,,,,,2,,
209-150-1,,209,150,lamama,lamama,l ɑ m ɑ m ɑ,,VKJMS,,,,,lamama,lɑmɑmɑ,3,,
210-150-1,,210,150,lamada,lamada,l ɑ m ɑ t ɑ,,SVSk,,,,,,lɑmɑtɑ,3,,
211-150-1,,211,150,lammõma,lammõma,,,VESr,,,,,,,3,,
102-150-1,,102,150,veälˈlàhit,veälˈlàhit,,,WbWlap,,,,,,,4,,
104-150-1,,104,150,vällahit,vällahit,,,EZ,,,,,,,4,,
105-150-1,,105,150,vealˈlát,vealˈlát,,,SSSg,,,,,,,4,,
106-150-1,,106,150,veälläđ,veälläđ,,,InsSSk,,,,,,,4,,
107-150-1,,107,150,liâššâd,liâššâd,,,SKosSk,,,,,,,5,,
107-150-2,,107,150,lieʹnˈnjsted,lieʹnˈnjsted,,,SKosSk,,,,,,,6,,
301-150-1,,301,150,madʹeź aštʹems,madʹeź aštʹems,m ɑ dʲ e ʑ ɑ ʃ tʲ e m s,,MordWb,,,,,madʹeź_aštʹems,mɑdʲeʑ ɑʃtʲems,7,,Lit. 'be set down'
401-150-1,,401,150,kijem,kijem,k i j e m,,SMSk;TscherWb,,,,,kijem,kijem,8,,
501-150-1,,501,150,kujli̮ni̮,kujli̮ni̮,k u j l ɯ n ɯ,,SyrjWsch,,,,,kujli̮ni̮,kujlɯnɯ,8,,
503-150-1,,503,150,kujli̮ni̮,kujli̮ni̮,k u j l ɯ n ɯ,,KoPRSl,,,,,kujli̮ni̮,kujlɯnɯ,8,,
504-150-1,,504,150,ki̮lʹlʹi̮ni̮,ki̮lʹlʹi̮ni̮,k ɯ ʎː ɯ n ɯ,,WotjWsch,,,,,ki̮lʹlʹi̮ni̮,kɯʎːɯnɯ,8,,
701-150-1,,701,150,χuji ~ χoji,χuji ~ χoji,x u j i,,WogWb,,,,,"χuji, χoji","xuji, xoji",8,,
601-150-1,,601,150,fekszik,fekszik,f ɛ k s i k,,FMSz,,,,,,fɛksik,9,,
807-150-1,,807,150,ăla-,ăla-,ɑ ̆ l ɑ,,DEWbOstj,,,,,ăla-,ɑ̆lɑ-,10,,
902-150-1,,902,150,yúsyeda°,yúsyeda°,,,JurSWb,,,,,,,11,,
907-150-1,,907,150,ippi-,ippi-,i pː i,,SolkWb,,,,,ippi-,ipːi-,12,,
108-150-1,,108,150,luvve,luvve,l u vː e,,WOLD,,,,,,luvːe,13,,
101-150-1,,101,150,gællasjidh,gællasjidh,,,NSsNdb,,,,,,,14,,
209-150-2,,209,150,ležimä,ležimä,l e ʒ i m æ,,VKJMS,,,,,ležimä,leʒimæ,5,,
901-150-1,,901,150,tońdʹiajčisi̮,tońdʹiajčisi̮,t o ɲ dʲ i ɑ j tʃ i s ɯ,,SlNgaRus,,,,,tońdʹiajčisi̮,toɲdʲiɑjtʃisɯ,15,,
0-151-1,,0,151,*elä-,*elä-,,,UEW;Sam88,,,,,,,1,,
101-151-1,,101,151,jieledh,jieledh,,,NSsNdb,,,,,,,1,,
105-151-1,,105,151,eallit,eallit,,,SSSg,,,,,,,1,,
106-151-1,,106,151,eelliđ,eelliđ,,,InsSSk,,,,,,,1,,
107-151-1,,107,151,jiẹʹlled,jiẹʹlled,,,SKosSk,,,,,,,1,,
108-151-1,,108,151,jēll’e,jēll’e,j eː lːʲ e,,WOLD,,,,,,jeːlːʲe,1,,
203-151-1,,203,151,elää,elää,e̞ l æː,,JL,,,,,,e̞læː,1,,
204-151-1,,204,151,eleä,eleä,,,KKSV,,,,,,,1,,
207-151-1,,207,151,elʹada,elʹada,,,VVS,,,,,,,1,,
208-151-1,,208,151,el̆lǟ,el̆lǟ,e l ̆ l æː,,InkmSk,,,,,el̆lǟ,el̆læː,1,,
209-151-1,,209,151,elämä,elämä,e l æ m æ,,VKJMS,,,,,elämä,elæmæ,1,,
210-151-1,,210,151,elada,elada,e l ɑ t ɑ,,SVSk,,,,,,elɑtɑ,1,,
211-151-1,,211,151,elämä,elämä,,,VESr,,,,,,,1,,
212-151-1,,212,151,jeʾllə,jeʾllə,,,LivWb,,,,,,,1,,
401-151-1,,401,151,ilem,ilem,i l e m,,SMSk;TscherWb,,,,,ilem,ilem,1,,
501-151-1,,501,151,ovni̮,ovni̮,o v n ɯ,,SyrjWsch,,,,,ovni̮,ovnɯ,1,,
503-151-1,,503,151,ovni̮,ovni̮,o v n ɯ,,KoPRSl,,,,,ovni̮,ovnɯ,1,,
504-151-1,,504,151,uli̮ni̮,uli̮ni̮,u l ɯ n ɯ,,WotjWsch,,,,,uli̮ni̮,ulɯnɯ,1,,
601-151-1,,601,151,él,él,eː l,,FMSz,,,,,,eːl,1,,
901-151-1,,901,151,ńili̮dʹi,ńili̮dʹi,ɲ i l ɯ dʲ i,,SlNgaRus,,,,,ńili̮dʹi,ɲilɯdʲi,1,,
902-151-1,,902,151,yilye°,yilye°,,,JurSWb,,,,,,,1,,
907-151-1,,907,151,ilə-,ilə-,i l ə,,SolkWb,,,,,ilə-,ilə-,1,,
101-151-2,,101,151,veasodh,veasodh,,,NSsNdb,,,,,,,2,,
102-151-1,,102,151,viessoot,viessoot,,,WbWlap,,,,,,,2,,
104-151-1,,104,151,viessot,viessot,,,EZ,,,,,,,2,,
701-151-1,,701,151,ōli,ōli,oː l i,"From PFU *woli̮- 'be, become'",WogWb,,,,,ōli,oːli,5,,
807-151-1,,807,151,"wăl-, wăs-",wăl-,w ɑ ̆ l,"From PFU *woli̮- 'be, become'",DEWbOstj,,,,,"wăl-, wăs-",wɑ̆l-,5,,
807-151-2,,807,151,"wăl-, wăs-",wăs-,w ɑ ̆ s,"From PFU *woli̮- 'be, become'",DEWbOstj,,,,,"wăl-, wăs-",wɑ̆s-,5,,
301-151-1,,301,151,eŕams,eŕams,e rʲ ɑ m s,Does not correspond to PU *elä-,MordWb,,,,,eŕams,erʲɑms,6,,
203-152-1,,203,152,moni,moni,m o̞ n i,Latter infl./deriv.,JL,,,,,,mo̞ni,1,,
204-152-1,,204,152,moni,moni,,,KKSV,,,,,,,1,,
208-152-1,,208,152,moni,moni,m o n i,,InkmSk,,,,,moni,moni,1,,
209-152-1,,209,152,me̮ni,me̮ni,m ɤ n i,,VKJMS,,,,,me̮ni,mɤni,1,,
212-152-1,,212,152,mūnda,mūnda,,,LivWb,,,,,,,1,,
203-152-2,,203,152,usea,usea,u s e̞ ɑ,,JL,,,,,,use̞ɑ,2,,
204-152-2,,204,152,usie,usie,,,KKSV,,,,,,,2,,
204-152-3,,204,152,äijä,äijä,,,KKSV,,,,,,,3,,
207-152-1,,207,152,"äi, äjad",äi,,Latter attr.,VVS,,,,,,,3,,
207-152-2,,207,152,"äi, äjad",äjad,,Latter attr.,VVS,,,,,,,3,,
210-152-1,,210,152,mitu,mitu,m i tː u,,SVSk,,,,,,mitːu,4,,
210-152-2,,210,152,paljud,paljud,p ɑ l j u t,,SVSk,,,,,,pɑljut,5,,
211-152-1,,211,152,pall'o,pall'o,,,SI,,,,,,,5,,
104-152-1,,104,152,edna,edna,,,EZ,,,,,,,6,,
105-152-1,,105,152,eatnat,eatnat,,,SSSg,,,,,,,6,,
108-152-1,,108,152,jēnne,jēnne,j eː nː e,,WOLD,,,,,,jeːnːe,6,,
105-152-2,,105,152,máŋga,máŋga,,,SSSg,,,,,,,7,,
106-152-1,,106,152,maŋga,maŋga,,,InsSSk,,,,,,,7,,
107-152-1,,107,152,mäŋgg,mäŋgg,,,SKosSk,,,,,,,7,,
102-152-1,,102,152,mǜhtema,mǜhtema,,,WbWlap,,,,,,,8,,
301-152-1,,301,152,lamo,lamo,l ɑ m o,,MordWb,,,,,lamo,lɑmo,9,,
401-152-1,,401,152,šuko,šuko,ʃ u k o,,SMSk;TscherWb,,,,,šuko,ʃuko,10,,
0-152-1,,0,152,*enä,*enä,,,UEW;Sam88,,,,,,,11,,Possibly used in this meaning in addition to 'big'
501-152-1,,501,152,una,una,u n ɑ,,SyrjWsch,,,,,una,unɑ,11,,
503-152-1,,503,152,una,una,u n ɑ,,KoPRSl,,,,,una,unɑ,11,,
401-152-2,,401,152,jatə̑r,jatə̑r,j ɑ t ə r,,SMSk;TscherWb,,,,,jatə̑r,jɑtər,12,,
601-152-1,,601,152,sok,sok,ʃ o k,,FMSz,,,,,,ʃok,13,,
701-152-1,,701,152,sāw,sāw,s ɑː w,,WogWb,,,,,sāw,sɑːw,13,,
504-152-1,,504,152,tros,tros,t r o s,,WotjWsch,,,,,tros,tros,14,,
807-152-1,,807,152,"är, ärki",är,æ r,,DEWbOstj,,,,,"är, ärki",ær,15,,
807-152-2,,807,152,"är, ärki",ärki,æ r k i,,DEWbOstj,,,,,"är, ärki",ærki,15,,
901-152-1,,901,152,ŋuŋkəgə,ŋuŋkəgə,ŋ u ŋ k ə ɡ ə,,SlNgaRus,,,,,ŋuŋkəgə,ŋuŋkəɡə,16,,
902-152-1,,902,152,ŋoka,ŋoka,,,JurSWb,,,,,,,16,,
907-152-1,,907,152,koććə,koććə,k o tɕː ə,,SolkWb,,,,,koććə,kotɕːə,17,,
101-152-1,,101,152,gellie,gellie,,,NSsNdb,,,,,,,18,,
104-152-2,,104,152,suhtte,suhtte,,,EZ,,,,,,,19,,
0-153-1,,0,153,*kuŋi̮,*kuŋi̮,,,UEW;Sam88,,,,,,,1,,
203-153-1,,203,153,kuu,kuu,k uː,,JL,,,,,,kuː,1,,
204-153-1,,204,153,"kuu, kuutama",kuu,,Latter deriv.,KKSV,,,,,,,1,,
204-153-2,,204,153,"kuu, kuutama",kuutama,,Latter deriv.,KKSV,,,,,,,1,,
207-153-1,,207,153,ku,ku,,,VVS,,,,,,,1,,
208-153-1,,208,153,kū,kū,k uː,,InkmSk,,,,,kū,kuː,1,,
209-153-1,,209,153,kū,kū,k uː,,VKJMS,,,,,kū,kuː,1,,
210-153-1,,210,153,kuu,kuu,k uː,,SVSk,,,,,,kuː,1,,
211-153-1,,211,153,kuu,kuu,,,VESr,,,,,,,1,,
212-153-1,,212,153,kū,kū,,,LivWb,,,,,,,1,,
301-153-1,,301,153,kov,kov,k o v,,MordWb,,,,,kov,kov,1,,
601-153-1,,601,153,hold,hold,h o l d,,FMSz,,,,,,hold,1,,
901-153-1,,901,153,kičəðə̄,kičəðə̄,k i tʃ ə ð əː,Deriv. from PU *kuŋi,SlNgaRus,,,,,kičəδə̄,kitʃəðəː,1,,
102-153-1,,102,153,mànnoo,mànnoo,,,WbWlap,,,,,,,2,,Only 'month'?
104-153-1,,104,153,mánno,mánno,,,EZ,,,,,,,2,,
105-153-1,,105,153,mánnu,mánnu,,,SSSg,,,,,,,2,,
106-153-1,,106,153,"máno, máánu",máno,,,InsSSk,,,,,,,2,,
106-153-2,,106,153,"máno, máánu",máánu,,,InsSSk,,,,,,,2,,
107-153-1,,107,153,mään,mään,,,SKosSk,,,,,,,2,,
108-153-1,,108,153,mānn,mānn,m aː nː,,WOLD,,,,,,maːnː,2,,
401-153-1,,401,153,tə̑lze,tə̑lze,t ə l z e,,SMSk;TscherWb,,,,,tə̑lze,təlze,3,,
501-153-1,,501,153,te̮li̮ś,te̮li̮ś,t ɤ l ɯ ɕ,,SyrjWsch,,,,,te̮li̮ś,tɤlɯɕ,3,,
503-153-1,,503,153,te̮liś,te̮liś,t ɤ l i ɕ,,KoPRSl,,,,,te̮liś,tɤliɕ,3,,
504-153-1,,504,153,toleź,toleź,t o l e ʑ,,WotjWsch,,,,,toleź,toleʑ,3,,
701-153-1,,701,153,ētpos,ētpos,eː t p o s,,WogWb,,,,,ētpos,eːtpos,4,,"Comp; ""ēt"" 'night', ""pos"" 'light'"
807-153-1,,807,153,iki,iki,i k i,,DEWbOstj,,,,,iki,iki,5,,
902-153-1,,902,153,yiryiy° ~ yiri°,yiryiy° ~ yiri°,,,JurSWb,,,,,,,6,,
907-153-1,,907,153,irä,irä,i r æ,,SolkWb,,,,,irä,iræ,6,,
101-153-1,,101,153,aske,aske,,,NSsNdb,,,,,,,7,,
203-154-1,,203,154,äiti,äiti,æ i t̪ i,,JL,,,,,,æit̪i,1,,
0-154-1,,0,154,*emä,*emä,,,UEW;Sam88,,,,,,,2,,
204-154-1,,204,154,emä,emä,,,KKSV,,,,,,,2,,
208-154-1,,208,154,emä,emä,e m æ,,InkmSk,,,,,emä,emæ,2,,
209-154-1,,209,154,emä,emä,e m æ,,VKJMS,,,,,emä,emæ,2,,
210-154-1,,210,154,ema,ema,e m ɑ,,SVSk,,,,,,emɑ,2,,
211-154-1,,211,154,imä,imä,,,VESr,,,,,,,2,,
212-154-1,,212,154,jemà,jemà,,,LivWb,,,,,,,2,,
901-154-1,,901,154,ńemi̮,ńemi̮,ɲ e m ɯ,,SlNgaRus,,,,,ńemi̮,ɲemɯ,2,,"'Mother, female'"
902-154-1,,902,154,nyebya,nyebya,,,JurSWb,,,,,,,2,,
907-154-1,,907,154,e̮mə,e̮mə,ɤ m ə,,SolkWb,,,,,e̮mə,ɤmə,2,,
207-154-1,,207,154,mam,mam,,,VVS,,,,,,,3,,
208-154-2,,208,154,māma,māma,m ɑː m ɑ,,InkmSk,,,,,māma,mɑːmɑ,3,,
209-154-2,,209,154,mām,mām,m ɑː m,,VKJMS,,,,,mām,mɑːm,3,,
101-154-1,,101,154,ietnie,ietnie,,,NSsNdb,,,,,,,4,,
102-154-1,,102,154,eädˈnee,eädˈnee,,,WbWlap,,,,,,,4,,
104-154-1,,104,154,äddne,äddne,,,EZ,,,,,,,4,,
105-154-1,,105,154,eadni,eadni,,,SSSg,,,,,,,4,,
106-154-1,,106,154,enni,enni,,,InsSSk,,,,,,,4,,
107-154-1,,107,154,jeäʹnˈn ~ jieʹnˈn,jeäʹnˈn ~ jieʹnˈn,,,SKosSk,,,,,,,4,,
108-154-1,,108,154,jēnn’,jēnn’,j eː nːʲ,,WOLD,,,,,,jeːnːʲ,4,,
101-154-2,,101,154,tjidtjie,tjidtjie,,,NSsNdb,,,,,,,5,,
102-154-2,,102,154,tjidtjee,tjidtjee,,,WbWlap,,,,,,,5,,
104-154-2,,104,154,tjidtje,tjidtje,,,EZ,,,,,,,5,,
301-154-1,,301,154,ava,ava,ɑ v ɑ,,MordWb,,,,,ava,ɑvɑ,6,,
504-154-1,,504,154,anai,anai,ɑ n ɑ i,,WotjWsch,,,,,anai,ɑnɑi,7,,
601-154-1,,601,154,anya,anya,ɒ ɲ ɒ,,FMSz,,,,,,ɒɲɒ,8,Possibly from PU *ańa 'wife of some older relative',
701-154-1,,701,154,śiś,śiś,ɕ i ɕ,,WogWb,,,,,śiś,ɕiɕ,9,,
701-154-2,,701,154,āŋkw,āŋkw,ɑː ŋ kʷ,,WogWb,,,,,āŋk˳,ɑːŋkʷ,10,Probably not connected to PU *ańa 'wife of some older relative',
807-154-1,,807,154,ǝŋki,ǝŋki,ə ŋ k i,,DEWbOstj,,,,,əŋki,əŋki,10,Probably not connected to PU *ańa 'wife of some older relative',
807-154-2,,807,154,əs,əs,ə s,,DEWbOstj,,,,,əs,əs,11,,
501-154-1,,501,154,mam,mam,m ɑ m,,SyrjWsch,,,,,mam,mɑm,3,,
503-154-1,,503,154,mam,mam,m ɑ m,,KoPRSl,,,,,mam,mɑm,3,,
504-154-2,,504,154,mumi̮,mumi̮,m u m ɯ,,WotjWsch,,,,,mumi̮,mumɯ,3,,
401-154-1,,401,154,aβa,aβa,ɑ β ɑ,,SMSk;TscherWb,,,,,aβa,ɑβɑ,6,,
0-155-1,,0,155,*wärä,*wärä,,Representation in Sd uncertain,UEW;Sam88,,,,,,,1,,
203-155-1,,203,155,vuori,vuori,ʋ u o̞ r i,,JL,,,,,,ʋuo̞ri,1,,
204-155-1,,204,155,vuori,vuori,,,KKSV,,,,,,,1,,
207-155-1,,207,155,mägi,mägi,,,VVS,,,,,,,2,,
208-155-1,,208,155,mäki,mäki,m æ k i,,InkmSk,,,,,mäki,mæki,2,,
209-155-1,,209,155,mätši,mätši,m æ tʃ i,,VKJMS,,,,,mäči,mætʃi,2,,
210-155-1,,210,155,mägi,mägi,m æ k i,,SVSk,,,,,,mæki,2,,
211-155-1,,211,155,mägi,mägi,,,VESr,,,,,,,2,,
212-155-1,,212,155,mäʾg,mäʾg,,,LivWb,,,,,,,2,,
101-155-1,,101,155,vaerie,vaerie,,,NSsNdb,,,,,,,3,,
102-155-1,,102,155,vàrree,vàrree,,,WbWlap,,,,,,,3,,
104-155-1,,104,155,várre,várre,,,EZ,,,,,,,3,,
105-155-1,,105,155,várri,várri,,,SSSg,,,,,,,3,,
106-155-1,,106,155,vääri,vääri,,,InsSSk,,,,,,,3,,
107-155-1,,107,155,vääʹrr,vääʹrr,,,SKosSk,,,,,,,3,,
301-155-1,,301,155,pando,pando,p ɑ n d o,,MordWb,,,,,pando,pɑndo,4,,
401-155-1,,401,155,kurə̑k,kurə̑k,k u r ə k,,SMSk;TscherWb,,,,,kurə̑k,kurək,5,,
501-155-1,,501,155,ćoj,ćoj,tɕ o j,,SyrjWsch,,,,,ćoj,tɕoj,6,,
503-155-1,,503,155,kere̮s,kere̮s,k e r ɤ s,,KoPRSl,,,,,kere̮s,kerɤs,7,,
504-155-1,,504,155,gureź,gureź,ɡ u r e ʑ,,WotjWsch,,,,,gureź,ɡureʑ,7,,
601-155-1,,601,155,hegy,hegy,h ɛ ɟ,,FMSz,,,,,,hɛɟ,8,Possibly has cognates in FS or alternatively in Sd,
701-155-1,,701,155,ur,ur,u r,,WogWb,,,,,ur,ur,9,"From PUg *arV 'edge, direction'",
701-155-2,,701,155,ńōr,ńōr,ɲ oː r,,WogWb,,,,,ńōr,ɲoːr,10,,
807-155-1,,807,155,pelɜ ~ pelä,pelɜ ~ pelä,p e l ə,,DEWbOstj,,,,,"pelə, pelä","pelə, pelæ",11,,
907-155-1,,907,155,qē̮,qē̮,q ɤː,,SolkWb,,,,,qē̮,qɤː,12,"Connection with Hu ""hegy"" suggested but unclear",
108-155-1,,108,155,pāhk’,pāhk’,p aː h kʲ,,WOLD,,,,,,paːhkʲ,13,,
807-155-2,,807,155,jŏɣ,jŏɣ,j o ̆ ɣ,,DEWbOstj,,,,,jŏɣ,jŏɣ,14,,
902-155-1,,902,155,xoy°,xoy°,,,JurSWb,,,,,,,15,,"'Mountain, ridge, highlands'"
101-155-2,,101,155,bïerje,bïerje,,,NSsNdb,,,,,,,16,,
901-155-1,,901,155,bəru,bəru,b ə r u,,SlNgaRus,,,,,bəru,bəru,17,,"'Mountain, rock'"
0-156-1,,0,156,[Not reconstructable],,,,UEW;Sam88,,,,,,,?,[Not reconstructable],
203-156-1,,203,156,kapea,kapea,k ɑ p e̞ ɑ,,JL,,,,,,kɑpe̞ɑ,1,,
204-156-1,,204,156,kaita,kaita,,,KKSV,,,,,,,2,,
207-156-1,,207,156,kaid,kaid,,,VVS,,,,,,,2,,
208-156-1,,208,156,kaiᴅa,kaiᴅa,k ɑ i d̥ ɑ,,InkmSk,,,,,kaiᴅa,kɑid̥ɑ,2,,
210-156-1,,210,156,kitsas,kitsas,k i t s ɑ s,,SVSk,,,,,,kitsɑs,3,,
211-156-1,,211,156,kitsas,kitsas,,,VESr,,,,,,,3,,
209-156-1,,209,156,ahaᴢ,ahaᴢ,ɑ h ɑ z̥,,VKJMS,,,,,ahaᴢ,ɑhɑz̥,4,,
211-156-2,,211,156,"ahtagõnõ, ahas",ahtagõnõ,,,VESr,,,,,,,4,,
211-156-3,,211,156,"ahtagõnõ, ahas",ahas,,,VESr,,,,,,,4,,
212-156-1,,212,156,ɔ̄ʾdəz,ɔ̄ʾdəz,,,LivWb,,,,,,,4,,
102-156-1,,102,156,gàrtjee,gàrtjee,,,WbWlap,,,,,,,5,,
101-156-1,,101,156,giedtsies,giedtsies,,,NSsNdb,,,,,,,6,,
102-156-2,,102,156,gä̀dtsee,gä̀dtsee,,,WbWlap,,,,,,,6,,
104-156-1,,104,156,gähttse,gähttse,,,EZ,,,,,,,6,,
106-156-1,,106,156,kezzi,kezzi,,,InsSSk,,,,,,,6,,
108-156-1,,108,156,kien’ces’,kien’ces’,k i e nʲ c e sʲ,,WOLD,,,,,,kienʲcesʲ,6,,
107-156-1,,107,156,korččai,korččai,,,SKosSk,,,,,,,7,,
105-156-1,,105,156,seaggi,seaggi,,,SSSg,,,,,,,8,,
107-156-2,,107,156,seäʹǧˈǧ,seäʹǧˈǧ,,,SKosSk,,,,,,,8,,
301-156-1,,301,156,tʹejińe,tʹejińe,tʲ e j i ɲ e,,MordWb,,,,,tʹejińe,tʲejiɲe,9,"Possibly cognate with Nen ""tiya"", but too widely separated to disregard change correspondence",
401-156-1,,401,156,aŋə̑sə̑r,aŋə̑sə̑r,ɑ ŋ ə s ə r,,SMSk;TscherWb,,,,,aŋə̑sə̑r,ɑŋəsər,10,,
501-156-1,,501,156,vekńi,vekńi,v e k ɲ i,,SyrjWsch,,,,,vekńi,vekɲi,11,Deriv. from PFU *wekkV 'thin',
501-156-2,,501,156,otte̮m,otte̮m,o tː ɤ m,,SyrjWsch,,,,,otte̮m,otːɤm,12,,
601-156-1,,601,156,keskeny,keskeny,k ɛ ʃ k ɛ ɲ,,FMSz,,,,,,kɛʃkɛɲ,13,,
601-156-2,,601,156,szűk,szűk,s yː k,,FMSz,,,,,,syːk,14,,
701-156-1,,701,156,ośśa,ośśa,o ɕː ɑ,,WogWb,,,,,ośśa,oɕːɑ,15,,
807-156-1,,807,156,wäńtʹ,wäńtʹ,w æ ɲ tʲ,,DEWbOstj,,,,,wäńtʹ,wæɲtʲ,16,,
902-156-1,,902,156,tiya,tiya,,,JurSWb,,,,,,,17,"Possibly cognate with Mord ""tʹejińe"", but too widely separated to disregard change correspondence",
907-156-1,,907,156,ćuə̑sə,ćuə̑sə,tɕ u ə s ə,,SolkWb,,,,,ćuə̑sə,tɕuəsə,18,,
105-156-2,,105,156,baski,baski,,,SSSg,,,,,,,19,,
504-156-1,,504,156,śubeg,śubeg,ɕ u b e ɡ,,WotjWsch,,,,,śubeg,ɕubeɡ,20,,
503-156-1,,503,156,ʒ́eski̮t,ʒ́eski̮t,dʑ e s k ɯ t,,KoPRSl,,,,,ʒ́eski̮t,dʑeskɯt,21,,
901-156-1,,901,156,ńeu,ńeu,ɲ e u,,SlNgaRus,,,,,ńeu,ɲeu,22,,"'Narrow, thin'"
901-156-2,,901,156,śiküə,śiküə,ɕ i k y ə,,SlNgaRus,,,,,śiküə,ɕikyə,23,,
0-157-1,,0,157,[Not reconstructable],,,,UEW;Sam88,,,,,,,?,[Not reconstructable],
203-157-1,,203,157,lähellä,lähellä,l æ ɦ e̞ lː æ,,JL,,,,,,læɦe̞lːæ,1,,
204-157-1,,204,157,lähellä,lähellä,,,KKSV,,,,,,,1,,
207-157-1,,207,157,lähen,lähen,,,VVS,,,,,,,1,,
210-157-1,,210,157,lähedal,lähedal,l æ h e t ɑ l,,SVSk,,,,,,læhetɑl,1,,
211-157-1,,211,157,lähiksel,lähiksel,,,VESr,,,,,,,1,,
212-157-1,,212,157,leʾižgəl,leʾižgəl,,,LivWb,,,,,,,1,,
401-157-1,,401,157,"lišne, lišə̑l",lišne,l i ʃ n e,Derivs.; latter attr.,SMSk;TscherWb,,,,,"lišne, lišə̑l",liʃne,1,,
401-157-2,,401,157,"lišne, lišə̑l",lišə̑l,l i ʃ ə l,Derivs.; latter attr.,SMSk;TscherWb,,,,,"lišne, lišə̑l",liʃəl,1,,
102-157-1,,102,157,lahka,lahka,,,WbWlap,,,,,,,2,,
104-157-1,,104,157,"lahka, lehkusin",lahka,,,EZ,,,,,,,2,,
104-157-2,,104,157,"lahka, lehkusin",lehkusin,,,EZ,,,,,,,2,,
105-157-1,,105,157,lahka,lahka,,,SSSg,,,,,,,2,,
208-157-1,,208,157,liɢi,liɢi,l i ɡ̥ i,,InkmSk,,,,,liɢi,liɡ̥i,2,,
209-157-1,,209,157,litši,litši,l i tʃ i,,VKJMS,,,,,liči,litʃi,2,,
210-157-2,,210,157,"ligi, ligidal",ligi,l i k i l i k i t ɑ l,,SVSk,,,,,,"liki, likitɑl",2,,
210-157-3,,210,157,"ligi, ligidal",ligidal,l i k i l i k i t ɑ l,,SVSk,,,,,,"liki, likitɑl",2,,
107-157-1,,107,157,luʹnn,luʹnn,,,SKosSk,,,,,,,3,,
106-157-1,,106,157,alda,alda,,,InsSSk,,,,,,,4,,
107-157-2,,107,157,ââld(a) ~ âʹldd,ââld ~ âʹldd,,,SKosSk,,,,,,,4,,
108-157-1,,108,157,all’t,all’t,a lːʲ t,,WOLD,,,,,,alːʲt,4,,
301-157-1,,301,157,malaso,malaso,m ɑ l ɑ s o,,MordWb,,,,,malaso,mɑlɑso,5,"From PFV *mala 'edge, rim' ?",
501-157-1,,501,157,mati̮n,mati̮n,m ɑ t ɯ n,,SyrjWsch,,,,,mati̮n,mɑtɯn,6,"From PFP *mättV 'house, tent' ?",
503-157-1,,503,157,mati̮n,mati̮n,m ɑ t ɯ n,,KoPRSl,,,,,mati̮n,mɑtɯn,6,"From PFP *mättV 'house, tent' ?",
504-157-1,,504,157,mati̮n,mati̮n,m ɑ t ɯ n,,WotjWsch,,,,,mati̮n,mɑtɯn,6,"From PFP *mättV 'house, tent' ?",
601-157-1,,601,157,közel,közel,k ø z ɛ l,,FMSz,,,,,,køzɛl,7,,
701-157-1,,701,157,wātʹi,wātʹi,w ɑː tʲ i,,WogWb,,,,,wātʹi,wɑːtʲi,8,,
701-157-2,,701,157,lʹapat,lʹapat,ʎ ɑ p ɑ t,,WogWb,,,,,lʹapat,ʎɑpɑt,9,,
807-157-1,,807,157,"wäṇ, wäṇəki",wäṇ,w æ ɳ,"Former as attribute, latter as freestanding word",DEWbOstj,,,,,"wäṇ, wäṇəki",wæɳ,10,,
807-157-2,,807,157,"wäṇ, wäṇəki",wäṇəki,w æ ɳ ə k i,"Former as attribute, latter as freestanding word",DEWbOstj,,,,,"wäṇ, wäṇəki",wæɳəki,10,,
902-157-1,,902,157,xax°yə°,xax°yə°,,,JurSWb,,,,,,,11,,'Be near (v.)'
907-157-1,,907,157,čačä,čačä,tʃ ɑ tʃ æ,,SolkWb,,,,,čačä,tʃɑtʃæ,12,,
209-157-2,,209,157,jūre̮ᴢ,jūre̮ᴢ,j uː r ɤ z̥,,VKJMS,,,,,jūre̮ᴢ,juːrɤz̥,13,,
209-157-3,,209,157,tüven̄,tüven̄,t y v e nː,,VKJMS,,,,,tüven̄,tyvenː,14,,
101-157-1,,101,157,gïetskese,gïetskese,,,NSsNdb,,,,,,,15,,
901-157-1,,901,157,kadʹa,kadʹa,k ɑ dʲ ɑ,,SlNgaRus,,,,,kadʹa,kɑdʲɑ,16,,"'Beside, close to, near'"
901-157-2,,901,157,nogaˀlʹukü,nogaˀlʹukü,n o ɡ ɑ ʔ ʎ u k y,,SlNgaRus,,,,,nogaˀlʹukü,noɡɑʔʎuky,17,,
0-158-1,,0,158,[Not reconstructable],,,PFU: *mu-,UEW;Sam88,,,,,,,?,[Not reconstructable],
203-158-1,,203,158,toinen,toinen,t̪ o̞ i n e̞ n,,JL,,,,,,t̪o̞ine̞n,1,,
204-158-1,,204,158,toine,toine,,,KKSV,,,,,,,1,,
207-158-1,,207,158,toińe,toińe,,,VVS,,,,,,,1,,
208-158-1,,208,158,toin,toin,t o i n,,InkmSk,,,,,toin,toin,1,,
209-158-1,,209,158,te̮in,te̮in,t ɤ i n,,VKJMS,,,,,te̮in,tɤin,1,,
210-158-1,,210,158,teine,teine,t e i n e,,SVSk,,,,,,teine,1,,
211-158-1,,211,158,tõõnõ ~ tõnõ,tõõnõ ~ tõnõ,,,VESr,,,,,,,1,,
212-158-1,,212,158,tu̯oì,tu̯oì,,,LivWb,,,,,,,1,,
101-158-1,,101,158,mubpie,mubpie,,,NSsNdb,,,,,,,2,,
102-158-1,,102,158,mübˈbee,mübˈbee,,Attr.,WbWlap,,,,,,,2,,
104-158-1,,104,158,nubbe,nubbe,,,EZ,,,,,,,2,,
105-158-1,,105,158,nubbi,nubbi,,,SSSg,,,,,,,2,m- > n- through dissimilation with earier following -mp-,
106-158-1,,106,158,nubbe,nubbe,,,InsSSk,,,,,,,2,m- > n- through dissimilation with earier following -mp-,
107-158-1,,107,158,nuʹbb,nuʹbb,,,SKosSk,,,,,,,2,m- > n- through dissimilation with earier following -mp-,
203-158-2,,203,158,muu,muu,m uː,,JL,,,,,,muː,2,,
204-158-2,,204,158,muu,muu,,,KKSV,,,,,,,2,,
209-158-2,,209,158,mū,mū,m uː,,VKJMS,,,,,mū,muː,2,,
210-158-2,,210,158,muu,muu,m uː,,SVSk,,,,,,muː,2,,
212-158-2,,212,158,mū,mū,,,LivWb,,,,,,,2,,
401-158-1,,401,158,molo,molo,m o l o,,SMSk;TscherWb,,,,,molo,molo,2,,
501-158-1,,501,158,"me̮d, muke̮d",me̮d,m ɤ d,,SyrjWsch,,,,,"me̮d, muke̮d",mɤd,2,,
501-158-2,,501,158,"me̮d, muke̮d",muke̮d,m u k ɤ d,,SyrjWsch,,,,,"me̮d, muke̮d",mukɤd,2,,
503-158-1,,503,158,"me̮d, me̮dik",me̮d,m ɤ d,,KoPRSl,,,,,"me̮d, me̮dik",mɤd,2,,
503-158-2,,503,158,"me̮d, me̮dik",me̮dik,m ɤ d i k,,KoPRSl,,,,,"me̮d, me̮dik",mɤdik,2,,
504-158-1,,504,158,muket,muket,m u k e t,,WotjWsch,,,,,muket,muket,2,,
601-158-1,,601,158,"más, másik",más,m aː ʃ m aː ʃ i k,,FMSz,,,,,,"maːʃ, maːʃik",2,,
601-158-2,,601,158,"más, másik",másik,m aː ʃ m aː ʃ i k,,FMSz,,,,,,"maːʃ, maːʃik",2,,
701-158-1,,701,158,mōt,mōt,m oː t,,WogWb,,,,,mōt,moːt,2,,
101-158-2,,101,158,jeatjebe,jeatjebe,,,NSsNdb,,,,,,,3,,
102-158-2,,102,158,jietjaa,jietjaa,,Not as attr.,WbWlap,,,,,,,3,,
104-158-2,,104,158,ehtja,ehtja,,,EZ,,,,,,,3,,
105-158-2,,105,158,iežá,iežá,,,SSSg,,,,,,,3,,
105-158-3,,105,158,eará,eará,,,SSSg,,,,,,,4,,
106-158-2,,106,158,eres,eres,,,InsSSk,,,,,,,4,,
107-158-2,,107,158,jeeʹres,jeeʹres,,,SKosSk,,,,,,,4,,
301-158-1,,301,158,ombo,ombo,o m b o,,MordWb,,,,,ombo,ombo,5,,
907-158-1,,907,158,āmə,āmə,ɑː m ə,,SolkWb,,,,,āmə,ɑːmə,5,,
401-158-2,,401,158,βes(e),βes,β e s,,SMSk;TscherWb,,,,,"βes, βese",βes,6,,
601-158-3,,601,158,többi,többi,t ø bː i,,FMSz,,,,,,tøbːi,7,,
807-158-1,,807,158,pä,pä,p æ,,DEWbOstj,,,,,pä,pæ,8,,
902-158-1,,902,158,ŋanyi,ŋanyi,,,JurSWb,,,,,,,9,,
901-158-1,,901,158,ŋamiaj,ŋamiaj,ŋ ɑ m i ɑ j,,SlNgaRus,,,,,ŋamiaj,ŋɑmiɑj,10,,
902-158-2,,902,158,nyabyi,nyabyi,,,JurSWb,,,,,,,10,,
901-158-2,,901,158,hunsə̄,hunsə̄,h u n s əː,,SlNgaRus,,,,,hunsə̄,hunsəː,11,,
301-158-2,,301,158,lʹija,lʹija,ʎ i j ɑ,,MordWb,,,,,lʹija,ʎijɑ,12,,
807-158-2,,807,158,perǝɣ,perǝɣ,p e r ə ɣ,,DEWbOstj,,,,,perəɣ,perəɣ,13,,
108-158-1,,108,158,mudta,mudta,m u dː a,,WOLD,,,,,,mudːa,2,Cf. Finnish “muutoin” 'otherwise',
0-159-1,,0,159,[Not reconstructable],,,,UEW;Sam88,,,,,,,?,[Not reconstructable],
203-159-1,,203,159,leikkiä,leikkiä,l e̞ j kː i æ,,JL,,,,,,le̞jkːiæ,1,"Cf. late OSw, cf. Sw ""leka"" 'play'",
101-159-1,,101,159,spealadidh,spealadidh,,,NSsNdb,,,,,,,2,,
104-159-1,,104,159,spiellat ~ spellat,spiellat ~ spellat,,,EZ,,,,,,,2,,
105-159-1,,105,159,speallat,speallat,,,SSSg,,,,,,,2,,
106-159-1,,106,159,spelliđ,spelliđ,,,InsSSk,,,,,,,2,,
204-159-1,,204,159,kisata,kisata,,,KKSV,,,,,,,3,,
207-159-1,,207,159,väta,väta,,,VVS,,,,,,,4,,
209-159-1,,209,159,mäntšümä,mäntšümä,m æ n tʃ y m æ,,VKJMS,,,,,mänčümä,mæntʃymæ,5,,
210-159-1,,210,159,mängida,mängida,m æ n k i t ɑ,,SVSk,,,,,,mænkitɑ,5,,
211-159-1,,211,159,mäng'mä,mäng'mä,,,VESr,,,,,,,5,,
212-159-1,,212,159,mäŋgə,mäŋgə,,,LivWb,,,,,,,5,,
301-159-1,,301,159,nalkśems,nalkśems,n ɑ l k ɕ e m s,,MordWb,,,,,nalkśems,nɑlkɕems,6,,
101-159-2,,101,159,stååkedidh,stååkedidh,,,NSsNdb,,,,,,,7,,
102-159-1,,102,159,stååhkat,stååhkat,,,WbWlap,,,,,,,7,,
104-159-2,,104,159,ståhkåt,ståhkåt,,,EZ,,,,,,,7,,
105-159-2,,105,159,stoahkat,stoahkat,,,SSSg,,,,,,,7,,
106-159-2,,106,159,stookkađ,stookkađ,,,InsSSk,,,,,,,7,,
107-159-1,,107,159,siõrrâd,siõrrâd,,,SKosSk,,,,,,,8,,
108-159-1,,108,159,sīrre,sīrre,s iː rː e,,WOLD,,,,,,siːrːe,8,,
401-159-1,,401,159,moδam,moδam,m o ð ɑ m,,SMSk;TscherWb,,,,,moδam,moðɑm,10,,
501-159-1,,501,159,vorsni̮,vorsni̮,v o r s n ɯ,,SyrjWsch,,,,,vorsni̮,vorsnɯ,11,,
503-159-1,,503,159,orsni̮,orsni̮,o r s n ɯ,,KoPRSl,,,,,orsni̮,orsnɯ,11,,
504-159-1,,504,159,šudi̮ni̮,šudi̮ni̮,ʃ u d ɯ n ɯ,,WotjWsch,,,,,šudi̮ni̮,ʃudɯnɯ,12,,
601-159-1,,601,159,játszik,játszik,j aː t͡sː i k,,FMSz,,,,,,jaːt͡sːik,13,"Possibly from PFU *jukta- 'speak, tell'",
701-159-1,,701,159,jonɣi,jonɣi,j o n ɣ i,,WogWb,,,,,jonɣi,jonɣi,14,,
807-159-1,,807,159,jăŋ(k)ka-,jăŋka-,j ɑ ̆ ŋ k k ɑ,,DEWbOstj,,,,,"jăŋ, jăŋkka-",jɑ̆ŋkkɑ-,14,,
901-159-1,,901,159,sanirśa,sanirśa,s ɑ n i r ɕ ɑ,"Deriv. from ""sani"" 'toy'",SlNgaRus,,,,,sanirśa,sɑnirɕɑ,15,,
902-159-1,,902,159,syanako°,syanako°,,,JurSWb,,,,,,,15,,
907-159-1,,907,159,sāntər- ~ sānčər-,sāntər- ~ sānčər-,s ɑː n t ə r,,SolkWb,,,,,"sāntər-, sānčər-","sɑːntər-, sɑːntʃər-",15,,
208-159-1,,208,159,tiukkā,tiukkā,t i u kː ɑː,,InkmSk,,,,,tiukkā,tiukːɑː,16,,
203-159-2,,203,159,pelata,pelata,p e l ɑ t̪ ɑ,,JL,,,,,,pelɑt̪ɑ,2,,
208-159-2,,208,159,pelaᴅa,pelaᴅa,p e l ɑ d̥ ɑ,,InkmSk,,,,,pelaᴅa,pelɑd̥ɑ,2,,
209-159-2,,209,159,peлama,peлama,p e l ɑ m ɑ,,VKJMS,,,,,pelama,pelɑmɑ,2,,
204-159-2,,204,159,leikitä,leikitä,,,KKSV,,,,,,,1,"Cf. Finnish ""leikkiä"" (< ""leikitä"")",
106-159-3,,106,159,le'ihasiđ,le'ihasiđ,,,InsSSk,,,,,,,1,,
0-16-1,,0,16,*nimi,*nimi,,,UEW;Sam88,,,,,,,1,,
101-16-1,,101,16,nomme,nomme,,,NSsNdb,,,,,,,1,,
102-16-1,,102,16,namma,namma,,,WbWlap,,,,,,,1,,
104-16-1,,104,16,namma,namma,,,EZ,,,,,,,1,,
105-16-1,,105,16,namma,namma,,,SSSg,,,,,,,1,,
106-16-1,,106,16,nomma,nomma,,,InsSSk,,,,,,,1,,
107-16-1,,107,16,nõmm,nõmm,,,SKosSk,,,,,,,1,,
108-16-1,,108,16,nēmm,nēmm,n eː mː,,WOLD,,,,,,neːmː,1,,
203-16-1,,203,16,nimi,nimi,n i m i,,JL,,,,,,nimi,1,,
204-16-1,,204,16,nimi,nimi,,,KKSV,,,,,,,1,,
207-16-1,,207,16,nimi,nimi,,,VVS,,,,,,,1,,
208-16-1,,208,16,nimi ~ imi,nimi ~ imi,n i m i,,InkmSk,,,,,"nimi, imi","nimi, imi",1,,
209-16-1,,209,16,nimi,nimi,n i m i,,VKJMS,,,,,nimi,nimi,1,,
210-16-1,,210,16,nimi,nimi,n i m i,,SVSk,,,,,,nimi,1,,
211-16-1,,211,16,nimi,nimi,,,VESr,,,,,,,1,,
212-16-1,,212,16,niʾm,niʾm,,,LivWb,,,,,,,1,,
301-16-1,,301,16,lʹem,lʹem,ʎ e m,,MordWb,,,,,lʹem,ʎem,1,Sporadic dissimilation n-m > l-m,
401-16-1,,401,16,lüm,lüm,l y m,,SMSk;TscherWb,,,,,lüm,lym,1,Sporadic dissimilation n-m > l-m,
501-16-1,,501,16,ńim,ńim,ɲ i m,,SyrjWsch,,,,,ńim,ɲim,1,,
503-16-1,,503,16,ńim,ńim,ɲ i m,,KoPRSl,,,,,ńim,ɲim,1,,
504-16-1,,504,16,ńim,ńim,ɲ i m,,WotjWsch,,,,,ńim,ɲim,1,,
601-16-1,,601,16,név,név,n eː v,,FMSz,,,,,,neːv,1,,
701-16-1,,701,16,nam,nam,n ɑ m,,WogWb,,,,,nam,nɑm,1,,
807-16-1,,807,16,nem,nem,n e m,,DEWbOstj,,,,,nem,nem,1,,
901-16-1,,901,16,ńim,ńim,ɲ i m,,SlNgaRus,,,,,ńim,ɲim,1,,
902-16-1,,902,16,nyum,nyum,,,JurSWb,,,,,,,1,,
907-16-1,,907,16,nim ~ ńim,nim ~ ńim,n i m,,SolkWb,,,,,"nim, ńim","nim, ɲim",1,,
0-160-1,,0,160,[Not reconstructable],,,,UEW;Sam88,,,,,,,?,[Not reconstructable],
203-160-1,,203,160,vetää,vetää,ʋ e̞ t̪ æː,,JL,,,,,,ʋe̞t̪æː,1,,
204-160-1,,204,160,veteä,veteä,,,KKSV,,,,,,,1,,
207-160-1,,207,160,vedada,vedada,,,VVS,,,,,,,1,,
208-160-1,,208,160,vet̆tǟ,vet̆tǟ,v e t ̆ t æː,,InkmSk,,,,,vet̆tǟ,vet̆tæː,1,,
209-160-1,,209,160,vetämä,vetämä,v e t æ m æ,,VKJMS,,,,,vetämä,vetæmæ,1,,
210-160-1,,210,160,vedada,vedada,v e t ɑ t ɑ,,SVSk,,,,,,vetɑtɑ,1,,
212-160-1,,212,160,vi̯eʾddə,vi̯eʾddə,,,LivWb,,,,,,,1,,
208-160-2,,208,160,temmaᴅa,temmaᴅa,t e mː ɑ d̥ ɑ,,InkmSk,,,,,temmaᴅa,temːɑd̥ɑ,2,,
209-160-2,,209,160,te̮mpama,te̮mpama,t ɤ m p ɑ m ɑ,,VKJMS,,,,,te̮mpama,tɤmpɑmɑ,2,,
210-160-2,,210,160,tõmmata,tõmmata,t ɤ mː ɑ tː ɑ,,SVSk,,,,,,tɤmːɑtːɑ,2,,
211-160-1,,211,160,tõmbama,tõmbama,,,VESr,,,,,,,2,,
101-160-1,,101,160,giesedh,giesedh,,,NSsNdb,,,,,,,3,,
102-160-1,,102,160,giesseet,giesseet,,,WbWlap,,,,,,,3,,
104-160-1,,104,160,giessit ~ giesset,giessit ~ giesset,,,EZ,,,,,,,3,,
105-160-1,,105,160,geassit,geassit,,,SSSg,,,,,,,3,,
106-160-1,,106,160,keessiđ,keessiđ,,,InsSSk,,,,,,,3,,
107-160-1,,107,160,ǩiẹʹssed,ǩiẹʹssed,,,SKosSk,,,,,,,3,,
108-160-1,,108,160,kiess’e,kiess’e,k i e sːʲ e,,WOLD,,,,,,kiesːʲe,3,,
301-160-1,,301,160,uskoms,uskoms,u s k o m s,,MordWb,,,,,uskoms,uskoms,5,,
401-160-1,,401,160,šupšam,šupšam,ʃ u p ʃ ɑ m,,SMSk;TscherWb,,,,,šupšam,ʃupʃɑm,6,,
501-160-1,,501,160,ki̮ski̮ni̮,ki̮ski̮ni̮,k ɯ s k ɯ n ɯ,,SyrjWsch,,,,,ki̮ski̮ni̮,kɯskɯnɯ,7,,
503-160-1,,503,160,ki̮ski̮ni̮,ki̮ski̮ni̮,k ɯ s k ɯ n ɯ,,KoPRSl,,,,,ki̮ski̮ni̮,kɯskɯnɯ,7,,
504-160-1,,504,160,ki̮ski̮ni̮,ki̮ski̮ni̮,k ɯ s k ɯ n ɯ,,WotjWsch,,,,,ki̮ski̮ni̮,kɯskɯnɯ,7,,
601-160-1,,601,160,húz,húz,h uː z,,FMSz,,,,,,huːz,8,,
601-160-2,,601,160,von,von,v o n,,FMSz,,,,,,von,9,,
701-160-1,,701,160,χarti,χarti,x ɑ r t i,,WogWb,,,,,χarti,xɑrti,10,,
807-160-1,,807,160,"täl-, tälil-",täl-,t æ l,,DEWbOstj,,,,,"täl-, tälil-",tæl-,11,,
807-160-2,,807,160,"täl-, tälil-",tälil-,t æ l i l,,DEWbOstj,,,,,"täl-, tälil-",tælil-,11,,
907-160-1,,907,160,ǖ-,ǖ-,yː,,SolkWb,,,,,ǖ-,yː-,12,,
902-160-1,,902,160,nekəlcy°,nekəlcy°,,,JurSWb,,,,,,,13,,
101-160-2,,101,160,sigkedh,sigkedh,,,NSsNdb,,,,,,,14,,
208-160-3,,208,160,tassia,tassia,t ɑ sː i ɑ,,InkmSk,,,,,tassia,tɑsːiɑ,15,,
901-160-1,,901,160,"ńagəbti̮si̮, ńagiˀtəsi̮",ńagəbti̮si̮,ɲ ɑ ɡ ə b t ɯ s ɯ,,SlNgaRus,,,,,"ńagəbti̮si̮, ńagiˀtəsi̮",ɲɑɡəbtɯsɯ,16,,
901-160-2,,901,160,"ńagəbti̮si̮, ńagiˀtəsi̮",ńagiˀtəsi̮,ɲ ɑ ɡ i ʔ t ə s ɯ,,SlNgaRus,,,,,"ńagəbti̮si̮, ńagiˀtəsi̮",ɲɑɡiʔtəsɯ,16,,
0-161-1,,0,161,[Not reconstructable],,,"PFU: *tekV-, *lükkä-",UEW;Sam88,,,,,,,?,[Not reconstructable],
104-161-1,,104,161,[Form not found],,,,EZ,,,,,,,?,[Form not found],
203-161-1,,203,161,työntää,työntää,t̪ y ø̞ n̪ t̪ æː,,JL,,,,,,t̪yø̞n̪t̪æː,1,,
204-161-1,,204,161,työnteä,työnteä,,,KKSV,,,,,,,1,,
501-161-1,,501,161,tojni̮,tojni̮,t o j n ɯ,,SyrjWsch,,,,,tojni̮,tojnɯ,1,,
503-161-1,,503,161,tojlavni̮,tojlavni̮,t o j l ɑ v n ɯ,,KoPRSl,,,,,tojlavni̮,tojlɑvnɯ,1,,
204-161-2,,204,161,tunkie,tunkie,,,KKSV,,,,,,,2,,
207-161-1,,207,161,rekta,rekta,,,NRVS,,,,,,,3,,
208-161-1,,208,161,lüɢäᴅä,lüɢäᴅä,l y ɡ̥ æ d̥ æ,,InkmSk,,,,,lüɢäᴅä,lyɡ̥æd̥æ,4,,
210-161-1,,210,161,lükata,lükata,l y k ɑ tː ɑ,,SVSk,,,,,,lykɑtːɑ,4,,
212-161-1,,212,161,likkə ~ lükkə,likkə ~ lükkə,,,LivWb,,,,,,,4,,
601-161-1,,601,161,lök,lök,l ø k,,FMSz,,,,,,løk,4,,
105-161-1,,105,161,hoigat,hoigat,,,SSSg,,,,,,,5,,
106-161-1,,106,161,uigadiđ,uigadiđ,,,InsSSk,,,,,,,5,,
107-161-1,,107,161,oiʹǧǧeed,oiʹǧǧeed,,,SKosSk,,,,,,,5,,
108-161-1,,108,161,ojjkje,ojjkje,o jː k j e,,WOLD,,,,,,ojːkje,5,,
102-161-1,,102,161,nahkèlit,nahkèlit,,,WbWlap,,,,,,,6,,
102-161-2,,102,161,nårˈdat,nårˈdat,,,WbWlap,,,,,,,7,,
301-161-1,,301,161,tulkadʹems,tulkadʹems,t u l k ɑ dʲ e m s,,MordWb,,,,,tulkadʹems,tulkɑdʲems,8,,
401-161-1,,401,161,šükem,šükem,ʃ y k e m,,SMSk;TscherWb,,,,,šükem,ʃykem,9,,
504-161-1,,504,161,dongi̮ni̮,dongi̮ni̮,d o n ɡ ɯ n ɯ,,WotjWsch,,,,,dongi̮ni̮,donɡɯnɯ,10,,
601-161-2,,601,161,tol,tol,t o l,,FMSz,,,,,,tol,11,,
701-161-1,,701,161,sāŋχwi,sāŋχwi,s ɑː ŋ xʷ i,,WogWb,,,,,sāŋχwi,sɑːŋxʷi,12,,
701-161-2,,701,161,nariɣti,nariɣti,n ɑ r i ɣ t i,,WogWb,,,,,nariɣti,nɑriɣti,13,,
807-161-1,,807,161,wart-,wart-,w ɑ r t,,DEWbOstj,,,,,wart-,wɑrt-,14,,
401-161-2,,401,161,tükem,tükem,t y k e m,,SMSk;TscherWb,,,,,tükem,tykem,15,,
902-161-1,,902,161,tyircyidye°,tyircyidye°,,,JurSWb,,,,,,,16,,
907-161-1,,907,161,noqqo-,noqqo-,n o qː o,,SolkWb,,,,,noqqo-,noqːo-,17,,
208-161-2,,208,161,touɢaᴅa,touɢaᴅa,t o u ɡ̥ ɑ d̥ ɑ,,InkmSk,,,,,touɢaᴅa,touɡ̥ɑd̥ɑ,18,,
211-161-1,,211,161,toukama ~ tuukama,toukama ~ tuukama,,,VESr,,,,,,,18,,
106-161-2,,106,161,nutkađ,nutkađ,,,InsSSk,,,,,,,19,,
106-161-3,,106,161,saaččađ,saaččađ,,,InsSSk,,,,,,,20,,
209-161-1,,209,161,pissemä,pissemä,p i sː e m æ,,VKJMS,,,,,pissemä,pisːemæ,21,,
209-161-2,,209,161,pünttämä,pünttämä,p y n tː æ m æ,,VKJMS,,,,,pünttämä,pyntːæmæ,22,,
101-161-1,,101,161,dïelkestidh,dïelkestidh,,,NSsNdb,,,,,,,23,,
101-161-2,,101,161,dïemtjestehtedh,dïemtjestehtedh,,,NSsNdb,,,,,,,24,,
901-161-1,,901,161,nomədʹa,nomədʹa,n o m ə dʲ ɑ,,SlNgaRus,,,,,nomədʹa,nomədʲɑ,25,,
0-162-1,,0,162,[Not reconstructable],,,,UEW;Sam88,,,,,,,?,[Not reconstructable],
106-162-1,,106,162,vuoi'ga,vuoi'ga,,,InsSSk,,,,,,,1,,
203-162-1,,203,162,oikea,oikea,o̞ i k e̞ ɑ,,JL,,,,,,o̞ike̞ɑ,1,,
204-162-1,,204,162,oikie,oikie,,,KKSV,,,,,,,1,,
207-162-1,,207,162,oiged,oiged,,,VVS,,,,,,,1,,
208-162-1,,208,162,oikia,oikia,o i k i ɑ,,InkmSk,,,,,oikia,oikiɑ,1,,
301-162-1,,301,162,vitʹ,vitʹ,v i tʲ,,MordWb,,,,,vitʹ,vitʲ,1,Irreg. vowel correspondence,
209-162-1,,209,162,pare̮b pōli,pare̮b pōli,p ɑ r ɤ b p oː l i,,VKJMS,,,,,pare̮b_pōli,pɑrɤb poːli,2,,Lit. 'right/better side'
210-162-1,,210,162,parem,parem,p a r e m,,SVSk,,,,,,parem,2,,Orig. lit. 'better'
212-162-1,,212,162,paràz,paràz,,,LivWb,,,,,,,2,,Orig. lit. 'best'
401-162-1,,401,162,purla,purla,p u r l ɑ,,SMSk;TscherWb,,,,,purla,purlɑ,2,,
504-162-1,,504,162,bur,bur,b u r,,WotjWsch,,,,,bur,bur,2,,
211-162-1,,211,162,hääpoolinõ ~ hüäpoolinõ etc.,hääpoolinõ ~ hüäpoolinõ etc.,,,VESr,,,,,,,3,,Comp.; lit. 'good-sided'
212-162-2,,212,162,je̮và,je̮và,,,LivWb,,,,,,,3,,
101-162-1,,101,162,åelkies,åelkies,,,NSsNdb,,,,,,,4,,
102-162-1,,102,162,åålgès,åålgès,,,WbWlap,,,,,,,4,,
104-162-1,,104,162,ålges,ålges,,,EZ,,,,,,,4,,
105-162-1,,105,162,olgeš,olgeš,,,SSSg,,,,,,,4,,
106-162-2,,106,162,oa'lgis,oa'lgis,,,InsSSk,,,,,,,4,,
107-162-1,,107,162,vuäʹljes,vuäʹljes,,,SKosSk,,,,,,,4,,
108-162-1,,108,162,vuel’kes’,vuel’kes’,v u e lʲ k e sʲ,,WOLD,,,,,,vuelʲkesʲ,4,,
501-162-1,,501,162,veśki̮d,veśki̮d,v e ɕ k ɯ d,,SyrjWsch,,,,,veśki̮d,veɕkɯd,5,,
503-162-1,,503,162,veśki̮t,veśki̮t,v e ɕ k ɯ t,,KoPRSl,,,,,veśki̮t,veɕkɯt,5,,
601-162-1,,601,162,jobb,jobb,j o bː,,FMSz,,,,,,jobː,6,,
701-162-1,,701,162,jomas-pal,jomas-pal,j o m ɑ s p ɑ l,,WogWb,,,,,jomas-pal,jomɑs-pɑl,6,,"Comp. with ""pal"" 'side'"
807-162-1,,807,162,jəmsi,jəmsi,j ə m s i,,DEWbOstj,,,,,jəmsi,jəmsi,6,,
901-162-1,,901,162,məgu ńiidʹə,məgu ńiidʹə,m ə ɡ u ɲ i i dʲ ə,,SlNgaRus,,,,,məgu_ńiidʹə,məɡu ɲiidʲə,7,,Lit. 'on the side of one's back'
902-162-1,,902,162,məxa-nyaŋi°,məxa-nyaŋi°,,,JurSWb,,,,,,,7,,"Lit. 'on the side of one's back'; ""məxa"" 'back'"
907-162-1,,907,162,"tāt, tātəŋ",tāt,t ɑː t,,SolkWb,,,,,"tāt, tātəŋ",tɑːt,8,,
907-162-2,,907,162,"tāt, tātəŋ",tātəŋ,t ɑː t ə ŋ,,SolkWb,,,,,"tāt, tātəŋ",tɑːtəŋ,8,,
0-163-1,,0,163,[Not reconstructable],,,,UEW;Sam88,,,,,,,?,[Not reconstructable],
807-163-1,,807,163,[Form not found],,,,DEWbOstj,,,,,,,?,[Form not found],
105-163-1,,105,163,vuoigat,vuoigat,,,SSSg,,,,,,,1,,
107-163-1,,107,163,vuõiǥâs,vuõiǥâs,,,SKosSk,,,,,,,1,,
108-163-1,,108,163,vūjjk,vūjjk,v uː jː k,,WOLD,,,,,,vuːjːk,1,,
203-163-1,,203,163,oikea,oikea,o̞ i k e̞ ɑ,,JL,,,,,,o̞ike̞ɑ,1,,
204-163-1,,204,163,oikie,oikie,,,KKSV,,,,,,,1,,
207-163-1,,207,163,oiged,oiged,,,VVS,,,,,,,1,,
208-163-1,,208,163,oikia,oikia,o i k i ɑ,,InkmSk,,,,,oikia,oikiɑ,1,,
210-163-1,,210,163,õige,õige,ɤ i k e,,SVSk,,,,,,ɤike,1,,
211-163-1,,211,163,õigõ,õigõ,,,VESr,,,,,,,1,,
301-163-1,,301,163,vidʹe,vidʹe,v i dʲ e,,MordWb,,,,,vidʹe,vidʲe,1,Irreg. vowel correspondence,
101-163-1,,101,163,rïektes,rïektes,,,NSsNdb,,,,,,,2,,
102-163-1,,102,163,reäkˈta,reäkˈta,,,WbWlap,,,,,,,2,,
104-163-1,,104,163,räkta,räkta,,,EZ,,,,,,,2,,
105-163-2,,105,163,rievttes,rievttes,,,SSSg,,,,,,,2,,
106-163-1,,106,163,rieˈvtis,rieˈvtis,,,InsSSk,,,,,,,2,,
401-163-1,,401,163,čə̑n,čə̑n,tʃ ə n,,SMSk;TscherWb,,,,,čə̑n,tʃən,4,,
501-163-1,,501,163,veśki̮d,veśki̮d,v e ɕ k ɯ d,,SyrjWsch,,,,,veśki̮d,veɕkɯd,5,,
504-163-1,,504,163,šońer,šońer,ʃ o ɲ e r,,WotjWsch,,,,,šońer,ʃoɲer,6,,
601-163-1,,601,163,igaz,igaz,i ɡ ɒ z,,FMSz,,,,,,iɡɒz,7,,
601-163-2,,601,163,helyes,helyes,h ɛ j ɛ ʃ,,FMSz,,,,,,hɛjɛʃ,8,,
701-163-1,,701,163,jomas,jomas,j o m ɑ s,,WogWb,,,,,jomas,jomɑs,9,,
902-163-1,,902,163,nyenesya,nyenesya,,,JurSWb,,,,,,,10,,
907-163-1,,907,163,"tāt, tātəŋ ?",tāt,t ɑː t,,SolkWb,,,,,"tāt, tātəŋ",tɑːt,11,,"'Right (side)', meaning of 'right, correct' uncertain"
907-163-2,,907,163,"tāt, tātəŋ ?",tātəŋ ?,t ɑː t ə ŋ,,SolkWb,,,,,"tāt, tātəŋ",tɑːtəŋ,11,,"'Right (side)', meaning of 'right, correct' uncertain"
209-163-1,,209,163,paralīn,paralīn,p ɑ r ɑ l iː n,,VKJMS,,,,,paralīn,pɑrɑliːn,12,,
209-163-2,,209,163,päriz,päriz,p æ r i z,,VKJMS,,,,,päriz,pæriz,13,,
503-163-1,,503,163,pravilʹne̮j,pravilʹne̮j,p r ɑ v i ʎ n ɤ j,,KoPRSl,,,,,pravilʹne̮j,prɑviʎnɤj,14,,
212-163-1,,212,163,e̮ìgi,e̮ìgi,,,LivWb,,,,,,,1,,
104-163-2,,104,163,duolla,duolla,,,EZ,,,,,,,15,,
901-163-1,,901,163,ŋəðiˀtəkə,ŋəðiˀtəkə,ŋ ə ð i ʔ t ə k ə,,SlNgaRus,,,,,ŋəδiˀtəkə,ŋəðiʔtəkə,16,,
0-164-1,,0,164,*juka ~ *joki̮ ?,*juka ~ *joki̮ ?,,,UEW;Sam88,,,,,,,1,Correspondences between branches not clear,
101-164-1,,101,164,johke,johke,,,NSsNdb,,,,,,,1,,
102-164-1,,102,164,juhka,juhka,,,WbWlap,,,,,,,1,,'Small river'
104-164-1,,104,164,edno,edno,,,EZ,,,,,,,1,,
105-164-1,,105,164,johka,johka,,,SSSg,,,,,,,1,,
106-164-1,,106,164,juuha,juuha,,,InsSSk,,,,,,,1,,
107-164-1,,107,164,jokk,jokk,,,SKosSk,,,,,,,1,,
108-164-1,,108,164,jōgk,jōgk,j oː gː,,WOLD,,,,,,joːgː,1,,
203-164-1,,203,164,joki,joki,j o̞ k i,,JL,,,,,,jo̞ki,1,,
204-164-1,,204,164,joki,joki,,,KKSV,,,,,,,1,,
207-164-1,,207,164,jogi,jogi,,,VVS,,,,,,,1,,
208-164-1,,208,164,joɢi,joɢi,j o ɡ̥ i,,InkmSk,,,,,joɢi,joɡ̥i,1,,
209-164-1,,209,164,je̮ki,je̮ki,j ɤ k i,,VKJMS,,,,,je̮ki,jɤki,1,,
210-164-1,,210,164,jõgi,jõgi,j ɤ k i,,SVSk,,,,,,jɤki,1,,
211-164-1,,211,164,jõgi,jõgi,,,VESr,,,,,,,1,,
212-164-1,,212,164,joʾug ~ joʾg etc.,joʾug ~ joʾg etc.,,,LivWb,,,,,,,1,,
501-164-1,,501,164,ju,ju,j u,,SyrjWsch,,,,,ju,ju,1,,
503-164-1,,503,164,ju,ju,j u,,KoPRSl,,,,,ju,ju,1,,
701-164-1,,701,164,jā,jā,j ɑː,,WogWb,,,,,jā,jɑː,1,,
807-164-1,,807,164,joɣǝṇ,joɣǝṇ,j o ɣ ə ɳ,,DEWbOstj,,,,,joɣəṇ,joɣəɳ,1,,
902-164-1,,902,164,yəxa,yəxa,,,JurSWb,,,,,,,1,,
102-164-2,,102,164,eädˈnoo,eädˈnoo,,,WbWlap,,,,,,,2,,'Large river'
105-164-2,,105,164,eatnu,eatnu,,,SSSg,,,,,,,2,,"'Main river of region, large river'"
301-164-1,,301,164,lʹej,lʹej,ʎ e j,,MordWb,,,,,lʹej,ʎej,3,,
401-164-1,,401,164,eŋer,eŋer,e ŋ e r,,SMSk;TscherWb,,,,,eŋer,eŋer,4,,
504-164-1,,504,164,šur,šur,ʃ u r,,WotjWsch,,,,,šur,ʃur,5,,
601-164-1,,601,164,folyó,folyó,f o j oː,,FMSz,,,,,,fojoː,6,,
907-164-1,,907,164,ki̮,ki̮,k ɯ,,SolkWb,,,,,ki̮,kɯ,8,,"'River, tributary'"
907-164-2,,907,164,qoləttu,qoləttu,q o l ə tː u,,SolkWb,,,,,qoləttu,qolətːu,9,,'Main river (often the river Ob)'
901-164-1,,901,164,ńemi̮ˀi̮a,ńemi̮ˀi̮a,ɲ e m ɯ ʔ ɯ ɑ,,SlNgaRus,,,,,ńemi̮ˀi̮a,ɲemɯʔɯɑ,10,,"'Large river, Pyasina river'"
901-164-2,,901,164,"bigaj, bikaδaa",bigaj,b i ɡ ɑ j,,SlNgaRus,,,,,"bigaj, bikaδaa",biɡɑj,11,,
901-164-3,,901,164,"bigaj, bikaδaa",bikaδaa,b i k ɑ ð ɑ ɑ,,SlNgaRus,,,,,"bigaj, bikaδaa",bikɑðɑɑ,11,,
203-165-1,,203,165,tie,tie,t̪ i e̞,,JL,,,,,,t̪ie̞,1,,
204-165-1,,204,165,tie,tie,,,KKSV,,,,,,,1,,
207-165-1,,207,165,tʹe,tʹe,,,VVS,,,,,,,1,,
208-165-1,,208,165,tē,tē,t eː,,InkmSk,,,,,tē,teː,1,,
209-165-1,,209,165,tē,tē,t eː,,VKJMS,,,,,tē,teː,1,,
210-165-1,,210,165,tee,tee,t eː,,SVSk,,,,,,teː,1,,
211-165-1,,211,165,tii,tii,,,VESr,,,,,,,1,,
501-165-1,,501,165,tuj,tuj,t u j,,SyrjWsch,,,,,tuj,tuj,1,,
503-165-1,,503,165,tuj,tuj,t u j,,KoPRSl,,,,,tuj,tuj,1,,
212-165-1,,212,165,rek,rek,,,LivWb,,,,,,,2,,
105-165-1,,105,165,geaidnu,geaidnu,,,SSSg,,,,,,,3,,
106-165-1,,106,165,keäi'nu,keäi'nu,,,InsSSk,,,,,,,3,,
107-165-1,,107,165,ǩeäinn,ǩeäinn,,,SKosSk,,,,,,,3,,
108-165-1,,108,165,keajjn,keajjn,k e a jː n,,WOLD,,,,,,keajːn,3,,
102-165-1,,102,165,viaga,viaga,,,WbWlap,,,,,,,4,,
104-165-1,,104,165,viega,viega,,,EZ,,,,,,,4,,
107-165-2,,107,165,čuâǥǥas,čuâǥǥas,,,SKosSk,,,,,,,5,,
301-165-1,,301,165,ki,ki,k i,,MordWb,,,,,ki,ki,6,,
401-165-1,,401,165,korno,korno,k o r n o,,SMSk;TscherWb,,,,,korno,korno,7,,
504-165-1,,504,165,śures,śures,ɕ u r e s,,WotjWsch,,,,,śures,ɕures,8,,
0-165-1,,0,165,*ukti̮,*ukti̮,,"UEW: PU *utka 'track, trail'; however, in Ug and Sd only",UEW;Sam88,,,,,,,9,,
601-165-1,,601,165,út,út,uː t,,FMSz,,,,,,uːt,9,,
901-165-1,,901,165,ŋuta,ŋuta,ŋ u t ɑ,,SlNgaRus,,,,,ŋuta,ŋutɑ,9,,
907-165-1,,907,165,uə̑ttə,uə̑ttə,u ə tː ə,,SolkWb,,,,,uə̑ttə,uətːə,9,,
701-165-1,,701,165,lʹōŋχ ~ lʹōχ,lʹōŋχ ~ lʹōχ,ʎ oː ŋ x,,WogWb,,,,,"lʹōŋχ, lʹōχ","ʎoːŋx, ʎoːx",10,,
807-165-1,,807,165,ḷɔ̈k,ḷɔ̈k,ɭ ɔ̈ k,,DEWbOstj,,,,,ḷɔ̈k,ɭɔ̈k,10,,
204-165-2,,204,165,toroka,toroka,,,KKSV,,,,,,,11,,
207-165-2,,207,165,doroga,doroga,,,VVS,,,,,,,11,,
901-165-2,,901,165,sərə̄,sərə̄,s ə r əː,,SlNgaRus,,,,,sərə̄,sərəː,12,,
902-165-1,,902,165,syexari°,syexari°,,,JurSWb,,,,,,,12,,
106-165-2,,106,165,luod'da,luod'da,,,InsSSk,,,,,,,13,,
106-165-3,,106,165,rađe,rađe,,,InsSSk,,,,,,,14,,
101-165-1,,101,165,joene,joene,,,NSsNdb,,,,,,,15,,
0-166-1,,0,166,[Not reconstructable],,,,UEW;Sam88,,,,,,,?,[Not reconstructable],
203-166-1,,203,166,pyöreä,pyöreä,p y ø̞ r e̞ æ,,JL,,,,,,pyø̞re̞æ,1,,
204-166-1,,204,166,pyörie,pyörie,,,KKSV,,,,,,,1,,
208-166-1,,208,166,pȫriä ~ pȫrähäin,pȫriä ~ pȫrähäin,p øː r i æ,,InkmSk,,,,,"pȫriä, pȫrähäin","pøːriæ, pøːræhæin",1,,
807-166-1,,807,166,pöŋḷək,pöŋḷək,p ø ŋ ɭ ə k,,DEWbOstj,,,,,pöŋḷək,pøŋɭək,1,Cognacy uncertain,
208-166-2,,208,166,ümʙärɢäin ~ ümʙärikkoĭ,ümʙärɢäin ~ ümʙärikkoĭ,y m b̥ æ r ɡ̥ æ i n,,InkmSk,,,,,"ümʙärɢäin, ümʙärikkoĭ","ymb̥ærɡ̥æin, ymb̥ærikːoĭ",2,,
209-166-1,,209,166,ümmerke̮in,ümmerke̮in,y mː e r k ɤ i n,,VKJMS,,,,,ümmerke̮in,ymːerkɤin,2,,
210-166-1,,210,166,"ümmargune, ümar",ümmargune,y mː ɑ r k u n e y m ɑ r,,SVSk,,,,,,"ymːɑrkune, ymɑr",2,,
210-166-2,,210,166,"ümmargune, ümar",ümar,y mː ɑ r k u n e y m ɑ r,,SVSk,,,,,,"ymːɑrkune, ymɑr",2,,
211-166-1,,211,166,ümärik,ümärik,,,VESr,,,,,,,2,,
212-166-1,,212,166,immər-goùtlimi,immər-goùtlimi,,,LivWb,,,,,,,2,"Deriv. from ""immər-koùtʹ"" 'around'; this compound: *ümpäre 'around' + *kautti 'by way of'",
207-166-1,,207,166,kruglʹē,kruglʹē,,,VVS,,,,,,,3,,
207-166-2,,207,166,kehker,kehker,,,VVS,,,,,,,4,,
101-166-1,,101,166,jorpe,jorpe,,,NSsNdb,,,,,,,5,,
102-166-1,,102,166,"jårbs, jårˈbada",jårbs,,,WbWlap,,,,,,,5,,
102-166-2,,102,166,"jårbs, jårˈbada",jårˈbada,,,WbWlap,,,,,,,5,,
105-166-1,,105,166,"jorbbas, jorbat",jorbbas,,,SSSg,,,,,,,5,,
105-166-2,,105,166,"jorbbas, jorbat",jorbat,,,SSSg,,,,,,,5,,
106-166-1,,106,166,juurbas,juurbas,,,InsSSk,,,,,,,5,,
107-166-1,,107,166,joorbâs,joorbâs,,,SKosSk,,,,,,,5,,
108-166-1,,108,166,jorr’pes’,jorr’pes’,j o rːʲ p e sʲ,,WOLD,,,,,,jorːʲpesʲ,5,,
102-166-3,,102,166,mulˈlòda,mulˈlòda,,,WbWlap,,,,,,,6,,
104-166-1,,104,166,jårrbå ~ jurrbes,jårrbå ~ jurrbes,,,EZ,,,,,,,5,,
401-166-1,,401,166,čumə̑raš,čumə̑raš,tʃ u m ə r ɑ ʃ,,SMSk;TscherWb,,,,,čumə̑raš,tʃumərɑʃ,7,,
501-166-1,,501,166,ge̮gre̮s,ge̮gre̮s,ɡ ɤ ɡ r ɤ s,,SyrjWsch,,,,,ge̮gre̮s,ɡɤɡrɤs,8,,
503-166-1,,503,166,ge̮gre̮sa,ge̮gre̮sa,ɡ ɤ ɡ r ɤ s ɑ,,KoPRSl,,,,,ge̮gre̮sa,ɡɤɡrɤsɑ,8,,
504-166-1,,504,166,koti̮res,koti̮res,k o t ɯ r e s,,WotjWsch,,,,,koti̮res,kotɯres,9,,
601-166-1,,601,166,kerek,kerek,k ɛ r ɛ k,,FMSz,,,,,,kɛrɛk,10,"Deriv. from PFU *kerä 'round, rolling'",
807-166-2,,807,166,körǝk,körǝk,k ø r ə k,,DEWbOstj,,,,,körək,kørək,10,"Deriv. from PFU *kerä 'round, rolling'",
701-166-1,,701,166,marawi,marawi,m ɑ r ɑ w i,,WogWb,,,,,marawi,mɑrɑwi,11,,
902-166-1,,902,166,syur°tyaw°,syur°tyaw°,,,JurSWb,,,,,,,12,,
907-166-1,,907,166,pürəlʹ,pürəlʹ,p y r ə ʎ,,SolkWb,,,,,pürəlʹ,pyrəʎ,13,,"'Ring, round'"
301-166-1,,301,166,keveŕ,keveŕ,k e v e rʲ,,MordWb,,,,,keveŕ,keverʲ,14,,
401-166-2,,401,166,tə̑rtə̑š,tə̑rtə̑š,t ə r t ə ʃ,,SMSk;TscherWb,,,,,tə̑rtə̑š,tərtəʃ,15,"Deriv. from ""tə̑rtam"" 'roll'",
401-166-3,,401,166,jə̑rɣeške,jə̑rɣeške,j ə r ɣ e ʃ k e,,SMSk;TscherWb,,,,,jə̑rɣeške,jərɣeʃke,16,"Deriv. from ""jə̑r"" 'around'",
504-166-2,,504,166,piti̮res,piti̮res,p i t ɯ r e s,,WotjWsch,,,,,piti̮res,pitɯres,17,,
601-166-2,,601,166,gömbölyű,gömbölyű,ɡ ø m b ø j yː,,FMSz,,,,,,ɡømbøjyː,18,,
907-166-2,,907,166,kolʹalʹ,kolʹalʹ,k o ʎ ɑ ʎ,,SolkWb,,,,,kolʹalʹ,koʎɑʎ,19,,
301-166-2,,301,166,krugloj ~ kruglovoj,krugloj ~ kruglovoj,k r u ɡ l o j,,MordWb,,,,,"krugloj, kruglovoj","kruɡloj, kruɡlovoj",3,,
901-166-1,,901,166,lalujkuə,lalujkuə,l ɑ l u j k u ə,,SlNgaRus,,,,,lalujkuə,lɑlujkuə,20,,
901-166-2,,901,166,mandajku,mandajku,m ɑ n d ɑ j k u,,SlNgaRus,,,,,mandajku,mɑndɑjku,21,,
0-167-1,,0,167,[Not reconstructable],,,,UEW;Sam88,,,,,,,?,[Not reconstructable],
102-167-1,,102,167,[Form not found],,,,WbWlap,,,,,,,?,[Form not found],
106-167-1,,106,167,fiärruđ,fiärruđ,,,InsSSk,,,,,,,1,,
108-167-1,,108,167,jērre,jērre,j eː rː e,,WOLD,,,,,,jeːrːe,1,,
203-167-1,,203,167,hieroa,hieroa,h i e̞ r o̞ ɑ,,JL,,,,,,hie̞ro̞ɑ,1,,
204-167-1,,204,167,hieruo,hieruo,,,KKSV,,,,,,,1,,
207-167-1,,207,167,herda,herda,,,VVS,,,,,,,1,,
208-167-1,,208,167,hēroja,hēroja,h eː r o j ɑ,,InkmSk,,,,,hēroja,heːrojɑ,1,,
210-167-1,,210,167,hõõruda,hõõruda,h ɣː r u t ɑ,,SVSk,,,,,,hɣːrutɑ,1,,
211-167-1,,211,167,"hõõrdma, hõõratama",hõõrdma,,,VESr,,,,,,,1,,
211-167-2,,211,167,"hõõrdma, hõõratama",hõõratama,,,VESr,,,,,,,1,,
212-167-1,,212,167,ē̮rə ~ īrə etc.,ē̮rə ~ īrə etc.,,,LivWb,,,,,,,1,,
203-167-2,,203,167,hangata,hangata,h ɑ ŋː ɑ t̪ ɑ,,JL,,,,,,hɑŋːɑt̪ɑ,2,,
204-167-2,,204,167,hivuo,hivuo,,,KKSV,,,,,,,3,,
207-167-2,,207,167,hośtʹa,hośtʹa,,,NRVS,,,,,,,4,,
210-167-2,,210,167,nühkida,nühkida,n y h kː i t ɑ,,SVSk,,,,,,nyhkːitɑ,5,,
104-167-1,,104,167,pruvvit,pruvvit,,,EZ,,,,,,,6,,
105-167-1,,105,167,ruvˈvet,ruvˈvet,,,SSSg,,,,,,,6,,
106-167-2,,106,167,ruvviđ,ruvviđ,,,InsSSk,,,,,,,6,,
107-167-1,,107,167,ruʹvvjed,ruʹvvjed,,,SKosSk,,,,,,,6,,
107-167-2,,107,167,sââjjad,sââjjad,,,SKosSk,,,,,,,7,,
301-167-1,,301,167,čovams,čovams,tʃ o v ɑ m s,,MordWb,,,,,čovams,tʃovɑms,7,,
301-167-2,,301,167,jozams,jozams,j o z ɑ m s,,MordWb,,,,,jozams,jozɑms,8,,
501-167-1,,501,167,zi̮ravni̮,zi̮ravni̮,z ɯ r ɑ v n ɯ,,SyrjWsch,,,,,zi̮ravni̮,zɯrɑvnɯ,9,,
503-167-1,,503,167,zi̮rtni̮,zi̮rtni̮,z ɯ r t n ɯ,,KoPRSl,,,,,zi̮rtni̮,zɯrtnɯ,9,,
504-167-1,,504,167,zi̮rani̮,zi̮rani̮,z ɯ r ɑ n ɯ,,WotjWsch,,,,,zi̮rani̮,zɯrɑnɯ,9,,
501-167-2,,501,167,ńiravni̮,ńiravni̮,ɲ i r ɑ v n ɯ,,SyrjWsch,,,,,ńiravni̮,ɲirɑvnɯ,10,,
503-167-2,,503,167,ńirtni̮,ńirtni̮,ɲ i r t n ɯ,,KoPRSl,,,,,ńirtni̮,ɲirtnɯ,10,,
504-167-2,,504,167,posi̮ni̮,posi̮ni̮,p o s ɯ n ɯ,,WotjWsch,,,,,posi̮ni̮,posɯnɯ,11,,
601-167-1,,601,167,dörzsöl,dörzsöl,d ø r ʒ ø l,,FMSz,,,,,,dørʒøl,12,,
701-167-1,,701,167,sarti,sarti,s ɑ r t i,,WogWb,,,,,sarti,sɑrti,13,,
902-167-1,,902,167,puyə°,puyə°,,,JurSWb,,,,,,,14,,
907-167-1,,907,167,pǖqəlčəkku-,pǖqəlčəkku-,p yː q ə l tʃ ə kː u,,SolkWb,,,,,pǖqəlčəkku-,pyːqəltʃəkːu-,14,,
104-167-2,,104,167,skuohpat,skuohpat,,,EZ,,,,,,,15,,
105-167-2,,105,167,skuhppet,skuhppet,,,SSSg,,,,,,,15,,
401-167-1,,401,167,nüžam,nüžam,n y ʒ ɑ m,,SMSk;TscherWb,,,,,nüžam,nyʒɑm,16,,
401-167-2,,401,167,jə̑ɣem,jə̑ɣem,j ə ɣ e m,,SMSk;TscherWb,,,,,jə̑ɣem,jəɣem,17,,
807-167-1,,807,167,sejɣǝl-,sejɣǝl-,s e j ɣ ə l,,DEWbOstj,,,,,sejɣəl-,sejɣəl-,18,,
211-167-3,,211,167,nüüstmä,nüüstmä,,,VESr,,,,,,,19,,
106-167-3,,106,167,kahheeđ,kahheeđ,,,InsSSk,,,,,,,20,,
503-167-3,,503,167,tʹoritni̮,tʹoritni̮,tʲ o r i t n ɯ,,KoPRSl,,,,,tʹoritni̮,tʲoritnɯ,21,,
208-167-2,,208,167,ihmaᴅa,ihmaᴅa,i h m ɑ d̥ ɑ,,InkmSk,,,,,ihmaᴅa,ihmɑd̥ɑ,22,,
209-167-1,,209,167,šarkkima,šarkkima,ʃ ɑ r kː i m ɑ,,VKJMS,,,,,šarkkima,ʃɑrkːimɑ,23,,
101-167-1,,101,167,knugkedh,knugkedh,,,NSsNdb,,,,,,,24,,
807-167-2,,807,167,nir-,nir-,n i r,,DEWbOstj,,,,,nir-,nir-,10,"Cf. Komi ""ńiralni̮""",
901-167-1,,901,167,ńakidʹa,ńakidʹa,ɲ ɑ k i dʲ ɑ,,SlNgaRus,,,,,ńakidʹa,ɲɑkidʲɑ,25,,
203-168-1,,203,168,raapia,raapia,r ɑː p i ɑ,,JL,,,,,,rɑːpiɑ,1,,
204-168-1,,204,168,(k)roapie,roapie,,,KKSV,,,,,,,1,,
208-168-1,,208,168,krāppia ~ rāppia,krāppia ~ rāppia,k r ɑː pː i ɑ,,InkmSk,,,,,"krāppia, rāppia","krɑːpːiɑ, rɑːpːiɑ",1,,
209-168-1,,209,168,krāppima,krāppima,k r ɑː pː i m ɑ,,VKJMS,,,,,krāppima,krɑːpːimɑ,1,,
210-168-1,,210,168,"kraapida, kriipida",kraapida,k r ɑː pː i t ɑ k r iː pː i t ɑ,,SVSk,,,,,,"krɑːpːitɑ, kriːpːitɑ",1,,
210-168-2,,210,168,"kraapida, kriipida",kriipida,k r ɑː pː i t ɑ k r iː pː i t ɑ,,SVSk,,,,,,"krɑːpːitɑ, kriːpːitɑ",1,,
211-168-1,,211,168,"kraap'ma, rääp'mä",kraap'ma,,,VESr,,,,,,,1,,
211-168-2,,211,168,"kraap'ma, rääp'mä",rääp'mä,,,VESr,,,,,,,1,,
0-168-1,,0,168,*künči- ?,*künči- ?,,"Word for 'nail, claw' used as a verb in this meaning?; parallel development possible",UEW;Sam88,,,,,,,2,,
105-168-1,,105,168,gazzut,gazzut,,,SSSg,,,,,,,2,,
106-168-1,,106,168,kazzođ,kazzođ,,,InsSSk,,,,,,,2,,
204-168-2,,204,168,kynsie,kynsie,,,KKSV,,,,,,,2,,
207-168-1,,207,168,künstä,künstä,,,VVS,,,,,,,2,,
209-168-2,,209,168,tšǖnissemä,tšǖnissemä,tʃ yː n i sː e m æ,,VKJMS,,,,,čǖnissemä,tʃyːnisːemæ,2,,
501-168-1,,501,168,gi̮žjavni̮,gi̮žjavni̮,ɡ ɯ ʒ j ɑ v n ɯ,,SyrjWsch,,,,,gi̮žjavni̮,ɡɯʒjɑvnɯ,2,,
503-168-1,,503,168,gi̮žjavni̮,gi̮žjavni̮,ɡ ɯ ʒ j ɑ v n ɯ,,KoPRSl,,,,,gi̮žjavni̮,ɡɯʒjɑvnɯ,2,,
701-168-1,,701,168,konsi,konsi,k o n s i,,WogWb,,,,,konsi,konsi,2,,
807-168-1,,807,168,kö̆ṇč-,kö̆ṇč-,k ø ̆ ɳ tʃ,,DEWbOstj,,,,,kö̆ṇč-,kø̆ɳtʃ-,2,,
901-168-1,,901,168,kaðaˀsa,kaðaˀsa,k ɑ ð ɑ ʔ s ɑ,,SlNgaRus,,,,,kaδaˀsa,kɑðɑʔsɑ,2,,"'Scratch, touch, reach'"
902-168-1,,902,168,xədyecy°,xədyecy°,,,JurSWb,,,,,,,2,,
907-168-1,,907,168,qatət-,qatət-,q ɑ t ə t,,SolkWb,,,,,qatət-,qɑtət-,2,"Deriv. from ""qatə"" 'nail, claw'",
212-168-1,,212,168,se̮ʾuvvə,se̮ʾuvvə,,,LivWb,,,,,,,3,,
101-168-1,,101,168,kroehkedh,kroehkedh,,,NSsNdb,,,,,,,4,,
102-168-1,,102,168,kruahkat,kruahkat,,,WbWlap,,,,,,,4,,
104-168-1,,104,168,kruahkat,kruahkat,,,EZ,,,,,,,4,,
105-168-2,,105,168,ruohkkat,ruohkkat,,,SSSg,,,,,,,4,,
106-168-2,,106,168,ruok'kađ,ruok'kađ,,,InsSSk,,,,,,,4,,
107-168-1,,107,168,ruõtˈtâd,ruõtˈtâd,,,SKosSk,,,,,,,5,,
301-168-1,,301,168,koćkeŕams,koćkeŕams,k o tɕ k e rʲ ɑ m s,,MordWb,,,,,koćkeŕams,kotɕkerʲɑms,6,,
401-168-1,,401,168,uδə̑rem,uδə̑rem,u ð ə r e m,,SMSk;TscherWb,,,,,uδə̑rem,uðərem,7,,
501-168-2,,501,168,vušti̮ni̮,vušti̮ni̮,v u ʃ t ɯ n ɯ,,SyrjWsch,,,,,vušti̮ni̮,vuʃtɯnɯ,8,"From PFU *wačV- 'scrape, scratch'",
504-168-1,,504,168,kormani̮,kormani̮,k o r m ɑ n ɯ,,WotjWsch,,,,,kormani̮,kormɑnɯ,9,,
601-168-1,,601,168,vakar,vakar,v ɒ k ɒ r,,FMSz,,,,,,vɒkɒr,10,,
601-168-2,,601,168,kapar,kapar,k ɒ p ɒ r,,FMSz,,,,,,kɒpɒr,11,,
301-168-2,,301,168,nozoŕams,nozoŕams,n o z o rʲ ɑ m s,,MordWb,,,,,nozoŕams,nozorʲɑms,12,,
108-168-1,,108,168,suvve,suvve,s u vː e,,WOLD,,,,,,suvːe,13,,
101-168-2,,101,168,goepedh,goepedh,,,NSsNdb,,,,,,,14,,
101-168-3,,101,168,skreepedh,skreepedh,,,NSsNdb,,,,,,,1,,
0-169-1,,0,169,[Not reconstructable],,,,UEW;Sam88,,,,,,,?,[Not reconstructable],
101-169-1,,101,169,mearoe,mearoe,,,NSsNdb,,,,,,,1,,
104-169-1,,104,169,merra,merra,,,EZ,,,,,,,1,,
105-169-1,,105,169,mearra,mearra,,,SSSg,,,,,,,1,,
106-169-1,,106,169,meera,meera,,,InsSSk,,,,,,,1,,
107-169-1,,107,169,miârr,miârr,,,SKosSk,,,,,,,1,,
108-169-1,,108,169,mierr,mierr,m i e rː,,WOLD,,,,,,mierː,1,,
102-169-1,,102,169,sèuva,sèuva,,,WbWlap,,,,,,,2,"Cf. Sw ""sjö"" 'sea, lake'",
104-169-2,,104,169,sevva,sevva,,,EZ,,,,,,,2,,
301-169-1,,301,169,ińevedʹ,ińevedʹ,i ɲ e v e dʲ,,MordWb,,,,,ińevedʹ,iɲevedʲ,3,,Compound; 'big' + 'water'
401-169-1,,401,169,teŋə̑z,teŋə̑z,t e ŋ ə z,,SMSk;TscherWb,,,,,teŋə̑z,teŋəz,4,,
501-169-1,,501,169,sariʒ́,sariʒ́,s ɑ r i dʑ,,SyrjWsch,,,,,sariʒ́,sɑridʑ,5,,
503-169-1,,503,169,sariʒ́,sariʒ́,s ɑ r i dʑ,,KoPRSl,,,,,sariʒ́,sɑridʑ,5,,
504-169-1,,504,169,zareź,zareź,z ɑ r e ʑ,,WotjWsch,,,,,zareź,zɑreʑ,5,,
907-169-1,,907,169,ćāsi,ćāsi,tɕ ɑː s i,,SolkWb,,,,,ćāsi,tɕɑːsi,6,,
901-169-1,,901,169,"dʹam, dʹamərə̄",dʹam,dʲ ɑ m,,SlNgaRus,,,,,"dʹam, dʹamərə̄",dʲɑm,7,,
901-169-2,,901,169,"dʹam, dʹamərə̄",dʹamərə̄,dʲ ɑ m ə r əː,,SlNgaRus,,,,,"dʹam, dʹamərə̄",dʲɑmərəː,7,,
902-169-1,,902,169,yam,yam,,,JurSWb,,,,,,,7,,
101-169-2,,101,169,saelhtie,saelhtie,,,NSsNdb,,,,,,,8,,"'Salt, sea'"
203-169-1,,203,169,meri,meri,m e̞ r i,,JL,,,,,,me̞ri,1,,
204-169-1,,204,169,meri,meri,,,KKSV,,,,,,,1,,
207-169-1,,207,169,meŕi,meŕi,,,VVS,,,,,,,1,,
208-169-1,,208,169,meri,meri,m e r i,,InkmSk,,,,,meri,meri,1,,
209-169-1,,209,169,meri,meri,m e r i,,VKJMS,,,,,meri,meri,1,,
210-169-1,,210,169,meri,meri,m e r i,,SVSk,,,,,,meri ,1,,
211-169-1,,211,169,meri,meri,,,VESr,,,,,,,1,,
212-169-1,,212,169,meʾr,meʾr,,,LivWb,,,,,,,1,,
501-169-2,,501,169,more,more,m o r e,,SyrjWsch,,,,,more,more,1,,
701-169-1,,701,169,śārəś,śārəś,ɕ ɑː r ə ɕ,,WogWb,,,,,śārəś,ɕɑːrəɕ,5,,
807-169-1,,807,169,tʹarəs ~ tʹaras,tʹarəs ~ tʹaras,tʲ ɑ r ə s,,DEWbOstj,,,,,"tʹarəs, tʹaras","tʲɑrəs, tʲɑrɑs",5,,
601-169-1,,601,169,tenger,tenger,t ɛ ŋ ɡ ɛ r,,FMSz,,,,,,tɛŋɡɛr,4,,
0-17-1,,0,17,[Not reconstructable],,,"Reflex of PU *tuli̮ (PFU *tul-ka?) 'feather'used in all primary branches; however, parallel development?",UEW;Sam88,,,,,,,?,[Not reconstructable],
203-17-1,,203,17,siipi,siipi,s iː p i,,JL;Heikk13;Heikk14,,,,,,siːpi,1,,
204-17-1,,204,17,siipi,siipi,,,KKSV,,,,,,,1,,
208-17-1,,208,17,sīʙi,sīʙi,s iː b̥ i,,InkmSk,,,,,sīʙi,siːb̥i,1,,
209-17-1,,209,17,sīpi,sīpi,s iː p i,,VKJMS,,,,,sīpi,siːpi,1,,
210-17-1,,210,17,tiib,tiib,t iː p,,SVSk,,,,,,tiːp,1,,
211-17-1,,211,17,siib,siib,,,VESr,,,,,,,1,,
212-17-1,,212,17,tībəz,tībəz,,,LivWb,,,,,,,1,,
207-17-1,,207,17,sūg,sūg,,,VVS,,,,,,,2,From PFU *tulka 'feather'? (~ PSd *tuə(j)),
701-17-1,,701,17,towəl,towəl,t o w ə l,,WogWb,,,,,towəl,towəl,2,From PFU *tulka 'feather' ~ PSd *tuə(j),
901-17-1,,901,17,čuo,čuo,tʃ u o,,SlNgaRus,,,,,čuo,tʃuo,2,From PSd *tuə(j) 'feather' ~  PFU *tulka,
902-17-1,,902,17,to,to,,,JurSWb,,,,,,,2,From PSd *tuə(j) 'feather' ~  PFU *tulka,
101-17-1,,101,17,"såaja, såajoe",såaja,,,NSsNdb,,,,,,,3,,
101-17-2,,101,17,"såaja, såajoe",såajoe,,,NSsNdb,,,,,,,3,,
102-17-1,,102,17,så̀jjee,så̀jjee,,,WbWlap,,,,,,,3,,
104-17-1,,104,17,sådje,sådje,,,EZ,,,,,,,3,,
105-17-1,,105,17,soadjá ~ soadji,soadjá ~ soadji,,,SSSg,,,,,,,3,,
106-17-1,,106,17,soajá,soajá,,,InsSSk,,,,,,,3,,
107-17-1,,107,17,suäjj,suäjj,,,SKosSk,,,,,,,3,,
108-17-1,,108,17,suejj,suejj,s u e jː,,WOLD,,,,,,suejː,3,,
301-17-1,,301,17,śolmo,śolmo,ɕ o l m o,,MordWb,,,,,śolmo,ɕolmo,4,,
401-17-1,,401,17,šulδə̑r,šulδə̑r,ʃ u l ð ə r,,SMSk;TscherWb,,,,,šulδə̑r,ʃulðər,5,,
501-17-1,,501,17,bord,bord,b o r d,,SyrjWsch,,,,,bord,bord,6,,
503-17-1,,503,17,bord,bord,b o r d,,KoPRSl,,,,,bord,bord,6,,
504-17-1,,504,17,burd,burd,b u r d,,WotjWsch,,,,,burd,burd,6,,
601-17-1,,601,17,szárny,szárny,s aː r ɲ,,FMSz,,,,,,saːrɲ,7,Semantic change form Tur 'shoulder blade' to Hun 'wing',
701-17-2,,701,17,mark,mark,m ɑ r k,,WogWb,,,,,mark,mɑrk,8,,
807-17-1,,807,17,păjlaŋ,păjlaŋ,p ɑ ̆ j l ɑ ŋ,,DEWbOstj,,,,,păjlaŋ,pɑ̆jlɑŋ,9,,
104-17-2,,104,17,viŋŋge,viŋŋge,,,EZ,,,,,,,10,,
907-17-1,,907,17,kūtə,kūtə,k uː t ə,,SolkWb,,,,,kūtə,kuːtə,11,,
0-170-1,,0,170,[Not reconstructable],,,,UEW;Sam88,,,,,,,?,[Not reconstructable],
101-170-1,,101,170,[Form not found],,,,NSsNdb,,,,,,,?,[Form not found],
901-170-1,,901,170,[Form not found],,,,SlNgaRus,,,,,,,?,[Form not found],
105-170-1,,105,170,siepman,siepman,,,SSSg,,,,,,,1,,
106-170-1,,106,170,siema,siema,,,InsSSk,,,,,,,1,,
107-170-1,,107,170,sieʹm ~ siõm,sieʹm ~ siõm,,,SKosSk,,,,,,,1,,
108-170-1,,108,170,siem,siem,s i e m,,WOLD,,,,,,siem,1,,
203-170-1,,203,170,siemen,siemen,s i e̞ m e̞ n,,JL,,,,,,sie̞me̞n,1,,
204-170-1,,204,170,siemen,siemen,,,KKSV,,,,,,,1,,
207-170-1,,207,170,semen,semen,,,VVS,,,,,,,1,,
208-170-1,,208,170,sēmen,sēmen,s eː m e n,,InkmSk,,,,,sēmen,seːmen,1,,
209-170-1,,209,170,sēmen,sēmen,s eː m e n,,VKJMS,,,,,sēmen,seːmen,1,,
210-170-1,,210,170,seeme,seeme,s eː m e,,SVSk,,,,,,seːme,1,,
211-170-1,,211,170,seemeq ~ seemen,seemeq ~ seemen,,,VESr,,,,,,,1,,
212-170-1,,212,170,sìemt,sìemt,,,LivWb,,,,,,,1,,
301-170-1,,301,170,vidʹme,vidʹme,v i dʲ m e,,MordWb,,,,,vidʹme,vidʲme,2,,
401-170-1,,401,170,nöšmö,nöšmö,n ø ʃ m ø,,SMSk;TscherWb,,,,,nöšmö,nøʃmø,3,,
501-170-1,,501,170,tuś,tuś,t u ɕ,,SyrjWsch,,,,,tuś,tuɕ,4,,
503-170-1,,503,170,tuś,tuś,t u ɕ,,KoPRSl,,,,,tuś,tuɕ,4,,'Seed of fruit'
504-170-1,,504,170,ti̮ś,ti̮ś,t ɯ ɕ,,WotjWsch,,,,,ti̮ś,tɯɕ,4,,
501-170-2,,501,170,ke̮idi̮s,ke̮idi̮s,k ɤ i d ɯ s,,SyrjWsch,,,,,ke̮idi̮s,kɤidɯs,5,,
503-170-2,,503,170,ke̮ʒ́i̮s,ke̮ʒ́i̮s,k ɤ dʑ ɯ s,,KoPRSl,,,,,ke̮ʒ́i̮s,kɤdʑɯs,5,,'Seed of grain'
504-170-2,,504,170,kidi̮s,kidi̮s,k i d ɯ s,,WotjWsch,,,,,kidi̮s,kidɯs,5,,
601-170-1,,601,170,mag,mag,m ɒ ɡ,,FMSz,,,,,,mɒɡ,6,From PFU *muŋkV 'body',
701-170-1,,701,170,ūrlaχ,ūrlaχ,uː r l ɑ x,Form used in dialect of Sosva in recent times not found,WogWb,,,,,ūrlaχ,uːrlɑx,7,,
807-170-1,,807,170,sem,sem,s e m,,DEWbOstj,,,,,sem,sem,8,From PU *śilmä,"'Eye, seed of grain'"
902-170-1,,902,170,yah sæw°,yah sæw°,,,JurSWb,,,,,,,8,"""sæw° 'eye' from PU *śilmä",Lit. 'flour's eye'
907-170-1,,907,170,mummol,mummol,m u mː o l,,SolkWb,,,,,mummol,mumːol,9,,
102-170-1,,102,170,sàjjoo,sàjjoo,,,WbWlap,,,,,,,10,,"'Sowing, seed'?"
104-170-1,,104,170,sádjo,sádjo,,,EZ,,,,,,,10,,
401-170-2,,401,170,tom,tom,t o m,,SMSk;TscherWb,,,,,tom,tom,11,,
807-170-2,,807,170,länsem,länsem,l æ n s e m,,DEWbOstj,,,,,länsem,lænsem,12,,"Comp.; ""länt"" 'grain, barley, rye etc.'"
203-170-2,,203,170,jyvä,jyvä,j y ʋ æ,,JL,,,,,,jyʋæ,13,,
209-170-2,,209,170,jüvä,jüvä,j y v æ,,VKJMS,,,,,jüvä,jyvæ,13,,
902-170-2,,902,170,yah sæw°,yah sæw°,,,JurSWb,,,,,,,14,,Lit. 'flour's eye'
0-171-1,,0,171,[Not reconstructable],,,PFU: *workV-,UEW;Sam88,,,,,,,?,[Not reconstructable],
203-171-1,,203,171,ommella,ommella,o̞ mː e̞ lː ɑ,,JL,,,,,,o̞mːe̞lːɑ,1,,
204-171-1,,204,171,ommella,ommella,,,KKSV,,,,,,,1,,
207-171-1,,207,171,ombōda ~ ombleda,ombōda ~ ombleda,,,VVS,,,,,,,1,,
208-171-1,,208,171,ommella,ommella,o mː e lː ɑ,,InkmSk,,,,,ommella,omːelːɑ,1,,
209-171-1,,209,171,õmmõlla,õmmõlla,ɤ mː ɤ lː ɑ,,EESR,,,,,e̮mme̮lla,ɤmːɤlːɑ,1,,
210-171-1,,210,171,õmmelda,õmmelda,ɤ mː e l t ɑ,,SVSk,,,,,,ɤmːeltɑ ,1,,
211-171-1,,211,171,umblõma,umblõma,,,VESr,,,,,,,1,,
212-171-1,,212,171,umblə,umblə,,,LivWb,,,,,,,1,,
101-171-1,,101,171,gåarodh,gåarodh,,,NSsNdb,,,,,,,2,,
102-171-1,,102,171,gå̀rroot,gå̀rroot,,,WbWlap,,,,,,,2,,
104-171-1,,104,171,gårrot,gårrot,,,EZ,,,,,,,2,,
105-171-1,,105,171,goarrut,goarrut,,,SSSg,,,,,,,2,,
106-171-1,,106,171,koarruđ,koarruđ,,,InsSSk,,,,,,,2,,
107-171-1,,107,171,kuärrad,kuärrad,,,SKosSk,,,,,,,2,,
108-171-1,,108,171,kuarre,kuarre,k u a rː e,,WOLD,,,,,,kuarːe,2,,
301-171-1,,301,171,stams,stams,s t ɑ m s,,MordWb,,,,,stams,stɑms,3,,
401-171-1,,401,171,urɣem,urɣem,u r ɣ e m,,SMSk;TscherWb,,,,,urɣem,urɣem,4,,
501-171-1,,501,171,vurni̮,vurni̮,v u r n ɯ,,SyrjWsch,,,,,vurni̮,vurnɯ,4,,
503-171-1,,503,171,vurni̮,vurni̮,v u r n ɯ,,KoPRSl,,,,,vurni̮,vurnɯ,4,,
504-171-1,,504,171,vuri̮ni̮,vuri̮ni̮,v u r ɯ n ɯ,,WotjWsch,,,,,vuri̮ni̮,vurɯnɯ,4,,
601-171-1,,601,171,varr,varr,v ɒ rː,,FMSz,,,,,,vɒrː,4,,
701-171-1,,701,171,jūnti,jūnti,j uː n t i,,WogWb,,,,,jūnti,juːnti,5,,
807-171-1,,807,171,jant-,jant-,j ɑ n t,,DEWbOstj,,,,,jant-,jɑnt-,5,,
901-171-1,,901,171,sočədʹa,sočədʹa,s o tʃ ə dʲ ɑ,,SlNgaRus,,,,,sočədʹa,sotʃədʲɑ,6,,"'Sew, embroider'"
902-171-1,,902,171,sædə°,sædə°,,,JurSWb,,,,,,,6,,
907-171-1,,907,171,śǖttə-,śǖttə-,ɕ yː tː ə,,SolkWb,,,,,śǖttə-,ɕyːtːə-,6,,
807-171-2,,807,171,ji̮n-,ji̮n-,j ɯ n,,DEWbOstj,,,,,ji̮n-,jɯn-,7,,
901-171-2,,901,171,sonsi̮dʹi,sonsi̮dʹi,s o n s ɯ dʲ i,,SlNgaRus,,,,,sonsi̮dʹi,sonsɯdʲi,8,,
0-172-1,,0,172,[Not reconstructable],,,,UEW;Sam88,,,,,,,?,[Not reconstructable],
203-172-1,,203,172,terävä,terävä,t̪ e̞ r æ ʋ æ,,JL,,,,,,t̪e̞ræʋæ,1,,
204-172-1,,204,172,terävä,terävä,,,KKSV,,,,,,,1,,
207-172-1,,207,172,tʹerav,tʹerav,,,VVS,,,,,,,1,,
208-172-1,,208,172,ter̆rǟvä,ter̆rǟvä,t e r ̆ r æː v æ,,InkmSk,,,,,ter̆rǟvä,ter̆ræːvæ,1,,
209-172-1,,209,172,teräv́,teräv́,t e r æ vʲ,,VKJMS,,,,,teräv́,terævʲ,1,,
210-172-1,,210,172,terav,terav,t e r ɑ v,,SVSk,,,,,,terɑv,1,,
211-172-1,,211,172,terräv,terräv,,,VESr,,,,,,,1,,
212-172-1,,212,172,vaʾimə,vaʾimə,,,LivWb,,,,,,,2,,
101-172-1,,101,172,bestele,bestele,,,NSsNdb,,,,,,,3,"From PFV *pisetä-  'put, stick in'",
102-172-1,,102,172,basstèla,basstèla,,,WbWlap,,,,,,,3,"From PFV *pisetä-  'put, stick in'",
104-172-1,,104,172,basstel,basstel,,,EZ,,,,,,,3,"From PFV *pisetä-  'put, stick in'",
105-172-1,,105,172,bastil,bastil,,,SSSg,,,,,,,3,"From PFV *pisetä-  'put, stick in'",
107-172-1,,107,172,pâʹsttel,pâʹsttel,,,SKosSk,,,,,,,3,"From PFV *pisetä-  'put, stick in'",
108-172-1,,108,172,pass’tles’,pass’tles’,p a sːʲ t l e sʲ,,WOLD,,,,,,pasːʲtlesʲ,3,"From PFV *pisetä-  'put, stick in'",
105-172-2,,105,172,ávjui,ávjui,,,SSSg,,,,,,,4,,
301-172-1,,301,172,"keŕi, keŕića",keŕi,k e rʲ i,,MordWb,,,,,"keŕi, keŕića",kerʲi,5,,
301-172-2,,301,172,"keŕi, keŕića",keŕića,k e rʲ i tɕ ɑ,,MordWb,,,,,"keŕi, keŕića",kerʲitɕɑ,5,,
401-172-1,,401,172,püsö,püsö,p y s ø,,SMSk;TscherWb,,,,,püsö,pysø,6,Cognacy unknown,
501-172-1,,501,172,leći̮d,leći̮d,l e tɕ ɯ d,,SyrjWsch,,,,,leći̮d,letɕɯd,7,,
503-172-1,,503,172,leći̮t,leći̮t,l e tɕ ɯ t,,KoPRSl,,,,,leći̮t,letɕɯt,7,,
504-172-1,,504,172,leći̮t,leći̮t,l e tɕ ɯ t,,WotjWsch,,,,,leći̮t,letɕɯt,7,,
501-172-2,,501,172,joś,joś,j o ɕ,,SyrjWsch,,,,,joś,joɕ,8,"From PU *jäpśi 'pointy stick, spear'",
601-172-1,,601,172,éles,éles,eː l ɛ ʃ,,FMSz,,,,,,eːlɛʃ,9,,
701-172-1,,701,172,pēlp ~ pēlpa,pēlp ~ pēlpa,p eː l p,,WogWb,,,,,"pēlp, pēlpa","peːlp, peːlpɑ",10,"Deriv. from ""pēli"" 'stick, stab'",
807-172-1,,807,172,"pestɜ, pestəki",pestɜ,p e s t ə,"Former as attribute, latter as freestanding word",DEWbOstj,,,,,"pestə, pestəki",pestə,11,Not cognate with PFV *pisetä-,
807-172-2,,807,172,"pestɜ, pestəki",pestəki,p e s t ə k i,"Former as attribute, latter as freestanding word",DEWbOstj,,,,,"pestə, pestəki",pestəki,11,Not cognate with PFV *pisetä-,
901-172-1,,901,172,homi̮nti̮ə,homi̮nti̮ə,h o m ɯ n t ɯ ə,,SlNgaRus,,,,,homi̮nti̮ə,homɯntɯə,12,,
902-172-1,,902,172,pəqmya,pəqmya,,,JurSWb,,,,,,,12,,
907-172-1,,907,172,āŋtəlʹ,āŋtəlʹ,ɑː ŋ t ə ʎ,,SolkWb,,,,,āŋtəlʹ,ɑːŋtəʎ,13,"Deriv. from PU *oŋtV 'thorn, sting, spear'",
601-172-2,,601,172,hegyes,hegyes,h ɛ ɟ ɛ ʃ,,FMSz,,,,,,hɛɟɛʃ,14,,
106-172-1,,106,172,čuuhal,čuuhal,,,InsSSk,,,,,,,15,,
208-172-2,,208,172,suiɢu,suiɢu,s u i ɡ̥ u,,InkmSk,,,,,suiɢu,suiɡ̥u,16,,
301-172-3,,301,172,pštʹi,pštʹi,p ʃ tʲ i,,MordWb,,,,,pštʹi,pʃtʲi,17,"Not from PFV *pisetä-  'put, stick in'",
901-172-2,,901,172,ńomsajkuə,ńomsajkuə,ɲ o m s ɑ j k u ə,"Deriv. from ""ńomsə"" 'point, sharp end'",SlNgaRus,,,,,ńomsajkuə,ɲomsɑjkuə,18,,
0-173-1,,0,173,[Not reconstructable],,,,UEW;Sam88,,,,,,,?,[Not reconstructable],
203-173-1,,203,173,laulaa,laulaa,l ɑ w l ɑː,,JL,,,,,,lɑwlɑː,1,,
204-173-1,,204,173,lauloa,lauloa,,,KKSV,,,,,,,1,,
207-173-1,,207,173,loulda,loulda,,,VVS,,,,,,,1,,
208-173-1,,208,173,laulā,laulā,l ɑ u l ɑː,,InkmSk,,,,,laulā,lɑulɑː,1,,
209-173-1,,209,173,лauлoma,лauлoma,l ɑ u l o m ɑ,,VKJMS,,,,,lauloma,lɑulomɑ,1,,
210-173-1,,210,173,laulda,laulda,l ɑ u l t ɑ,,SVSk,,,,,,lɑultɑ,1,,
211-173-1,,211,173,laulma,laulma,,,VESr,,,,,,,1,,
212-173-1,,212,173,loùlə,loùlə,,,LivWb,,,,,,,1,,
212-173-2,,212,173,ziŋgə,ziŋgə,,,LivWb,,,,,,,2,"Cf. Latv ""zińgʹēt"", loan from G ""singen""",
301-173-1,,301,173,morams,morams,m o r ɑ m s,,MordWb,,,,,morams,morɑms,3,,
401-173-1,,401,173,murem,murem,m u r e m,,SMSk;TscherWb,,,,,murem,murem,3,,
501-173-1,,501,173,śi̮vni̮,śi̮vni̮,ɕ ɯ v n ɯ,,SyrjWsch,,,,,śi̮vni̮,ɕɯvnɯ,4,,
503-173-1,,503,173,śi̮vni̮,śi̮vni̮,ɕ ɯ v n ɯ,,KoPRSl,,,,,śi̮vni̮,ɕɯvnɯ,4,,
504-173-1,,504,173,ki̮rʒ́ani̮,ki̮rʒ́ani̮,k ɯ r dʑ ɑ n ɯ,,WotjWsch,,,,,ki̮rʒ́ani̮,kɯrdʑɑnɯ,5,,
601-173-1,,601,173,énekel,énekel,eː n ɛ k ɛ l,,FMSz,,,,,,eːnɛkɛl,6,"Deriv. from PFU *äni 'voice, sound'",
601-173-2,,601,173,dalol,dalol,d ɒ l o l,,FMSz,,,,,,dɒlol,7,,
701-173-1,,701,173,ērɣi,ērɣi,eː r ɣ i,,WogWb,,,,,ērɣi,eːrɣi,8,,
807-173-1,,807,173,ärǝɣ-,ärǝɣ-,æ r ə ɣ,,DEWbOstj,,,,,ärəɣ-,ærəɣ-,8,,
807-173-2,,807,173,loj-,loj-,l o j,,DEWbOstj,,,,,loj-,loj-,9,,
902-173-1,,902,173,xinocy°,xinocy°,,,JurSWb,,,,,,,10,,
907-173-1,,907,173,kolʹməččə-,kolʹməččə-,k o ʎ m ə tʃː ə,,SolkWb,,,,,kolʹməččə-,koʎmətʃːə-,13,,
204-173-2,,204,173,pajattoa,pajattoa,,,KKSV,,,,,,,14,,
101-173-1,,101,173,laavlodh,laavlodh,,,NSsNdb,,,,,,,1,,
102-173-1,,102,173,làuloot,làuloot,,,WbWlap,,,,,,,1,,
104-173-1,,104,173,lávvlot,lávvlot,,,EZ,,,,,,,1,,
105-173-1,,105,173,lávlut,lávlut,,,SSSg,,,,,,,1,,
106-173-1,,106,173,lávluđ,lávluđ,,,InsSSk,,,,,,,1,,
107-173-1,,107,173,laullad ~ läullad,laullad ~ läullad,,,SKosSk,,,,,,,1,,
108-173-1,,108,173,lāvvle,lāvvle,l aː vː l e,,WOLD,,,,,,laːvːle,1,,
901-173-1,,901,173,kəjŋiˀśa,kəjŋiˀśa,k ə j ŋ i ʔ ɕ ɑ,,SlNgaRus,,,,,kəjŋiˀśa,kəjŋiʔɕɑ,15,,
0-174-1,,0,174,[Not reconstructable],,,"UEW: PU *amV-; however, in Ug and Sd only",UEW;Sam88,,,,,,,?,[Not reconstructable],
203-174-1,,203,174,istua,istua,i s t̪ u ɑ,,JL,,,,,,ist̪uɑ,1,,
204-174-1,,204,174,istuo,istuo,,,KKSV,,,,,,,1,,
207-174-1,,207,174,ištta,ištta,,,VVS,,,,,,,1,,
208-174-1,,208,174,istua,istua,i s t u ɑ,,InkmSk,,,,,istua,istuɑ,1,,
209-174-1,,209,174,issuma,issuma,i sː u m ɑ,,VKJMS,,,,,issuma,isːumɑ,1,,
210-174-1,,210,174,istuda,istuda,i s t u t ɑ,,SVSk,,,,,,istutɑ,1,,
211-174-1,,211,174,istma,istma,,,VESr,,,,,,,1,,
212-174-1,,212,174,istə,istə,,,LivWb,,,,,,,1,,
301-174-1,,301,174,aštʹems ozado,aštʹems ozado,ɑ ʃ tʲ e m s o z ɑ d o,,MordWb,,,,,aštʹems_ozado,ɑʃtʲems ozɑdo,1,,"""aštʹems"" 'be', ie. 'be sitting, be seated'"
101-174-1,,101,174,tjahkasjidh,tjahkasjidh,,,NSsNdb,,,,,,,2,,
102-174-1,,102,174,tjåhkàhit,tjåhkàhit,,,WbWlap,,,,,,,2,,
104-174-1,,104,174,tjåhkåhit,tjåhkåhit,,,EZ,,,,,,,2,,
105-174-1,,105,174,čohkkát,čohkkát,,,SSSg,,,,,,,2,,
106-174-1,,106,174,čokkáđ,čokkáđ,,,InsSSk,,,,,,,2,,
401-174-1,,401,174,šińčem,šińčem,ʃ i ɲ tʃ e m,,SMSk;TscherWb,,,,,šińčem,ʃiɲtʃem,3,,
501-174-1,,501,174,pukavni̮,pukavni̮,p u k ɑ v n ɯ,,SyrjWsch,,,,,pukavni̮,pukɑvnɯ,4,,
503-174-1,,503,174,pukavni̮,pukavni̮,p u k ɑ v n ɯ,,KoPRSl,,,,,pukavni̮,pukɑvnɯ,4,,
504-174-1,,504,174,puki̮ni̮,puki̮ni̮,p u k ɯ n ɯ,,WotjWsch,,,,,puki̮ni̮,pukɯnɯ,4,,
601-174-1,,601,174,ül,ül,y l,,FMSz,,,,,,yl,5,,
701-174-1,,701,174,ūnli,ūnli,uː n l i,,WogWb,,,,,ūnli,uːnli,6,,
807-174-1,,807,174,aməs-,aməs-,ɑ m ə s,,DEWbOstj,,,,,aməs-,ɑməs-,6,,
901-174-1,,901,174,"ŋomtüśa, ŋomtədʹa",ŋomtüśa,ŋ o m t y ɕ ɑ,,SlNgaRus,,,,,"ŋomtüśa, ŋomtədʹa",ŋomtyɕɑ,6,,Latter 'sit down'
901-174-2,,901,174,"ŋomtüśa, ŋomtədʹa",ŋomtədʹa,ŋ o m t ə dʲ ɑ,,SlNgaRus,,,,,"ŋomtüśa, ŋomtədʹa",ŋomtədʲɑ,6,,Latter 'sit down'
902-174-1,,902,174,ŋamtyo°,ŋamtyo°,,,JurSWb,,,,,,,6,,
907-174-1,,907,174,āmti-,āmti-,ɑː m t i,,SolkWb,,,,,āmti-,ɑːmti-,6,,
107-174-1,,107,174,išttâd åårrad,išttâd åårrad,,,SKosSk,,,,,,,1,Cf. Finnish ”istua” 'sit',"Lit. ""be seated; ""išttâd"" 'seat oneself'"
108-174-1,,108,174,ɨššte,ɨššte,ɨ ʃː t e,,WOLD,,,,,,ɨʃːte,1,,
0-175-1,,0,175,[Not reconstructable],,,"UEW: PU *numV; however, in Ug and Sd only",UEW;Sam88,,,,,,,?,[Not reconstructable],
203-175-1,,203,175,taivas,taivas,t̪ ɑ i ʋ ɑ s,,JL,,,,,,t̪ɑiʋɑs,1,,
204-175-1,,204,175,taivas,taivas,,,KKSV,,,,,,,1,,
207-175-1,,207,175,taivaz,taivaz,,,VVS,,,,,,,1,,
208-175-1,,208,175,taivaz,taivaz,t ɑ i v ɑ z,,InkmSk,,,,,taivaz,tɑivɑz,1,,
209-175-1,,209,175,taive̮z,taive̮z,t ɑ i v ɤ z,,VKJMS,,,,,taive̮z,tɑivɤz,1,,
210-175-1,,210,175,taevas,taevas,t ɑ e v ɑ s,,SVSk,,,,,,tɑevɑs,1,,
211-175-1,,211,175,taivas,taivas,,,VESr,,,,,,,1,,
212-175-1,,212,175,tōvaz,tōvaz,,,LivWb,,,,,,,1,,
101-175-1,,101,175,elmie,elmie,,,NSsNdb,,,,,,,2,From PFU *ilma 'air',
102-175-1,,102,175,alˈbmee,alˈbmee,,,WbWlap,,,,,,,2,From PFU *ilma 'air',
104-175-1,,104,175,albme,albme,,,EZ,,,,,,,2,From PFU *ilma 'air',
105-175-1,,105,175,albmi,albmi,,,SSSg,,,,,,,2,From PFU *ilma 'air',
106-175-1,,106,175,alme,alme,,,InsSSk,,,,,,,2,From PFU *ilma 'air',
107-175-1,,107,175,âʹlmm,âʹlmm,,,SKosSk,,,,,,,2,From PFU *ilma 'air',
108-175-1,,108,175,all’m,all’m,a lːʲ m,,WOLD,,,,,,alːʲm,2,From PFU *ilma 'air',
501-175-1,,501,175,jenež,jenež,j e n e ʒ,,SyrjWsch,,,,,jenež,jeneʒ,2,Deriv. from PFU *ilma 'air',
503-175-1,,503,175,jene̮ž,jene̮ž,j e n ɤ ʒ,,KoPRSl,,,,,jene̮ž,jenɤʒ,2,Deriv. from PFU *ilma 'air',
504-175-1,,504,175,"in, inbam",in,i n,Latter comp.,WotjWsch,,,,,"in, inbam",in,2,From PFU *ilma 'air',
504-175-2,,504,175,"in, inbam",inbam,i n b ɑ m,Latter comp.,WotjWsch,,,,,"in, inbam",inbɑm,2,From PFU *ilma 'air',
102-175-2,,102,175,àibmoo,àibmoo,,,WbWlap,,,,,,,3,,
301-175-1,,301,175,meńelʹ,meńelʹ,m e ɲ e ʎ,,MordWb,,,,,meńelʹ,meɲeʎ,4,,
401-175-1,,401,175,kaβa,kaβa,k ɑ β ɑ,,SMSk;TscherWb,,,,,kaβa,kɑβɑ,5,,
902-175-1,,902,175,num,num,,,JurSWb,,,,,,,6,,"'Weather, sky, god'"
907-175-1,,907,175,nom,nom,n o m,,SolkWb,,,,,nom,nom,6,,
601-175-1,,601,175,ég,ég,eː ɡ,,FMSz,,,,,,eːɡ,7,From PFU *säŋi 'air',
701-175-1,,701,175,tōrəm,tōrəm,t oː r ə m,,WogWb,,,,,tōrəm,toːrəm,8,,"'God, heaven, sky, time (of the year), world, weather'"
807-175-1,,807,175,torəm,torəm,t o r ə m,,DEWbOstj,,,,,torəm,torəm,8,,"'God, sky, air, weather'"
701-175-2,,701,175,kors,kors,k o r s,,WogWb,,,,,kors,kors,9,,
901-175-1,,901,175,ŋuə,ŋuə,ŋ u ə,,SlNgaRus,,,,,ŋuə,ŋuə,10,,
0-176-1,,0,176,[Not reconstructable],,,PFU: *oδa-,UEW;Sam88,,,,,,,?,[Not reconstructable],
105-176-1,,105,176,nohkkat,nohkkat,,,SSSg,,,,,,,1,,
203-176-1,,203,176,nukkua,nukkua,n u kː u ɑ,,JL,,,,,,nukːuɑ,1,,
208-176-1,,208,176,nukkua,nukkua,n u kː u ɑ,,InkmSk,,,,,nukkua,nukːuɑ,1,,
204-176-1,,204,176,moata,moata,,,KKSV,,,,,,,2,,
207-176-1,,207,176,magata,magata,,,VVS,,,,,,,2,,
208-176-2,,208,176,"mammaᴅa, māᴅa",mammaᴅa,m ɑ mː ɑ d̥ ɑ,,InkmSk,,,,,"mammaᴅa, māᴅa",mɑmːɑd̥ɑ,2,,
208-176-3,,208,176,"mammaᴅa, māᴅa",māᴅa,m ɑː d̥ ɑ,,InkmSk,,,,,"mammaᴅa, māᴅa",mɑːd̥ɑ,2,,
209-176-1,,209,176,makkama,makkama,m ɑ kː ɑ m ɑ,,VKJMS,,,,,makkama,mɑkːɑmɑ,2,,
210-176-1,,210,176,magada,magada,m ɑ k ɑ t ɑ,,SVSk,,,,,,mɑkɑtɑ,2,,
211-176-1,,211,176,magama ~ magahama,magama ~ magahama,,,VESr,,,,,,,2,,
212-176-1,,212,176,maʾggə ~ magàtə,maʾggə ~ magàtə,,,LivWb,,,,,,,2,,
204-176-2,,204,176,uinota,uinota,,,KKSV,,,,,,,3,,
101-176-1,,101,176,åeredh,åeredh,,,NSsNdb,,,,,,,4,,
102-176-1,,102,176,å̀ddeet,å̀ddeet,,,WbWlap,,,,,,,4,,
104-176-1,,104,176,åddet ~ årret,åddet ~ årret,,,EZ,,,,,,,4,,
105-176-2,,105,176,oađđit,oađđit,,,SSSg,,,,,,,4,,
106-176-1,,106,176,oađđiđ,oađđiđ,,,InsSSk,,,,,,,4,,
107-176-1,,107,176,vuẹʹđđed,vuẹʹđđed,,,SKosSk,,,,,,,4,,
108-176-1,,108,176,vuedt’e,vuedt’e,v u e dːʲ e,,WOLD,,,,,,vuedːʲe,4,,
301-176-1,,301,176,udoms,udoms,u d o m s,,MordWb,,,,,udoms,udoms,4,,
601-176-1,,601,176,alszik,alszik,ɒ l s i k,,FMSz,,,,,,ɒlsik,4,,
807-176-1,,807,176,ăla-,ăla-,ɑ ̆ l ɑ,,DEWbOstj,,,,,ăla-,ɑ̆lɑ-,4,,"'Sleep, lie down'"
401-176-1,,401,176,malem,malem,m ɑ l e m,,SMSk;TscherWb,,,,,malem,mɑlem,5,,
501-176-1,,501,176,uźni̮,uźni̮,u ʑ n ɯ,,SyrjWsch,,,,,uźni̮,uʑnɯ,6,,
503-176-1,,503,176,uźni̮,uźni̮,u ʑ n ɯ,,KoPRSl,,,,,uźni̮,uʑnɯ,6,,
504-176-1,,504,176,iźi̮ni̮,iźi̮ni̮,i ʑ ɯ n ɯ,,WotjWsch,,,,,iźi̮ni̮,iʑɯnɯ,6,,
701-176-1,,701,176,χuji ~ χoji,χuji ~ χoji,x u j i,,WogWb,,,,,"χuji, χoji","xuji, xoji",7,,
901-176-1,,901,176,kunduasa,kunduasa,k u n d u ɑ s ɑ,,SlNgaRus,,,,,kunduasa,kunduɑsɑ,8,,
902-176-1,,902,176,xonyo°,xonyo°,,,JurSWb,,,,,,,8,,
907-176-1,,907,176,qonti-,qonti-,q o n t i,,SolkWb,,,,,qonti-,qonti-,8,,
208-177-1,,208,177,[Form not found],,,,InkmSk,,,,,,,?,[Form not found],
209-177-1,,209,177,[Form not found],,,,VKJMS,,,,,,,?,[Form not found],
203-177-1,,203,177,haistaa,haistaa,h ɑ i s t̪ ɑː,,JL,,,,,,hɑist̪ɑː,1,,
204-177-1,,204,177,haistoa,haistoa,,,KKSV,,,,,,,1,,
210-177-1,,210,177,haista,haista,h ɑ i s tː ɑ,,SVSk,,,,,,hɑistːɑ,1,,
207-177-1,,207,177,ńuhtta,ńuhtta,,,VVS,,,,,,,2,,
211-177-1,,211,177,nuhutama,nuhutama,,,VESr,,,,,,,2,,
212-177-1,,212,177,nūškə,nūškə,,,LivWb,,,,,,,3,,
0-177-1,,0,177,*ipsi-,*ipsi-,,,UEW;Sam88,,,,,,,4,,
101-177-1,,101,177,hepsedh,hepsedh,,,NSsNdb,,,,,,,4,,
102-177-1,,102,177,hapˈseet,hapˈseet,,,WbWlap,,,,,,,4,,
104-177-1,,104,177,happset,happset,,,EZ,,,,,,,4,,
105-177-1,,105,177,haksit,haksit,,,SSSg,,,,,,,4,,
106-177-1,,106,177,apseđ,apseđ,,,InsSSk,,,,,,,4,,
107-177-1,,107,177,âʹpssed,âʹpssed,,,SKosSk,,,,,,,4,,
108-177-1,,108,177,app’se,app’se,a pːʲ s e,,WOLD,,,,,,apːʲse,4,,
401-177-1,,401,177,üpšińčam,üpšińčam,y p ʃ i ɲ tʃ ɑ m,,SMSk;TscherWb,,,,,üpšińčam,ypʃiɲtʃɑm,4,,
501-177-1,,501,177,isavni̮,isavni̮,i s ɑ v n ɯ,,SyrjWsch,,,,,isavni̮,isɑvnɯ,4,,
701-177-1,,701,177,ataji,ataji,ɑ t ɑ j i,,WogWb,,,,,ataji,ɑtɑji,4,,
807-177-1,,807,177,ewsintə-,ewsintə-,e w s i n t ə,,DEWbOstj,,,,,ewsintə-,ewsintə-,4,,
907-177-1,,907,177,aptäptə-,aptäptə-,ɑ p t æ p t ə,,SolkWb,,,,,aptäptə-,ɑptæptə-,4,,
301-177-1,,301,177,ńikśems,ńikśems,ɲ i k ɕ e m s,,MordWb,,,,,ńikśems,ɲikɕems,5,,
503-177-1,,503,177,"zi̮navni, zi̮n ki̮le̮",zi̮navni,z ɯ n ɑ v n i,,KoPRSl,,,,,"zi̮navni, zi̮n_ki̮le̮",zɯnɑvni,6,,
503-177-2,,503,177,"zi̮navni, zi̮n ki̮le̮",zi̮n ki̮le̮,z ɯ n k ɯ l ɤ,,KoPRSl,,,,,"zi̮navni, zi̮n_ki̮le̮",zɯn kɯlɤ,6,,
504-177-1,,504,177,zi̮njani̮,zi̮njani̮,z ɯ n j ɑ n ɯ,,WotjWsch,,,,,zi̮njani̮,zɯnjɑnɯ,6,,
601-177-1,,601,177,szagol,szagol,s ɒ ɡ o l,,FMSz,,,,,,sɒɡol,7,,
901-177-1,,901,177,činüdʹa,činüdʹa,tʃ i n y dʲ ɑ,,SlNgaRus,,,,,činüdʹa,tʃinydʲɑ,8,,
902-177-1,,902,177,tyunye°,tyunye°,,,JurSWb,,,,,,,8,,
105-177-2,,105,177,háistit,háistit,,,SSSg,,,,,,,1,,
107-177-2,,107,177,njuʹnn’jed,njuʹnn’jed,,,SKosSk,,,,,,,2,,
0-178-1,,0,178,[Not reconstructable],,,,UEW;Sam88,,,,,,,?,[Not reconstructable],
104-178-1,,104,178,[Form not found],,,,EZ,,,,,,,?,[Form not found],
901-178-1,,901,178,[Form not found],,,,SlNgaRus,,,,,,,?,[Form not found],
203-178-1,,203,178,sileä,sileä,s i l e̞ æ,,JL,,,,,,sile̞æ,1,,
204-178-1,,204,178,silie,silie,,,KKSV,,,,,,,1,,
207-178-1,,207,178,silʹed,silʹed,,,VVS,,,,,,,1,,
208-178-1,,208,178,sil̆līä,sil̆līä,s i l ̆ l iː æ,,InkmSk,,,,,sil̆līä,sil̆liːæ,1,,
209-178-1,,209,178,siliä,siliä,s i l i æ,,VKJMS,,,,,siliä,siliæ,1,,
210-178-1,,210,178,sile,sile,s i l e,,SVSk,,,,,,sile,1,,
211-178-1,,211,178,sille,sille,,,VESr,,,,,,,1,,
212-178-1,,212,178,kīlʹaz,kīlʹaz,,,LivWb,,,,,,,2,,
102-178-1,,102,178,jalˈga,jalˈga,,,WbWlap,,,,,,,3,,
107-178-1,,107,178,lääʹttes,lääʹttes,,,SKosSk,,,,,,,4,,
301-178-1,,301,178,valańa,valańa,v ɑ l ɑ ɲ ɑ,,MordWb,,,,,valańa,vɑlɑɲɑ,5,From PFU ?*wolʹV- 'to strip a tree of its bark',
501-178-1,,501,178,volʹi̮d,volʹi̮d,v o ʎ ɯ d,,SyrjWsch,,,,,volʹi̮d,voʎɯd,5,From PFU ?*wolʹV- 'to strip a tree of its bark',
503-178-1,,503,178,volʹki̮t,volʹki̮t,v o ʎ k ɯ t,,KoPRSl,,,,,volʹki̮t,voʎkɯt,5,From PFU ?*wolʹV- 'to strip a tree of its bark',
504-178-1,,504,178,volʹi̮t,volʹi̮t,v o ʎ ɯ t,,WotjWsch,,,,,volʹi̮t,voʎɯt,5,From PFU ?*wolʹV- 'to strip a tree of its bark',
401-178-1,,401,178,šə̑ma,šə̑ma,ʃ ə m ɑ,,SMSk;TscherWb,,,,,šə̑ma,ʃəmɑ,6,,
401-178-2,,401,178,jə̑βə̑ža,jə̑βə̑ža,j ə β ə ʒ ɑ,,SMSk;TscherWb,,,,,jə̑βə̑ža,jəβəʒɑ,7,,
501-178-2,,501,178,ši̮lʹi̮d,ši̮lʹi̮d,ʃ ɯ ʎ ɯ d,,SyrjWsch,,,,,ši̮lʹi̮d,ʃɯʎɯd,8,"Cf. Fin *siledä, not cognate",
105-178-1,,105,178,livttis,livttis,,,SSSg,,,,,,,9,,
106-178-1,,106,178,li'vtes ~ liivtes,li'vtes ~ liivtes,,,InsSSk,,,,,,,9,,
601-178-1,,601,178,sima,sima,ʃ i m ɒ,,FMSz,,,,,,ʃimɒ,10,,
701-178-1,,701,178,wolʹk,wolʹk,w o ʎ k,,WogWb,,,,,wolʹk,woʎk,11,,
807-178-1,,807,178,welʹǝχ,welʹǝχ,w e ʎ ə x,,DEWbOstj,,,,,welʹəχ,weʎəx,11,,"'Smooth, even'"
807-178-2,,807,178,lawtək,lawtək,l ɑ w t ə k,,DEWbOstj,,,,,lawtək,lɑwtək,12,,
902-178-1,,902,178,salmuy°,salmuy°,,,JurSWb,,,,,,,13,,
907-178-1,,907,178,lepa ~ lēpa,lepa ~ lēpa,l e p ɑ,,SolkWb,,,,,"lepa, lēpa","lepɑ, leːpɑ",14,,"'Even, smooth'"
401-178-3,,401,178,tör,tör,t ø r,,SMSk;TscherWb,,,,,tör,tør,15,,
601-178-2,,601,178,sík,sík,ʃ iː k,,FMSz,,,,,,ʃiːk,16,,
101-178-1,,101,178,njalhkedihks,njalhkedihks,,,NSsNdb,,,,,,,17,,
108-178-1,,108,178,njoll’kes’,njoll’kes’,ɲ o lːʲ k e sʲ,,WOLD,,,,,,ɲolːʲkesʲ,17,,
208-178-2,,208,178,lak̆kia,lak̆kia,l ɑ k ̆ k i ɑ,,InkmSk,,,,,lak̆kia,lɑk̆kiɑ,18,,
209-178-2,,209,178,lʹippa,lʹippa,ʎ i pː ɑ,,VKJMS,,,,,lʹippa,ʎipːɑ,19,,
101-178-2,,101,178,sjyjjehke,sjyjjehke,,,NSsNdb,,,,,,,20,,
107-178-2,,107,178,šõllâd,šõllâd,,,SKosSk,,,,,,,1,,
106-178-2,,106,178,šolbad,šolbad,,,InsSSk,,,,,,,21,,
902-179-1,,902,179,[No equivalent],,,No word for 'snake' in common use,JurSWb,,,,,,,0,[No equivalent],
901-179-1,,901,179,[Form not found],,,,SlNgaRus,,,,,,,?,[Form not found],
101-179-1,,101,179,gïermesj,gïermesj,,,NSsNdb,,,,,,,1,,
102-179-1,,102,179,giärˈbmii,giärˈbmii,,,WbWlap,,,,,,,1,,
104-179-1,,104,179,gierbma,gierbma,,,EZ,,,,,,,1,,
105-179-1,,105,179,gearpmaš,gearpmaš,,,SSSg,,,,,,,1,,
203-179-1,,203,179,käärme,käärme,k æː r m e̞,,JL,,,,,,kæːrme̞,1,,
204-179-1,,204,179,keärmis,keärmis,,,KKSV,,,,,,,1,,
0-179-1,,0,179,*küji,*küji,,,UEW;Sam88,,,,,,,2,,
204-179-2,,204,179,kyy,kyy,,,KKSV,,,,,,,2,,
301-179-1,,301,179,guj ~ kuj,guj ~ kuj,ɡ u j,,MordWb,,,,,"guj, kuj","ɡuj, kuj",2,,
401-179-1,,401,179,kiške,kiške,k i ʃ k e,,SMSk;TscherWb,,,,,kiške,kiʃke,2,,
501-179-1,,501,179,ki̮j,ki̮j,k ɯ j,,SyrjWsch,,,,,ki̮j,kɯj,2,,
504-179-1,,504,179,ki̮j,ki̮j,k ɯ j,,WotjWsch,,,,,ki̮j,kɯj,2,,
601-179-1,,601,179,kígyó,kígyó,k iː ɟ oː,,FMSz,,,,,,kiːɟoː,2,,
907-179-1,,907,179,śǖ,śǖ,ɕ yː,,SolkWb,,,,,śǖ,ɕyː,2,,
204-179-3,,204,179,mato,mato,,,KKSV,,,,,,,3,,
207-179-1,,207,179,mado,mado,,,VVS,,,,,,,3,,
208-179-1,,208,179,maᴅo,maᴅo,m ɑ d̥ o,,InkmSk,,,,,maᴅo,mɑd̥o,3,,
209-179-1,,209,179,mato,mato,m ɑ t o,,VKJMS,,,,,mato,mɑto,3,,
210-179-1,,210,179,uss,uss,u sː,,SVSk,,,,,,usː,4,,
212-179-1,,212,179,ùiska ~ ūśka,ùiska ~ ūśka,,,LivWb,,,,,,,4,,
102-179-2,,102,179,årbma,årbma,,,WbWlap,,,,,,,5,,
107-179-1,,107,179,smäʹtt,smäʹtt,,,SKosSk,,,,,,,6,Quite probably from Fin ”mato” ’worm’. Minor problems in sound correspondences but semantically plausible,
301-179-2,,301,179,jozne,jozne,j o z n e,,MordWb,,,,,jozne,jozne,7,,
701-179-1,,701,179,ńōliɣ,ńōliɣ,ɲ oː l i ɣ,,WogWb,,,,,ńōliɣ,ɲoːliɣ,8,,
807-179-1,,807,179,möŋkäm,möŋkäm,m ø ŋ k æ m,,DEWbOstj,,,,,möŋkäm,møŋkæm,9,,
211-179-1,,211,179,"tsuss', huss’",tsuss',,,VESr;SI,,,,,,,10,"Connection with Est ""uss"" unclear",
211-179-2,,211,179,"tsuss', huss’",huss’,,,VESr;SI,,,,,,,10,"Connection with Est ""uss"" unclear",
106-179-1,,106,179,kyev'di,kyev'di,,,InsSSk,,,,,,,11,,
107-179-2,,107,179,kuʹvdd,kuʹvdd,,,SKosSk,,,,,,,11,,
108-179-1,,108,179,kūvv’t,kūvv’t,k uː vːʲ t,,WOLD,,,,,,kuːvːʲt,11,,
208-179-2,,208,179,māhīn,māhīn,m ɑː h iː n,"Deriv. of ""mā"" 'earth'",InkmSk,,,,,māhīn,mɑːhiːn,12,,
503-179-1,,503,179,zmej,zmej,z m e j,,KoPRSl,,,,,zmej,zmej,13,"Cf. Rus ""zmej"" 'kind of dragon'",
211-179-3,,211,179,siug,siug,,,SI,,,,,,,14,,
0-18-1,,0,18,[Not reconstructable],,,,UEW;Sam88,,,,,,,?,[Not reconstructable],
203-18-1,,203,18,liha,liha,l i ɦ ɑ,,JL,,,,,,liɦɑ,1,,
204-18-1,,204,18,liha,liha,,,KKSV,,,,,,,1,,
207-18-1,,207,18,liha,liha,,,VVS,,,,,,,1,,
208-18-1,,208,18,liha,liha,l i h ɑ,,InkmSk,,,,,liha,lihɑ,1,,
209-18-1,,209,18,liha,liha,l i h ɑ,,VKJMS,,,,,liha,lihɑ,1,,
210-18-1,,210,18,liha,liha,l i h ɑ,,SVSk,,,,,,lihɑ,1,,
211-18-1,,211,18,liha,liha,,,VESr,,,,,,,1,,
105-18-1,,105,18,oažži,oažži,,,SSSg,,,,,,,2,,
106-18-1,,106,18,oažži,oažži,,,InsSSk,,,,,,,2,,
107-18-1,,107,18,vuäʹǯˈǯ ~ vueʹǯˈǯ,vuäʹǯˈǯ ~ vueʹǯˈǯ,,,SKosSk,,,,,,,2,,
108-18-1,,108,18,vuennč,vuennč,v u e nː t ʃ,,WOLD,,,,,,vuenːtʃ,2,,
212-18-1,,212,18,vozà,vozà,,,LivWb,,,,,,,2,,
101-18-1,,101,18,bearkoe,bearkoe,,,NSsNdb;Koi88,,,,,,,3,Cf. PGer *bergō,
102-18-1,,102,18,beärˈgoo,beärˈgoo,,,WbWlap;Koi88,,,,,,,3,Cf. PGer *bergō,
104-18-1,,104,18,bärrgo,bärrgo,,,EZ;Koi88,,,,,,,3,Cf. PGer *bergō,
301-18-1,,301,18,sivelʹ,sivelʹ,s i v e ʎ,,MordWb,,,,,sivelʹ,siveʎ,4,From PFP *siwi-(lʹi?),
401-18-1,,401,18,šə̑l,šə̑l,ʃ ə l,,SMSk;TscherWb,,,,,šə̑l,ʃəl,4,From PFP *siwi-(lʹi?),
504-18-1,,504,18,silʹ,silʹ,s i ʎ,,WotjWsch,,,,,silʹ,siʎ,4,From PFP *siwi-(lʹi?),
401-18-2,,401,18,jör,jör,j ø r,,SMSk;TscherWb,,,,,jör,jør,5,,
501-18-1,,501,18,jai,jai,j ɑ i,,SyrjWsch,,,,,jai,jɑi,6,,
503-18-1,,503,18,jaj,jaj,j ɑ j,,KoPRSl;RB,,,,,jaj,jɑj,6,,
601-18-1,,601,18,hús,hús,h uː ʃ,,FMSz,,,,,,huːʃ,7,,
701-18-1,,701,18,ńowəlʹ,ńowəlʹ,ɲ o w ə ʎ,,WogWb,,,,,ńowəlʹ,ɲowəʎ,8,,
807-18-1,,807,18,ńoɣi̮,ńoɣi̮,ɲ o ɣ ɯ,,DEWbOstj,,,,,ńoɣi̮,ɲoɣɯ,9,,
902-18-1,,902,18,ŋəmca,ŋəmca,,,JurSWb,,,,,,,10,,
907-18-1,,907,18,uə̑ćə,uə̑ćə,u ə tɕ ə,,SolkWb,,,,,uə̑ćə,uətɕə,11,From PU,
901-18-1,,901,18,śahi̮,śahi̮,ɕ ɑ h ɯ,,SlNgaRus,,,,,śahi̮,ɕɑhɯ,12,,"'Body, flesh, meat'"
0-180-1,,0,180,*lumi̮,*lumi̮,,,UEW;Sam88,,,,,,,1,,
101-180-1,,101,180,lopme,lopme,,,NSsNdb,,,,,,,1,,
203-180-1,,203,180,lumi,lumi,l u m i,,JL,,,,,,lumi,1,,
204-180-1,,204,180,lumi,lumi,,,KKSV,,,,,,,1,,
207-180-1,,207,180,lumi,lumi,,,VVS,,,,,,,1,,
208-180-1,,208,180,lumi,lumi,l u m i,,InkmSk,,,,,lumi,lumi,1,,
209-180-1,,209,180,лumi,лumi,l u m i,,VKJMS,,,,,lumi,lumi,1,,
210-180-1,,210,180,lumi,lumi,l u m i,,SVSk,,,,,,lumi,1,,
211-180-1,,211,180,lumi,lumi,,,VESr,,,,,,,1,,
212-180-1,,212,180,luʾm ~ luʾim etc.,luʾm ~ luʾim etc.,,,LivWb,,,,,,,1,,
301-180-1,,301,180,lov,lov,l o v,,MordWb,,,,,lov,lov,1,,
401-180-1,,401,180,lum,lum,l u m,,SMSk;TscherWb,,,,,lum,lum,1,,
501-180-1,,501,180,li̮m,li̮m,l ɯ m,,SyrjWsch,,,,,li̮m,lɯm,1,,
503-180-1,,503,180,li̮m,li̮m,l ɯ m,,KoPRSl,,,,,li̮m,lɯm,1,,
504-180-1,,504,180,li̮mi̮,li̮mi̮,l ɯ m ɯ,,WotjWsch,,,,,li̮mi̮,lɯmɯ,1,,
901-180-1,,901,180,dʹum,dʹum,dʲ u m,,SlNgaRus,,,,,dʹum,dʲum,1,,
101-180-2,,101,180,moehtege,moehtege,,,NSsNdb,,,,,,,2,"cf. Rus ”motat'” 'shake, etc.'",
102-180-1,,102,180,muahta,muahta,,,WbWlap,,,,,,,2,"cf. Rus ”motat'” 'shake, etc.'",
104-180-1,,104,180,muohta/muähtit,muohta,,,EZ,,,,,,,2,"cf. Rus ”motat'” 'shake, etc.'",
104-180-2,,104,180,muohta/muähtit,muähtit,,,EZ,,,,,,,2,"cf. Rus ”motat'” 'shake, etc.'",
105-180-1,,105,180,muohta,muohta,,,SSSg,,,,,,,2,"cf. Rus ”motat'” 'shake, etc.'",
106-180-1,,106,180,muota,muota,,,InsSSk,,,,,,,2,"cf. Rus ”motat'” 'shake, etc.'",
107-180-1,,107,180,muõtt,muõtt,,,SKosSk,,,,,,,2,"cf. Rus ”motat'” 'shake, etc.'",
601-180-1,,601,180,hó,hó,h oː,,FMSz,,,,,,hoː,3,From PU *kumV 'thin snow',
701-180-1,,701,180,tūjt,tūjt,t uː j t,,WogWb,,,,,tūjt,tuːjt,4,,
807-180-1,,807,180,č̣ŏɣǝt,č̣ŏɣǝt,tʃ o ̆ ɣ ə t,,DEWbOstj,,,,,čŏɣət,tʃŏɣət,5,,
901-180-2,,901,180,śirü,śirü,ɕ i r y,From PU *śarV 'frozen snow',SlNgaRus,,,,,śirü,ɕiry,6,,
902-180-1,,902,180,sira,sira,,,JurSWb,,,,,,,6,From PU *śarV 'frozen snow',
907-180-1,,907,180,si̮rə,si̮rə,s ɯ r ə,,SolkWb,,,,,si̮rə,sɯrə,6,From PU *śarV 'frozen snow',
108-180-1,,108,180,vēʒ,vēʒ,v eː d z,,WOLD,,,,,,veːdz,7,,
0-181-1,,0,181,[Not reconstructable],,,PFU: *śülki- ~ *śüδ′ki-,UEW;Sam88,,,,,,,?,[Not reconstructable],
101-181-1,,101,181,tjalkedh,tjalkedh,,,NSsNdb,,,,,,,1,,
102-181-1,,102,181,tjålˈgat,tjålˈgat,,,WbWlap,,,,,,,1,,
104-181-1,,104,181,tjållgåt,tjållgåt,,,EZ,,,,,,,1,,
105-181-1,,105,181,čolgat,čolgat,,,SSSg,,,,,,,1,,
106-181-1,,106,181,čulgađ,čulgađ,,,InsSSk,,,,,,,1,,
107-181-1,,107,181,čolggâd,čolggâd,,,SKosSk,,,,,,,1,,
108-181-1,,108,181,čōllke,čōllke,t ʃ oː lː k e,,WOLD,,,,,,tʃoːlːke,1,,
203-181-1,,203,181,sylkeä,sylkeä,s y l k e̞ æ,,JL,,,,,,sylke̞æ,1,,
204-181-1,,204,181,sylkie,sylkie,,,KKSV,,,,,,,1,,
207-181-1,,207,181,sülkta,sülkta,,,VVS,,,,,,,1,,
208-181-1,,208,181,sülkiä,sülkiä,s y l k i æ,,InkmSk,,,,,sülkiä,sylkiæ,1,,
209-181-1,,209,181,sültšimä,sültšimä,s y l tʃ i m æ,,VKJMS,,,,,sülčimä,syltʃimæ,1,,
210-181-1,,210,181,sülitada,sülitada,s y l i tː ɑ t ɑ,,SVSk,,,,,,sylitːɑtɑ,1,,
211-181-1,,211,181,sülgämä,sülgämä,,,VESr,,,,,,,1,,
212-181-1,,212,181,silʹgə ~ sülʹgə,silʹgə ~ sülʹgə,,,LivWb,,,,,,,1,,
301-181-1,,301,181,śelʹgems,śelʹgems,ɕ e ʎ ɡ e m s,,MordWb,,,,,śelʹgems,ɕeʎɡems,1,,
401-181-1,,401,181,šüβalam,šüβalam,ʃ y β ɑ l ɑ m,,SMSk;TscherWb,,,,,šüβalam,ʃyβɑlɑm,1,,
501-181-1,,501,181,śe̮lavni̮,śe̮lavni̮,ɕ ɤ l ɑ v n ɯ,,SyrjWsch,,,,,śe̮lavni̮,ɕɤlɑvnɯ,1,,
503-181-1,,503,181,śe̮lavni̮,śe̮lavni̮,ɕ ɤ l ɑ v n ɯ,,KoPRSl,,,,,śe̮lavni̮,ɕɤlɑvnɯ,1,,
504-181-1,,504,181,śalani̮,śalani̮,ɕ ɑ l ɑ n ɯ,,WotjWsch,,,,,śalani̮,ɕɑlɑnɯ,1,,
701-181-1,,701,181,salʹɣi,salʹɣi,s ɑ ʎ ɣ i,,WogWb,,,,,salʹɣi,sɑʎɣi,1,,
807-181-1,,807,181,sö̆jǝm-,sö̆jǝm-,s ø ̆ j ə m,,DEWbOstj,,,,,sö̆jəm-,sø̆jəm-,1,,
601-181-1,,601,181,köp,köp,k ø p,,FMSz,,,,,,køp,2,,
901-181-1,,901,181,śebśidʹi,śebśidʹi,ɕ e b ɕ i dʲ i,Uncertain cognacy,SlNgaRus,,,,,śebśidʹi,ɕebɕidʲi,3,,
902-181-1,,902,181,səbcyə°,səbcyə°,,,JurSWb,,,,,,,3,,
907-181-1,,907,181,süəsə- ~ süəsa-,süəsə- ~ süəsa-,s y ə s ə,,SolkWb,,,,,"süəsə-, süəsa-","syəsə-, syəsɑ-",4,,
0-182-1,,0,182,[Not reconstructable],,,,UEW;Sam88,,,,,,,?,[Not reconstructable],
203-182-1,,203,182,halkaista,halkaista,h ɑ l k ɑ i s t̪ ɑ,,JL,,,,,,hɑlkɑist̪ɑ,1,,
204-182-1,,204,182,halata,halata,,,KKSV,,,,,,,1,,
207-182-1,,207,182,haugoita,haugoita,,,VVS,,,,,,,1,,
208-182-1,,208,182,halaissa,halaissa,h ɑ l ɑ i sː ɑ,,InkmSk,,,,,halaissa,hɑlɑisːɑ,1,,
209-182-1,,209,182,le̮hkoma,le̮hkoma,l ɤ h k o m ɑ,,VKJMS,,,,,le̮hkoma,lɤhkomɑ,2,,
210-182-1,,210,182,lõhestada,lõhestada,l ɤ h e s t ɑ t ɑ,,SVSk,,,,,,lɤhestɑtɑ ,2,,
212-182-1,,212,182,lɔ̄ʾkstə,lɔ̄ʾkstə,,,LivWb,,,,,,,2,,
211-182-1,,211,182,poolõndama,poolõndama,,,VESr,,,,,,,3,"From PU *pälä 'half, side'?",
101-182-1,,101,182,låadtodh,låadtodh,,,NSsNdb,,,,,,,4,,
102-182-1,,102,182,luadˈdoot,luadˈdoot,,,WbWlap,,,,,,,4,,
105-182-1,,105,182,luddet,luddet,,,SSSg,,,,,,,4,,
106-182-1,,106,182,luod'diđ,luod'diđ,,,InsSSk,,,,,,,4,,
107-182-1,,107,182,luõʹdˈdjed,luõʹdˈdjed,,,SKosSk,,,,,,,4,,
108-182-1,,108,182,luenn’te,luenn’te,l u e nːʲ t e,,WOLD,,,,,,luenːʲte,4,,
301-182-1,,301,182,lazoms,lazoms,l ɑ z o m s,,MordWb,,,,,lazoms,lɑzoms,5,,
401-182-1,,401,182,šelam,šelam,ʃ e l ɑ m,,SMSk;TscherWb,,,,,šelam,ʃelɑm,6,,
501-182-1,,501,182,ćaške̮dni̮,ćaške̮dni̮,tɕ ɑ ʃ k ɤ d n ɯ,,SyrjWsch,,,,,ćaške̮dni̮,tɕɑʃkɤdnɯ,7,,
504-182-1,,504,182,pilʹi̮ni̮,pilʹi̮ni̮,p i ʎ ɯ n ɯ,,WotjWsch,,,,,pilʹi̮ni̮,piʎɯnɯ,8,,
601-182-1,,601,182,hasít,hasít,h ɒ ʃ iː t,,FMSz,,,,,,hɒʃiːt,9,Not cognate with MnsN “χusati”,
701-182-1,,701,182,χusati,χusati,x u s ɑ t i,,WogWb,,,,,χusati,xusɑti,10,"Not cognate with Hun ""hasít""",
807-182-1,,807,182,ḷăŋki̮t-,ḷăŋki̮t-,ɭ ɑ ̆ ŋ k ɯ t,,DEWbOstj,,,,,ḷăŋki̮t-,ɭɑ̆ŋkɯt-,11,,
902-182-1,,902,182,lyadəcy°,lyadəcy°,,,JurSWb,,,,,,,12,,
907-182-1,,907,182,paćal-,paćal-,p ɑ tɕ ɑ l,,SolkWb,,,,,paćal-,pɑtɕɑl-,13,,
501-182-2,,501,182,potke̮dni̮,potke̮dni̮,p o t k ɤ d n ɯ,,SyrjWsch,,,,,potke̮dni̮,potkɤdnɯ,14,,
807-182-2,,807,182,"pǝlkäχtǝ-, pelkitǝ-",pǝlkäχtǝ-,p ə l k æ x t ə,,DEWbOstj,,,,,"pəlkäχtə-, pelkitə-",pəlkæxtə-,15,"From PU *pälä 'half, side'?",
807-182-3,,807,182,"pǝlkäχtǝ-, pelkitǝ-",pelkitǝ-,p e l k i t ə,,DEWbOstj,,,,,"pəlkäχtə-, pelkitə-",pelkitə-,15,"From PU *pälä 'half, side'?",
106-182-2,,106,182,laŋŋiđ,laŋŋiđ,,,InsSSk,,,,,,,16,,
503-182-1,,503,182,vundi̮štni̮,vundi̮štni̮,v u n d ɯ ʃ t n ɯ,,KoPRSl,,,,,vundi̮štni̮,vundɯʃtnɯ,17,,
101-182-2,,101,182,lööpkedh,lööpkedh,,,NSsNdb,,,,,,,18,,
104-182-1,,104,182,juohket,juohket,,,EZ,,,,,,,19,From PU *jaka- 'divide',"'Split, separate'"
901-182-1,,901,182,ki̮rkaˀsa,ki̮rkaˀsa,k ɯ r k ɑ ʔ s ɑ,,SlNgaRus,,,,,ki̮rkaˀsa,kɯrkɑʔsɑ,20,,
901-182-2,,901,182,čəirśi,čəirśi,tʃ ə i r ɕ i,,SlNgaRus,,,,,čəirśi,tʃəirɕi,21,,
0-183-1,,0,183,[Not reconstructable],,,,UEW;Sam88,,,,,,,?,[Not reconstructable],
203-183-1,,203,183,puristaa,puristaa,p u r i s t̪ ɑː,,JL,,,,,,purist̪ɑː,1,,
204-183-1,,204,183,puristoa,puristoa,,,KKSV,,,,,,,1,,
208-183-1,,208,183,puristā,puristā,p u r i s t ɑː,,InkmSk,,,,,puristā,puristɑː,1,,
101-183-1,,101,183,dïelkestidh,dïelkestidh,,,NSsNdb,,,,,,,28,,
104-183-1,,104,183,tsibtsastit,tsibtsastit,,,EZ,,,,,,,29,,
208-183-2,,208,183,piɢistǟ,piɢistǟ,p i ɡ̥ i s t æː,,InkmSk,,,,,piɢistǟ,piɡ̥istæː,4,,
901-183-1,,901,183,"mebkiśi, mebkə̄dʹi",mebkiśi,m e b k i ɕ i,,SlNgaRus,,,,,"mebkiśi, mebkə̄dʹi",mebkiɕi,29,,
901-183-2,,901,183,"mebkiśi, mebkə̄dʹi",mebkə̄dʹi,m e b k əː dʲ i,,SlNgaRus,,,,,"mebkiśi, mebkə̄dʹi",mebkəːdʲi,29,,
208-183-3,,208,183,ahistā,ahistā,ɑ h i s t ɑː,,InkmSk,,,,,ahistā,ɑhistɑː,26,,
204-183-2,,204,183,litšata,litšata,,,KKSV,,,,,,,2,,
207-183-1,,207,183,kingitada,kingitada,,,NRVS,,,,,,,3,,
209-183-1,,209,183,pikʹissemä,pikʹissemä,p i c i sː e m æ,,VKJMS,,,,,piḱissemä,picisːemæ,4,,
210-183-1,,210,183,pigistada,pigistada,p i k i s tː ɑ t ɑ,,SVSk,,,,,,pikistːɑtɑ,4,,
211-183-1,,211,183,pitsitämä,pitsitämä,,,VESr,,,,,,,4,,
212-183-1,,212,183,pīkstə,pīkstə,,,LivWb,,,,,,,4,,
105-183-1,,105,183,čárvut,čárvut,,,SSSg,,,,,,,5,,
106-183-1,,106,183,čarvuđ,čarvuđ,,,InsSSk,,,,,,,5,,
107-183-1,,107,183,čärvvad,čärvvad,,,SKosSk,,,,,,,5,,
101-183-2,,101,183,dïebtjestehtedh,dïebtjestehtedh,,,NSsNdb,,,,,,,6,,
102-183-1,,102,183,deäptjoot,deäptjoot,,,WbWlap,,,,,,,6,,
107-183-2,,107,183,täävvad,täävvad,,,SKosSk,,,,,,,7,,
301-183-1,,301,183,lʹepštʹams,lʹepštʹams,ʎ e p ʃ tʲ ɑ m s,,MordWb,,,,,lʹepštʹams,ʎepʃtʲɑms,8,,
301-183-2,,301,183,čemeŕdʹems,čemeŕdʹems,tʃ e m e rʲ dʲ e m s,,MordWb,,,,,čemeŕdʹems,tʃemerʲdʲems,9,,
209-183-2,,209,183,puze̮rtē̮ma,puze̮rtē̮ma,p u z ɤ r t ɤː m ɑ,,VKJMS,,,,,puze̮rtē̮ma,puzɤrtɤːmɑ,10,"From PFU *pući̮-rV- 'squeeze, press (out)'",
401-183-1,,401,183,pə̑zə̑rem,pə̑zə̑rem,p ə z ə r e m,,SMSk;TscherWb,,,,,pə̑zə̑rem,pəzərem,10,"Possibly from PFU *pući̮-rV- 'squeeze, press (out)' (Hill Mari form ""pəzər-"" points to original front vowel, pointing to possible variation in stem-internal vowel)",
301-183-3,,301,183,śuvordams,śuvordams,ɕ u v o r d ɑ m s,,MordWb,,,,,śuvordams,ɕuvordɑms,11,,
501-183-1,,501,183,ni̮rni̮,ni̮rni̮,n ɯ r n ɯ,,SyrjWsch,,,,,ni̮rni̮,nɯrnɯ,12,,
501-183-2,,501,183,lʹićki̮ni̮,lʹićki̮ni̮,ʎ i tɕ k ɯ n ɯ,,SyrjWsch,,,,,lʹićki̮ni̮,ʎitɕkɯnɯ,13,,
504-183-1,,504,183,ńurani̮,ńurani̮,ɲ u r ɑ n ɯ,,WotjWsch,,,,,ńurani̮,ɲurɑnɯ,14,,
601-183-1,,601,183,nyom,nyom,ɲ o m,,FMSz,,,,,,ɲom,15,,
601-183-2,,601,183,szorít,szorít,s o r iː t,,FMSz,,,,,,soriːt,16,Deriv. from PFU *śorV 'narrow',
701-183-1,,701,183,marli,marli,m ɑ r l i,,WogWb,,,,,marli,mɑrli,17,,
807-183-1,,807,183,pətʹər-,pətʹər-,p ə tʲ ə r,,DEWbOstj,,,,,pətʹər-,pətʲər-,18,,
401-183-2,,401,183,puńčem,puńčem,p u ɲ tʃ e m,,SMSk;TscherWb,,,,,puńčem,puɲtʃem,19,,
504-183-2,,504,183,paćkati̮ni̮,paćkati̮ni̮,p ɑ tɕ k ɑ t ɯ n ɯ,,WotjWsch,,,,,paćkati̮ni̮,pɑtɕkɑtɯnɯ,20,,
907-183-1,,907,183,i̮p-,i̮p-,ɯ p,,SolkWb,,,,,i̮p-,ɯp-,20,,
807-183-2,,807,183,nöɣǝr-,nöɣǝr-,n ø ɣ ə r,,DEWbOstj,,,,,nöɣər-,nøɣər-,21,,
807-183-3,,807,183,paɣǝl-,paɣǝl-,p ɑ ɣ ə l,,DEWbOstj,,,,,paɣəl-,pɑɣəl-,22,,
902-183-1,,902,183,lat°ra°,lat°ra°,,,JurSWb,,,,,,,23,,
108-183-1,,108,183,paǯe,paǯe,p a d ʒ e,,WOLD,,,,,,padʒe,24,,
503-183-1,,503,183,žmitni̮,žmitni̮,ʒ m i t n ɯ,,KoPRSl,,,,,žmitni̮,ʒmitnɯ,25,,
0-184-1,,0,184,[Not reconstructable],,,,UEW;Sam88,,,,,,,?,[Not reconstructable],
108-184-1,,108,184,[Form not found],,,,WOLD,,,,,,,?,[Form not found],
203-184-1,,203,184,keppi,keppi,k e̞ pː i,,JL,,,,,,ke̞pːi,1,,
204-184-1,,204,184,keppi,keppi,,,KKSV,,,,,,,1,,
208-184-1,,208,184,keppi,keppi,k e pː i,,InkmSk,,,,,keppi,kepːi,1,,
209-184-1,,209,184,kʹeppi,kʹeppi,c e pː i,,VKJMS,,,,,ḱeppi,cepːi,1,,
210-184-1,,210,184,kepp,kepp,k e pː,,SVSk,,,,,,kepː,1,,
211-184-1,,211,184,kepp',kepp',,,VESr,,,,,,,1,,
207-184-1,,207,184,"kalʹjak, kalu",kalʹjak,,,VVS,,,,,,,2,,
207-184-2,,207,184,"kalʹjak, kalu",kalu,,,VVS,,,,,,,2,,
212-184-1,,212,184,kàikka,kàikka,,,LivWb,,,,,,,3,,
104-184-1,,104,184,såbbe,såbbe,,,EZ,,,,,,,4,,
105-184-1,,105,184,soabbi,soabbi,,,SSSg,,,,,,,4,,
106-184-1,,106,184,soab'bi,soab'bi,,,InsSSk,,,,,,,4,,
107-184-1,,107,184,suäʹbˈb,suäʹbˈb,,,SKosSk,,,,,,,4,,
102-184-1,,102,184,stauraa,stauraa,,,WbWlap,,,,,,,5,,
209-184-2,,209,184,pulik̄,pulik̄,p u l i kː,,VKJMS,,,,,pulik̄,pulikː,6,,
301-184-1,,301,184,palka,palka,p ɑ l k ɑ,,MordWb,,,,,palka,pɑlkɑ,6,,
601-184-1,,601,184,pálca,pálca,p aː l t s ɒ,,FMSz,,,,,,paːltsɒ,6,,
301-184-2,,301,184,mando,mando,m ɑ n d o,,MordWb,,,,,mando,mɑndo,7,,
401-184-1,,401,184,toja,toja,t o j ɑ,,SMSk;TscherWb,,,,,toja,tojɑ,8,"Cf. Chuvash ""tuja""",
501-184-1,,501,184,bedʹ,bedʹ,b e dʲ,,SyrjWsch,,,,,bedʹ,bedʲ,9,,
503-184-1,,503,184,bedʹ,bedʹ,b e dʲ,Stem “bedʹdʹ-”,KoPRSl,,,,,bedʹ,bedʲ,9,,
504-184-1,,504,184,bodi̮,bodi̮,b o d ɯ,,WotjWsch,,,,,bodi̮,bodɯ,9,,
601-184-2,,601,184,bot,bot,b o t,,FMSz,,,,,,bot,10,Probably not connected to Pe forms,
701-184-1,,701,184,sur,sur,s u r,Form used in dialect of Sosva in recent times not found,WogWb,,,,,sur,sur,11,Possibly borrowed via Khanty,
807-184-1,,807,184,sŏɣ,sŏɣ,s o ̆ ɣ,,DEWbOstj,,,,,sŏɣ,sŏɣ,12,,
901-184-1,,901,184,huaa,huaa,h u ɑ ɑ,,SlNgaRus,,,,,huaa,huɑɑ,13,,"'Wood, firewood, stick'"
902-184-1,,902,184,pya,pya,,,JurSWb,,,,,,,13,,"'Tree, wood, stick'"
907-184-1,,907,184,čīr(ə),čīr,tʃ iː r,,SolkWb,,,,,"čīr, čīrə",tʃiːr,14,,
211-184-2,,211,184,vääs,vääs,,,VESr,,,,,,,15,,
503-184-2,,503,184,bate̮g,bate̮g,b ɑ t ɤ ɡ,,KoPRSl,,,,,bate̮g,bɑtɤɡ,16,,
101-184-1,,101,184,stuehkie,stuehkie,,,NSsNdb,,,,,,,17,,
0-185-1,,0,185,[Not reconstructable],,,,UEW;Sam88,,,,,,,?,[Not reconstructable],
203-185-1,,203,185,suora,suora,s u o̞ r ɑ,,JL,,,,,,suo̞rɑ,1,Germanic etymology rejected in LÄGLOS,
204-185-1,,204,185,suora,suora,,,KKSV,,,,,,,1,Germanic etymology rejected in LÄGLOS,
208-185-1,,208,185,sōra,sōra,s oː r ɑ,,InkmSk,,,,,sōra,soːrɑ,1,Germanic etymology rejected in LÄGLOS,
107-185-1,,107,185,"vuõiggâd, vuõiǥâs",vuõiggâd,,,SKosSk,,,,,,,2,,
107-185-2,,107,185,"vuõiggâd, vuõiǥâs",vuõiǥâs,,,SKosSk,,,,,,,2,,
204-185-2,,204,185,oikie,oikie,,,KKSV,,,,,,,2,,
207-185-1,,207,185,oiged,oiged,,,VVS,,,,,,,2,,
208-185-2,,208,185,oikia,oikia,o i k i ɑ,,InkmSk,,,,,oikia,oikiɑ,2,,
211-185-1,,211,185,õgõv ~ õkv,õgõv ~ õkv,,,VESr,,,,,,,2,,
301-185-1,,301,185,vidʹe,vidʹe,v i dʲ e,,MordWb,,,,,vidʹe,vidʲe,2,Irreg. vowel correspondence,
401-185-1,,401,185,"βik, βijaš",βik,β i k,"Derivs. from ""βij"" 'strength'",SMSk;TscherWb,,,,,"βik, βijaš",βik,2,,
401-185-2,,401,185,"βik, βijaš",βijaš,β i j ɑ ʃ,"Derivs. from ""βij"" 'strength'",SMSk;TscherWb,,,,,"βik, βijaš",βijɑʃ,2,,
209-185-1,,209,185,sirkõa,sirkõa,s i r k ɤ ɑ,,EESR,,,,,sirke̮a,sirkɤɑ,3,,
210-185-1,,210,185,sirge,sirge,s i r k e,,SVSk,,,,,,sirke,3,,
211-185-2,,211,185,sirgõ,sirgõ,,,VESr,,,,,,,3,,
212-185-1,,212,185,kuʾodʹi,kuʾodʹi,,,LivWb,,,,,,,4,"From *koht(a)inen, cf. Fin ""kohti"" 'towards'",
102-185-1,,102,185,njualˈgada,njualˈgada,,,WbWlap,,,,,,,5,,
104-185-1,,104,185,njuallga,njuallga,,,EZ,,,,,,,5,,
105-185-1,,105,185,njuolgat,njuolgat,,,SSSg,,,,,,,5,,
106-185-1,,106,185,njuol'gad,njuol'gad,,,InsSSk,,,,,,,5,,
108-185-1,,108,185,njollke,njollke,ɲ o lː k e,,WOLD,,,,,,ɲolːke,5,,
101-185-1,,101,185,rïekte,rïekte,,,NSsNdb,,,,,,,6,,
102-185-2,,102,185,räkˈtee,räkˈtee,,,WbWlap,,,,,,,6,,
501-185-1,,501,185,veśki̮d,veśki̮d,v e ɕ k ɯ d,,SyrjWsch,,,,,veśki̮d,veɕkɯd,7,,
503-185-1,,503,185,veśki̮t,veśki̮t,v e ɕ k ɯ t,,KoPRSl;RB,,,,,veśki̮t,veɕkɯt,7,,
504-185-1,,504,185,šońer,šońer,ʃ o ɲ e r,,WotjWsch,,,,,šońer,ʃoɲer,8,,
401-185-3,,401,185,tura,tura,t u r ɑ,,SMSk;TscherWb,,,,,tura,turɑ,9,,"'Steep, straight'"
601-185-1,,601,185,egyenes,egyenes,ɛ ɟ ɛ n ɛ ʃ,,FMSz,,,,,,ɛɟɛnɛʃ,10,,
701-185-1,,701,185,soχt,soχt,s o x t,,WogWb,,,,,soχt,soxt,11,,
807-185-1,,807,185,tŏŋ,tŏŋ,t o ̆ ŋ,"Indicated as not meaning 'straight' in Eastern dialects, but no other form found",DEWbOstj,,,,,tŏŋ,tŏŋ,12,,
902-185-1,,902,185,nyenca,nyenca,,,JurSWb,,,,,,,13,,
907-185-1,,907,185,tāt ~ tātəŋ,tāt ~ tātəŋ,t ɑː t,,SolkWb,,,,,"tāt, tātəŋ","tɑːt, tɑːtəŋ",14,,
901-185-1,,901,185,nəməgə̄,nəməgə̄,n ə m ə ɡ əː,,SlNgaRus,,,,,nəməgə̄,nəməɡəː,16,,
0-186-1,,0,186,[Not reconstructable],,,,UEW;Sam88,,,,,,,?,[Not reconstructable],
203-186-1,,203,186,aurinko,aurinko,ɑ w r i ŋ k o̞,,JL,,,,,,ɑwriŋko̞,1,"Derived from Finnic *auteri 'haze, mist' > *auterinko > *auðrinko > aurinko",
101-186-1,,101,186,biejjie,biejjie,,,NSsNdb,,,,,,,2,,
102-186-1,,102,186,bäìvee,bäìvee,,,WbWlap,,,,,,,2,,
104-186-1,,104,186,bäjjve,bäjjve,,,EZ,,,,,,,2,,
105-186-1,,105,186,"beaivváš, beaivi",beaivváš,,,SSSg,,,,,,,2,,
105-186-2,,105,186,"beaivváš, beaivi",beaivi,,,SSSg,,,,,,,2,,
106-186-1,,106,186,"peivi, peäiváž",peivi,,,InsSSk,,,,,,,2,,
106-186-2,,106,186,"peivi, peäiváž",peäiváž,,,InsSSk,,,,,,,2,,
107-186-1,,107,186,peiʹvv,peiʹvv,,,SKosSk,,,,,,,2,,
108-186-1,,108,186,piejjv,piejjv,p i e jː v,,WOLD,,,,,,piejːv,2,,
204-186-1,,204,186,päivä,päivä,,,KKSV,,,,,,,2,,
207-186-1,,207,186,päiväine,päiväine,,,VVS,,,,,,,2,,
208-186-1,,208,186,päivüᴅ,päivüᴅ,p æ i v y d̥,,InkmSk,,,,,päivüᴅ,pæivyd̥,2,,
209-186-1,,209,186,päiv́,päiv́,p æ i vʲ,,VKJMS,,,,,päiv́,pæivʲ,2,,
210-186-1,,210,186,päike,päike,p æ i kː e,,SVSk,,,,,,pæikːe,2,,
211-186-1,,211,186,päiv,päiv,,,VESr,,,,,,,2,,
212-186-1,,212,186,"pǟva, pǟvalikki",pǟva,,,LivWb,,,,,,,2,,
212-186-2,,212,186,"pǟva, pǟvalikki",pǟvalikki,,,LivWb,,,,,,,2,,
301-186-1,,301,186,či,či,tʃ i,,MordWb,,,,,či,tʃi,3,,
401-186-1,,401,186,keče,keče,k e tʃ e,,SMSk;TscherWb,,,,,keče,ketʃe,3,,
501-186-1,,501,186,šondi,šondi,ʃ o n d i,,SyrjWsch,,,,,šondi,ʃondi,4,From PFP *šonV 'warm',
503-186-1,,503,186,šondi,šondi,ʃ o n d i,,KoPRSl,,,,,šondi,ʃondi,4,From PFP *šonV 'warm',
504-186-1,,504,186,šundi̮,šundi̮,ʃ u n d ɯ,,WotjWsch,,,,,šundi̮,ʃundɯ,4,From PFP *šonV 'warm',
601-186-1,,601,186,nap,nap,n ɒ p,,FMSz,,,,,,nɒp,5,,
701-186-1,,701,186,χōtal,χōtal,x oː t ɑ l,,WogWb,,,,,χōtal,xoːtɑl,6,,
901-186-1,,901,186,kou,kou,k o u,From PU *kaja,SlNgaRus,,,,,kou,kou,6,,
902-186-1,,902,186,xayer°q ~ xayer,xayer°q ~ xayer,,,JurSWb,,,,,,,6,,
807-186-1,,807,186,süŋk,süŋk,s y ŋ k,,DEWbOstj,,,,,süŋk,syŋk,7,,
907-186-1,,907,186,ćēlə,ćēlə,tɕ eː l ə,,SolkWb,,,,,ćēlə,tɕeːlə,8,,
0-187-1,,0,187,[Not reconstructable],,,,UEW;Sam88,,,,,,,?,[Not reconstructable],
101-187-1,,101,187,[Form not found],,,,NSsNdb,,,,,,,?,[Form not found],
108-187-1,,108,187,poaz,poaz,p ɒː z,,WOLD,,,,,,pɒːz,1,,
203-187-1,,203,187,paisua,paisua,p ɑ i s u ɑ,,JL,,,,,,pɑisuɑ,1,Germanic origin rejected in LÄGLOS,
208-187-1,,208,187,paisua,paisua,p ɑ i s u ɑ,,InkmSk,,,,,paisua,pɑisuɑ,1,Germanic etymology rejected in LÄGLOS,
209-187-1,,209,187,paize̮ttuma,paize̮ttuma,p ɑ i z ɤ tː u m ɑ,,VKJMS,,,,,paize̮ttuma,pɑizɤtːumɑ,1,Germanic etymology rejected in LÄGLOS,
210-187-1,,210,187,paisuda,paisuda,p ɑ i s u t ɑ,,SVSk,,,,,,pɑisutɑ,1,Germanic etymology rejected in LÄGLOS,
211-187-1,,211,187,paisuma,paisuma,,,VESr,,,,,,,1,Germanic etymology rejected in LÄGLOS,
212-187-1,,212,187,paìzə,paìzə,,,LivWb,,,,,,,1,Germanic etymology rejected in LÄGLOS,
203-187-2,,203,187,turvota,turvota,t̪ u r ʋ o̞ t ɑ,,JL,,,,,,t̪urʋo̞tɑ,2,,
204-187-1,,204,187,turvota,turvota,,,KKSV,,,,,,,2,,
207-187-1,,207,187,turbota,turbota,,,VVS,,,,,,,2,,
209-187-2,,209,187,turpouma,turpouma,t u r p o u m ɑ,,VKJMS,,,,,turpouma,turpoumɑ,2,,
102-187-1,,102,187,buhtanit,buhtanit,,,WbWlap,,,,,,,3,,Only of body parts?
104-187-1,,104,187,båhtånit,båhtånit,,,EZ,,,,,,,3,,
105-187-1,,105,187,bohtanit,bohtanit,,,SSSg,,,,,,,3,,
107-187-1,,107,187,pååssad,pååssad,,Homonymous with verb meaning 'blow',SKosSk,,,,,,,4,,
301-187-1,,301,187,targoźems,targoźems,t ɑ r ɡ o ʑ e m s,,MordWb,,,,,targoźems,tɑrɡoʑems,5,,
401-187-1,,401,187,löčem,löčem,l ø tʃ e m,,SMSk;TscherWb,,,,,löčem,løtʃem,6,"Cogn. with NSa ""luoccât"" 'get soaked through'",
501-187-1,,501,187,pi̮kti̮ni̮,pi̮kti̮ni̮,p ɯ k t ɯ n ɯ,,SyrjWsch,,,,,pi̮kti̮ni̮,pɯktɯnɯ,8,,
504-187-1,,504,187,pi̮kti̮ni̮,pi̮kti̮ni̮,p ɯ k t ɯ n ɯ,,WotjWsch,,,,,pi̮kti̮ni̮,pɯktɯnɯ,8,,
501-187-2,,501,187,dundi̮ni̮,dundi̮ni̮,d u n d ɯ n ɯ,,SyrjWsch,,,,,dundi̮ni̮,dundɯnɯ,9,Possibly deriv. from PFU *toŋV- 'swell',
504-187-2,,504,187,te̮rnani̮,te̮rnani̮,t ɤ r n ɑ n ɯ,,WotjWsch,,,,,te̮rnani̮,tɤrnɑnɯ,10,,
701-187-1,,701,187,sili,sili,s i l i,,WogWb,,,,,sili,sili,11,,
807-187-1,,807,187,pŏɣəl-,pŏɣəl-,p o ̆ ɣ ə l,,DEWbOstj,,,,,pŏɣəl-,pŏɣəl-,12,,
902-187-1,,902,187,payerye°,payerye°,,,JurSWb,,,,,,,13,,
907-187-1,,907,187,čaŋku-,čaŋku-,tʃ ɑ ŋ k u,,SolkWb,,,,,čaŋku-,tʃɑŋku-,14,,
106-187-1,,106,187,putlaniđ,putlaniđ,,,InsSSk,,,,,,,15,,
209-187-3,,209,187,pahke̮ne̮ma,pahke̮ne̮ma,p ɑ h k ɤ n ɤ m ɑ,,VKJMS,,,,,pahke̮ne̮ma,pɑhkɤnɤmɑ,16,,
503-187-1,,503,187,polʹdi̮ni̮,polʹdi̮ni̮,p o ʎ d ɯ n ɯ,,KoPRSl,,,,,polʹdi̮ni̮,poʎdɯnɯ,17,,
105-187-2,,105,187,báisat,báisat,,,SSSg,,,,,,,1,,
601-187-1,,601,187,dagad,dagad,d ɒ ɡ ɒ d,,FMSz,,,,,,dɒɡɒd,18,Possibly deriv. from PFU *toŋV- 'swell',
901-187-1,,901,187,hońüdʹi,hońüdʹi,h o ɲ y dʲ i,,SlNgaRus,,,,,hońüdʹi,hoɲydʲi,19,,
0-188-1,,0,188,*uji̮-,*uji̮-,,,UEW;Sam88,,,,,,,1,,
101-188-1,,101,188,"voejedh, voejedidh",voejedh,,,NSsNdb,,,,,,,1,,
101-188-2,,101,188,"voejedh, voejedidh",voejedidh,,,NSsNdb,,,,,,,1,,
102-188-1,,102,188,vuajjat,vuajjat,,,WbWlap,,,,,,,1,,
104-188-1,,104,188,vuodjat,vuodjat,,,EZ,,,,,,,1,,
105-188-1,,105,188,vuodjat,vuodjat,,,SSSg,,,,,,,1,,
106-188-1,,106,188,vuoijađ,vuoijađ,,,InsSSk,,,,,,,1,,
107-188-1,,107,188,vuõjjâd,vuõjjâd,,,SKosSk,,,,,,,1,,
108-188-1,,108,188,vūjje,vūjje,v uː jː e,,WOLD,,,,,,vuːjːe,1,,
203-188-1,,203,188,uida,uida,u i d ɑ,,JL,,,,,,uidɑ,1,,
204-188-1,,204,188,uija,uija,,,KKSV,,,,,,,1,,
207-188-1,,207,188,ujuda,ujuda,,,VVS,,,,,,,1,,
208-188-1,,208,188,uj̆jūa,uj̆jūa,u j ̆ j uː ɑ,,InkmSk,,,,,uj̆jūa,uj̆juːɑ,1,,
209-188-1,,209,188,ujuma,ujuma,u j u m ɑ,,VKJMS,,,,,ujuma,ujumɑ,1,,
210-188-1,,210,188,ujuda,ujuda,u j u t ɑ,,SVSk,,,,,,ujutɑ,1,,
211-188-1,,211,188,ujoma ~ oidma,ujoma ~ oidma,,,VESr,,,,,,,1,,
212-188-1,,212,188,voìgə,voìgə,,,LivWb,,,,,,,1,,
301-188-1,,301,188,ujems,ujems,u j e m s,,MordWb,,,,,ujems,ujems,1,,
401-188-1,,401,188,ijam,ijam,i j ɑ m,,SMSk;TscherWb,,,,,ijam,ijɑm,1,,
501-188-1,,501,188,ujavni̮,ujavni̮,u j ɑ v n ɯ,,SyrjWsch,,,,,ujavni̮,ujɑvnɯ,1,,
503-188-1,,503,188,ujavni̮,ujavni̮,u j ɑ v n ɯ,,KoPRSl,,,,,ujavni̮,ujɑvnɯ,1,,
504-188-1,,504,188,ujani̮,ujani̮,u j ɑ n ɯ,,WotjWsch,,,,,ujani̮,ujɑnɯ,1,,
601-188-1,,601,188,úszik,úszik,uː s i k,,FMSz,,,,,,uːsik,1,,
701-188-1,,701,188,uji,uji,u j i,,WogWb,,,,,uji,uji,1,,
807-188-1,,807,188,"otʹ-, otʹlʹil-",otʹ-,o tʲ,,DEWbOstj,,,,,"otʹ-, otʹlʹil-",otʲ-,1,,
807-188-2,,807,188,"otʹ-, otʹlʹil-",otʹlʹil-,o tʲ ʎ i l,,DEWbOstj,,,,,"otʹ-, otʹlʹil-",otʲʎil-,1,,
902-188-1,,902,188,ŋoxəlcy°,ŋoxəlcy°,,,JurSWb,,,,,,,1,,
907-188-1,,907,188,ū-,ū-,uː,,SolkWb,,,,,ū-,uː-,1,,
501-188-2,,501,188,vartʹći̮ni̮,vartʹći̮ni̮,v ɑ r tʲ tɕ ɯ n ɯ,,SyrjWsch,,,,,vartʹći̮ni̮,vɑrtʲtɕɯnɯ,2,,
807-188-3,,807,188,ńorǝɣ-,ńorǝɣ-,ɲ o r ə ɣ,,DEWbOstj,,,,,ńorəɣ-,ɲorəɣ-,3,,
901-188-1,,901,188,hoδi̮rsi̮,hoδi̮rsi̮,h o ð ɯ r s ɯ,,SlNgaRus,,,,,hoδi̮rsi̮,hoðɯrsɯ,4,,
0-189-1,,0,189,*to-,*to-,,,UEW;Sam88,,,,,,,1,,
101-189-1,,101,189,dohte,dohte,,,NSsNdb,,,,,,,1,,
102-189-1,,102,189,dühta,dühta,,,WbWlap,,,,,,,1,,
104-189-1,,104,189,dut,dut,,,EZ,,,,,,,1,,
105-189-1,,105,189,duot,duot,,,SSSg,,,,,,,1,,'That (near)'
106-189-1,,106,189,tuot,tuot,,,InsSSk,,,,,,,1,,
107-189-1,,107,189,tut,tut,,,SKosSk,,,,,,,1,,
108-189-1,,108,189,tudt,tudt,t u dː,,WOLD,,,,,,tudː,1,,
203-189-1,,203,189,tuo,tuo,t̪ u o̞,,JL,,,,,,t̪uo̞,1,,
204-189-1,,204,189,tuo,tuo,,,KKSV,,,,,,,1,,
208-189-1,,208,189,tō,tō,t oː,,InkmSk,,,,,tō,toː,1,,
209-189-1,,209,189,tò,tò,t ò,,VKJMS,,,,,tò,tò,1,,
210-189-1,,210,189,too,too,t oː,,SVSk,,,,,,toː,1,,
211-189-1,,211,189,"tuu, taa",tuu,,,VESr,,,,,,,1,,
211-189-2,,211,189,"tuu, taa",taa,,,VESr,,,,,,,1,,
301-189-1,,301,189,tona,tona,t o n ɑ,,MordWb,,,,,tona,tonɑ,1,,
401-189-1,,401,189,"tu, tuδo",tu,t u,Former attr.,SMSk;TscherWb,,,,,"tu, tuδo",tu,1,,
401-189-2,,401,189,"tu, tuδo",tuδo,t u ð o,Former attr.,SMSk;TscherWb,,,,,"tu, tuδo",tuðo,1,,
501-189-1,,501,189,ti̮,ti̮,t ɯ,,SyrjWsch,,,,,ti̮,tɯ,1,,
807-189-1,,807,189,"tom ~ tŏm, tomi̮",tom ~ tŏm,t o m,Former as attribute; latter freestanding,DEWbOstj,,,,,"tom, tŏm, tomi̮","tom, tŏm, tomɯ",1,,
807-189-2,,807,189,"tom ~ tŏm, tomi̮",tomi̮,t o m ɯ,Former as attribute; latter freestanding,DEWbOstj,,,,,"tom, tŏm, tomi̮",tomɯ,1,,
901-189-1,,901,189,taaniə,taaniə,t ɑː n i ə,From PSd *tå- 'that'?,SlNgaRus,,,,,tāniə,tɑːniə,1,,
902-189-1,,902,189,taki°,taki°,,,JurSWb,,,,,,,1,Deriv. from PSd *tå- 'that',
907-189-1,,907,189,tō,tō,t oː,,SolkWb,,,,,tō,toː,1,From PSd *tå- 'that',
209-189-2,,209,189,sē,sē,s eː,,VKJMS,,,,,sē,seː,2,,
210-189-2,,210,189,see,see,s eː,,SVSk,,,,,,seː,2,,
212-189-1,,212,189,se,se,,,LivWb,,,,,,,2,,
301-189-2,,301,189,śe,śe,ɕ e,,MordWb,,,,,śe,ɕe,2,,
501-189-2,,501,189,sije̮,sije̮,s i j ɤ,,SyrjWsch,,,,,sije̮,sijɤ,2,,
503-189-1,,503,189,sija,sija,s i j ɑ,,KoPRSl,,,,,sija,sijɑ,2,,
504-189-1,,504,189,so,so,s o,,WotjWsch,,,,,so,so,2,,
207-189-1,,207,189,nakkalaine,nakkalaine,,,NRVS,,,,,,,3,,
0-189-2,,0,189,*o- ~ u-,*o- ~ u-,,,UEW;Sam88,,,,,,,4,,
601-189-1,,601,189,az,az,ɒ z,,FMSz,,,,,,ɒz,4,,
701-189-1,,701,189,ta,ta,t ɑ,,WogWb,,,,,ta,tɑ,5,Not from PU *to-?,
108-189-2,,108,189,što,što,ʃ t o,,WOLD,,,,,,ʃto,6,,
105-189-2,,105,189,dot,dot,,,SSSg,,,,,,,7,,'That (farther away)'
401-189-3,,401,189,saδe,saδe,s ɑ ð e,,SMSk;TscherWb,,,,,saδe,sɑðe,8,Probably not from PU *će ~ ći,
901-189-2,,901,189,təti,təti,t ə t i,"From PSd *tə- 'this, that'",SlNgaRus,,,,,təti,təti,9,,"'This, that'"
901-189-3,,901,189,takə̄,takə̄,t ɑ k əː,From PSd *tak(ə)-,SlNgaRus,,,,,takə̄,tɑkəː,10,,"'Back, rear; that (further)'"
0-19-1,,0,19,*käti,*käti,,PFU: *käti,UEW;Sam88,,,,,,,1,,
101-19-1,,101,19,gïete,gïete,,,NSsNdb,,,,,,,1,,
102-19-1,,102,19,giahta,giahta,,,WbWlap,,,,,,,1,,
104-19-1,,104,19,giehta,giehta,,,EZ,,,,,,,1,,
105-19-1,,105,19,giehta,giehta,,,SSSg,,,,,,,1,,
106-19-1,,106,19,kieta,kieta,,,InsSSk,,,,,,,1,,
107-19-1,,107,19,ǩiõtt,ǩiõtt,,,SKosSk,,,,,,,1,,
108-19-1,,108,19,kīdt,kīdt,k iː dː,,WOLD,,,,,,kiːdː,1,,
203-19-1,,203,19,käsi,käsi,k æ s i,,JL,,,,,,kæsi,1,,
204-19-1,,204,19,käsi,käsi,,,KKSV,,,,,,,1,,
207-19-1,,207,19,käźi,käźi,,,VVS,,,,,,,1,,
208-19-1,,208,19,käzi,käzi,k æ z i,,InkmSk,,,,,käzi,kæzi,1,,
209-19-1,,209,19,tšäsi,tšäsi,tʃ æ s i,,VKJMS,,,,,čäsi,tʃæsi,1,,
210-19-1,,210,19,käsi,käsi,k æ s i,,SVSk,,,,,,kæsi,1,,
211-19-1,,211,19,käsi,käsi,,,VESr,,,,,,,1,,
212-19-1,,212,19,keʾiž ~ keʾžʹ,keʾiž ~ keʾžʹ,,,LivWb,,,,,,,1,,
301-19-1,,301,19,kedʹ,kedʹ,k e dʲ,,MordWb,,,,,kedʹ,kedʲ,1,,
401-19-1,,401,19,kit,kit,k i t,,SMSk;TscherWb,,,,,kit,kit,1,,
501-19-1,,501,19,ki,ki,k i,,SyrjWsch,,,,,ki,ki,1,,
503-19-1,,503,19,ki,ki,k i,,KoPRSl,,,,,ki,ki,1,,
504-19-1,,504,19,ki,ki,k i,,WotjWsch,,,,,ki,ki,1,,
601-19-1,,601,19,kéz,kéz,k eː z,,FMSz,,,,,,keːz,1,,
701-19-1,,701,19,kāt,kāt,k ɑː t,,WogWb,,,,,kāt,kɑːt,1,,
807-19-1,,807,19,köt,köt,k ø t,,DEWbOstj,,,,,köt,køt,1,,
901-19-1,,901,19,dʹütü,dʹütü,dʲ y t y,,SlNgaRus,,,,,dʹütü,dʲyty,2,,
902-19-1,,902,19,ŋuda,ŋuda,,,JurSWb,,,,,,,2,,
907-19-1,,907,19,utə,utə,u t ə,,SolkWb,,,,,utə,utə,2,,
0-190-1,,0,190,[Not reconstructable],,,Possibly an inflected form of a pronominal stem used in this meaning; cannot be reconstructed,UEW;Sam88,,,,,,,?,[Not reconstructable],
209-190-1,,209,190,[Form not found],,,,VKJMS,,,,,,,?,[Form not found],
101-190-1,,101,190,"dagka, dagkoe",dagka,,,NSsNdb,,,,,,,1,,
101-190-2,,101,190,"dagka, dagkoe",dagkoe,,,NSsNdb,,,,,,,1,,
102-190-1,,102,190,duggù,duggù,,,WbWlap,,,,,,,1,,
104-190-1,,104,190,dunne,dunne,,,EZ,,,,,,,1,,
105-190-1,,105,190,duos,duos,,,SSSg,,,,,,,1,,'There (near)'
106-190-1,,106,190,"tovben, tuo, tyebbin",tovben,,,InsSSk,,,,,,,1,,
106-190-2,,106,190,"tovben, tuo, tyebbin",tuo,,,InsSSk,,,,,,,1,,
106-190-3,,106,190,"tovben, tuo, tyebbin",tyebbin,,,InsSSk,,,,,,,1,,
107-190-1,,107,190,toʹben ~ tåʹben,toʹben ~ tåʹben,,,SKosSk,,,,,,,1,,
108-190-1,,108,190,tam’pe,tam’pe,t a mʲ p e,,WOLD,,,,,,tamʲpe,1,,
203-190-1,,203,190,tuolla,tuolla,t̪ u o̞ lː ɑ,,JL,,,,,,t̪uo̞lːɑ,1,,
204-190-1,,204,190,tuolla,tuolla,,,KKSV,,,,,,,1,,
208-190-1,,208,190,tōal,tōal,t oː ɑ l,,InkmSk,,,,,tōal,toːɑl,1,,
301-190-1,,301,190,toso,toso,t o s o,,MordWb,,,,,toso,toso,1,,
401-190-1,,401,190,tušto,tušto,t u ʃ t o,,SMSk;TscherWb,,,,,tušto,tuʃto,1,,
701-190-1,,701,190,tot,tot,t o t,,WogWb,,,,,tot,tot,1,,
807-190-1,,807,190,tot,tot,t o t,,DEWbOstj,,,,,tot,tot,1,,
901-190-1,,901,190,"təni, təńiˀia",təni,t ə n i,"Derivs. from ""təə"" 'this'",SlNgaRus,,,,,"təni, təńiˀia",təni,1,,
901-190-2,,901,190,"təni, təńiˀia",təńiˀia,t ə ɲ i ʔ i ɑ,"Derivs. from ""təə"" 'this'",SlNgaRus,,,,,"təni, təńiˀia",təɲiʔiɑ,1,,
902-190-1,,902,190,tay°na,tay°na,,,JurSWb,,,,,,,1,,
907-190-1,,907,190,tōntə,tōntə,t oː n t ə,,SolkWb,,,,,tōntə,toːntə,1,,
207-190-1,,207,190,nakka(na),nakka,,,VVS,,,,,,,2,,
210-190-1,,210,190,seal,seal,s e ɑ l,,SVSk,,,,,,seɑl ,3,,
211-190-1,,211,190,sääl,sääl,,,VESr,,,,,,,3,,
212-190-1,,212,190,sǟʾl,sǟʾl,,,LivWb,,,,,,,3,,
301-190-2,,301,190,śese,śese,ɕ e s e,,MordWb,,,,,śese,ɕese,3,,
501-190-1,,501,190,"sen, seni, sete̮n",sen,s e n,,SyrjWsch,,,,,"sen, seni, sete̮n",sen,3,,
501-190-2,,501,190,"sen, seni, sete̮n",seni,s e n i,,SyrjWsch,,,,,"sen, seni, sete̮n",seni,3,,
501-190-3,,501,190,"sen, seni, sete̮n",sete̮n,s e t ɤ n,,SyrjWsch,,,,,"sen, seni, sete̮n",setɤn,3,,
503-190-1,,503,190,"sete̮n, sećin",sete̮n,s e t ɤ n,,KoPRSl,,,,,"sete̮n, sećin",setɤn,3,,
503-190-2,,503,190,"sete̮n, sećin",sećin,s e tɕ i n,,KoPRSl,,,,,"sete̮n, sećin",setɕin,3,,
501-190-4,,501,190,este̮n,este̮n,e s t ɤ n,,SyrjWsch,,,,,este̮n,estɤn,4,,"Comp. with ""sete̮n"", also 'there'"
901-190-3,,901,190,əməńi,əməńi,ə m ə ɲ i,"Deriv. from ""əmə"" 'this'",SlNgaRus,,,,,əməńi,əməɲi,4,,
504-190-1,,504,190,oti̮n,oti̮n,o t ɯ n,,WotjWsch,,,,,oti̮n,otɯn,5,,
601-190-1,,601,190,ott,ott,o tː,,FMSz,,,,,,otː,5,,
105-190-2,,105,190,dos,dos,,,SSSg,,,,,,,6,,"'There (farther away)'; deriv. from ""dot"""
0-191-1,,0,191,[Not reconstructable],,,PFU: *čupa; *wekkV,UEW;Sam88,,,,,,,?,[Not reconstructable],
203-191-1,,203,191,ohut,ohut,o̞ ɦ u t̪,,JL,,,,,,o̞ɦut̪,1,,
210-191-1,,210,191,õhukene,õhukene,ɤ h u kː e n e,,SVSk,,,,,,ɤhukːene,1,,
211-191-1,,211,191,"ohukõnõ, ohku, ohuq ~ ohut",ohukõnõ,,,VESr,,,,,,,1,,
211-191-2,,211,191,"ohukõnõ, ohku, ohuq ~ ohut",ohku,,,VESr,,,,,,,1,,
211-191-3,,211,191,"ohukõnõ, ohku, ohuq ~ ohut",ohuq ~ ohut,,,VESr,,,,,,,1,,
204-191-1,,204,191,hoikka,hoikka,,,KKSV,,,,,,,2,,
207-191-1,,207,191,hoik,hoik,,,VVS,,,,,,,2,,
208-191-1,,208,191,"hoikka, hoikkain",hoikka,h o i kː ɑ,,InkmSk,,,,,"hoikka, hoikkain",hoikːɑ,2,,
208-191-2,,208,191,"hoikka, hoikkain",hoikkain,h o i kː ɑ i n,,InkmSk,,,,,"hoikka, hoikkain",hoikːɑin,2,,
209-191-1,,209,191,hoik̄,hoik̄,h o i kː,,VKJMS,,,,,hoik̄,hoikː,2,,
212-191-1,,212,191,vòitti,vòitti,,"Dialectally also ""vòik""",LivWb,,,,,,,2,From *hoikka,
104-191-1,,104,191,asetis,asetis,,,EZ,,,,,,,3,,Of flat things
105-191-1,,105,191,asehaš,asehaš,,,SSSg,,,,,,,3,,
106-191-1,,106,191,asettem,asettem,,,InsSSk,,,,,,,3,,
107-191-1,,107,191,ââʹzzteʹm(es),ââʹzzteʹm,,,SKosSk,,,,,,,3,,
102-191-1,,102,191,njuaras,njuaras,,,WbWlap,,,,,,,4,,
101-191-1,,101,191,jissehts,jissehts,,,NSsNdb,,,,,,,5,,Of flat things
102-191-2,,102,191,jisèhtadtja,jisèhtadtja,,,WbWlap,,,,,,,5,,
807-191-1,,807,191,ätǝm,ätǝm,æ t ə m,,DEWbOstj,,,,,ätəm,ætəm,6,,"'Bad, thin, wrong'"
301-191-1,,301,191,"čova, čovińe",čova,tʃ o v ɑ,,MordWb,,,,,"čova, čovińe",tʃovɑ,7,,
301-191-2,,301,191,"čova, čovińe",čovińe,tʃ o v i ɲ e,,MordWb,,,,,"čova, čovińe",tʃoviɲe,7,,
401-191-1,,401,191,βičkə̑ž,βičkə̑ž,β i tʃ k ə ʒ,,SMSk;TscherWb,,,,,βičkə̑ž,βitʃkəʒ,8,"Cogn. with Kar ""vätšykkäine"" 'slight, smallish'",
501-191-1,,501,191,vesńi̮d,vesńi̮d,v e s ɲ ɯ d,,SyrjWsch,,,,,vesńi̮d,vesɲɯd,9,,
503-191-1,,503,191,ve̮sńit,ve̮sńit,v ɤ s ɲ i t,,KoPRSl;RB,,,,,ve̮sńit,vɤsɲit,9,,
504-191-1,,504,191,vekći,vekći,v e k tɕ i,,WotjWsch,,,,,vekći,vektɕi,10,,
601-191-1,,601,191,vékony,vékony,v eː k o ɲ,,FMSz,,,,,,veːkoɲ,10,,
701-191-1,,701,191,ośśa,ośśa,o ɕː ɑ,,WogWb,,,,,ośśa,oɕːɑ,11,,
807-191-2,,807,191,woɣəlʹ,woɣəlʹ,w o ɣ ə ʎ,,DEWbOstj,,,,,woɣəlʹ,woɣəʎ,12,,
901-191-1,,901,191,dʹobtəgə̄,dʹobtəgə̄,dʲ o b t ə ɡ əː,,SlNgaRus,,,,,dʹobtəgə̄,dʲobtəɡəː,13,,
902-191-1,,902,191,yabta,yabta,,,JurSWb,,,,,,,13,,"'Thin, lanky, meager'"
907-191-1,,907,191,ćōptə,ćōptə,tɕ oː p t ə,,SolkWb,,,,,ćōptə,tɕoːptə,13,,
101-191-2,,101,191,siegkies,siegkies,,,NSsNdb,,,,,,,14,,Of round things and people
104-191-2,,104,191,sägge,sägge,,,EZ,,,,,,,14,,
108-191-1,,108,191,sieŋ’kes’,sieŋ’kes’,s i e ŋʲ k e sʲ,,WOLD,,,,,,sieŋʲkesʲ,14,,
208-191-3,,208,191,hēno,hēno,h eː n o,,InkmSk,,,,,hēno,heːno,15,,
209-191-2,,209,191,лaih,лaih,l ɑ i h,,VKJMS,,,,,laih,lɑih,16,,
209-191-3,,209,191,ne̮dr(a),ne̮dr,n ɤ d r,,VKJMS,,,,,"ne̮dr, ne̮dra",nɤdr,17,,
104-191-3,,104,191,livak,livak,,,EZ,,,,,,,18,,
901-191-2,,901,191,ńeu,ńeu,ɲ e u,,SlNgaRus,,,,,ńeu,ɲeu,19,,"'Thin, narrow'"
0-192-1,,0,192,[Not reconstructable],,,,UEW;Sam88,,,,,,,?,[Not reconstructable],
203-192-1,,203,192,ajatella,ajatella,ɑ j ɑ t̪ e̞ lː ɑ,,JL,,,,,,ɑjɑt̪e̞lːɑ,1,,
204-192-1,,204,192,tuumaija,tuumaija,,,KKSV,,,,,,,2,,
207-192-1,,207,192,meletada,meletada,,,VVS,,,,,,,3,From PFP *mäli 'mind',
501-192-1,,501,192,me̮vnavni̮,me̮vnavni̮,m ɤ v n ɑ v n ɯ,,SyrjWsch,,,,,me̮vnavni̮,mɤvnɑvnɯ,3,Deriv. from PFP *mäli,
504-192-1,,504,192,malpani̮,malpani̮,m ɑ l p ɑ n ɯ,,WotjWsch,,,,,malpani̮,mɑlpɑnɯ,3,Deriv. from PFP *mäli,
210-192-1,,210,192,mõ(t)elda,mõelda,m ɤ tː e l t ɑ,,SVSk,,,,,,mɤ(tː)eltɑ,4,,
211-192-1,,211,192,mõtlõma,mõtlõma,,,VESr,,,,,,,4,,
212-192-1,,212,192,mē̮tlə,mē̮tlə,,,LivWb,,,,,,,4,,
105-192-1,,105,192,jurddašit,jurddašit,,,SSSg,,,,,,,5,,
106-192-1,,106,192,jurdeđ,jurdeđ,,,InsSSk,,,,,,,5,,
108-192-1,,108,192,jurr’te,jurr’te,j u rːʲ t e,,WOLD,,,,,,jurːʲte,5,Rießler2009 does not note evidence for borrowing.,
101-192-1,,101,192,ussjedidh ~ ussjiedidh,ussjedidh ~ ussjiedidh,,,NSsNdb,,,,,,,6,,
102-192-1,,102,192,ussjadit,ussjadit,,,WbWlap,,,,,,,6,,
104-192-1,,104,192,usjudit,usjudit,,,EZ,,,,,,,6,,
107-192-1,,107,192,juurdčed,juurdčed,,,SKosSk,,,,,,,7,,
301-192-1,,301,192,aŕśems,aŕśems,ɑ rʲ ɕ e m s,,MordWb,,,,,aŕśems,ɑrʲɕems,8,"Possibly from PFU *arwa 'value, worth'",
401-192-1,,401,192,šonem,šonem,ʃ o n e m,,SMSk;TscherWb,,,,,šonem,ʃonem,9,,
601-192-1,,601,192,gondol,gondol,ɡ o n d o l,,FMSz,,,,,,ɡondol,11,,
701-192-1,,701,192,nomsi,nomsi,n o m s i,,WogWb,,,,,nomsi,nomsi,12,,
807-192-1,,807,192,"nomǝɣsǝtǝ-, nomǝɣsi̮l(ǝ)-",nomǝɣsǝtǝ-,n o m ə ɣ s ə t ə,,DEWbOstj,,,,,"noməɣsətə-, noməɣsi̮l, noməɣsətə-, noməɣsi̮lə-",noməɣsətə-,12,"Derivs. from ""nămǝs"" 'reason, intellect'",
807-192-2,,807,192,"nomǝɣsǝtǝ-, nomǝɣsi̮l(ǝ)-",nomǝɣsi̮l-,n o m ə ɣ s ɯ l,,DEWbOstj,,,,,"noməɣsətə-, noməɣsi̮l, noməɣsətə-, noməɣsi̮lə-",noməɣsɯl,12,"Derivs. from ""nămǝs"" 'reason, intellect'",
902-192-1,,902,192,yí yadercy°,yí yadercy°,,,JurSWb,,,,,,,13,,"""Yí"" 'reason, intellect', ""yadercy°"" 'roam, move'"
907-192-1,,907,192,tenirpi-,tenirpi-,t e n i r p i,"Deriv. from ""teni ~ teńi"" 'mind, intellect'",SolkWb,,,,,tenirpi-,tenirpi-,14,,
208-192-1,,208,192,meinaᴅa,meinaᴅa,m e i n ɑ d̥ ɑ,,InkmSk,,,,,meinaᴅa,meinɑd̥ɑ,15,,
209-192-1,,209,192,dūmama,dūmama,d uː m ɑ m ɑ,,VKJMS,,,,,dūmama,duːmɑmɑ,2,,
301-192-2,,301,192,dumams,dumams,d u m ɑ m s,,MordWb,,,,,dumams,dumɑms,2,,
501-192-2,,501,192,dumajtni̮,dumajtni̮,d u m ɑ j t n ɯ,,SyrjWsch,,,,,dumajtni̮,dumɑjtnɯ,2,,
503-192-1,,503,192,dumajtni̮,dumajtni̮,d u m ɑ j t n ɯ,,KoPRSl,,,,,dumajtni̮,dumɑjtnɯ,2,,
104-192-2,,104,192,mierredit,mierredit,,,EZ,,,,,,,16,,
901-192-1,,901,192,"si̮ńəruədʹi, si̮ńəri̮rsi̮",si̮ńəruədʹi,s ɯ ɲ ə r u ə dʲ i,,SlNgaRus,,,,,"si̮ńəruədʹi, si̮ńəri̮rsi̮",sɯɲəruədʲi,17,,
901-192-2,,901,192,"si̮ńəruədʹi, si̮ńəri̮rsi̮",si̮ńəri̮rsi̮,s ɯ ɲ ə r ɯ r s ɯ,,SlNgaRus,,,,,"si̮ńəruədʹi, si̮ńəri̮rsi̮",sɯɲərɯrsɯ,17,,
0-193-1,,0,193,*kolmi̮,*kolmi̮,,PFU: *kolmi̮ ~ *kormi̮,UEW;Sam88,,,,,,,1,,
101-193-1,,101,193,golme,golme,,,NSsNdb,,,,,,,1,,
102-193-1,,102,193,gulˈbma,gulˈbma,,,WbWlap,,,,,,,1,,
104-193-1,,104,193,gålbmå,gålbmå,,,EZ,,,,,,,1,,
105-193-1,,105,193,golbma,golbma,,,SSSg,,,,,,,1,,
106-193-1,,106,193,kulma,kulma,,,InsSSk,,,,,,,1,,
107-193-1,,107,193,kolmm,kolmm,,,SKosSk,,,,,,,1,,
108-193-1,,108,193,kōllm,kōllm,k oː lː m,,WOLD,,,,,,koːlːm,1,,
203-193-1,,203,193,kolme,kolme,k o̞ l m e̞,,JL,,,,,,ko̞lme̞,1,,
204-193-1,,204,193,kolme,kolme,,,KKSV,,,,,,,1,,
207-193-1,,207,193,koume,koume,,,VVS,,,,,,,1,,
208-193-1,,208,193,kolᴅ ~ kolmeᴅ ~ kolmi,kolᴅ ~ kolmeᴅ ~ kolmi,k o l d̥,,InkmSk,,,,,"kolᴅ, kolmeᴅ, kolmi","kold̥, kolmed̥, kolmi",1,,
209-193-1,,209,193,ke̮лmi,ke̮лmi,k ɤ l m i,,VKJMS,,,,,ke̮lmi,kɤlmi,1,,
210-193-1,,210,193,kolm,kolm,k o l m,,SVSk,,,,,,kolm,1,,
211-193-1,,211,193,kolm,kolm,,,VESr,,,,,,,1,,
212-193-1,,212,193,ku̯olm,ku̯olm,,,LivWb,,,,,,,1,,
301-193-1,,301,193,kolmo,kolmo,k o l m o,,MordWb,,,,,kolmo,kolmo,1,,
401-193-1,,401,193,"kum, kumə̑t",kum,k u m,Former attr.,SMSk;TscherWb,,,,,"kum, kumə̑t",kum,1,,
401-193-2,,401,193,"kum, kumə̑t",kumə̑t,k u m ə t,Former attr.,SMSk;TscherWb,,,,,"kum, kumə̑t",kumət,1,,
501-193-1,,501,193,kujim,kujim,k u j i m,,SyrjWsch,,,,,kujim,kujim,1,,
503-193-1,,503,193,kujim,kujim,k u j i m,,KoPRSl,,,,,kujim,kujim,1,,
504-193-1,,504,193,ku̯iń,ku̯iń,k u̯ i ɲ,,WotjWsch,,,,,ku̯iń,ku̯iɲ,1,,
601-193-1,,601,193,három,három,h aː r o m,,FMSz,,,,,,haːrom,1,,
701-193-1,,701,193,χūrəm,χūrəm,x uː r ə m,,WogWb,,,,,χūrəm,xuːrəm,1,,
807-193-1,,807,193,kɔləm ~ kolǝm,kɔləm ~ kolǝm,k ɔ l ə m,,DEWbOstj,,,,,"kɔləm, koləm","kɔləm, koləm",1,,
901-193-1,,901,193,nagür,nagür,n ɑ ɡ y r,,SlNgaRus,,,,,nagür,nɑɡyr,2,,
902-193-1,,902,193,nyax°r,nyax°r,,,JurSWb,,,,,,,2,,
907-193-1,,907,193,nākur,nākur,n ɑː k u r,,SolkWb,,,,,nākur,nɑːkur,2,,
0-194-1,,0,194,[Not reconstructable],,,"PFU: *kaja-, etc.",UEW;Sam88,,,,,,,?,[Not reconstructable],
203-194-1,,203,194,heittää,heittää,h e̞ i t̪ː æː,,JL,,,,,,he̞it̪ːæː,1,,
208-194-1,,208,194,heittǟ,heittǟ,h e i tː æː,,InkmSk,,,,,heittǟ,heitːæː,1,,
209-194-1,,209,194,heittemä,heittemä,h e i tː e m æ,,VKJMS,,,,,heittemä,heitːemæ,1,,
210-194-1,,210,194,heita,heita,h e i tː ɑ,,SVSk,,,,,,heitːɑ,1,,
211-194-1,,211,194,hiitmä,hiitmä,,,VESr,,,,,,,1,,
212-194-1,,212,194,eìttə,eìttə,,,LivWb,,,,,,,1,,
503-194-1,,503,194,šupkavni̮,šupkavni̮,ʃ u p k ɑ v n ɯ,,KoPRSl,,,,,šupkavni̮,ʃupkɑvnɯ,27,,
101-194-1,,101,194,seedtedh,seedtedh,,,NSsNdb,,,,,,,28,,
101-194-2,,101,194,sleengkedh,sleengkedh,,,NSsNdb,,,,,,,29,,
901-194-1,,901,194,bajbudʹa,bajbudʹa,b ɑ j b u dʲ ɑ,,SlNgaRus,,,,,bajbudʹa,bɑjbudʲɑ,30,,"'Throw, hurl'"
901-194-2,,901,194,sətəməsa,sətəməsa,s ə t ə m ə s ɑ,,SlNgaRus,,,,,sətəməsa,sətəməsɑ,31,,
204-194-1,,204,194,lykätä,lykätä,,,KKSV,,,,,,,2,,
204-194-2,,204,194,viskata,viskata,,,KKSV,,,,,,,3,,
210-194-2,,210,194,visata,visata,v i s ɑ tː ɑ,,SVSk,,,,,,visɑtːɑ,3,,
211-194-2,,211,194,viskama,viskama,,,VESr,,,,,,,3,,
212-194-2,,212,194,viskə,viskə,,,LivWb,,,,,,,3,,
207-194-1,,207,194,tatsta,tatsta,,,VVS,,,,,,,4,,
104-194-1,,104,194,"bállkot, bálkestit",bállkot,,Derivs.,EZ,,,,,,,5,,
104-194-2,,104,194,"bállkot, bálkestit",bálkestit,,Derivs.,EZ,,,,,,,5,,
105-194-1,,105,194,bálkestit,bálkestit,,,SSSg,,,,,,,5,,
105-194-2,,105,194,suohpput,suohpput,,,SSSg,,,,,,,6,,
102-194-1,,102,194,åårgastit,åårgastit,,,WbWlap,,,,,,,7,,
101-194-3,,101,194,"slearodh, slijredh",slearodh,,,NSsNdb,,,,,,,8,,
101-194-4,,101,194,"slearodh, slijredh",slijredh,,,NSsNdb,,,,,,,8,,
102-194-2,,102,194,slìrrat,slìrrat,,,WbWlap,,,,,,,8,,
106-194-1,,106,194,leggistiđ,leggistiđ,,,InsSSk,,,,,,,9,,
107-194-1,,107,194,laʹǧǧsted,laʹǧǧsted,,,SKosSk,,,,,,,9,,
107-194-2,,107,194,vueʹlǧǧeed,vueʹlǧǧeed,,,SKosSk,,,,,,,10,,
301-194-1,,301,194,jortoms,jortoms,j o r t o m s,,MordWb,,,,,jortoms,jortoms,11,,
301-194-2,,301,194,kajams,kajams,k ɑ j ɑ m s,,MordWb,,,,,kajams,kɑjɑms,12,,
501-194-1,,501,194,kojni̮,kojni̮,k o j n ɯ,,SyrjWsch,,,,,kojni̮,kojnɯ,12,,
504-194-1,,504,194,kujani̮,kujani̮,k u j ɑ n ɯ,,WotjWsch,,,,,kujani̮,kujɑnɯ,12,,
601-194-1,,601,194,hajít,hajít,h ɒ j iː t,,FMSz,,,,,,hɒjiːt,12,,
401-194-1,,401,194,šuem,šuem,ʃ u e m,,SMSk;TscherWb,,,,,šuem,ʃuem,13,,
501-194-2,,501,194,će̮vtni̮,će̮vtni̮,tɕ ɤ v t n ɯ,,SyrjWsch,,,,,će̮vtni̮,tɕɤvtnɯ,14,,
601-194-2,,601,194,dob,dob,d o b,,FMSz,,,,,,dob,15,,
701-194-1,,701,194,rēpi,rēpi,r eː p i,,WogWb,,,,,rēpi,reːpi,16,,
807-194-1,,807,194,lʹäk-,lʹäk-,ʎ æ k,,DEWbOstj,,,,,lʹäk-,ʎæk-,17,,
807-194-2,,807,194,tăɣa-,tăɣa-,t ɑ ̆ ɣ ɑ,,DEWbOstj,,,,,tăɣa-,tɑ̆ɣɑ-,18,,
902-194-1,,902,194,mosy°,mosy°,,,JurSWb,,,,,,,19,,
907-194-1,,907,194,ćaččə-,ćaččə-,tɕ ɑ tʃː ə,,SolkWb,,,,,ćaččə-,tɕɑtʃːə-,20,,
401-194-2,,401,194,kə̑škem,kə̑škem,k ə ʃ k e m,,SMSk;TscherWb,,,,,kə̑škem,kəʃkem,21,,
504-194-2,,504,194,serpalʹlʹani̮,serpalʹlʹani̮,s e r p ɑ ʎː ɑ n ɯ,,WotjWsch,,,,,serpalʹlʹani̮,serpɑʎːɑnɯ,22,,
108-194-1,,108,194,čacc’ke,čacc’ke,t ʃ a cːʲ k e,,WOLD,,,,,,tʃacːʲke,23,,
209-194-2,,209,194,porotte̮ma,porotte̮ma,p o r o tː ɤ m ɑ,,VKJMS,,,,,porotte̮ma,porotːɤmɑ,24,,
209-194-3,,209,194,virautte̮ma,virautte̮ma,v i r ɑ u tː ɤ m ɑ,,VKJMS,,,,,virautte̮ma,virɑutːɤmɑ,25,,
503-194-2,,503,194,ćapkavni̮,ćapkavni̮,tɕ ɑ p k ɑ v n ɯ,,KoPRSl,,,,,ćapkavni̮,tɕɑpkɑvnɯ,26,,
0-195-1,,0,195,[Not reconstructable],,,"PFU: *kerä 'round, roll, turn' ?",UEW;Sam88,,,,,,,?,[Not reconstructable],
209-195-1,,209,195,[Form not found],,,,VKJMS,,,,,,,?,[Form not found],
203-195-1,,203,195,kääntyä,kääntyä,k æː n t̪ y æ,,JL,,,,,,kæːnt̪yæ,1,,
204-195-1,,204,195,keäntyö,keäntyö,,,KKSV,,,,,,,1,,
207-195-1,,207,195,kätäs ~ kätäze,kätäs ~ kätäze,,,VVS,,,,,,,1,,
208-195-1,,208,195,kǟntüä,kǟntüä,k æː n t y æ,,InkmSk,,,,,kǟntüä,kæːntyæ,1,,
211-195-1,,211,195,käändmä,käändmä,,,VESr,,,,,,,1,,
210-195-1,,210,195,pöörduda,pöörduda,p øː r t u t ɑ,,SVSk,,,,,,pøːrtutɑ,2,,
211-195-2,,211,195,püürdmä,püürdmä,,,VESr,,,,,,,2,,
212-195-1,,212,195,kìerə,kìerə,,,LivWb,,,,,,,3,"From PFU *kerä 'round, roll, turn'",
807-195-1,,807,195,kirɣəl-,kirɣəl-,k i r ɣ ə l,,DEWbOstj,,,,,kirɣəl-,kirɣəl-,3,"Deriv. from PFU *kerä 'round, roll, turn'",
101-195-1,,101,195,jarkelidh,jarkelidh,,,NSsNdb,,,,,,,4,,
102-195-1,,102,195,jårgèdit ~ jårgèhtit,jårgèdit ~ jårgèhtit,,,WbWlap,,,,,,,4,,
104-195-1,,104,195,jårgålit,jårgålit,,,EZ,,,,,,,4,,
105-195-1,,105,195,jorgalit,jorgalit,,,SSSg,,,,,,,4,,
106-195-1,,106,195,jorgosiđ,jorgosiđ,,,InsSSk,,,,,,,4,,
107-195-1,,107,195,jåårǥled,jåårǥled,,,SKosSk,,,,,,,4,,
107-195-2,,107,195,ǩeåulleed,ǩeåulleed,,,SKosSk,,,,,,,5,,
301-195-1,,301,195,purdams,purdams,p u r d ɑ m s,,MordWb,,,,,purdams,purdɑms,6,,
601-195-1,,601,195,fordul,fordul,f o r d u l,,FMSz,,,,,,fordul,6,,
401-195-1,,401,195,saβə̑rnem,saβə̑rnem,s ɑ β ə r n e m,"Deriv. from ""saβə̑rem"" 'turn (tr.)'",SMSk;TscherWb,,,,,saβə̑rnem,sɑβərnem,7,,
501-195-1,,501,195,bergavni̮,bergavni̮,b e r ɡ ɑ v n ɯ,,SyrjWsch,,,,,bergavni̮,berɡɑvnɯ,8,,
503-195-1,,503,195,berge̮tći̮ni̮,berge̮tći̮ni̮,b e r ɡ ɤ t tɕ ɯ n ɯ,,KoPRSl,,,,,berge̮tći̮ni̮,berɡɤttɕɯnɯ,8,,
504-195-1,,504,195,beri̮ktiśki̮ni̮,beri̮ktiśki̮ni̮,b e r ɯ k t i ɕ k ɯ n ɯ,,WotjWsch,,,,,beri̮ktiśki̮ni̮,berɯktiɕkɯnɯ,8,,
501-195-2,,501,195,kežni̮,kežni̮,k e ʒ n ɯ,,SyrjWsch,,,,,kežni̮,keʒnɯ,9,"Possibly cogn. with Fin ""kääntyä"" 'turn (intr.)'",
301-195-2,,301,195,velʹavtoms,velʹavtoms,v e ʎ ɑ v t o m s,,MordWb,,,,,velʹavtoms,veʎɑvtoms,10,,
701-195-1,,701,195,pērmti,pērmti,p eː r m t i,,WogWb,,,,,pērmti,peːrmti,11,,
902-195-1,,902,195,syur°xəlcy°,syur°xəlcy°,,,JurSWb,,,,,,,12,,
907-195-1,,907,195,pīkəl-,pīkəl-,p iː k ə l,,SolkWb,,,,,pīkəl-,piːkəl-,13,,
108-195-1,,108,195,lievxe,lievxe,l i e v x e,,WOLD,,,,,,lievxe,14,,
101-195-2,,101,195,gajvedh,gajvedh,,,NSsNdb,,,,,,,15,,
901-195-1,,901,195,bəbtuaˀtəsa,bəbtuaˀtəsa,b ə b t u ɑ ʔ t ə s ɑ,,SlNgaRus,,,,,bəbtuaˀtəsa,bəbtuɑʔtəsɑ,16,,
0-196-1,,0,196,*käktä,*käktä,,"FV, Pe point to *kakta, Ug and Sd to *käktä",UEW;Sam88,,,,,,,1,,
101-196-1,,101,196,göökte,göökte,,,NSsNdb,,,,,,,1,,
102-196-1,,102,196,güikte,güikte,,,WbWlap,,,,,,,1,,
104-196-1,,104,196,guäkte ,guäkte,,,EZ,,,,,,,1,,
105-196-1,,105,196,guokte,guokte,,,SSSg,,,,,,,1,,
106-196-1,,106,196,kyeh'ti,kyeh'ti,,,InsSSk,,,,,,,1,,
107-196-1,,107,196,kuõʹhtt ~ kueʹhtt,kuõʹhtt ~ kueʹhtt,,,SKosSk,,,,,,,1,,
108-196-1,,108,196,kūht,kūht,k uː h t,,WOLD,,,,,,kuːht,1,,
203-196-1,,203,196,kaksi,kaksi,k ɑ k s i,,JL,,,,,,kɑksi,1,,
204-196-1,,204,196,kaksi,kaksi,,,KKSV,,,,,,,1,,
207-196-1,,207,196,kaks,kaks,,,VVS,,,,,,,1,,
208-196-1,,208,196,kaks,kaks,k ɑ k s,,InkmSk,,,,,kaks,kɑks,1,,
209-196-1,,209,196,kahs,kahs,k ɑ h s,,VKJMS,,,,,kahs,kɑhs,1,,
210-196-1,,210,196,kaks,kaks,k ɑ k s,,SVSk,,,,,,kɑks,1,,
211-196-1,,211,196,kats',kats',,,VESr,,,,,,,1,,
212-196-1,,212,196,kakš,kakš,,,LivWb,,,,,,,1,,
301-196-1,,301,196,kavto,kavto,k ɑ v t o,,MordWb,,,,,kavto,kɑvto,1,,
401-196-1,,401,196,"kok, kok(t)ə̑t",kok,k o k,Former attr.,SMSk;TscherWb,,,,,"kok, koktə̑t",kok,1,,
401-196-2,,401,196,"kok, kok(t)ə̑t",kokə̑t,k o k,Former attr.,SMSk;TscherWb,,,,,"kok, koktə̑t",kok,1,,
501-196-1,,501,196,ki̮k,ki̮k,k ɯ k,,SyrjWsch,,,,,ki̮k,kɯk,1,,
503-196-1,,503,196,ki̮k,ki̮k,k ɯ k,,KoPRSl,,,,,ki̮k,kɯk,1,,
504-196-1,,504,196,ki̮k,ki̮k,k ɯ k,,WotjWsch,,,,,ki̮k,kɯk,1,,
601-196-1,,601,196,"kettő, két",kettő,k ɛ tː øː k eː t,Latter attr.,FMSz,,,,,,"kɛtːøː, keːt",1,Freestanding form continues old dual,
601-196-2,,601,196,"kettő, két",két,k ɛ tː øː k eː t,Latter attr.,FMSz,,,,,,"kɛtːøː, keːt",1,Freestanding form continues old dual,
701-196-1,,701,196,"kitiɣ, kit",kitiɣ,k i t i ɣ,Latter attr.,WogWb,,,,,"kitiɣ, kit",kitiɣ,1,Freestanding form continues old dual,
701-196-2,,701,196,"kitiɣ, kit",kit,k i t,Latter attr.,WogWb,,,,,"kitiɣ, kit",kit,1,Freestanding form continues old dual,
807-196-1,,807,196,"kätkən, kät",kätkən,k æ t k ə n,Latter attr.,DEWbOstj,,,,,"kätkən, kät",kætkən,1,Freestanding form continues old dual,
807-196-2,,807,196,"kätkən, kät",kät,k æ t,Latter attr.,DEWbOstj,,,,,"kätkən, kät",kæt,1,Freestanding form continues old dual,
901-196-1,,901,196,śiti,śiti,ɕ i t i,,SlNgaRus,,,,,śiti,ɕiti,1,,
902-196-1,,902,196,syidya,syidya,,,JurSWb,,,,,,,1,,
907-196-1,,907,196,śitə,śitə,ɕ i t ə,,SolkWb,,,,,śitə,ɕitə,1,,
0-197-1,,0,197,[Not reconstructable],,,,UEW;Sam88,,,,,,,?,[Not reconstructable],
901-197-1,,901,197,[Form not found],,,,SlNgaRus,,,,,,,?,[Form not found],
101-197-1,,101,197,voeksedidh,voeksedidh,,,NSsNdb,,,,,,,1,,
102-197-1,,102,197,vüekˈseet,vüekˈseet,,,WbWlap,,,,,,,1,,
104-197-1,,104,197,"vuoksadit, vuäkkset",vuoksadit,,,EZ,,,,,,,1,,
104-197-2,,104,197,"vuoksadit, vuäkkset",vuäkkset,,,EZ,,,,,,,1,,
105-197-1,,105,197,"vuoksit, vuovssadit",vuoksit,,,SSSg,,,,,,,1,,
105-197-2,,105,197,"vuoksit, vuovssadit",vuovssadit,,,SSSg,,,,,,,1,,
106-197-1,,106,197,vyek'siđ,vyek'siđ,,,InsSSk,,,,,,,1,,
107-197-1,,107,197,vueʹhssed,vueʹhssed,,,SKosSk,,,,,,,1,,
108-197-1,,108,197,vukk’se,vukk’se,v u kːʲ s e,,WOLD,,,,,,vukːʲse,1,,
203-197-1,,203,197,oksentaa,oksentaa,o̞ k s e̞ n̪ t̪ ɑː,,JL,,,,,,o̞kse̞n̪t̪ɑː,1,,
204-197-1,,204,197,oksentoa,oksentoa,,,KKSV,,,,,,,1,,
207-197-1,,207,197,okse̮ta,okse̮ta,,,VVS,,,,,,,1,,
208-197-1,,208,197,oksenᴅaissa,oksenᴅaissa,o k s e n d̥ ɑ i sː ɑ,,InkmSk,,,,,oksenᴅaissa,oksend̥ɑisːɑ,1,,
209-197-1,,209,197,e̮hse̮tte̮ma,e̮hse̮tte̮ma,ɤ h s ɤ tː ɤ m ɑ,,VKJMS,,,,,e̮hse̮tte̮ma,ɤhsɤtːɤmɑ,1,,
210-197-1,,210,197,oksendada,oksendada,o kː s e n t ɑ t ɑ,,SVSk,,,,,,okːsentɑtɑ,1,,
211-197-1,,211,197,ossõndama,ossõndama,,,VESr,,,,,,,1,,
212-197-1,,212,197,oksnə,oksnə,,,LivWb,,,,,,,1,,
301-197-1,,301,197,uksnoms,uksnoms,u k s n o m s,,MordWb,,,,,uksnoms,uksnoms,1,,
401-197-1,,401,197,ukšińčam,ukšińčam,u k ʃ i ɲ tʃ ɑ m,,SMSk;TscherWb,,,,,ukšińčam,ukʃiɲtʃɑm,1,,
501-197-1,,501,197,vosni̮,vosni̮,v o s n ɯ,,SyrjWsch,,,,,vosni̮,vosnɯ,1,,
503-197-1,,503,197,"e̮se̮tni̮, e̮sni̮",e̮se̮tni̮,ɤ s ɤ t n ɯ,,KoPRSl,,,,,"e̮se̮tni̮, e̮sni̮",ɤsɤtnɯ,1,,
503-197-2,,503,197,"e̮se̮tni̮, e̮sni̮",e̮sni̮,ɤ s n ɯ,,KoPRSl,,,,,"e̮se̮tni̮, e̮sni̮",ɤsnɯ,1,,
504-197-1,,504,197,e̮ski̮ni̮,e̮ski̮ni̮,ɤ s k ɯ n ɯ,,WotjWsch,,,,,e̮ski̮ni̮,ɤskɯnɯ,1,,
501-197-2,,501,197,gorʒ́i̮ni̮,gorʒ́i̮ni̮,ɡ o r dʑ ɯ n ɯ,,SyrjWsch,,,,,gorʒ́i̮ni̮,ɡordʑɯnɯ,2,,
601-197-1,,601,197,hány,hány,h aː ɲ,,FMSz,,,,,,haːɲ,3,"Cf. Av ""kan-"" 'dig'",
701-197-1,,701,197,ājtaχti,ājtaχti,ɑː j t ɑ x t i,,WogWb,,,,,ājtaχti,ɑːjtɑxti,4,,
807-197-1,,807,197,aɣət-,aɣət-,ɑ ɣ ə t,,DEWbOstj,,,,,aɣət-,ɑɣət-,4,,
902-197-1,,902,197,todə°,todə°,,,JurSWb,,,,,,,5,,
907-197-1,,907,197,tȫtə-,tȫtə-,t øː t ə,,SolkWb,,,,,tȫtə-,tøːtə-,5,,
401-197-2,,401,197,βakem,βakem,β ɑ k e m,,SMSk;TscherWb,,,,,βakem,βɑkem,6,,
101-197-2,,101,197,goesmeridh,goesmeridh,,,NSsNdb,,,,,,,7,,
203-198-1,,203,198,kävellä,kävellä,k æ ʋ e̞ lː æ,,JL,,,,,,kæʋe̞lːæ,1,"Cf. Goth ""skēwjan"" 'walk, move'",
204-198-1,,204,198,kävellä,kävellä,,,KKSV,,,,,,,1,"Cf. Goth ""skēwjan"" 'walk, move'",
207-198-1,,207,198,kävelta ~ kävuda,kävelta ~ kävuda,,,VVS,,,,,,,1,"Cf. Goth ""skēwjan"" 'walk, move'",
208-198-1,,208,198,kävellä,kävellä,k æ v e lː æ,,InkmSk,,,,,kävellä,kævelːæ,1,"Cf. Goth ""skēwjan"" 'walk, move'",
210-198-1,,210,198,käia,käia,k æ i ɑ,,SVSk,,,,,,kæiɑ,1,"Cf. Goth ""skēwjan"" 'walk, move'",
212-198-1,,212,198,kǟʾdə,kǟʾdə,,,LivWb,,,,,,,1,"Cf. Goth ""skēwjan"" 'walk, move'",
101-198-1,,101,198,vaedtsedh,vaedtsedh,,,NSsNdb,,,,,,,2,,
102-198-1,,102,198,vàdˈtseet,vàdˈtseet,,,WbWlap,,,,,,,2,,
104-198-1,,104,198,vádtsatjit,vádtsatjit,,,EZ,,,,,,,2,,
105-198-1,,105,198,vázzit,vázzit,,,SSSg,,,,,,,2,,
106-198-1,,106,198,väzziđ,väzziđ,,,InsSSk,,,,,,,2,,
107-198-1,,107,198,väʹʒʒed,väʹʒʒed,,,SKosSk,,,,,,,2,,
108-198-1,,108,198,vānn’ce,vānn’ce,v aː nːʲ c e,,WOLD,,,,,,vaːnːʲce,2,,
301-198-1,,301,198,jakams,jakams,j ɑ k ɑ m s,,MordWb,,,,,jakams,jɑkɑms,3,"From PFU *jakka- 'go, reach' ?",
401-198-1,,401,198,koštam,koštam,k o ʃ t ɑ m,,SMSk;TscherWb,,,,,koštam,koʃtɑm,4,,
501-198-1,,501,198,vetli̮ni̮,vetli̮ni̮,v e t l ɯ n ɯ,,SyrjWsch,,,,,vetli̮ni̮,vetlɯnɯ,5,,
503-198-1,,503,198,vetle̮ni̮,vetle̮ni̮,v e t l ɤ n ɯ,,KoPRSl;RB,,,,,vetle̮ni̮,vetlɤnɯ,5,,
504-198-1,,504,198,vetli̮ni̮,vetli̮ni̮,v e t l ɯ n ɯ,,WotjWsch,,,,,vetli̮ni̮,vetlɯnɯ,5,,
504-198-2,,504,198,wami̮šti̮ni̮,wami̮šti̮ni̮,w ɑ m ɯ ʃ t ɯ n ɯ,,WotjWsch,,,,,wami̮šti̮ni̮,wɑmɯʃtɯnɯ,6,,
601-198-1,,601,198,jár,jár,j aː r,,FMSz,,,,,,jaːr,7,,
601-198-2,,601,198,gyalogol,gyalogol,ɟ ɒ l o ɡ o l,,FMSz,,,,,,ɟɒloɡol,8,,
701-198-1,,701,198,"jali, jaliɣli",jali,j ɑ l i,,WogWb,,,,,"jali, jaliɣli",jɑli,9,,
701-198-2,,701,198,"jali, jaliɣli",jaliɣli,j ɑ l i ɣ l i,,WogWb,,,,,"jali, jaliɣli",jɑliɣli,9,,
807-198-1,,807,198,jǝlil-,jǝlil-,j ə l i l,,DEWbOstj,,,,,jəlil-,jəlil-,9,,
701-198-3,,701,198,jōmi,jōmi,j oː m i,,WogWb,,,,,jōmi,joːmi,10,,
0-198-1,,0,198,*juta- ?,*juta- ?,,,UEW;Sam88,,,,,,,11,,
901-198-1,,901,198,dʹoδürśa,dʹoδürśa,dʲ o ð y r ɕ ɑ,"From PU *juta- 'go, walk, wander'",SlNgaRus,,,,,dʹoδürśa,dʲoðyrɕɑ,11,,
902-198-1,,902,198,yadə°,yadə°,,,JurSWb,,,,,,,11,"From PU *juta- 'go, walk, wander'",
907-198-1,,907,198,qüəl-,qüəl-,q y ə l,,SolkWb,,,,,qüəl-,qyəl-,12,,
211-198-1,,211,198,kõnd'ma,kõnd'ma,,,VESr,,,,,,,13,,
209-198-1,,209,198,jaлge̮ttē̮ma,jaлge̮ttē̮ma,j ɑ l ɡ ɤ tː ɤː m ɑ,,VKJMS,,,,,jalge̮ttē̮ma,jɑlɡɤtːɤːmɑ,14,From PFU *ji̮lka,
203-199-1,,203,199,lämmin,lämmin,l æ mː i n,,JL,,,,,,læmːin,1,,
204-199-1,,204,199,lämmin,lämmin,,,KKSV,,,,,,,1,,
207-199-1,,207,199,lʹäm,lʹäm,,,VVS,,,,,,,1,,
208-199-1,,208,199,lämmǟ,lämmǟ,l æ mː æː,,InkmSk,,,,,lämmǟ,læmːæː,1,,
211-199-1,,211,199,lämmi,lämmi,,,VESr,,,,,,,1,,
212-199-1,,212,199,lem,lem,,,LivWb,,,,,,,1,,
301-199-1,,301,199,"lʹembe, lʹembińe",lʹembe,ʎ e m b e,Latter deriv.,MordWb,,,,,"lʹembe, lʹembińe",ʎembe,1,,
301-199-2,,301,199,"lʹembe, lʹembińe",lʹembińe,ʎ e m b i ɲ e,Latter deriv.,MordWb,,,,,"lʹembe, lʹembińe",ʎembiɲe,1,,
401-199-1,,401,199,leβe,leβe,l e β e,,SMSk;TscherWb,,,,,leβe,leβe,1,,
208-199-2,,208,199,sōja,sōja,s oː j ɑ,,InkmSk,,,,,sōja,soːjɑ,2,,
209-199-1,,209,199,sōje̮,sōje̮,s oː j ɤ,,VKJMS,,,,,sōje̮,soːjɤ,2,,
210-199-1,,210,199,soe,soe,s o e,,SVSk,,,,,,soe,2,,
104-199-1,,104,199,lieggas,lieggas,,,EZ,,,,,,,3,,
105-199-1,,105,199,liekkas,liekkas,,,SSSg,,,,,,,3,,
106-199-1,,106,199,liegas,liegas,,,InsSSk,,,,,,,3,,
107-199-1,,107,199,liõggâs,liõggâs,,,SKosSk,,,,,,,3,,
0-199-1,,0,199,*päwi,*päwi,,,UEW;Sam88,,,,,,,4,,
101-199-1,,101,199,bïjveles,bïjveles,,,NSsNdb,,,,,,,4,,
102-199-1,,102,199,bìvvala,bìvvala,,,WbWlap,,,,,,,4,,
104-199-2,,104,199,bivvalis,bivvalis,,,EZ,,,,,,,4,,
907-199-1,,907,199,pǖ,pǖ,p yː,,SolkWb,,,,,pǖ,pyː,4,,
104-199-3,,104,199,báhkas,báhkas,,,EZ,,,,,,,5,,
107-199-2,,107,199,paakkâs,paakkâs,,,SKosSk,,,,,,,5,,
108-199-1,,108,199,poahk,poahk,p ɒː h k,,WOLD,,,,,,pɒːhk,5,,
501-199-1,,501,199,šoni̮d,šoni̮d,ʃ o n ɯ d,,SyrjWsch,,,,,šoni̮d,ʃonɯd,6,,
503-199-1,,503,199,šoni̮t,šoni̮t,ʃ o n ɯ t,,KoPRSl,,,,,šoni̮t,ʃonɯt,6,,
504-199-1,,504,199,šuni̮t,šuni̮t,ʃ u n ɯ t,,WotjWsch,,,,,šuni̮t,ʃunɯt,6,,
601-199-1,,601,199,meleg,meleg,m ɛ l ɛ ɡ,,FMSz,,,,,,mɛlɛɡ,7,,
701-199-1,,701,199,māltip,māltip,m ɑː l t i p,,WogWb,,,,,māltip,mɑːltip,7,,
807-199-1,,807,199,meḷǝk,meḷǝk,m e ɭ ə k,,DEWbOstj,,,,,meḷək,meɭək,7,,
701-199-2,,701,199,"rēɣ, rēɣəŋ",rēɣ,r eː ɣ,,WogWb,,,,,"rēɣ, rēɣəŋ",reːɣ,8,,
701-199-3,,701,199,"rēɣ, rēɣəŋ",rēɣəŋ,r eː ɣ ə ŋ,,WogWb,,,,,"rēɣ, rēɣəŋ",reːɣəŋ,8,,
901-199-1,,901,199,ńüńa,ńüńa,ɲ y ɲ ɑ,From PSd *ju-,SlNgaRus,,,,,ńüńa,ɲyɲɑ,9,,Of weather
902-199-1,,902,199,yiba,yiba,,,JurSWb,,,,,,,9,From PSd *ju-pa,
401-199-2,,401,199,šokšo,šokšo,ʃ o k ʃ o,,SMSk;TscherWb,,,,,šokšo,ʃokʃo,10,,"'Hot, warm'"
208-199-3,,208,199,vari,vari,v ɑ r i,,InkmSk,,,,,vari,vɑri,11,,"'Warm, hot'"
209-199-2,,209,199,löühkä,löühkä,l ø y h k æ,,VKJMS,,,,,löühkä,løyhkæ,12,,
901-199-2,,901,199,hekusi̮,hekusi̮,h e k u s ɯ,,SlNgaRus,,,,,hekusi̮,hekusɯ,13,,"'Be warm, be hot'"
101-2-1,,101,2,njuenie,njuenie,,,NSsNdb,,,,,,,1,The Finnic and Saami words can be traced back to the proto-forms,
102-2-1,,102,2,njüennee,njüennee,,,WbWlap,,,,,,,1,*ńenä and *ńana < *ńe̮na,
104-2-1,,104,2,njuonne,njuonne,,,EZ,,,,,,,1,,
105-2-1,,105,2,njunni,njunni,,,SSSg,,,,,,,1,,
106-2-1,,106,2,njune,njune,,,InsSSk,,,,,,,1,,
107-2-1,,107,2,njuuʹnn,njuuʹnn,,,SKosSk,,,,,,,1,,
108-2-1,,108,2,njunn’,njunn’,ɲ u nːʲ,,WOLD,,,,,,ɲunːʲ,1,,
203-2-1,,203,2,nenä,nenä,n e̞ n æ,,JL,,,,,,ne̞næ,1,,
204-2-1,,204,2,nenä,nenä,,,KKSV,,,,,,,1,,
207-2-1,,207,2,ńena,ńena,,,VVS,,,,,,,1,,
208-2-1,,208,2,nenä,nenä,n e n æ,,InkmSk,,,,,nenä,nenæ,1,,
209-2-1,,209,2,nenä,nenä,n e n æ,,VKJMS,,,,,nenä,nenæ,1,,
210-2-1,,210,2,nina,nina,n i n ɑ,,SVSk,,,,,,ninɑ,1,,
211-2-1,,211,2,nõna,nõna,,,VESr,,,,,,,1,,
212-2-1,,212,2,nanà,nanà,,,LivWb,,,,,,,1,,
301-2-1,,301,2,sudo,sudo,s u d o,,MordWb,,,,,sudo,sudo,2,,
0-2-1,,0,2,*ńäri ?,*ńäri ?,,Reconstructability and original meaning uncertain,UEW;Sam88,,,,,,,3,,
401-2-1,,401,2,ner,ner,n e r,,SMSk;TscherWb,,,,,ner,ner,3,,
501-2-1,,501,2,ni̮r,ni̮r,n ɯ r,,SyrjWsch,,,,,ni̮r,nɯr,3,,
503-2-1,,503,2,ni̮r,ni̮r,n ɯ r,,KoPRSl,,,,,ni̮r,nɯr,3,,
504-2-1,,504,2,ni̮r,ni̮r,n ɯ r,,WotjWsch,,,,,ni̮r,nɯr,3,,
601-2-1,,601,2,orr,orr,o rː,,FMSz,,,,,,orː,4,,
701-2-1,,701,2,ńol,ńol,ɲ o l,,WogWb,,,,,ńol,ɲol,5,,
807-2-1,,807,2,ńŏl,ńŏl,ɲ o ̆ l,,DEWbOstj,,,,,ńŏl,ɲŏl,5,,
902-2-1,,902,2,piya,piya,,,JurSWb,,,,,,,6,,
907-2-1,,907,2,pućə,pućə,p u tɕ ə,,SolkWb,,,,,pućə,putɕə,6,,
901-2-1,,901,2,ŋüŋkə,ŋüŋkə,ŋ y ŋ k ə,,SlNgaRus,,,,,ŋüŋkə,ŋyŋkə,7,,
0-20-1,,0,20,[Not reconstructable],,,,UEW;Sam88,,,,,,,?,[Not reconstructable],
102-20-1,,102,20,[Form not found],,,,WbWlap,,,,,,,?,[Form not found],
104-20-1,,104,20,[Form not found],,,,EZ,,,,,,,?,[Form not found],
106-20-1,,106,20,kiärpáž,kiärpáž,,,InsSSk,,,,,,,1,,
203-20-1,,203,20,kärpänen,kärpänen,k æ r p æ n e̞ n,,JL,,,,,,kærpæne̞n,1,,
204-20-1,,204,20,kärpäine,kärpäine,,,KKSV,,,,,,,1,,
207-20-1,,207,20,kärbhǟń,kärbhǟń,,,VVS,,,,,,,1,,
208-20-1,,208,20,kärpäin,kärpäin,k æ r p æ i n,,InkmSk,,,,,kärpäin,kærpæin,1,,
209-20-1,,209,20,tšärpein,tšärpein,tʃ æ r p e i n,,VKJMS,,,,,čärpein,tʃærpein,1,,
210-20-1,,210,20,kärbes,kärbes,k æ r p e s,,SVSk,,,,,,kærpes,1,,
211-20-1,,211,20,kärbläne,kärbläne,,,VESr,,,,,,,1,,
212-20-1,,212,20,kärmi,kärmi,,,LivWb,,,,,,,1,,
301-20-1,,301,20,karvo,karvo,k ɑ r v o,,MordWb,,,,,karvo,kɑrvo,1,,
401-20-1,,401,20,karme,karme,k ɑ r m e,,SMSk;TscherWb,,,,,karme,kɑrme,1,,
101-20-1,,101,20,tjoere,tjoere,,,NSsNdb,,,,,,,2,,
105-20-1,,105,20,čurrot,čurrot,,,SSSg,,,,,,,2,,
107-20-1,,107,20,čuâr(as) ~ čuâraš,čuâr ~ čuâraš,,,SKosSk,,,,,,,2,,
108-20-1,,108,20,čueraš,čueraš,t ʃ u e r a ʃ,,WOLD,,,,,,tʃueraʃ,2,,
501-20-1,,501,20,gut,gut,ɡ u t,,SyrjWsch,,,,,gut,ɡut,3,,
503-20-1,,503,20,gut,gut,ɡ u t,,KoPRSl,,,,,gut,ɡut,3,,
504-20-1,,504,20,kut,kut,k u t,,WotjWsch,,,,,kut,kut,3,,
601-20-1,,601,20,légy,légy,l eː ɟ,,FMSz,,,,,,leːɟ,4,"From PFU *lȣ̈ńćV 'gadfly', connection to Permic ’horse fly’",
701-20-1,,701,20,sēriwārp,sēriwārp,s eː r i w ɑː r p,,WogWb,,,,,sēriwārp,seːriwɑːrp,5,,
807-20-1,,807,20,si̮rəńtʹi̮w,si̮rəńtʹi̮w,s ɯ r ə ɲ tʲ ɯ w,,DEWbOstj,,,,,si̮rəńtʹi̮w,sɯrəɲtʲɯw,5,,
907-20-1,,907,20,čī̮pä,čī̮pä,tʃ ɯː p æ,,SolkWb,,,,,čī̮pä,tʃɯːpæ,6,,
401-20-2,,401,20,orašə̑ŋe,orašə̑ŋe,o r ɑ ʃ ə ŋ e,,SMSk;TscherWb,,,,,orašə̑ŋe,orɑʃəŋe,7,,"Comp.; ""ora"" 'stack, heap', ""šə̑ŋe"" 'gnat, mosquito'"
902-20-1,,902,20,toxontabco,toxontabco,,,JurSWb,,,,,,,8,,
101-20-2,,101,20,boerege,boerege,,,NSsNdb,,,,,,,9,,
901-20-1,,901,20,kir,kir,k i r,,SlNgaRus,,,,,kir,kir,10,,
101-200-1,,101,200,bïssedh,bïssedh,,,NSsNdb,,,,,,,1,,
102-200-1,,102,200,bassat,bassat,,,WbWlap,,,,,,,1,,
104-200-1,,104,200,bassat,bassat,,,EZ,,,,,,,1,,
105-200-1,,105,200,bassat,bassat,,,SSSg,,,,,,,1,,
106-200-1,,106,200,poossađ,poossađ,,,InsSSk,,,,,,,1,,
107-200-1,,107,200,põõssâd,põõssâd,,,SKosSk,,,,,,,1,,
108-200-1,,108,200,pēsse,pēsse,p eː sː e,,WOLD,,,,,,peːsːe,1,,
203-200-1,,203,200,pestä,pestä,p e̞ s t̪ æ,,JL,,,,,,pe̞st̪æ,1,,
204-200-1,,204,200,pessä,pessä,,,KKSV,,,,,,,1,,
207-200-1,,207,200,pesta,pesta,,,VVS,,,,,,,1,,
208-200-1,,208,200,pessä,pessä,p e sː æ,,InkmSk,,,,,pessä,pesːæ,1,,
209-200-1,,209,200,pesemä,pesemä,p e s e m æ,,VKJMS,,,,,pesemä,pesemæ,1,,
210-200-1,,210,200,pesta,pesta,p e s t ɑ,,SVSk,,,,,,pestɑ,1,,
212-200-1,,212,200,pi̯eʾzzə,pi̯eʾzzə,,,LivWb,,,,,,,1,,
301-200-1,,301,200,šlʹams,šlʹams,ʃ ʎ ɑ m s,,MordWb,,,,,šlʹams,ʃʎɑms,2,"Cogn. with Fin ""huuhtoa"" 'rinse with water'",
0-200-1,,0,200,*muśki̮-,*muśki̮-,,,UEW;Sam88,,,,,,,3,,
211-200-1,,211,200,mõskma,mõskma,,,VESr,,,,,,,3,,
401-200-1,,401,200,muškam,muškam,m u ʃ k ɑ m,,SMSk;TscherWb,,,,,muškam,muʃkɑm,3,,
501-200-1,,501,200,mi̮śki̮ni̮,mi̮śki̮ni̮,m ɯ ɕ k ɯ n ɯ,,SyrjWsch,,,,,mi̮śki̮ni̮,mɯɕkɯnɯ,3,,
503-200-1,,503,200,"miśśi̮ni̮, miśśe̮tni̮",miśśi̮ni̮,m i ɕː ɯ n ɯ,"Former intr., latter tr. v.",KoPRSl,,,,,"miśśi̮ni̮, miśśe̮tni̮",miɕːɯnɯ,3,,
503-200-2,,503,200,"miśśi̮ni̮, miśśe̮tni̮",miśśe̮tni̮,m i ɕː ɤ t n ɯ,"Former intr., latter tr. v.",KoPRSl,,,,,"miśśi̮ni̮, miśśe̮tni̮",miɕːɤtnɯ,3,,
504-200-1,,504,200,miśki̮ni̮,miśki̮ni̮,m i ɕ k ɯ n ɯ,,WotjWsch,,,,,miśki̮ni̮,miɕkɯnɯ,3,,
601-200-1,,601,200,mos,mos,m o ʃ,,FMSz,,,,,,moʃ,3,,
907-200-1,,907,200,mūsəlčə- ~ müsəlčə-,mūsəlčə- ~ müsəlčə-,m uː s ə l tʃ ə,"Deriv. from ""mūsə- ~ müsə-"" 'wipe'",SolkWb,,,,,"mūsəlčə-, müsəlčə-","muːsəltʃə-, mysəltʃə-",3,,
701-200-1,,701,200,lowti,lowti,l o w t i,,WogWb,,,,,lowti,lowti,4,,
807-200-1,,807,200,lŏɣi̮t-,lŏɣi̮t-,l o ̆ ɣ ɯ t,,DEWbOstj,,,,,lŏɣi̮t-,lŏɣɯt-,4,,
901-200-1,,901,200,ńobusa,ńobusa,ɲ o b u s ɑ,,SlNgaRus,,,,,ńobusa,ɲobusɑ,5,,
807-200-2,,807,200,pos-,pos-,p o s,,DEWbOstj,,,,,pos-,pos-,6,"From PFU *puńća- 'push, squeeze'",
901-200-2,,901,200,kələ(ˀ)btusa,kələbtusa,k ə l ə,,SlNgaRus,,,,,"kələ, kələˀbtusa",kələ,7,,"'Wash, clean'"
902-200-1,,902,200,xəl°ta°,xəl°ta°,,,JurSWb,,,,,,,7,,
0-201-1,,0,201,*mV,*mV,,,UEW;Sam88,,,,,,,1,,
101-201-1,,101,201,mijjieh,mijjieh,,,NSsNdb,,,,,,,1,,
102-201-1,,102,201,mijja,mijja,,,WbWlap,,,,,,,1,,
104-201-1,,104,201,mija,mija,,,EZ,,,,,,,1,,
105-201-1,,105,201,mii,mii,,,SSSg,,,,,,,1,,
106-201-1,,106,201,mij,mij,,,InsSSk,,,,,,,1,,
107-201-1,,107,201,mij,mij,,,SKosSk,,,,,,,1,,
108-201-1,,108,201,mɨjj,mɨjj,m ɨ jː,,WOLD,,,,,,mɨjː,1,,
203-201-1,,203,201,me,me,m e̞,,JL,,,,,,me̞,1,,
204-201-1,,204,201,myö,myö,,,KKSV,,,,,,,1,,
207-201-1,,207,201,me,me,,,VVS,,,,,,,1,,
208-201-1,,208,201,mȫ,mȫ,m øː,,InkmSk,,,,,mȫ,møː,1,,
209-201-1,,209,201,mǖ,mǖ,m yː,,VKJMS,,,,,mǖ,myː,1,,
210-201-1,,210,201,"meie, me",meie,m e i e m e,,SVSk,,,,,,"meie, me",1,,
210-201-2,,210,201,"meie, me",me,m e i e m e,,SVSk,,,,,,"meie, me",1,,
211-201-1,,211,201,miiq ~ mi,miiq ~ mi,,,VESr,,,,,,,1,,
212-201-1,,212,201,meg ~ mēg,meg ~ mēg,,,LivWb,,,,,,,1,,
301-201-1,,301,201,miń,miń,m i ɲ,,MordWb,,,,,miń,miɲ,1,,
401-201-1,,401,201,me,me,m e,,SMSk;TscherWb,,,,,me,me,1,,
501-201-1,,501,201,mi,mi,m i,,SyrjWsch,,,,,mi,mi,1,,
503-201-1,,503,201,mi ~ mije̮,mi ~ mije̮,m i,,KoPRSl,,,,,"mi, mije̮","mi, mijɤ",1,,
504-201-1,,504,201,mi,mi,m i,,WotjWsch,,,,,mi,mi,1,,
601-201-1,,601,201,mi,mi,m i,,FMSz,,,,,,mi,1,,
701-201-1,,701,201,mān,mān,m ɑː n,,WogWb,,,,,mān,mɑːn,1,,
807-201-1,,807,201,məŋ,məŋ,m ə ŋ,,DEWbOstj,,,,,məŋ,məŋ,1,,
901-201-1,,901,201,mi̮ŋ,mi̮ŋ,m ɯ ŋ,,SlNgaRus,,,,,mi̮ŋ,mɯŋ,1,,
902-201-1,,902,201,mənyaq,mənyaq,,,JurSWb,,,,,,,1,,
907-201-1,,907,201,mē,mē,m eː,,SolkWb,,,,,mē,meː,1,,
0-202-1,,0,202,[Not reconstructable],,,PFU: *ńačkV,UEW;Sam88,,,,,,,?,[Not reconstructable],
203-202-1,,203,202,märkä,märkä,m æ r k æ,,JL,,,,,,mærkæ,1,,
204-202-1,,204,202,märkä,märkä,,,KKSV,,,,,,,1,,
207-202-1,,207,202,märg,märg,,,VVS,,,,,,,1,,
208-202-1,,208,202,märɢä,märɢä,m æ r ɡ̥ æ,,InkmSk,,,,,märɢä,mærɡ̥æ,1,,
209-202-1,,209,202,märtš́,märtš́,m æ r tʃ,,VKJMS,,,,,märč,mærtʃ,1,,
210-202-1,,210,202,märg,märg,m æ r k,,SVSk,,,,,,mærk,1,,
212-202-1,,212,202,kaʾižʹžʹi ~ kaʾžʹžʹi,kaʾižʹžʹi ~ kaʾžʹžʹi,,,LivWb,,,,,,,2,,
105-202-1,,105,202,njuoskkas,njuoskkas,,,SSSg,,,,,,,3,,
106-202-1,,106,202,njuoskas,njuoskas,,,InsSSk,,,,,,,3,,
107-202-1,,107,202,njuõckâs,njuõckâs,,,SKosSk,,,,,,,3,,
108-202-1,,108,202,njūckas,njūckas,ɲ uː c k a s,,WOLD,,,,,,ɲuːckas,3,,
301-202-1,,301,202,načko,načko,n ɑ tʃ k o,,MordWb,,,,,načko,nɑtʃko,3,,
401-202-1,,401,202,nočko,nočko,n o tʃ k o,,SMSk;TscherWb,,,,,nočko,notʃko,3,,
101-202-1,,101,202,lovve,lovve,,,NSsNdb,,,,,,,4,,
102-202-1,,102,202,luvvas,luvvas,,,WbWlap,,,,,,,4,,"'Damp', ""luvvat"" 'become wet'"
104-202-1,,104,202,luvvas,luvvas,,,EZ,,,,,,,4,,
501-202-1,,501,202,va,va,v ɑ,,SyrjWsch,,,,,va,vɑ,5,,
503-202-1,,503,202,va,va,v ɑ,,KoPRSl,,,,,va,vɑ,5,,
504-202-1,,504,202,kot,kot,k o t,,WotjWsch,,,,,kot,kot,6,,
601-202-1,,601,202,nedves,nedves,n ɛ d v ɛ ʃ,,FMSz,,,,,,nɛdvɛʃ,7,,
701-202-1,,701,202,ńār,ńār,ɲ ɑː r,,WogWb,,,,,ńār,ɲɑːr,8,,
807-202-1,,807,202,mori̮ ~ mŏri̮,mori̮ ~ mŏri̮,m o r ɯ,,DEWbOstj,,,,,"mori̮, mŏri̮","morɯ, mŏrɯ",9,,
902-202-1,,902,202,səqnyuy°,səqnyuy°,,,JurSWb,,,,,,,10,,
907-202-1,,907,202,ćentalʹ,ćentalʹ,tɕ e n t ɑ ʎ,,SolkWb,,,,,ćentalʹ,tɕentɑʎ,11,,
807-202-2,,807,202,lălǝŋ,lălǝŋ,l ɑ ̆ l ə ŋ,,DEWbOstj,,,,,lăləŋ,lɑ̆ləŋ,12,,
211-202-1,,211,202,likõ,likõ,,,VESr,,,,,,,13,,
211-202-2,,211,202,hämm,hämm,,,VESr,,,,,,,14,,
503-202-2,,503,202,ulʹ,ulʹ,u ʎ,,KoPRSl,,,,,ulʹ,uʎ,15,,
901-202-1,,901,202,ńeti̮bi̮ə,ńeti̮bi̮ə,ɲ e t ɯ b ɯ ə,,SlNgaRus,,,,,ńeti̮bi̮ə,ɲetɯbɯə,16,,
0-203-1,,0,203,[Not reconstructable],,,Possibly an inflected form of a pronominal stem used in this meaning; cannot be reconstructed,UEW;Sam88,,,,,,,?,[Not reconstructable],
203-203-1,,203,203,milloin,milloin,m i lː o̞ i n,,JL,,,,,,milːo̞in,1,,
208-203-1,,208,203,milloĭn,milloĭn,m i lː o i ̆ n,,InkmSk,,,,,milloĭn,milːoĭn,1,,
210-203-1,,210,203,millal,millal,m i lː ɑ l,,SVSk,,,,,,milːɑ l,1,,
601-203-1,,601,203,mikor,mikor,m i k o r,,FMSz,,,,,,mikor,1,,
807-203-1,,807,203,"mǝtlät, mǝtlätnǝ",mǝtlät,m ə t l æ t,,DEWbOstj,,,,,"mətlät, mətlätnə",mətlæt,1,,
807-203-2,,807,203,"mǝtlät, mǝtlätnǝ",mǝtlätnǝ,m ə t l æ t n ə,,DEWbOstj,,,,,"mətlät, mətlätnə",mətlætnə,1,,
101-203-1,,101,203,"gosse, gåessie",gosse,,,NSsNdb,,,,,,,2,,
101-203-2,,101,203,"gosse, gåessie",gåessie,,,NSsNdb,,,,,,,2,,
102-203-1,,102,203,gåssee,gåssee,,,WbWlap,,,,,,,2,,
104-203-1,,104,203,gåsse,gåsse,,,EZ,,,,,,,2,,
105-203-1,,105,203,goas,goas,,,SSSg,,,,,,,2,,
106-203-1,,106,203,koas,koas,,,InsSSk,,,,,,,2,,
107-203-1,,107,203,kuäʹss,kuäʹss,,,SKosSk,,,,,,,2,,
108-203-1,,108,203,kuess’,kuess’,k u e sːʲ,,WOLD,,,,,,kuesːʲ,2,,
203-203-2,,203,203,koska,koska,k o̞ s k ɑ,,JL,,,,,,ko̞skɑ,2,,
204-203-1,,204,203,konsa,konsa,,,KKSV,,,,,,,2,,
204-203-2,,204,203,kos,kos,,,KKSV,,,,,,,2,,
207-203-1,,207,203,konz,konz,,,VVS,,,,,,,2,,
208-203-2,,208,203,konz,konz,k o n z,,InkmSk,,,,,konz,konz,2,,
209-203-1,,209,203,ke̮ns,ke̮ns,k ɤ n s,,VKJMS,,,,,ke̮ns,kɤns,2,,
210-203-2,,210,203,kunas,kunas,k u n ɑ s,,SVSk,,,,,,kunɑ s,2,,
211-203-1,,211,203,kuna ~ kunas,kuna ~ kunas,,,VESr,,,,,,,2,,
212-203-1,,212,203,kunà ~ kunàks etc.,kunà ~ kunàks etc.,,,LivWb,,,,,,,2,,
401-203-1,,401,203,kunam,kunam,k u n ɑ m,,SMSk;TscherWb,,,,,kunam,kunɑm,2,,
501-203-1,,501,203,kor,kor,k o r,,SyrjWsch,,,,,kor,kor,2,,
503-203-1,,503,203,ke̮r,ke̮r,k ɤ r,,KoPRSl,,,,,ke̮r,kɤr,2,,
504-203-1,,504,203,ku,ku,k u,,WotjWsch,,,,,ku,ku,2,,
701-203-1,,701,203,χuń,χuń,x u ɲ,,WogWb,,,,,χuń,xuɲ,2,,
807-203-3,,807,203,kuntɜ,kuntɜ,k u n t ə,,DEWbOstj,,,,,kuntə,kuntə,2,,
901-203-1,,901,203,kaŋgə,kaŋgə,k ɑ ŋ ɡ ə,,SlNgaRus,,,,,kaŋgə,kɑŋɡə,2,,
907-203-1,,907,203,kun śāɣən,kun śāɣən,k u n ɕ ɑː ɣ ə n,,SolkWb,,,,,kun_śāɣən,kun ɕɑːɣən,2,,
902-203-1,,902,203,syax°h,syax°h,,,JurSWb,,,,,,,3,Cognacy uncertain,
907-203-2,,907,203,kun śāɣən,kun śāɣən,k u n ɕ ɑː ɣ ə n,,SolkWb,,,,,kun_śāɣən,kun ɕɑːɣən,3,,
301-203-1,,301,203,źardo,źardo,ʑ ɑ r d o,,MordWb,,,,,źardo,ʑɑrdo,4,,
0-204-1,,0,204,[Not reconstructable],,,Possibly an inflected form of a pronominal stem used in this meaning; cannot be reconstructed,UEW;Sam88,,,,,,,?,[Not reconstructable],
203-204-1,,203,204,missä,missä,m i sː æ,,JL,,,,,,misːæ,1,,
601-204-1,,601,204,miben,miben,m i b ɛ n,,FMSz,,,,,,mibɛn,1,,
101-204-1,,101,204,gusnie,gusnie,,,NSsNdb,,,,,,,2,,
102-204-1,,102,204,güssnè,güssnè,,,WbWlap,,,,,,,2,,
104-204-1,,104,204,"gusne, guggu, gunne",gusne,,,EZ,,,,,,,2,,
104-204-2,,104,204,"gusne, guggu, gunne",guggu,,,EZ,,,,,,,2,,
104-204-3,,104,204,"gusne, guggu, gunne",gunne,,,EZ,,,,,,,2,,
105-204-1,,105,204,gos,gos,,,SSSg,,,,,,,2,,
106-204-1,,106,204,kost,kost,,,InsSSk,,,,,,,2,,
107-204-1,,107,204,koʹst,koʹst,,,SKosSk,,,,,,,2,,
108-204-1,,108,204,kas’t,kas’t,k a sʲ t,,WOLD,,,,,,kasʲt,2,,
204-204-1,,204,204,kussa,kussa,,,KKSV,,,,,,,2,,
207-204-1,,207,204,kus,kus,,,VVS,,,,,,,2,,
208-204-1,,208,204,kuz,kuz,k u z,,InkmSk,,,,,kuz,kuz,2,,
209-204-1,,209,204,kuza,kuza,k u z ɑ,,VKJMS,,,,,kuza,kuzɑ,2,,
210-204-1,,210,204,kus,kus,k u s,,SVSk,,,,,,kus,2,,
211-204-1,,211,204,kon ~ koh ~ kohn,kon ~ koh ~ kohn,,,VESr,,,,,,,2,,
212-204-1,,212,204,kus,kus,,,LivWb,,,,,,,2,,
301-204-1,,301,204,koso,koso,k o s o,,MordWb,,,,,koso,koso,2,,
401-204-1,,401,204,kušto,kušto,k u ʃ t o,,SMSk;TscherWb,,,,,kušto,kuʃto,2,,
501-204-1,,501,204,"ke̮n, ke̮ni, ki̮te̮n",ke̮n,k ɤ n,,SyrjWsch,,,,,"ke̮n, ke̮ni, ki̮te̮n",kɤn,2,,
501-204-2,,501,204,"ke̮n, ke̮ni, ki̮te̮n",ke̮ni,k ɤ n i,,SyrjWsch,,,,,"ke̮n, ke̮ni, ki̮te̮n",kɤni,2,,
501-204-3,,501,204,"ke̮n, ke̮ni, ki̮te̮n",ki̮te̮n,k ɯ t ɤ n,,SyrjWsch,,,,,"ke̮n, ke̮ni, ki̮te̮n",kɯtɤn,2,,
503-204-1,,503,204,ki̮te̮n,ki̮te̮n,k ɯ t ɤ n,,KoPRSl,,,,,ki̮te̮n,kɯtɤn,2,,
504-204-1,,504,204,ki̮ti̮n,ki̮ti̮n,k ɯ t ɯ n,,WotjWsch,,,,,ki̮ti̮n,kɯtɯn,2,,
601-204-2,,601,204,hol,hol,h o l,,FMSz,,,,,,hol,2,,
701-204-1,,701,204,χōt,χōt,x oː t,,WogWb,,,,,χōt,xoːt,2,,
807-204-1,,807,204,"kot, kotǝki",kot,k o t,,DEWbOstj,,,,,"kot, kotəki",kot,2,,
807-204-2,,807,204,"kot, kotǝki",kotǝki,k o t ə k i,,DEWbOstj,,,,,"kot, kotəki",kotəki,2,,
901-204-1,,901,204,"kuni, kuńini",kuni,k u n i,,SlNgaRus,,,,,"kuni, kuńini",kuni,2,,
901-204-2,,901,204,"kuni, kuńini",kuńini,k u ɲ i n i,,SlNgaRus,,,,,"kuni, kuńini",kuɲini,2,,
902-204-1,,902,204,xə-nyana,xə-nyana,,,JurSWb,,,,,,,2,,
907-204-1,,907,204,kūn,kūn,k uː n,,SolkWb,,,,,kūn,kuːn,2,,
907-204-2,,907,204,qajiqən,qajiqən,q ɑ j i q ə n,,SolkWb,,,,,qajiqən,qɑjiqən,2,,
0-205-1,,0,205,[Not reconstructable],,,,UEW;Sam88,,,,,,,?,[Not reconstructable],
101-205-1,,101,205,veelkes,veelkes,,,NSsNdb,,,,,,,1,,
102-205-1,,102,205,veälˈgada,veälˈgada,,,WbWlap,,,,,,,1,,
104-205-1,,104,205,"villges, vällgat",villges,,,EZ,,,,,,,1,,
104-205-2,,104,205,"villges, vällgat",vällgat,,,EZ,,,,,,,1,,
105-205-1,,105,205,vielgat,vielgat,,,SSSg,,,,,,,1,,
106-205-1,,106,205,viel'gađ,viel'gađ,,,InsSSk,,,,,,,1,,
107-205-1,,107,205,viõlggâd,viõlggâd,,,SKosSk,,,,,,,1,,
108-205-1,,108,205,vīllke,vīllke,v iː lː k e,,WOLD,,,,,,viːlːke,1,,
203-205-1,,203,205,valkoinen,valkoinen,ʋ ɑ l k o̞ i n e̞ n,,JL,,,,,,ʋɑlko̞ine̞n,1,,
204-205-1,,204,205,"valkie, valkoine",valkie,,,KKSV,,,,,,,1,,
204-205-2,,204,205,"valkie, valkoine",valkoine,,,KKSV,,,,,,,1,,
207-205-1,,207,205,vouged,vouged,,,VVS,,,,,,,1,,
210-205-1,,210,205,valge,valge,v ɑ l k e,,SVSk,,,,,,vɑ lke,1,,
211-205-1,,211,205,valgõ,valgõ,,,VESr,,,,,,,1,,
212-205-1,,212,205,vālda,vālda,,,LivWb,,,,,,,1,,
208-205-1,,208,205,valkia,valkia,v ɑ l k i ɑ,,InkmSk,,,,,valkia,vɑlkiɑ,2,,
209-205-1,,209,205,vaлge̮ke̮z,vaлge̮ke̮z,v ɑ l ɡ ɤ k ɤ z,,VKJMS,,,,,valge̮ke̮z,vɑlɡɤkɤz,2,,
301-205-1,,301,205,ašo,ašo,ɑ ʃ o,,MordWb,,,,,ašo,ɑʃo,2,,
401-205-1,,401,205,"oš, ošo",oš,o ʃ,Former attr.,SMSk;TscherWb,,,,,"oš, ošo",oʃ,2,From PFU *ačka,
401-205-2,,401,205,"oš, ošo",ošo,o ʃ o,Former attr.,SMSk;TscherWb,,,,,"oš, ošo",oʃo,2,From PFU *ačka,
501-205-1,,501,205,jeǯi̮d,jeǯi̮d,j e dʒ ɯ d,,SyrjWsch,,,,,jeǯi̮d,jedʒɯd,3,,
504-205-1,,504,205,te̮dʹi̮,te̮dʹi̮,t ɤ dʲ ɯ,,WotjWsch,,,,,te̮dʹi̮,tɤdʲɯ,4,,
601-205-1,,601,205,fehér,fehér,f ɛ ɦ eː r,,FMSz,,,,,,fɛɦeːr,5,,
701-205-1,,701,205,jāŋk,jāŋk,j ɑː ŋ k,,WogWb,,,,,jāŋk,jɑːŋk,6,,
701-205-2,,701,205,ńār,ńār,ɲ ɑː r,,WogWb,,,,,ńār,ɲɑːr,7,,
807-205-1,,807,205,näɣi,näɣi,n æ ɣ i,,DEWbOstj,,,,,näɣi,næɣi,8,,
901-205-1,,901,205,si̮r,si̮r,s ɯ r,,SlNgaRus,,,,,si̮r,sɯr,9,,
902-205-1,,902,205,"ser, serako",ser,,,JurSWb,,,,,,,9,,"'Salt, grainy ice, white'"
902-205-2,,902,205,"ser, serako",serako,,,JurSWb,,,,,,,9,,"'Salt, grainy ice, white'"
907-205-1,,907,205,se̮rə,se̮rə,s ɤ r ə,,SolkWb,,,,,se̮rə,sɤrə,9,,
503-205-1,,503,205,ćoćkom,ćoćkom,tɕ o tɕ k o m,,KoPRSl,,,,,ćoćkom,tɕotɕkom,10,,
101-206-1,,101,206,[Form not found],,,,NSsNdb,,,,,,,?,[Form not found],
102-206-1,,102,206,[Form not found],,,,WbWlap,,,,,,,?,[Form not found],
104-206-1,,104,206,[Form not found],,,,EZ,,,,,,,?,[Form not found],
203-206-1,,203,206,pyyhkiä,pyyhkiä,p yː ç k i æ,,JL,,,,,,pyːçkiæ,1,Germanic origin rejected in LÄGLOS,
204-206-1,,204,206,pyyhkie,pyyhkie,,,KKSV,,,,,,,1,,
207-206-1,,207,206,pühktʹa,pühktʹa,,,VVS,,,,,,,1,,
208-206-1,,208,206,pǖhkiä,pǖhkiä,p yː h k i æ,,InkmSk,,,,,pǖhkiä,pyːhkiæ,1,,
209-206-1,,209,206,pühtšimä,pühtšimä,p y h tʃ i m æ,,VKJMS,,,,,pühčimä,pyhtʃimæ,1,,
210-206-1,,210,206,pühkida,pühkida,p y h k i t ɑ,,SVSk,,,,,,pyhkitɑ,1,,
211-206-1,,211,206,pühk'mä,pühk'mä,,,VESr,,,,,,,1,,
212-206-1,,212,206,pūʾstə,pūʾstə,,,LivWb,,,,,,,2,,
105-206-1,,105,206,sihkkut,sihkkut,,,SSSg,,,,,,,3,,
106-206-1,,106,206,sikkođ,sikkođ,,,InsSSk,,,,,,,3,,
107-206-1,,107,206,sekkad,sekkad,,,SKosSk,,,,,,,3,,
301-206-1,,301,206,nardams,nardams,n ɑ r d ɑ m s,,MordWb,,,,,nardams,nɑrdɑms,4,,
401-206-1,,401,206,üštam,üštam,y ʃ t ɑ m,,SMSk;TscherWb,,,,,üštam,yʃtɑm,5,,
501-206-1,,501,206,ći̮ški̮ni̮,ći̮ški̮ni̮,tɕ ɯ ʃ k ɯ n ɯ,,SyrjWsch,,,,,ći̮ški̮ni̮,tɕɯʃkɯnɯ,6,,
503-206-1,,503,206,ći̮ški̮ni̮,ći̮ški̮ni̮,tɕ ɯ ʃ k ɯ n ɯ,,KoPRSl,,,,,ći̮ški̮ni̮,tɕɯʃkɯnɯ,6,,
0-206-1,,0,206,*čočV- ?,*čočV- ?,,,UEW;Sam88,,,,,,,7,,
504-206-1,,504,206,tšuši̮ni̮,tšuši̮ni̮,tʃ u ʃ ɯ n ɯ,,WotjWsch,,,,,čuši̮ni̮,tʃuʃɯnɯ,7,,
601-206-1,,601,206,töröl,töröl,t ø r ø l,,FMSz,,,,,,tørøl,8,,
701-206-1,,701,206,sēɣi,sēɣi,s eː ɣ i,,WogWb,,,,,sēɣi,seːɣi,9,,
807-206-1,,807,206,moŋət-,moŋət-,m o ŋ ə t,,DEWbOstj,,,,,moŋət-,moŋət-,10,,
902-206-1,,902,206,tæcy°,tæcy°,,,JurSWb,,,,,,,11,,
907-206-1,,907,206,mūsə- ~ müsə-,mūsə- ~ müsə-,m uː s ə,,SolkWb,,,,,"mūsə-, müsə-","muːsə-, mysə-",12,,
108-206-1,,108,206,jērre,jērre,j eː rː e,,WOLD,,,,,,jeːrːe,13,,
209-206-2,,209,206,лāmima,лāmima,l ɑː m i m ɑ,,VKJMS,,,,,lāmima,lɑːmimɑ,14,,
901-206-1,,901,206,ńakidʹa,ńakidʹa,ɲ ɑ k i dʲ ɑ,,SlNgaRus,,,,,ńakidʹa,ɲɑkidʲɑ,15,,"'Rub, wipe'"
107-207-1,,107,207,[No equivalent],,,Comitative case used for 'with'; no independent word,SKosSk,,,,,,,0,[No equivalent],
207-207-1,,207,207,[No equivalent],,,"Comitative case (suffix ""-ke"") used for 'with'; no independent word",VVS,,,,,,,0,[No equivalent],
501-207-1,,501,207,[No equivalent],,,"Comitative suffix ""-ke̮d"" used for 'with'; no independent word",SyrjWsch,,,,,,,0,[No equivalent],
503-207-1,,503,207,[No equivalent],,,"Comitative suffix ""-ke̮d"" used for 'with'; no independent word",KoPRSl,,,,,,,0,[No equivalent],
902-207-1,,902,207,[No equivalent],,,"Comitative case used for 'with'; however, ""nyah"" 'with someone'",JurSWb,,,,,,,0,[No equivalent],
907-207-1,,907,207,[No equivalent],,,Intrumental case used for 'with'; no independent word,SolkWb,,,,,,,0,[No equivalent],
0-207-1,,0,207,[Not reconstructable],,,,UEW;Sam88,,,,,,,?,[Not reconstructable],
104-207-1,,104,207,[Form not found],,,,EZ,,,,,,,?,[Form not found],
203-207-1,,203,207,kanssa,kanssa,k ɑ n sː ɑ,,JL,,,,,,kɑnsːɑ,1,"Deriv. from ”kansa” 'nation, people', cf. PGer *χansā",
208-207-1,,208,207,"kanz ~ kā, -kā ~ -kǟ",kanz ~ kā,k ɑ n z,,InkmSk,,,,,"kanz, kā, -kā, -kǟ","kɑnz, kɑː, -kɑː, -kæː",1,"Deriv. from ”kansa” 'nation, people', cf. PGer *χansā",
208-207-2,,208,207,"kanz ~ kā, -kā ~ -kǟ",-kā ~ -kǟ,k ɑ n z,,InkmSk,,,,,"kanz, kā, -kā, -kǟ","kɑnz, kɑː, -kɑː, -kæː",1,"Deriv. from ”kansa” 'nation, people', cf. PGer *χansā",
209-207-1,,209,207,kās,kās,k ɑː s,,VKJMS,,,,,kās,kɑːs,1,"Deriv. from ”kansa” 'nation, people', cf. PGer *χansā",
204-207-1,,204,207,kera,kera,,,KKSV,,,,,,,2,Shortened from kerta,
208-207-3,,208,207,kera,kera,k e r ɑ,,InkmSk,,,,,kera,kerɑ,2,Shortened from kerta,
210-207-1,,210,207,koos,koos,k oː s,"""Koos"" is properly 'together'; suffix ""-ga"" used more typically in comitative function, also with preposed ""koos""",SVSk,,,,,,koːs ,3,,
211-207-1,,211,207,üten ~ üteh ~ ütehn,üten ~ üteh ~ ütehn,,,VESr,,,,,,,4,From PFin *ükte-nä '(together) as one',
212-207-1,,212,207,īńə ~ ǖńə,īńə ~ ǖńə,,,LivWb,,,,,,,4,From PFin *ükte-nä '(together) as one',
105-207-1,,105,207,fárrui,fárrui,,,SSSg,,,,,,,5,,
105-207-2,,105,207,mielde,mielde,,,SSSg,,,,,,,6,,
106-207-1,,106,207,mield,mield,,,InsSSk,,,,,,,6,,
108-207-1,,108,207,mīll’te,mīll’te,m iː lːʲ t e,,WOLD,,,,,,miːlːʲte,6,,
102-207-1,,102,207,miŋèsna,miŋèsna,,,WbWlap,,,,,,,7,,
401-207-1,,401,207,δene,δene,ð e n e,,SMSk;TscherWb,,,,,δene,ðene,8,,"'At, with'"
301-207-1,,301,207,marto,marto,m ɑ r t o,,MordWb,,,,,marto,mɑrto,9,,
504-207-1,,504,207,"tšoš, tšošen",tšoš,tʃ o ʃ,,WotjWsch,,,,,"čoš, čošen",tʃoʃ,10,,
504-207-2,,504,207,"tšoš, tšošen",tšošen,tʃ o ʃ e n,,WotjWsch,,,,,"čoš, čošen",tʃoʃen,10,,
601-207-1,,601,207,"vele, (-val/vel)",vele,v ɛ l ɛ v ɒ l v ɛ l,,FMSz,,,,,,"vɛlɛ, (-vɒl/vɛl)",12,,"'With him' and suffix on head noun, respectively"
701-207-1,,701,207,jurtəl,jurtəl,j u r t ə l,,WogWb,,,,,jurtəl,jurtəl,13,,
807-207-1,,807,207,jö̆t-,jö̆t-,j ø ̆ t,Used with suffixed possessive pronoun,DEWbOstj,,,,,jö̆t-,jø̆t-,14,,
101-207-1,,101,207,meatan,meatan,,,NSsNdb,,,,,,,15,,
106-207-2,,106,207,meid(d)ei,meidei,,,InsSSk,,,,,,,15,,
101-207-2,,101,207,gujmie,gujmie,,"Deriv. from guejmie 'mate, companion'",NSsNdb,,,,,,,16,,
901-207-1,,901,207,nanu,nanu,n ɑ n u,,SlNgaRus,,,,,nanu,nɑnu,17,,"Form of postposition ""na"" 'to, towards', used primarily in possessive constructions"
203-208-1,,203,208,nainen,nainen,n ɑ i n e̞ n,,JL,,,,,,nɑine̞n,1,,
204-208-1,,204,208,naine,naine,,,KKSV,,,,,,,1,,
207-208-1,,207,208,naine,naine,,,VVS,,,,,,,1,,
208-208-1,,208,208,nain,nain,n ɑ i n,,InkmSk,,,,,nain,nɑin,1,,
209-208-1,,209,208,nain,nain,n ɑ i n,,VKJMS,,,,,nain,nɑin,1,,
210-208-1,,210,208,naine,naine,n ɑ i n e,,SVSk,,,,,,nɑine,1,,
211-208-1,,211,208,naanõ,naanõ,,,VESr,,,,,,,1,,
212-208-1,,212,208,naì,naì,,,LivWb,,,,,,,1,,
101-208-1,,101,208,"nyjsene, nyjsenæjja",nyjsene,,,NSsNdb,,,,,,,2,,
101-208-2,,101,208,"nyjsene, nyjsenæjja",nyjsenæjja,,,NSsNdb,,,,,,,2,,
102-208-1,,102,208,niisuna,niisuna,,,WbWlap,,,,,,,2,,
105-208-1,,105,208,nisu,nisu,,,SSSg,,,,,,,2,,
106-208-1,,106,208,nissoon,nissoon,,,InsSSk,,,,,,,2,,
107-208-1,,107,208,neezzan,neezzan,,,SKosSk,,,,,,,2,,
108-208-1,,108,208,nɨzan,nɨzan,n ɨ z a n,,WOLD,,,,,,nɨzan,2,,
102-208-2,,102,208,kuyˈna,kuyˈna,,,WbWlap,,,,,,,3,,
104-208-1,,104,208,kujdna,kujdna,,,EZ,,,,,,,3,,
301-208-1,,301,208,ava,ava,ɑ v ɑ,,MordWb,,,,,ava,ɑvɑ,4,,
401-208-1,,401,208,βate,βate,β ɑ t e,,SMSk;TscherWb,,,,,βate,βɑte,5,,
401-208-2,,401,208,üδə̑ramaš,üδə̑ramaš,y ð ə r ɑ m ɑ ʃ,"Deriv. from ""üδə̑r"" 'girl, daughter'",SMSk;TscherWb,,,,,üδə̑ramaš,yðərɑmɑʃ,6,,
504-208-1,,504,208,ki̮šno,ki̮šno,k ɯ ʃ n o,,WotjWsch,,,,,ki̮šno,kɯʃno,7,,
0-208-1,,0,208,*niŋä,*niŋä,,,UEW;Sam88,,,,,,,8,,
601-208-1,,601,208,nő,nő,n øː,,FMSz,,,,,,nøː,8,,
701-208-1,,701,208,nē,nē,n eː,,WogWb,,,,,nē,neː,8,,
807-208-1,,807,208,ni,ni,n i,,DEWbOstj,,,,,ni,ni,8,,
901-208-1,,901,208,ni̮,ni̮,n ɯ,,SlNgaRus,,,,,ni̮,nɯ,8,,
902-208-1,,902,208,nye,nye,,,JurSWb,,,,,,,8,,
907-208-1,,907,208,imma,imma,i mː ɑ,,SolkWb,,,,,imma,imːɑ,9,,
501-208-1,,501,208,ań,ań,ɑ ɲ,,SyrjWsch,,,,,ań,ɑɲ,10,"From PU *ańa 'wife of older relative, mother?'",
501-208-2,,501,208,ni̮vbaba,ni̮vbaba,n ɯ v b ɑ b ɑ,,SyrjWsch,,,,,ni̮vbaba,nɯvbɑbɑ,11,"First part from PU *nejδi 'daughter, girl'",
601-208-2,,601,208,asszony,asszony,ɒ sː o ɲ,,FMSz,,,,,,ɒsːoɲ,12,,
503-208-1,,503,208,ińka,ińka,i ɲ k ɑ,,KoPRSl,,,,,ińka,iɲkɑ,13,,
0-209-1,,0,209,[Not reconstructable],,,,UEW;Sam88,,,,,,,?,[Not reconstructable],
203-209-1,,203,209,metsä,metsä,m e̞ t̪ s æ,,JL,,,,,,me̞t̪sæ,1,,
204-209-1,,204,209,mettšä,mettšä,,,KKSV,,,,,,,1,,
207-209-1,,207,209,mets,mets,,,VVS,,,,,,,1,,
208-209-1,,208,209,met̀sä,met̀sä,m e t̀ s æ,,InkmSk,,,,,met̀sä,met̀sæ,1,,
209-209-1,,209,209,metsä,metsä,m e t s æ,,VKJMS,,,,,metsä,metsæ,1,,
210-209-1,,210,209,mets,mets,m e tː s,,SVSk,,,,,,metːs,1,,
211-209-1,,211,209,mõts,mõts,,,VESr,,,,,,,1,,
212-209-1,,212,209,me̮tsà ~ mütsà etc.,me̮tsà ~ mütsà etc.,,,LivWb,,,,,,,1,,
104-209-1,,104,209,vuävvde,vuävvde,,,EZ,,,,,,,2,,
105-209-1,,105,209,vuovdi,vuovdi,,,SSSg,,,,,,,2,,
807-209-1,,807,209,wont,wont,w o n t,,DEWbOstj,,,,,wont,wont,2,,
301-209-1,,301,209,viŕ,viŕ,v i rʲ,,MordWb,,,,,viŕ,virʲ,3,"Cogn. with Fin ""vieri"" 'edge, side'",
401-209-1,,401,209,čoδə̑ra,čoδə̑ra,tʃ o ð ə r ɑ,,SMSk;TscherWb,,,,,čoδə̑ra,tʃoðərɑ,4,,
501-209-1,,501,209,ve̮r,ve̮r,v ɤ r,,SyrjWsch,,,,,ve̮r,vɤr,5,"From PFU *wōri (?*wari) 'hill, forest', cf. PU *wara 'mountain, ridge' (Aikio2006)",
503-209-1,,503,209,ve̮r,ve̮r,v ɤ r,,KoPRSl,,,,,ve̮r,vɤr,5,"From PFU *wōri (?*wari) 'hill, forest', cf. PU *wara 'mountain, ridge' (Aikio2006)",
701-209-1,,701,209,wōr,wōr,w oː r,,WogWb,,,,,wōr,woːr,5,"From PFU *wōri (?*wari) 'hill, forest', cf. PU *wara 'mountain, ridge' (Aikio2006)",
504-209-1,,504,209,ńules,ńules,ɲ u l e s,,WotjWsch,,,,,ńules,ɲules,6,From PU *ńulkV 'silver fir',
504-209-2,,504,209,śik,śik,ɕ i k,,WotjWsch,,,,,śik,ɕik,7,,
601-209-1,,601,209,erdő,erdő,ɛ ɾ d øː,,FMSz,,,,,,ɛɾdøː,8,,
108-209-1,,108,209,vārr’,vārr’,v aː rːʲ,,WOLD,,,,,,vaːrːʲ,9,"From PU *wara 'hill, ridge'? (Aikio2006)",
902-209-1,,902,209,pedara,pedara,,,JurSWb,,,,,,,10,,
907-209-1,,907,209,maćə,maćə,m ɑ tɕ ə,,SolkWb,,,,,maćə,mɑtɕə,11,,
101-209-1,,101,209,skåake ~ skåajje,skåake ~ skåajje,,,NSsNdb,,,,,,,12,,
102-209-1,,102,209,mä̀htsee,mä̀htsee,,,WbWlap,,,,,,,1,,
104-209-2,,104,209,mähttse,mähttse,,,EZ,,,,,,,1,,
106-209-1,,106,209,mecci,mecci,,,InsSSk,,,,,,,1,,
107-209-1,,107,209,meäʹcˈc,meäʹcˈc,,,SKosSk,,,,,,,1,,
901-209-1,,901,209,muŋku,muŋku,m u ŋ k u,,SlNgaRus,,,,,muŋku,muŋku,13,,"'Tree', plural 'forest'"
0-21-1,,0,21,*üji,*üji,,*jütV primarily 'evening'?; PFU: *üji,UEW;Sam88,,,,,,,1,,
101-21-1,,101,21,jïjje,jïjje,,,NSsNdb,,,,,,,1,,
102-21-1,,102,21,jijja,jijja,,,WbWlap,,,,,,,1,,
104-21-1,,104,21,idja,idja,,,EZ,,,,,,,1,,
105-21-1,,105,21,idja,idja,,,SSSg,,,,,,,1,,
106-21-1,,106,21,ijja,ijja,,,InsSSk,,,,,,,1,,
107-21-1,,107,21,ijj,ijj,,,SKosSk,,,,,,,1,,
108-21-1,,108,21,ɨjj,ɨjj,ɨ jː,,WOLD,,,,,,ɨjː,1,,
203-21-1,,203,21,yö,yö,y ø̯,,JL,,,,,,yø̯,1,,
204-21-1,,204,21,yö,yö,,,KKSV,,,,,,,1,,
207-21-1,,207,21,ö,ö,,,VVS,,,,,,,1,,
208-21-1,,208,21,ȫ,ȫ,øː,,InkmSk,,,,,ȫ,øː,1,,
209-21-1,,209,21,ǖ,ǖ,yː,,VKJMS,,,,,ǖ,yː,1,,
210-21-1,,210,21,öö,öö,øː,,SVSk,,,,,,øː,1,,
211-21-1,,211,21,üü,üü,,,VESr,,,,,,,1,,
212-21-1,,212,21,ìe < ǜö,ìe < ǜö,,,LivWb,,,,,,,1,,
301-21-1,,301,21,ve,ve,v e,,MordWb,,,,,ve,ve,1,,
501-21-1,,501,21,voj,voj,v o j,,SyrjWsch,,,,,voj,voj,1,,
503-21-1,,503,21,oj,oj,o j,,KoPRSl,,,,,oj,oj,1,,
504-21-1,,504,21,uj,uj,u j,,WotjWsch,,,,,uj,uj,1,,
601-21-1,,601,21,éj,éj,eː j,,FMSz,,,,,,eːj,1,,
807-21-1,,807,21,jəj ~ əj,jəj ~ əj,j ə j,,DEWbOstj,,,,,"jəj, əj","jəj, əj",1,,
401-21-1,,401,21,jüt,jüt,j y t,,SMSk;TscherWb,,,,,jüt,jyt,2,,
701-21-1,,701,21,ēt,ēt,eː t,,WogWb,,,,,ēt,eːt,2,,
901-21-1,,901,21,hii,hii,h iː,,SlNgaRus,,,,,hī,hiː,3,,
902-21-1,,902,21,pyi,pyi,,,JurSWb,,,,,,,3,,
907-21-1,,907,21,pi,pi,p i,,SolkWb,,,,,pi,pi,3,,
107-21-2,,107,21,inn,inn,,,SKosSk,,,,,,,4,,
0-210-1,,0,210,[Not reconstructable],,,,UEW;Sam88,,,,,,,?,[Not reconstructable],
203-210-1,,203,210,mato,mato,m ɑ t̪ o̞,,JL,,,,,,mɑt̪o̞,1,,
204-210-1,,204,210,mato(ine),mato,,,KKSV,,,,,,,1,,
207-210-1,,207,210,mado,mado,,,VVS,,,,,,,1,,
208-210-1,,208,210,maᴅo,maᴅo,m ɑ d̥ o,,InkmSk,,,,,maᴅo,mɑd̥o,1,,
210-210-1,,210,210,uss,uss,u sː,,SVSk,,,,,,usː,2,,
211-210-1,,211,210,huss',huss',,,VESr,,,,,,,2,,
212-210-1,,212,210,boʾŕ,boʾŕ,,,LivWb,,,,,,,3,,
101-210-1,,101,210,soekse,soekse,,,NSsNdb,,,,,,,4,,"'Worm, maggot'"
102-210-1,,102,210,suakˈsa,suakˈsa,,,WbWlap,,,,,,,4,,
106-210-1,,106,210,suok'sa,suok'sa,,,InsSSk,,,,,,,4,,
301-210-1,,301,210,suks,suks,s u k s,,MordWb,,,,,suks,suks,4,Word-internal u for expected o,
401-210-1,,401,210,šukš,šukš,ʃ u k ʃ,,SMSk;TscherWb,,,,,šukš,ʃukʃ,4,,
107-210-1,,107,210,smäʹtt,smäʹtt,,,SKosSk,,,,,,,5,,
501-210-1,,501,210,nomi̮r,nomi̮r,n o m ɯ r,,SyrjWsch,,,,,nomi̮r,nomɯr,6,,
504-210-1,,504,210,numi̮r,numi̮r,n u m ɯ r,,WotjWsch,,,,,numi̮r,numɯr,6,,
601-210-1,,601,210,féreg,féreg,f eː ɾ ɛ ɡ,,FMSz,,,,,,feːɾɛɡ,7,,
701-210-1,,701,210,pērk,pērk,p eː r k,,WogWb,,,,,pērk,peːrk,7,,
807-210-1,,807,210,soɣ,soɣ,s o ɣ,,DEWbOstj,,,,,soɣ,soɣ,8,,
907-210-1,,907,210,čuk,čuk,tʃ u k,,SolkWb,,,,,čuk,tʃuk,10,,
901-210-1,,901,210,kəlʹśüˀə,kəlʹśüˀə,k ə ʎ ɕ y ʔ ə,,SlNgaRus,,,,,kəlʹśüˀə,kəʎɕyʔə,11,,
902-210-1,,902,210,xəli,xəli,,,JurSWb,,,,,,,11,,
106-210-2,,106,210,kiksa,kiksa,,,InsSSk,,,,,,,12,,
503-210-1,,503,210,gag,gag,ɡ ɑ ɡ,"Stem ""gagj-""",KoPRSl,,,,,gag,ɡɑɡ,13,,
209-210-1,,209,210,touko,touko,t o u k o,,VKJMS,,,,,touko,touko,14,,
104-210-1,,104,210,máhto,máhto,,,EZ,,,,,,,1,,
105-210-1,,105,210,máhtu,máhtu,,,SSSg,,,,,,,1,,
106-210-3,,106,210,máátu,máátu,,,InsSSk,,,,,,,1,,
107-210-2,,107,210,määtt,määtt,,,SKosSk,,,,,,,1,,
108-210-1,,108,210,mādt,mādt,m aː dː,,WOLD,,,,,,maːdː,1,,
211-210-2,,211,210,vagõl ~ vakl,vagõl ~ vakl,,,SI,,,,,,,15,,
203-211-1,,203,211,vuosi,vuosi,ʋ u o̞ s i,,JL,,,,,,ʋuo̞si,1,,
204-211-1,,204,211,vuosi,vuosi,,,KKSV,,,,,,,1,,
207-211-1,,207,211,voź,voź,,,VVS,,,,,,,1,,
208-211-1,,208,211,vōz,vōz,v oː z,,InkmSk,,,,,vōz,voːz,1,,
501-211-1,,501,211,vo,vo,v o,,SyrjWsch,,,,,vo,vo,1,,
503-211-1,,503,211,vo,vo,v o,,KoPRSl,,,,,vo,vo,1,,
807-211-1,,807,211,al,al,ɑ l,,DEWbOstj,,,,,al,ɑl,1,,
209-211-1,,209,211,āstaik,āstaik,ɑː s t ɑ i k,,VKJMS,,,,,āstaik,ɑːstɑik,2,,
210-211-1,,210,211,aasta,aasta,ɑː s tː ɑ,,SVSk,,,,,,ɑːstːɑ,2,,
211-211-1,,211,211,"aastak, ajasta(ig)",aastak,,,VESr,,,,,,,2,,
211-211-2,,211,211,"aastak, ajasta(ig)",ajasta,,,VESr,,,,,,,2,,
212-211-1,,212,211,àigast,àigast,,,LivWb,,,,,,,2,,
106-211-1,,106,211,ihe,ihe,,,InsSSk,,,,,,,3,,
107-211-1,,107,211,eeʹǩǩ,eeʹǩǩ,,,SKosSk,,,,,,,3,,
108-211-1,,108,211,ɨgk’,ɨgk’,ɨ gːʲ,,WOLD,,,,,,ɨgːʲ,3,,
301-211-1,,301,211,ije,ije,i j e,,MordWb,,,,,ije,ije,3,Cf. Fin ikä 'age'. Possibly hrough semantic change from  *jikä 'age' to 'year' ,
401-211-1,,401,211,ij,ij,i j,,SMSk;TscherWb,,,,,ij,ij,3,,
601-211-1,,601,211,év,év,eː v,,FMSz,,,,,,eːv,3,,
101-211-1,,101,211,jaepie,jaepie,,,NSsNdb,,,,,,,4,,
102-211-1,,102,211,jàhpee,jàhpee,,,WbWlap,,,,,,,4,,
0-211-1,,0,211,*ärV,*ärV,,,UEW;Sam88,,,,,,,5,,
504-211-1,,504,211,ar,ar,ɑ r,,WotjWsch,,,,,ar,ɑr,5,,
701-211-1,,701,211,tāl,tāl,t ɑː l,,WogWb,,,,,tāl,tɑːl,6,From PFU *tälwä 'winter',
901-211-1,,901,211,hüə,hüə,h y ə,,SlNgaRus,,,,,hüə,hyə,7,,"'Year, age'"
902-211-1,,902,211,po,po,,,JurSWb,,,,,,,7,,
907-211-1,,907,211,po,po,p o,,SolkWb,,,,,po,po,7,,
503-211-2,,503,211,god,god,ɡ o d,,KoPRSl,,,,,god,ɡod,8,,
104-211-1,,104,211,jahke ,jahke,,,EZ,,,,,,,3,,
105-211-1,,105,211,jahki,jahki,,,SSSg,,,,,,,3,,
0-212-1,,0,212,[Not reconstructable],,,,UEW;Sam88,,,,,,,?,[Not reconstructable],
203-212-1,,203,212,keltainen,keltainen,k e̞ l t̪ ɑ i n e̞ n,,JL,,,,,,ke̞lt̪ɑine̞n,1,"Cf. Lith ""geltà"" 'yellowness, the yellow color'",
204-212-1,,204,212,keltaine,keltaine,,,KKSV,,,,,,,1,"Cf. Lith ""geltà"" 'yellowness, the yellow color'",
208-212-1,,208,212,keltain,keltain,k e l t ɑ i n,,InkmSk,,,,,keltain,keltɑin,1,"Cf. Lith ""geltà"" 'yellowness, the yellow color'",
209-212-1,,209,212,ke̮лte̮in,ke̮лte̮in,k ɤ l t ɤ i n,,VKJMS,,,,,ke̮lte̮in,kɤltɤin,1,"Cf. Lith ""geltà"" 'yellowness, the yellow color'",
210-212-1,,210,212,kollane,kollane,k o lː ɑ n e,,SVSk,,,,,,kolːɑne,1,"Cf. Lith ""geltà"" 'yellowness, the yellow color'",
211-212-1,,211,212,kõllanõ,kõllanõ,,,VESr,,,,,,,1,"Cf. Lith ""geltà"" 'yellowness, the yellow color'",
207-212-1,,207,212,pakuine,pakuine,,,VVS,,,,,,,2,,
212-212-1,,212,212,vīʾri,vīʾri,,,LivWb,,,,,,,3,,
501-212-1,,501,212,viž,viž,v i ʒ,,SyrjWsch,,,,,viž,viʒ,3,,
503-212-1,,503,212,vež,vež,v e ʒ,,KoPRSl,,,,,vež,veʒ,3,,
101-212-1,,101,212,viskes,viskes,,,NSsNdb,,,,,,,4,,
102-212-1,,102,212,visskada,visskada,,,WbWlap,,,,,,,4,,
104-212-1,,104,212,vissgat,vissgat,,,EZ,,,,,,,4,,
105-212-1,,105,212,fiskat,fiskat,,,SSSg,,,,,,,4,,
106-212-1,,106,212,fiskad,fiskad,,,InsSSk,,,,,,,4,,
107-212-1,,107,212,viskkâd,viskkâd,,,SKosSk,,,,,,,4,,
301-212-1,,301,212,ožo,ožo,o ʒ o,,MordWb,,,,,ožo,oʒo,5,,
401-212-1,,401,212,sar ~ sarə̑,sar ~ sarə̑,s ɑ r,,SMSk;TscherWb,,,,,"sar, sarə̑","sɑr, sɑrə",6,Turkic layer cannot be determined.,
601-212-1,,601,212,sárga,sárga,ʃ aː r ɡ ɒ,,FMSz,,,,,,ʃaːrɡɒ,6,,
504-212-1,,504,212,tšuž,tšuž,tʃ u ʒ,,WotjWsch,,,,,čuž,tʃuʒ,7,,
701-212-1,,701,212,kasm,kasm,k ɑ s m,,WogWb,,,,,kasm,kɑsm,8,,
807-212-1,,807,212,kul-lö̆j,kul-lö̆j,k u l l ø ̆ j,,DEWbOstj,,,,,kul-lö̆j,kul-lø̆j,9,,"Comp.; ""kul"" 'fish', ""lö̆j"" 'gall'; ie. yellow as fish gall"
901-212-1,,901,212,todʹakuə,todʹakuə,t o dʲ ɑ k u ə,,SlNgaRus,,,,,todʹakuə,todʲɑkuə,10,,"'Yellow, brown, gray'"
902-212-1,,902,212,tasyexey°,tasyexey°,,,JurSWb,,,,,,,10,,
907-212-1,,907,212,patəlʹ,patəlʹ,p ɑ t ə ʎ,"Deriv. from ""patə"" 'gall'",SolkWb,,,,,patəlʹ,pɑtəʎ,11,,
401-212-2,,401,212,narə̑ńče,narə̑ńče,n ɑ r ə ɲ tʃ e,,SMSk;TscherWb,,,,,narə̑ńče,nɑrəɲtʃe,12,,
108-212-1,,108,212,ruččkes’,ruččkes’,r u t ʃː k e sʲ,,WOLD,,,,,,rutʃːkesʲ,13,,
0-213-1,,0,213,*tȣ̈,*tȣ̈,,,UEW;Sam88,,,,,,,1,,
101-213-1,,101,213,dijjieh,dijjieh,,,NSsNdb,,,,,,,1,,
102-213-1,,102,213,dijja,dijja,,,WbWlap,,,,,,,1,,
104-213-1,,104,213,dija,dija,,,EZ,,,,,,,1,,
105-213-1,,105,213,dii,dii,,,SSSg,,,,,,,1,,
106-213-1,,106,213,tij,tij,,,InsSSk,,,,,,,1,,
107-213-1,,107,213,tij,tij,,,SKosSk,,,,,,,1,,
108-213-1,,108,213,tɨjj,tɨjj,t ɨ jː,,WOLD,,,,,,tɨjː,1,,
203-213-1,,203,213,te,te,t̪ e̞,,JL,,,,,,t̪e̞,1,,
204-213-1,,204,213,työ,työ,,,KKSV,,,,,,,1,,
207-213-1,,207,213,tʹö ~ tʹe,tʹö ~ tʹe,,,VVS,,,,,,,1,,
208-213-1,,208,213,tȫ,tȫ,t øː,,InkmSk,,,,,tȫ,tøː,1,,
209-213-1,,209,213,tǖ,tǖ,t yː,,VKJMS,,,,,tǖ,tyː,1,,
210-213-1,,210,213,"teie, te",teie,t e i e t e,,SVSk,,,,,,"teie, te",1,,
210-213-2,,210,213,"teie, te",te,t e i e t e,,SVSk,,,,,,"teie, te",1,,
211-213-1,,211,213,tiiq ~ ti,tiiq ~ ti,,,VESr,,,,,,,1,,
212-213-1,,212,213,teg ~ tēg etc.,teg ~ tēg etc.,,,LivWb,,,,,,,1,,
301-213-1,,301,213,tiń,tiń,t i ɲ,,MordWb,,,,,tiń,tiɲ,1,,
401-213-1,,401,213,te,te,t e,,SMSk;TscherWb,,,,,te,te,1,,
501-213-1,,501,213,ti,ti,t i,,SyrjWsch,,,,,ti,ti,1,,
503-213-1,,503,213,"ti, tije̮",ti,t i,,KoPRSl,,,,,"ti, tije̮",ti,1,,
503-213-2,,503,213,"ti, tije̮",tije̮,t i j ɤ,,KoPRSl,,,,,"ti, tije̮",tijɤ,1,,
504-213-1,,504,213,ti,ti,t i,,WotjWsch,,,,,ti,ti,1,,
601-213-1,,601,213,ti,ti,t i,,FMSz,,,,,,ti,1,,
901-213-1,,901,213,ti̮ŋ,ti̮ŋ,t ɯ ŋ,,SlNgaRus,,,,,ti̮ŋ,tɯŋ,1,,
907-213-1,,907,213,tē,tē,t eː,,SolkWb,,,,,tē,teː,1,,
701-213-1,,701,213,nān,nān,n ɑː n,,WogWb,,,,,nān,nɑːn,2,,
807-213-1,,807,213,nəŋ,nəŋ,n ə ŋ,,DEWbOstj,,,,,nəŋ,nəŋ,2,,
902-213-1,,902,213,pid°raq,pid°raq,,,JurSWb,,,,,,,3,,
0-214-1,,0,214,[Not reconstructable],,,,UEW;Sam88,,,,,,,?,[Not reconstructable],
203-214-1,,203,214,nostaa,nostaa,n o̞ s t̪ ɑː,,JL,,,,,,no̞st̪ɑː,1,,
204-214-1,,204,214,nostoa,nostoa,,,KKSV,,,,,,,1,,
208-214-1,,208,214,nostā,nostā,n o s t ɑː,,InkmSk,,,,,nostā,nostɑː,1,,
209-214-1,,209,214,ne̮ssē̮ma,ne̮ssē̮ma,n ɤ sː ɤː m ɑ,,VKJMS,,,,,ne̮ssē̮ma,nɤsːɤːmɑ,1,,
210-214-1,,210,214,tõsta,tõsta,t ɤ s tː ɑ,,SVSk,,,,,,tɤstːɑ ,1,Initial consonant sporadically changed,
211-214-1,,211,214,nõstma,nõstma,,,VESr,,,,,,,1,,
212-214-1,,212,214,nustə,nustə,,,LivWb,,,,,,,1,,
207-214-1,,207,214,leta,leta,,,VVS,,,,,,,2,,"'Fly, lift, raise'"
907-214-1,,907,214,qāqəl-,qāqəl-,q ɑː q ə l,,SolkWb,,,,,qāqəl-,qɑːqəl-,3,,
104-214-1,,104,214,luptit,luptit,,,EZ,,,,,,,4,,
105-214-1,,105,214,loktet,loktet,,,SSSg,,,,,,,4,,
106-214-1,,106,214,luptiđ,luptiđ,,,InsSSk,,,,,,,4,,
101-214-1,,101,214,bijjiedidh,bijjiedidh,,,NSsNdb,,,,,,,5,From PSaa *pe̮jē-nᴅē-,
104-214-2,,104,214,bajedit,bajedit,,,EZ,,,,,,,5,,
105-214-2,,105,214,bajidit,bajidit,,,SSSg,,,,,,,5,From PSaa *pe̮jē-nᴅē-,
107-214-1,,107,214,pââʹjded,pââʹjded,,,SKosSk,,,,,,,5,From PSaa *pe̮jē-nᴅē-,
108-214-1,,108,214,pajnelle,pajnelle,p a j n e lː e,,WOLD,,,,,,pajnelːe,5,From PSaa *pe̮jē-nᴅē-,
101-214-2,,101,214,lutnjedh,lutnjedh,,,NSsNdb,,,,,,,6,,
102-214-1,,102,214,lügˈŋjat,lügˈŋjat,,,WbWlap,,,,,,,6,,
104-214-3,,104,214,lugŋŋit,lugŋŋit,,,EZ,,,,,,,6,,
107-214-2,,107,214,kaggâd,kaggâd,,,SKosSk,,,,,,,7,,
301-214-1,,301,214,kepedʹems,kepedʹems,k e p e dʲ e m s,,MordWb,,,,,kepedʹems,kepedʲems,8,,
601-214-1,,601,214,"emel, felemel, megemel",emel,ɛ m ɛ l f ɛ l ɛ m ɛ l m ɛ ɡ ɛ m ɛ l,,FMSz,,,,,,"ɛmɛl, fɛlɛmɛl, mɛɡɛmɛl",9,Connection with Ob-Ugric and Samoyedic forms uncertain,
601-214-2,,601,214,"emel, felemel, megemel",felemel,ɛ m ɛ l f ɛ l ɛ m ɛ l m ɛ ɡ ɛ m ɛ l,,FMSz,,,,,,"ɛmɛl, fɛlɛmɛl, mɛɡɛmɛl",9,Connection with Ob-Ugric and Samoyedic forms uncertain,
601-214-3,,601,214,"emel, felemel, megemel",megemel,ɛ m ɛ l f ɛ l ɛ m ɛ l m ɛ ɡ ɛ m ɛ l,,FMSz,,,,,,"ɛmɛl, fɛlɛmɛl, mɛɡɛmɛl",9,Connection with Ob-Ugric and Samoyedic forms uncertain,
701-214-1,,701,214,ālmi,ālmi,ɑː l m i,,WogWb,,,,,ālmi,ɑːlmi,9,,
807-214-1,,807,214,äləm-,äləm-,æ l ə m,,DEWbOstj,,,,,äləm-,æləm-,9,,
901-214-1,,901,214,"dʹilədʹi, dʹiltədʹi",dʹilədʹi,dʲ i l ə dʲ i,,SlNgaRus,,,,,"dʹilədʹi, dʹiltədʹi",dʲilədʲi,9,,
901-214-2,,901,214,"dʹilədʹi, dʹiltədʹi",dʹiltədʹi,dʲ i l t ə dʲ i,,SlNgaRus,,,,,"dʹilədʹi, dʹiltədʹi",dʲiltədʲi,9,,
902-214-1,,902,214,yilə°,yilə°,,,JurSWb,,,,,,,9,,
401-214-1,,401,214,nə̑ltem,nə̑ltem,n ə l t e m,,SMSk;TscherWb,,,,,nə̑ltem,nəltem,10,,
504-214-1,,504,214,ǯuti̮ni̮,ǯuti̮ni̮,dʒ u t ɯ n ɯ,,WotjWsch,,,,,ǯuti̮ni̮,dʒutɯnɯ,11,,
501-214-1,,501,214,lepti̮ni̮,lepti̮ni̮,l e p t ɯ n ɯ,,SyrjWsch,,,,,lepti̮ni̮,leptɯnɯ,12,,
503-214-1,,503,214,lebti̮ni̮,lebti̮ni̮,l e b t ɯ n ɯ,,KoPRSl,,,,,lebti̮ni̮,lebtɯnɯ,12,,
0-215-1,,0,215,*takana,*takana,,,UEW;Sam88,,,,,,,1,,
101-215-1,,101,215,duekesne,duekesne,,,NSsNdb,,,,,,,1,,
104-215-1,,104,215,duogen ~ duohkaj,duogen ~ duohkaj,,,EZ,,,,,,,1,,
105-215-1,,105,215,duohkin,duohkin,,,SSSg,,,,,,,1,,
106-215-1,,106,215,tyehin,tyehin,,,InsSSk,,,,,,,1,,
107-215-1,,107,215,tuâǥǥ-,tuâǥǥ-,,,SKosSk,,,,,,,1,,
203-215-1,,203,215,takana,takana,t̪ ɑ k ɑ n ɑ,,JL,,,,,,t̪ɑkɑnɑ,1,,
204-215-1,,204,215,takana,takana,,,KKSV,,,,,,,1,,
207-215-1,,207,215,taga,taga,,,VVS,,,,,,,1,,
208-215-1,,208,215,tak̆kā,tak̆kā,t ɑ k ̆ k ɑː,,InkmSk,,,,,tak̆kā,tɑk̆kɑː,1,,
209-215-1,,209,215,takan̄,takan̄,t ɑ k ɑ nː,,VKJMS,,,,,takan̄,tɑkɑnː,1,,
210-215-1,,210,215,taga,taga,t ɑ k ɑ,,SVSk,,,,,,tɑkɑ,1,,
211-215-1,,211,215,takan ~ takah ~ takahn,takan ~ takah ~ takahn,,,VESr,,,,,,,1,,
212-215-1,,212,215,tagà,tagà,,,LivWb,,,,,,,1,,
901-215-1,,901,215,takənu,takənu,t ɑ k ə n u,,SlNgaRus,,,,,takənu,tɑkənu,1,,
902-215-1,,902,215,tyax°na,tyax°na,,"Form of stem ""tyaxə-""",JurSWb,,,,,,,1,,
907-215-1,,907,215,tāk,tāk,t ɑː k,Locative postposition is an inflected form of this,SolkWb,,,,,tāk,tɑːk,1,,
104-215-2,,104,215,maŋŋelt,maŋŋelt,,,EZ,,,,,,,2,,
105-215-2,,105,215,maŋŋin,maŋŋin,,,SSSg,,,,,,,2,,
106-215-2,,106,215,maajeeld,maajeeld,,,InsSSk,,,,,,,2,,
108-215-1,,108,215,maŋ’el’t,maŋ’el’t,m a ŋʲ e lʲ t,,WOLD,,,,,,maŋʲelʲt,2,,
601-215-1,,601,215,mögött,mögött,m ø ɡ ø tː,,FMSz,,,,,,møɡøtː,2,,
807-215-1,,807,215,pi̮rnə,pi̮rnə,p ɯ r n ə,,DEWbOstj,,,,,pi̮rnə,pɯrnə,3,"From stem ""pi̮r"" 'back', PUgr *purV-",
102-215-1,,102,215,såggèsna,såggèsna,,,WbWlap,,,,,,,4,,
301-215-1,,301,215,udalo,udalo,u d ɑ l o,,MordWb,,,,,udalo,udɑlo,5,,
301-215-2,,301,215,ekšse,ekšse,e k ʃ s e,,MordWb,,,,,ekšse,ekʃse,6,,
501-215-1,,501,215,saje̮,saje̮,s ɑ j ɤ,"From ""sai"" 'backside'",SyrjWsch,,,,,saje̮,sɑjɤ,7,,
503-215-1,,503,215,saji̮n,saji̮n,s ɑ j ɯ n,,KoPRSl,,,,,saji̮n,sɑjɯn,7,,
501-215-2,,501,215,be̮r vi̮le̮,be̮r vi̮le̮,b ɤ r v ɯ l ɤ,,SyrjWsch,,,,,be̮r_vi̮le̮,bɤr vɯlɤ,8,"""Be̮r"" from PFU *perä 'back'","""Be̮r"" 'back', ""vi̮le̮"" 'on'"
503-215-2,,503,215,be̮ri̮n,be̮ri̮n,b ɤ r ɯ n,,KoPRSl,,,,,be̮ri̮n,bɤrɯn,8,,
401-215-1,,401,215,šeŋgelne,šeŋgelne,ʃ e ŋ ɡ e l n e,,SMSk;TscherWb,,,,,šeŋgelne,ʃeŋɡelne,9,,
504-215-1,,504,215,śe̮ri̮n,śe̮ri̮n,ɕ ɤ r ɯ n,,WotjWsch,,,,,śe̮ri̮n,ɕɤrɯn,10,,
701-215-1,,701,215,sājt,sājt,s ɑː j t,,WogWb,,,,,sājt,sɑːjt,11,,
807-215-2,,807,215,kas,kas,k ɑ s,,DEWbOstj,,,,,kas,kɑs,12,,
901-215-2,,901,215,"huə, huənu",huə,h u ə,,SlNgaRus,,,,,"huə, huənu",huə,13,,
901-215-3,,901,215,"huə, huənu",huənu,h u ə n u,,SlNgaRus,,,,,"huə, huənu",huənu,13,,
901-215-4,,901,215,məkini,məkini,m ə k i n i,"Deriv. from ""məku"" 'back (of human, animal)'; from PSmd *məka, not connected to PFU *müŋä",SlNgaRus,,,,,məkini,məkini,14,,
203-216-1,,203,216,[No equivalent],,,,JL,,,,,,,0,[No equivalent],
208-216-1,,208,216,[No equivalent],,,"Phrases such as ""avaᴅa solmi"", lit. 'open a knot' used in given meaning",InkmSk,,,,,,,0,[No equivalent],
209-216-1,,209,216,[No equivalent],,,"Phrases such as ""se̮лmus̄ pǟssemä"", lit. 'let loose from a knot' used in given meaning",VKJMS,,,,,,,0,[No equivalent],
210-216-1,,210,216,[No equivalent],,,"Cf. ""harutada"" 'loosen, unravel, etc.' ; 'untie' usually expressed phrasally: ""Sõlme lahti teha, lahti harutada"", lit. 'Make, unravel a knot loose'",SVSk,,,,,,,0,[No equivalent],
211-216-1,,211,216,[No equivalent],,,"Cf. ""arõndama ~ arotama"", meaning given in Estonian as 'harutama', i.e. 'unravel, loosen etc.', used with knots but not in all cases. Can be expressed with phrase “vallalõ tegemä”.",VESr;SI,,,,,,,0,[No equivalent],
0-216-1,,0,216,[Not reconstructable],,,,UEW;Sam88,,,,,,,?,[Not reconstructable],
102-216-1,,102,216,[Form not found],,,,WbWlap,,,,,,,?,[Form not found],
212-216-1,,212,216,[Form not found],,,,LivWb,,,,,,,?,[Form not found],
204-216-1,,204,216,keritteä,keritteä,,,KKSV,,,,,,,1,,
207-216-1,,207,216,rušta,rušta,,,NRVS,,,,,,,2,,
104-216-1,,104,216,tjåvvdet,tjåvvdet,,,EZ,,,,,,,3,,
105-216-1,,105,216,čoavdit,čoavdit,,,SSSg,,,,,,,3,,
106-216-1,,106,216,čoav'diđ,čoav'diđ,,,InsSSk,,,,,,,3,,
107-216-1,,107,216,čåuʹdded,čåuʹdded,,,SKosSk,,,,,,,3,,
105-216-2,,105,216,lutket,lutket,,,SSSg,,,,,,,4,,
301-216-1,,301,216,juksńems,juksńems,j u k s ɲ e m s,,MordWb,,,,,juksńems,juksɲems,5,,
501-216-1,,501,216,raźni̮,raźni̮,r ɑ ʑ n ɯ,,SyrjWsch,,,,,raźni̮,rɑʑnɯ,6,,
601-216-1,,601,216,kiold,kiold,k i o l d,,FMSz,,,,,,kiold,7,,
401-216-1,,401,216,ruδem,ruδem,r u ð e m,,SMSk;TscherWb,,,,,ruδem,ruðem,8,,
504-216-1,,504,216,serti̮ni̮,serti̮ni̮,s e r t ɯ n ɯ,,WotjWsch,,,,,serti̮ni̮,sertɯnɯ,9,,
701-216-1,,701,216,pēsti,pēsti,p eː s t i,,WogWb,,,,,pēsti,peːsti,10,,
901-216-1,,901,216,dʹuküdʹa,dʹuküdʹa,dʲ u k y dʲ ɑ,,SlNgaRus,,,,,dʹuküdʹa,dʲukydʲɑ,11,,
902-216-1,,902,216,yeka-,yeka-,,,JurSWb,,,,,,,11,,
907-216-1,,907,216,ći̮kkə-,ći̮kkə-,tɕ ɯ kː ə,,SolkWb,,,,,ći̮kkə-,tɕɯkːə-,11,,
108-216-1,,108,216,piess’te,piess’te,p i e sːʲ t e,,WOLD,,,,,,piesːʲte,12,,
807-216-1,,807,216,aŋət-,aŋət-,ɑ ŋ ə t,,DEWbOstj,,,,,aŋət-,ɑŋət-,13,,
101-216-1,,101,216,noeledh,noeledh,,,NSsNdb,,,,,,,14,,
104-216-2,,104,216,nuollat,nuollat,,,EZ,,,,,,,14,,
503-216-1,,503,216,pe̮rtćavni̮,pe̮rtćavni̮,p ɤ r t tɕ ɑ v n ɯ,,KoPRSl,,,,,pe̮rtćavni̮,pɤrttɕɑvnɯ,15,,
0-217-1,,0,217,[Not reconstructable],,,PFU: *sȣ̈,UEW;Sam88,,,,,,,?,[Not reconstructable],
101-217-1,,101,217,sijjieh,sijjieh,,,NSsNdb,,,,,,,1,,
102-217-1,,102,217,sijja,sijja,,,WbWlap,,,,,,,1,,
104-217-1,,104,217,sija(v),sija,,,EZ,,,,,,,1,,
105-217-1,,105,217,sii,sii,,,SSSg,,,,,,,1,,
106-217-1,,106,217,sij,sij,,,InsSSk,,,,,,,1,,
107-217-1,,107,217,sij,sij,,,SKosSk,,,,,,,1,,
108-217-1,,108,217,sɨjj,sɨjj,s ɨ jː,,WOLD,,,,,,sɨjː,1,,
203-217-1,,203,217,he,he,h e̞,,JL,,,,,,he̞,1,,
204-217-1,,204,217,hyö,hyö,,,KKSV,,,,,,,1,,
207-217-1,,207,217,hī,hī,,,VVS,,,,,,,1,,
208-217-1,,208,217,hȫ,hȫ,h øː,,InkmSk,,,,,hȫ,høː,1,,
301-217-1,,301,217,siń,siń,s i ɲ,,MordWb,,,,,siń,siɲ,1,,
504-217-1,,504,217,soos,soos,s o o s,,WotjWsch,,,,,soos,soos,1,,
601-217-1,,601,217,ők,ők,øː k,,FMSz,,,,,,øːk,1,Cognacy uncertain,
701-217-1,,701,217,tān,tān,t ɑː n,,WogWb,,,,,tān,tɑːn,1,,
807-217-1,,807,217,ləɣ ~ jəɣ  etc.,ləɣ ~ jəɣ etc.,l ə ɣ,,DEWbOstj,,,,,"ləɣ, jəɣ","ləɣ, jəɣ",1,,
209-217-1,,209,217,nämä,nämä,n æ m æ,,VKJMS,,,,,nämä,næmæ,2,,
210-217-1,,210,217,"nemad, nad",nemad,n e m ɑ t n ɑ t,,SVSk,,,,,,"nemɑt, nɑt",2,,
210-217-2,,210,217,"nemad, nad",nad,n e m ɑ t n ɑ t,,SVSk,,,,,,"nemɑt, nɑt",2,,
211-217-1,,211,217,nimäq ~ nä etc.,nimäq ~ nä etc.,,,VESr,,,,,,,2,,
212-217-1,,212,217,ne,ne,,,LivWb,,,,,,,2,,
501-217-1,,501,217,naje̮,naje̮,n ɑ j ɤ,,SyrjWsch,,,,,naje̮,nɑjɤ,2,,
503-217-1,,503,217,nija,nija,n i j ɑ,,KoPRSl,,,,,nija,nijɑ,2,,
401-217-1,,401,217,nuno,nuno,n u n o,,SMSk;TscherWb,,,,,nuno,nuno,3,,
901-217-1,,901,217,si̮ti̮ŋ,si̮ti̮ŋ,s ɯ t ɯ ŋ,,SlNgaRus,,,,,si̮ti̮ŋ,sɯtɯŋ,4,,
902-217-1,,902,217,pidoh,pidoh,,,JurSWb,,,,,,,5,,
907-217-1,,907,217,tepət ~ te̮pət,tepət ~ te̮pət,t e p ə t,,SolkWb,,,,,"tepət, te̮pət","tepət, tɤpət",6,Not from PU *tȣ̈- 'this'?,
0-218-1,,0,218,[Not reconstructable],,,,UEW;Sam88,,,,,,,?,[Not reconstructable],
104-218-1,,104,218,[Form not found],,,,EZ,,,,,,,?,[Form not found],
212-218-1,,212,218,[Form not found],,,,LivWb,,,,,,,?,[Form not found],
501-218-1,,501,218,[Form not found],,,,SyrjWsch,,,,,,,?,[Form not found],
203-218-1,,203,218,kaataa,kaataa,k ɑː t̪ ɑː,,JL,,,,,,kɑːt̪ɑː,1,,
204-218-1,,204,218,koatoa,koatoa,,,KKSV,,,,,,,1,,
208-218-1,,208,218,kātā,kātā,k ɑː t ɑː,,InkmSk,,,,,kātā,kɑːtɑː,1,,
204-218-2,,204,218,leikata,leikata,,,KKSV,,,,,,,2,,
209-218-1,,209,218,лe̮ikkama,лe̮ikkama,l ɤ i kː ɑ m ɑ,,VKJMS,,,,,le̮ikkama,lɤikːɑmɑ,2,,
207-218-1,,207,218,sorta ~ sortta,sorta ~ sortta,,,VVS,,,,,,,3,,
210-218-1,,210,218,langetada,langetada,l ɑ ŋ k e tː ɑ t ɑ,,SVSk,,,,,,lɑŋketːɑtɑ,4,,
102-218-1,,102,218,tjuahpat,tjuahpat,,,WbWlap,,,,,,,5,,
105-218-1,,105,218,čuohppat,čuohppat,,,SSSg,,,,,,,5,,
107-218-1,,107,218,čuõpˈpâd,čuõpˈpâd,,,SKosSk,,,,,,,5,,
101-218-1,,101,218,viertedh,viertedh,,,NSsNdb,,,,,,,6,,
102-218-2,,102,218,veärrdeet,veärrdeet,,,WbWlap,,,,,,,6,,
106-218-1,,106,218,virattiđ,virattiđ,,,InsSSk,,,,,,,6,,
107-218-2,,107,218,viirted,viirted,,,SKosSk,,,,,,,6,,
301-218-1,,301,218,pravtoms,pravtoms,p r ɑ v t o m s,,MordWb,,,,,pravtoms,prɑvtoms,7,,
301-218-2,,301,218,keŕams,keŕams,k e rʲ ɑ m s,,MordWb,,,,,keŕams,kerʲɑms,8,,
503-218-1,,503,218,keravni̮,keravni̮,k e r ɑ v n ɯ,,KoPRSl,,,,,keravni̮,kerɑvnɯ,8,,
601-218-1,,601,218,kivág,kivág,k i v aː g,,FMSz,,,,,,kivaːg,9,,
401-218-1,,401,218,ruem,ruem,r u e m,,SMSk;TscherWb,,,,,ruem,ruem,10,,
504-218-1,,504,218,pogi̮rti̮ni̮,pogi̮rti̮ni̮,p o ɡ ɯ r t ɯ n ɯ,,WotjWsch,,,,,pogi̮rti̮ni̮,poɡɯrtɯnɯ,11,,
701-218-1,,701,218,sāɣrapi,sāɣrapi,s ɑː ɣ r ɑ p i,"'Hew, cut (down)'",WogWb,,,,,sāɣrapi,sɑːɣrɑpi,12,,
902-218-1,,902,218,səpə°,səpə°,,,JurSWb,,,,,,,13,,
907-218-1,,907,218,e̮səptə-,e̮səptə-,ɤ s ə p t ə,,SolkWb,,,,,e̮səptə-,ɤsəptə-,14,,
108-218-1,,108,218,uc’ne,uc’ne,u cʲ n e,,WOLD,,,,,,ucʲne,15,,
210-218-2,,210,218,raiuda,raiuda,r ɑ i u t ɑ,,SVSk,,,,,,rɑiutɑ,16,,
211-218-1,,211,218,ragoma,ragoma,,,VESr,,,,,,,16,,
807-218-1,,807,218,päɣǝt-,päɣǝt-,p æ ɣ ə t,,DEWbOstj,,,,,päɣət-,pæɣət-,16,,
106-218-2,,106,218,njeidiđ,njeidiđ,,,InsSSk,,,,,,,17,,
807-218-2,,807,218,ri̮ɣǝmt-,ri̮ɣǝmt-,r ɯ ɣ ə m t,,DEWbOstj,,,,,ri̮ɣəmt-,rɯɣəmt-,17,,
901-218-1,,901,218,ləti̮dʹi,ləti̮dʹi,l ə t ɯ dʲ i,,SlNgaRus,,,,,ləti̮dʹi,lətɯdʲi,19,,"'Fell, cut down'"
203-219-1,,203,219,kymmenen,kymmenen,k y mː e̞ n e̞ n,,JL,,,,,,kymːe̞ne̞n,1,,
204-219-1,,204,219,kymmen ~ kymmenen,kymmen ~ kymmenen,,,KKSV,,,,,,,1,,
207-219-1,,207,219,kümńe,kümńe,,,VVS,,,,,,,1,,
208-219-1,,208,219,kümmenän ~ kümmen,kümmenän ~ kümmen,k y mː e n æ n,,InkmSk,,,,,"kümmenän, kümmen","kymːenæn, kymːen",1,,
209-219-1,,209,219,tšümme,tšümme,tʃ y mː e,,VKJMS,,,,,čümme,tʃymːe,1,,
210-219-1,,210,219,kümme,kümme,k y mː e,,SVSk,,,,,,kymːe,1,,
211-219-1,,211,219,kümme,kümme,,,VESr,,,,,,,1,,
212-219-1,,212,219,kim ~ küm,kim ~ küm,,,LivWb,,,,,,,1,,
301-219-1,,301,219,kemeń,kemeń,k e m e ɲ,,MordWb,,,,,kemeń,kemeɲ,1,,
0-219-1,,0,219,*luka,*luka,,,UEW;Sam88,,,,,,,2,,
101-219-1,,101,219,luhkie,luhkie,,,NSsNdb,,,,,,,2,,
102-219-1,,102,219,lühkee,lühkee,,,WbWlap,,,,,,,2,,
104-219-1,,104,219,lågev,lågev,,,EZ,,,,,,,2,,
105-219-1,,105,219,logi,logi,,,SSSg,,,,,,,2,,
106-219-1,,106,219,love,love,,,InsSSk,,,,,,,2,,
107-219-1,,107,219,lååi,lååi,,,SKosSk,,,,,,,2,,
108-219-1,,108,219,loagk’,loagk’,l ɒː gːʲ,,WOLD,,,,,,lɒːgːʲ,2,,
401-219-1,,401,219,lu,lu,l u,,SMSk;TscherWb,,,,,lu,lu,2,,
701-219-1,,701,219,low,low,l o w,,WogWb,,,,,low,low,2,,
501-219-1,,501,219,das,das,d ɑ s,,SyrjWsch,,,,,das,dɑs,3,,
503-219-1,,503,219,das,das,d ɑ s,,KoPRSl,,,,,das,dɑs,3,,
504-219-1,,504,219,das,das,d ɑ s,,WotjWsch,,,,,das,dɑs,3,,
807-219-1,,807,219,jɔ̈ŋ,jɔ̈ŋ,j ɔ̈ ŋ,,DEWbOstj,,,,,jɔ̈ŋ,jɔ̈ŋ,4,,
901-219-1,,901,219,bīˀ,bīˀ,b iː ʔ,,SlNgaRus,,,,,bīˀ,biːʔ,5,,
902-219-1,,902,219,yúq,yúq,,,JurSWb,,,,,,,5,,
907-219-1,,907,219,kȫt,kȫt,k øː t,,SolkWb,,,,,kȫt,køːt,5,,
601-219-1,,601,219,tíz,tíz,t iː z,,FMSz,,,,,,tiːz,3,,
203-22-1,,203,22,korva,korva,k o̞ r ʋ ɑ,,JL,,,,,,ko̞rʋɑ,1,,
204-22-1,,204,22,korva,korva,,,KKSV,,,,,,,1,,
207-22-1,,207,22,korv,korv,,,VVS,,,,,,,1,,
208-22-1,,208,22,korva,korva,k o r v ɑ,,InkmSk,,,,,korva,korvɑ,1,,
209-22-1,,209,22,ke̮rv,ke̮rv,k ɤ r v,,VKJMS,,,,,ke̮rv,kɤrv,1,,
210-22-1,,210,22,kõrv,kõrv,k ɤ r v,,SVSk,,,,,,kɤrv,1,,
211-22-1,,211,22,kõrv,kõrv,,,VESr,,,,,,,1,,
212-22-1,,212,22,kùora,kùora,,,LivWb,,,,,,,1,,
0-22-1,,0,22,*peljä,*peljä,,,UEW;Sam88,,,,,,,2,,
101-22-1,,101,22,bieljie,bieljie,,,NSsNdb,,,,,,,2,,
102-22-1,,102,22,bä̀llˈjee,bä̀llˈjee,,,WbWlap,,,,,,,2,,
104-22-1,,104,22,bällje,bällje,,,EZ,,,,,,,2,,
105-22-1,,105,22,beallji,beallji,,,SSSg,,,,,,,2,,
106-22-1,,106,22,pelji,pelji,,,InsSSk,,,,,,,2,,
107-22-1,,107,22,peʹllj,peʹllj,,,SKosSk,,,,,,,2,,
108-22-1,,108,22,piellj,piellj,p i e ʎː,,WOLD,,,,,,pieʎː,2,,
301-22-1,,301,22,pilʹe,pilʹe,p i ʎ e,,MordWb,,,,,pilʹe,piʎe,2,,
401-22-1,,401,22,pə̑lə̑š,pə̑lə̑š,p ə l ə ʃ,,SMSk;TscherWb,,,,,pə̑lə̑š,pələʃ,2,,
501-22-1,,501,22,pelʹ,pelʹ,p e ʎ,,SyrjWsch,,,,,pelʹ,peʎ,2,,
503-22-1,,503,22,pelʹ,pelʹ,p e ʎ,,KoPRSl,,,,,pelʹ,peʎ,2,,
504-22-1,,504,22,pelʹ,pelʹ,p e ʎ,,WotjWsch,,,,,pelʹ,peʎ,2,,
601-22-1,,601,22,fül,fül,f y l,,FMSz,,,,,,fyl,2,,
701-22-1,,701,22,palʹ,palʹ,p ɑ ʎ,,WogWb,,,,,palʹ,pɑʎ,2,,
807-22-1,,807,22,pəl,pəl,p ə l,,DEWbOstj,,,,,pəl,pəl,2,,
901-22-1,,901,22,kou,kou,k o u,,SlNgaRus,,,,,kou,kou,3,,
902-22-1,,902,22,xa,xa,,,JurSWb,,,,,,,3,,
907-22-1,,907,22,qō,qō,q oː,,SolkWb,,,,,qō,qoː,3,,
0-220-1,,0,220,[Not reconstructable],,,,UEW;Sam88,,,,,,,?,[Not reconstructable],
203-220-1,,203,220,hyttynen,hyttynen,h y t̪ː y n e̞ n,,JL;SSA,,,,,,hyt̪ːyne̞n,1,,
101-220-1,,101,220,tjoejhke,tjoejhke,,,NSsNdb,,,,,,,2,,
102-220-1,,102,220,tjuaihka,tjuaihka,,,WbWlap,,,,,,,2,,
104-220-1,,104,220,tjuajjka,tjuajjka,,,EZ,,,,,,,2,,
105-220-1,,105,220,čuoika,čuoika,,,SSSg,,,,,,,2,,
106-220-1,,106,220,čuos'ka,čuos'ka,,,InsSSk,,,,,,,2,,
107-220-1,,107,220,čuõškk,čuõškk,,,SKosSk,,,,,,,2,,
108-220-1,,108,220,čūššk,čūššk,t ʃ uː ʃː k,,WOLD,,,,,,tʃuːʃːk,2,,
203-220-2,,203,220,sääski,sääski,s æː s k i,,JL;SSA,,,,,,sæːski,2,,
204-220-1,,204,220,seäksi,seäksi,,,KKSV,,,,,,,2,,
207-220-1,,207,220,säsk,säsk,,,NRVS,,,,,,,2,,
208-220-1,,208,220,sǟski,sǟski,s æː s k i,,InkmSk,,,,,sǟski,sæːski,2,,
209-220-1,,209,220,säśḱ,säśḱ,s æ ɕ c,,EESR,,,,,säśḱ,sæɕc,2,,
210-220-1,,210,220,sääsk,sääsk,s æː s k,,SVSk,,,,,,sæːsk,2,,
301-220-1,,301,220,śeśke,śeśke,ɕ e ɕ k e,,MordWb,,,,,śeśke,ɕeɕke,2,,
207-220-2,,207,220,t́iheińe ~ t́ihäińe,t́iheińe ~ t́ihäińe,,,VVS,,,,,,,3,,
212-220-1,,212,220,knoùsəl ~ knoùsəlʹ,knoùsəl ~ knoùsəlʹ,,,LivWb,,,,,,,4,,
501-220-1,,501,220,nom,nom,n o m,,SyrjWsch,,,,,nom,nom,5,,
503-220-1,,503,220,nom,nom,n o m,"Stem ""nomj-""",KoPRSl,,,,,nom,nom,5,,
601-220-1,,601,220,szúnyog,szúnyog,s uː ɲ o ɡ,,FMSz,,,,,,suːɲoɡ,6,,
401-220-1,,401,220,šə̑ŋa,šə̑ŋa,ʃ ə ŋ ɑ,,SMSk;TscherWb,,,,,šə̑ŋa,ʃəŋɑ,7,,
504-220-1,,504,220,ćibiń,ćibiń,tɕ i b i ɲ,Dialectal?,WotjWsch,,,,,ćibiń,tɕibiɲ,8,,
701-220-1,,701,220,lʹōm-woj,lʹōm-woj,ʎ oː m w o j,,WogWb,,,,,lʹōm-woj,ʎoːm-woj,9,,"Comp.; ""woj ~ uj"" 'animal'"
901-220-1,,901,220,ńenəŋkə,ńenəŋkə,ɲ e n ə ŋ k ə,,SlNgaRus,,,,,ńenəŋkə,ɲenəŋkə,10,,
902-220-1,,902,220,nyenyaŋk°,nyenyaŋk°,,,JurSWb,,,,,,,10,,
907-220-1,,907,220,nenəŋqa,nenəŋqa,n e n ə ŋ q ɑ,,SolkWb,,,,,nenəŋqa,nenəŋqɑ,10,,
807-220-1,,807,220,pilŋi,pilŋi,p i l ŋ i,,DEWbOstj,,,,,pilŋi,pilŋi,11,,
807-220-2,,807,220,kö̭jŋi,kö̭jŋi,k ø̻ j ŋ i,,DEWbOstj,,,,,kö̭jŋi,kø̻jŋi,12,,
211-220-1,,211,220,kiholanõ,kiholanõ,,,VESr,,,,,,,13,,
0-221-1,,0,221,[Not reconstructable],,,,UEW;Sam88,,,,,,,?,[Not reconstructable],
107-221-1,,107,221,"jueʹlǧǧkädd, kädd",jueʹlǧǧkädd,,,SKosSk,,,,,,,1,,"Former comp.; ""jueʹlǧǧ"" 'foot'"
107-221-2,,107,221,"jueʹlǧǧkädd, kädd",kädd,,,SKosSk,,,,,,,1,,"Former comp.; ""jueʹlǧǧ"" 'foot'"
108-221-1,,108,221,kānnt,kānnt,k aː nː t,,WOLD,,,,,,kaːnːt,1,,
203-221-1,,203,221,kantapää,kantapää,k ɑ n̪ t̪ ɑ p æː,,JL,,,,,,kɑn̪t̪ɑpæː,1,,
204-221-1,,204,221,kantapeä,kantapeä,,,KKSV,,,,,,,1,,
207-221-1,,207,221,kand,kand,,,VVS,,,,,,,1,,
208-221-1,,208,221,kanᴅa,kanᴅa,k ɑ n d̥ ɑ,,InkmSk,,,,,kanᴅa,kɑnd̥ɑ,1,,
209-221-1,,209,221,kant,kant,k ɑ n t,,VKJMS,,,,,kant,kɑnt,1,,
210-221-1,,210,221,kand,kand,k ɑ n t,,SVSk,,,,,,kɑnt ,1,,
212-221-1,,212,221,kùonda,kùonda,,,LivWb,,,,,,,1,,
105-221-1,,105,221,šušmi,šušmi,,,SSSg,,,,,,,2,,
106-221-1,,106,221,šušme,šušme,,,InsSSk,,,,,,,2,,
101-221-1,,101,221,båetskie,båetskie,,,NSsNdb,,,,,,,3,,
102-221-1,,102,221,båsskee,båsskee,,,WbWlap,,,,,,,3,,
104-221-1,,104,221,båsske,båsske,,,EZ,,,,,,,3,,
301-221-1,,301,221,kočkaŕa,kočkaŕa,k o tʃ k ɑ rʲ ɑ,,MordWb,,,,,kočkaŕa,kotʃkɑrʲɑ,4,,
501-221-1,,501,221,koklʹa-be̮r,koklʹa-be̮r,k o k ʎ ɑ b ɤ r,,SyrjWsch,,,,,koklʹa-be̮r,kokʎɑ-bɤr,5,,"""Kok"" 'foot', ""be̮r"" 'back'"
601-221-1,,601,221,sarok,sarok,ʃ ɒ r o k,,FMSz,,,,,,ʃɒrok,6,,
401-221-1,,401,221,"joltaɣan, taɣan",joltaɣan,j o l t ɑ ɣ ɑ n,,SMSk;TscherWb,,,,,"joltaɣan, taɣan",joltɑɣɑn,7,,"Former comp., ""jol"" 'foot'"
401-221-2,,401,221,"joltaɣan, taɣan",taɣan,t ɑ ɣ ɑ n,,SMSk;TscherWb,,,,,"joltaɣan, taɣan",tɑɣɑn,7,,"Former comp., ""jol"" 'foot'"
504-221-1,,504,221,pi̮d-ti̮š,pi̮d-ti̮š,p ɯ d t ɯ ʃ,,WotjWsch,,,,,pi̮d-ti̮š,pɯd-tɯʃ,8,,Comp.; lit. 'foot-back'
701-221-1,,701,221,lāɣəl-junɣa,lāɣəl-junɣa,l ɑː ɣ ə l j u n ɣ ɑ,,WogWb,,,,,lāɣəl-junɣa,lɑːɣəl-junɣɑ,9,,"Comp.; ""lāɣəl"" 'foot', ""junɣa"" 'heel (of shoe, foot)'"
902-221-1,,902,221,yarcoŋkey°,yarcoŋkey°,,,JurSWb,,,,,,,10,,
907-221-1,,907,221,lʹakćəń,lʹakćəń,ʎ ɑ k tɕ ə ɲ,,SolkWb,,,,,lʹakćəń,ʎɑktɕəɲ,11,,
907-221-2,,907,221,moćća ~ moććə,moćća ~ moććə,m o tɕː ɑ,,SolkWb,,,,,"moćća, moććə","motɕːɑ, motɕːə",12,,
807-221-1,,807,221,po̭č,po̭č,p o̻ tʃ,,DEWbOstj,,,,,po̭č,po̻tʃ,13,,
211-221-1,,211,221,kunds,kunds,,,VESr,,,,,,,14,,
503-221-1,,503,221,"kokʒ́ir, kokpjata",kokʒ́ir,k o k dʑ i r,,KoPRSl,,,,,"kokʒ́ir, kokpjata",kokdʑir,15,,"Different compounds with ""kok"" 'foot'"
503-221-2,,503,221,"kokʒ́ir, kokpjata",kokpjata,k o k p j ɑ t ɑ,,KoPRSl,,,,,"kokʒ́ir, kokpjata",kokpjɑtɑ,15,,"Different compounds with ""kok"" 'foot'"
901-221-1,,901,221,biatə,biatə,b i ɑ t ə,,SlNgaRus,,,,,biatə,biɑtə,16,,
0-222-1,,0,222,[Not reconstructable],,,,UEW;Sam88,,,,,,,?,[Not reconstructable],
102-222-1,,102,222,[Form not found],,,,WbWlap,,,,,,,?,[Form not found],
208-222-1,,208,222,[Form not found],,,,InkmSk,,,,,,,?,[Form not found],
209-222-1,,209,222,[Form not found],,,,VKJMS,,,,,,,?,[Form not found],
203-222-1,,203,222,ansa,ansa,ɑ n s ɑ,,JL,,,,,,ɑnsɑ,1,,
204-222-1,,204,222,ansa,ansa,,,KKSV,,,,,,,1,,
207-222-1,,207,222,rida,rida,,,VVS,,,,,,,2,,
210-222-1,,210,222,püünis,püünis,p yː n i s,,SVSk,,,,,,pyːnis,3,,
210-222-2,,210,222,lõks,lõks,l ɣ kː s,,SVSk,,,,,,lɣkːs,4,,
211-222-1,,211,222,lõks',lõks',,,VESr,,,,,,,4,,
212-222-1,,212,222,lamàtəks,lamàtəks,,,LivWb,,,,,,,5,,
104-222-1,,104,222,gillar,gillar,,,EZ,,,,,,,6,,
105-222-1,,105,222,giella,giella,,,SSSg,,,,,,,6,The same word as giella 'language' < 'tongue',
106-222-1,,106,222,kiela,kiela,,,InsSSk,,,,,,,6,,
107-222-1,,107,222,ǩiõll,ǩiõll,,,SKosSk,,,,,,,6,,
301-222-1,,301,222,kilʹkš,kilʹkš,k i ʎ k ʃ,,MordWb,,,,,kilʹkš,kiʎkʃ,6,,
107-222-2,,107,222,ääʹǧǧes,ääʹǧǧes,,,SKosSk,,,,,,,7,,
501-222-1,,501,222,nalʹk,nalʹk,n ɑ ʎ k,,SyrjWsch,,,,,nalʹk,nɑʎk,8,,Primarily 'mouse trap'
503-222-1,,503,222,nalʹk,nalʹk,n ɑ ʎ k,"Stem ""nalʹkj-""",KoPRSl,,,,,nalʹk,nɑʎk,8,,
504-222-1,,504,222,nalʹi̮k,nalʹi̮k,n ɑ ʎ ɯ k,,WotjWsch,,,,,nalʹi̮k,nɑʎɯk,8,,
601-222-1,,601,222,csapda,csapda,t ʃ ɒ p d ɒ,,FMSz,,,,,,tʃɒpdɒ,9,,
401-222-1,,401,222,šarɣür,šarɣür,ʃ ɑ r ɣ y r,,SMSk;TscherWb,,,,,šarɣür,ʃɑrɣyr,10,,
401-222-2,,401,222,löδö,löδö,l ø ð ø,,SMSk;TscherWb,,,,,löδö,løðø,11,,
701-222-1,,701,222,aləś,aləś,ɑ l ə ɕ,,WogWb,,,,,aləś,ɑləɕ,12,,"'Hunting weapon, trap'; deriv. from “ali” 'hunt'"
901-222-1,,901,222,dʹeŋguj,dʹeŋguj,dʲ e ŋ ɡ u j,,SlNgaRus,,,,,dʹeŋguj,dʲeŋɡuj,13,,
902-222-1,,902,222,yəŋko,yəŋko,,,JurSWb,,,,,,,13,,
907-222-1,,907,222,ćaŋku,ćaŋku,tɕ ɑ ŋ k u,,SolkWb,,,,,ćaŋku,tɕɑŋku,13,,
907-222-2,,907,222,lata,lata,l ɑ t ɑ,Type of trap for small animals,SolkWb,,,,,lata,lɑtɑ,14,,
108-222-1,,108,222,rūvv’t,rūvv’t,r uː vːʲ t,,WOLD,,,,,,ruːvːʲt,15,,
807-222-1,,807,222,petǝw,petǝw,p e t ə w,,DEWbOstj,,,,,petəw,petəw,16,,"""'черкан' trap"""
503-222-2,,503,222,kapkan,kapkan,k ɑ p k ɑ n,,KoPRSl,,,,,kapkan,kɑpkɑn,17,,
101-222-1,,101,222,barta,barta,,,NSsNdb,,,,,,,18,,
0-223-1,,0,223,[Not reconstructable],,,,UEW;Sam88,,,,,,,?,[Not reconstructable],
203-223-1,,203,223,sytyttää,sytyttää,s y t̪ y t̪ː æː,,JL,,,,,,syt̪yt̪ːæː,1,,
204-223-1,,204,223,sytytteä,sytytteä,,,KKSV,,,,,,,1,,
207-223-1,,207,223,sütutada,sütutada,,,VVS,,,,,,,1,,
208-223-1,,208,223,süᴅüttǟ,süᴅüttǟ,s y d̥ y tː æː,,InkmSk,,,,,süᴅüttǟ,syd̥ytːæː,1,,
209-223-1,,209,223,süttemä,süttemä,s y tː e m æ,,VKJMS,,,,,süttemä,sytːemæ,1,,
210-223-1,,210,223,süüdata,süüdata,s yː t ɑ tː ɑ,,SVSk,,,,,,syːtɑtːɑ,1,,
204-223-2,,204,223,viritteä,viritteä,,,KKSV,,,,,,,2,,
207-223-2,,207,223,viritada,viritada,,,VVS,,,,,,,2,,
208-223-2,,208,223,virittǟ,virittǟ,v i r i tː æː,,InkmSk,,,,,virittǟ,viritːæː,2,,
301-223-1,,301,223,veŕgedʹems,veŕgedʹems,v e rʲ ɡ e dʲ e m s,,MordWb,,,,,veŕgedʹems,verʲɡedʲems,2,,
212-223-1,,212,223,aʾltə,aʾltə,,,LivWb,,,,,,,3,,
101-223-1,,101,223,båaltajehtedh,båaltajehtedh,,,NSsNdb,,,,,,,4,,
102-223-1,,102,223,bualahtit,bualahtit,,,WbWlap,,,,,,,4,,
104-223-1,,104,223,"bulledit, bullet",bulledit,,,EZ,,,,,,,4,,
104-223-2,,104,223,"bulledit, bullet",bullet,,,EZ,,,,,,,4,,
105-223-1,,105,223,"bulˈlehit, buolˈlàhit",bulˈlehit,,,SSSg,,,,,,,4,,
105-223-2,,105,223,"bulˈlehit, buolˈlàhit",buolˈlàhit,,,SSSg,,,,,,,4,,
107-223-1,,107,223,puâlˈlted,puâlˈlted,,,SKosSk,,,,,,,4,,
108-223-1,,108,223,puell’te,puell’te,p u e lːʲ t e,,WOLD,,,,,,puelːʲte,4,,
209-223-2,,209,223,pe̮le̮ttama,pe̮le̮ttama,p ɤ l ɤ tː ɑ m ɑ,"Commonly expressed phrasally with underiv. form , e.g. ""pan̄ pe̮le̮ma"" 'set burning'",VKJMS,,,,,pe̮le̮ttama,pɤlɤtːɑmɑ,4,,
211-223-1,,211,223,palama pandma,palama pandma,,,VESr,,,,,,,4,,Lit. 'set burning'
101-223-2,,101,223,tsïhkijehtedh,tsïhkijehtedh,,,NSsNdb,,,,,,,5,,
102-223-2,,102,223,tsähkdit,tsähkdit,,,WbWlap,,,,,,,5,,
104-223-3,,104,223,tsehkedit,tsehkedit,,,EZ,,,,,,,5,,
106-223-1,,106,223,cokkiittiđ,cokkiittiđ,,,InsSSk,,,,,,,5,,
301-223-2,,301,223,kirvastʹems,kirvastʹems,k i r v ɑ s tʲ e m s,,MordWb,,,,,kirvastʹems,kirvɑstʲems,6,,
501-223-1,,501,223,pesti̮ni̮,pesti̮ni̮,p e s t ɯ n ɯ,"From ""pes"" 'wood, firewood'",SyrjWsch,,,,,pesti̮ni̮,pestɯnɯ,7,,
501-223-2,,501,223,lomźe̮dni̮,lomźe̮dni̮,l o m ʑ ɤ d n ɯ,,SyrjWsch,,,,,lomźe̮dni̮,lomʑɤdnɯ,8,,
501-223-3,,501,223,biaśni̮,biaśni̮,b i ɑ ɕ n ɯ,"From ""bi"" 'fire'",SyrjWsch,,,,,biaśni̮,biɑɕnɯ,9,,
601-223-1,,601,223,"gyújt, meggyújt",gyújt,ɟ uː j t m ɛ ɡ ɟ uː j t,,FMSz,,,,,,"ɟuːjt, mɛɡɟuːjt",10,,
601-223-2,,601,223,"gyújt, meggyújt",meggyújt,ɟ uː j t m ɛ ɡ ɟ uː j t,,FMSz,,,,,,"ɟuːjt, mɛɡɟuːjt",10,,
401-223-1,,401,223,ə̑lə̑štem,ə̑lə̑štem,ə l ə ʃ t e m,,SMSk;TscherWb,,,,,ə̑lə̑štem,ələʃtem,11,,
401-223-2,,401,223,pižə̑ktem,pižə̑ktem,p i ʒ ə k t e m,,SMSk;TscherWb,,,,,pižə̑ktem,piʒəktem,12,,
504-223-1,,504,223,sutiśki̮ni̮,sutiśki̮ni̮,s u t i ɕ k ɯ n ɯ,,WotjWsch,,,,,sutiśki̮ni̮,sutiɕkɯnɯ,13,,
504-223-2,,504,223,arati̮ni̮,arati̮ni̮,ɑ r ɑ t ɯ n ɯ,,WotjWsch,,,,,arati̮ni̮,ɑrɑtɯnɯ,14,,
701-223-1,,701,223,pēlamti,pēlamti,p eː l ɑ m t i,,WogWb,,,,,pēlamti,peːlɑmti,15,,
701-223-2,,701,223,kosamti,kosamti,k o s ɑ m t i,,WogWb,,,,,kosamti,kosɑmti,16,,
902-223-1,,902,223,tyunye°,tyunye°,,,JurSWb,,,,,,,17,,
907-223-1,,907,223,ćātə-,ćātə-,tɕ ɑː t ə,,SolkWb,,,,,ćātə-,tɕɑːtə-,18,,
807-223-1,,807,223,wǝtʹǝɣtǝ-,wǝtʹǝɣtǝ-,w ə tʲ ə ɣ t ə,,DEWbOstj,,,,,wətʹəɣtə-,wətʲəɣtə-,19,,
503-223-1,,503,223,e̮zti̮ni̮,e̮zti̮ni̮,ɤ z t ɯ n ɯ,,KoPRSl,,,,,e̮zti̮ni̮,ɤztɯnɯ,20,,
901-223-1,,901,223,torəðusa,torəðusa,t o r ə ð u s ɑ,,SlNgaRus,,,,,torəδusa,torəðusɑ,21,,
0-224-1,,0,224,[Not reconstructable],,,,UEW;Sam88,,,,,,,?,[Not reconstructable],
101-224-1,,101,224,[Form not found],,,,NSsNdb,,,,,,,?,[Form not found],
701-224-1,,701,224,[Form not found],,,"Cf. ""solwal"" 'salt'",WogWb,,,,,,,?,[Form not found],
807-224-1,,807,224,[Form not found],,,"Cf. ""săt"" 'salt'",DEWbOstj,,,,,,,?,[Form not found],
203-224-1,,203,224,suolainen,suolainen,s u o̞ l ɑ i n e̞ n,,JL,,,,,,suo̞lɑine̞n,1,No clear IE source. A likely wandering word. Possibly loaned from Baltic?,
204-224-1,,204,224,suolaine ~ suolahine,suolaine ~ suolahine,,,KKSV,,,,,,,1,No clear IE source. A likely wandering word. Possibly loaned from Baltic?,
207-224-1,,207,224,solakaz,solakaz,,,VVS,,,,,,,1,No clear IE source. A likely wandering word. Possibly loaned from Baltic?,
208-224-1,,208,224,sōlain,sōlain,s oː l ɑ i n,,InkmSk,,,,,sōlain,soːlɑin,1,No clear IE source. A likely wandering word. Possibly loaned from Baltic?,
209-224-1,,209,224,sōлe̮in,sōлe̮in,s oː l ɤ i n,,VKJMS,,,,,sōle̮in,soːlɤin,1,No clear IE source. A likely wandering word. Possibly loaned from Baltic?,
210-224-1,,210,224,soolane,soolane,s oː l ɑ n e,,SVSk,,,,,,soːlɑne,1,No clear IE source. A likely wandering word. Possibly loaned from Baltic?,
211-224-1,,211,224,soolanõ,soolanõ,,,VESr,,,,,,,1,No clear IE source. A likely wandering word. Possibly loaned from Baltic?,
212-224-1,,212,224,sùoli,sùoli,,,LivWb,,,,,,,1,No clear IE source. A likely wandering word. Possibly loaned from Baltic?,
504-224-1,,504,224,kuźi̮t,kuźi̮t,k u ʑ ɯ t,,WotjWsch,,,,,kuźi̮t,kuʑɯt,2,,
901-224-1,,901,224,"si̮ri̮ləmə̄, si̮rńeəgə",si̮ri̮ləmə̄,s ɯ r ɯ l ə m əː,"Derivs. from ""si̮r"" 'salt; ice; white'",SlNgaRus,,,,,"si̮ri̮ləmə̄, si̮rńeəgə",sɯrɯləməː,3,,
901-224-2,,901,224,"si̮ri̮ləmə̄, si̮rńeəgə",si̮rńeəgə,s ɯ r ɲ e ə ɡ ə,"Derivs. from ""si̮r"" 'salt; ice; white'",SlNgaRus,,,,,"si̮ri̮ləmə̄, si̮rńeəgə",sɯrɲeəɡə,3,,
902-224-1,,902,224,sercawey°,sercawey°,,"Deriv. from ""ser"" 'white, salt'",JurSWb,,,,,,,3,,
907-224-1,,907,224,śāq,śāq,ɕ ɑː q,This 'salt'; 'salty' expressed with an adjectival form,SolkWb,,,,,śāq,ɕɑːq,4,Uncertain,
601-224-1,,601,224,sós,sós,ʃ oː ʃ,,FMSz,,,,,,ʃoːʃ,5,,
102-224-1,,102,224,sàlltàja,sàlltàja,,,WbWlap,,,,,,,1,,
104-224-1,,104,224,sállte,sállte,,,EZ,,,,,,,1,,"This noun, 'salty'"
105-224-1,,105,224,sálttis,sálttis,,,SSSg,,,,,,,1,,
106-224-1,,106,224,säältis,säältis,,,InsSSk,,,,,,,1,,
107-224-1,,107,224,sälttai,sälttai,,,SKosSk,,,,,,,1,,
108-224-1,,108,224,sūll’,sūll’,s uː lːʲ,,WOLD,,,,,,suːlːʲ,1,Cf. Rus “sol’”,
301-224-1,,301,224,"saltoź, salov",saltoź,s ɑ l t o ʑ,,MordWb,,,,,"saltoź, salov",sɑltoʑ,1,,
301-224-2,,301,224,"saltoź, salov",salov,s ɑ l o v,,MordWb,,,,,"saltoź, salov",sɑlov,1,,
401-224-1,,401,224,"šinčalan, šinčaltə̑me",šinčalan,ʃ i n tʃ ɑ l ɑ n,,SMSk;TscherWb,,,,,"šinčalan, šinčaltə̑me",ʃintʃɑlɑn,1,,
401-224-2,,401,224,"šinčalan, šinčaltə̑me",šinčaltə̑me,ʃ i n tʃ ɑ l t ə m e,,SMSk;TscherWb,,,,,"šinčalan, šinčaltə̑me",ʃintʃɑltəme,1,,
501-224-1,,501,224,sola,sola,s o l ɑ,,SyrjWsch,,,,,sola,solɑ,1,,
503-224-1,,503,224,sola,sola,s o l ɑ,,KoPRSl,,,,,sola,solɑ,1,,
101-225-1,,101,225,[Form not found],,,,NSsNdb,,,,,,,?,[Form not found],
203-225-1,,203,225,laho,laho,l ɑ ɦ o̞,,JL,,,,,,lɑɦo̞,1,,
204-225-1,,204,225,laho,laho,,,KKSV,,,,,,,1,,
207-225-1,,207,225,laho,laho,,,VVS,,,,,,,1,,
208-225-1,,208,225,laho,laho,l ɑ h o,,InkmSk,,,,,laho,lɑho,1,,
209-225-1,,209,225,лaho,лaho,l ɑ h o,,VKJMS,,,,,laho,lɑho,1,,
210-225-1,,210,225,mäda,mäda,m æ t ɑ,,SVSk,,,,,,mætɑ,2,,
211-225-1,,211,225,"määnüg, mädä",määnüg,,,VESr;SI,,,,,,,2,,
211-225-2,,211,225,"määnüg, mädä",mädä,,,VESr;SI,,,,,,,2,,
212-225-1,,212,225,praʾul,praʾul,,,LivWb,,,,,,,3,,
102-225-1,,102,225,meässkaa,meässkaa,,,WbWlap,,,,,,,4,,
104-225-1,,104,225,mieskas,mieskas,,Meaning not certain,EZ,,,,,,,4,,
105-225-1,,105,225,mieskkas,mieskkas,,,SSSg,,,,,,,4,,
106-225-1,,106,225,mieskas,mieskas,,,InsSSk,,,,,,,4,,
401-225-1,,401,225,mekšan,mekšan,m e k ʃ ɑ n,,SMSk;TscherWb,,,,,mekšan,mekʃɑn,4,Not from PFV *makša 'rotten',
107-225-1,,107,225,kuõcc,kuõcc,,,SKosSk,,,,,,,5,,
108-225-1,,108,225,kūdc,kūdc,k uː d c,,WOLD,,,,,,kuːdc,5,,
301-225-1,,301,225,makšov,makšov,m ɑ k ʃ o v,,MordWb,,,,,makšov,mɑkʃov,6,From PFV *makša 'rotten',
301-225-2,,301,225,naksado,naksado,n ɑ k s ɑ d o,,MordWb,,,,,naksado,nɑksɑdo,7,,
0-225-1,,0,225,*säji ?,*säji ?,,"Original meaning possibly 'rot, pus', ie. not primarily of wood",UEW;Sam88,,,,,,,8,,
501-225-1,,501,225,siś,siś,s i ɕ,,SyrjWsch,,,,,siś,siɕ,8,,
503-225-1,,503,225,siś,siś,s i ɕ,,KoPRSl,,,,,siś,siɕ,8,,
504-225-1,,504,225,śiś,śiś,ɕ i ɕ,,WotjWsch,,,,,śiś,ɕiɕ,8,,
601-225-1,,601,225,korhadt,korhadt,k o r h ɒ tː,,FMSz,,,,,,korhɒtː,9,,
701-225-1,,701,225,sāp,sāp,s ɑː p,,WogWb,,,,,sāp,sɑːp,10,,
807-225-1,,807,225,lö̆jəm,lö̆jəm,l ø ̆ j ə m,,DEWbOstj,,,,,lö̆jəm,lø̆jəm,11,,
902-225-1,,902,225,posawa,posawa,,,JurSWb,,,,,,,12,,
503-225-2,,503,225,ńolʹźe̮m,ńolʹźe̮m,ɲ o ʎ ʑ ɤ m,,KoPRSl,,,,,ńolʹźe̮m,ɲoʎʑɤm,13,,
907-225-1,,907,225,tēpəlʹ,tēpəlʹ,t eː p ə ʎ,,SolkWb,,,,,tēpəlʹ,teːpəʎ,14,,
601-225-2,,601,225,ro(t)hadt,rohadt,r o t h ɒ tː,,FMSz,,,,,,ro(t)hɒtː,15,,
107-225-2,,107,225,läähh,läähh,,,SKosSk,,,,,,,1,,
901-225-1,,901,225,čīniˀia,čīniˀia,tʃ iː n i ʔ i ɑ,,SlNgaRus,,,,,čīniˀia,tʃiːniʔiɑ,16,,
0-226-1,,0,226,[Not reconstructable],,,,UEW;Sam88,,,,,,,?,[Not reconstructable],
101-226-1,,101,226,uktsie,uktsie,,,NSsNdb,,,,,,,1,,
102-226-1,,102,226,åktse,åktse,,,WbWlap,,,,,,,1,,
104-226-1,,104,226,åktse,åktse,,,EZ,,,,,,,1,,
105-226-1,,105,226,ovcci,ovcci,,,SSSg,,,,,,,1,,
106-226-1,,106,226,oovce,oovce,,,InsSSk,,,,,,,1,,
107-226-1,,107,226,ååʹuc ~ åʹhcc,ååʹuc ~ åʹhcc,,,SKosSk,,,,,,,1,,
108-226-1,,108,226,axxc,axxc,a xː c,,WOLD,,,,,,axːc,1,,
203-226-1,,203,226,yhdeksän,yhdeksän,y ç d e̞ k s æ n,,JL,,,,,,yçde̞ksæn,1,,
204-226-1,,204,226,yheksän,yheksän,,,KKSV,,,,,,,1,,
207-226-1,,207,226,ühesa,ühesa,,,NRVS,,,,,,,1,,
208-226-1,,208,226,üheksän,üheksän,y h e k s æ n,,InkmSk,,,,,üheksän,yheksæn,1,,
209-226-1,,209,226,ühesä,ühesä,y h e s æ,,VKJMS,,,,,ühesä,yhesæ,1,,
210-226-1,,210,226,üheksa,üheksa,y h e k s ɑ,,SVSk,,,,,,yheksɑ,1,,
211-226-1,,211,226,ütesä ~ ütessä,ütesä ~ ütessä,,,VESr,,,,,,,1,,
212-226-1,,212,226,īʾdəks ~ ǖʾdəks,īʾdəks ~ ǖʾdəks,,,LivWb,,,,,,,1,,
301-226-1,,301,226,veikse,veikse,v e i k s e,,MordWb,,,,,veikse,veikse,1,,
401-226-1,,401,226,"indeš, indeše",indeš,i n d e ʃ,Former attr.,SMSk;TscherWb,,,,,"indeš, indeše",indeʃ,1,,
401-226-2,,401,226,"indeš, indeše",indeše,i n d e ʃ e,Former attr.,SMSk;TscherWb,,,,,"indeš, indeše",indeʃe,1,,
501-226-1,,501,226,e̮k-mi̮s,e̮k-mi̮s,ɤ k m ɯ s,,SyrjWsch,,,,,e̮k-mi̮s,ɤk-mɯs,2,,
503-226-1,,503,226,e̮kmi̮s,e̮kmi̮s,ɤ k m ɯ s,,KoPRSl,,,,,e̮kmi̮s,ɤkmɯs,2,,
504-226-1,,504,226,uk-mi̮s,uk-mi̮s,u k m ɯ s,,WotjWsch,,,,,uk-mi̮s,uk-mɯs,2,,
601-226-1,,601,226,kilenc,kilenc,k i l ɛ n t͡s,,FMSz,,,,,,kilɛnt͡s,3,,
701-226-1,,701,226,ōntolow,ōntolow,oː n t o l o w,"Cf. ""low"" 'ten'",WogWb,,,,,ōntolow,oːntolow,4,,
902-226-1,,902,226,xasawa yúq,xasawa yúq,,,JurSWb,,,,,,,5,,Lit. 'man ten' [sic]
907-226-1,,907,226,okkər-ćāŋkut,okkər-ćāŋkut,o kː ə r tɕ ɑː ŋ k u t,Formed by the principle '10-1',SolkWb,,,,,okkər-ćāŋkut,okːər-tɕɑːŋkut,6,,
807-226-1,,807,226,ǝj-ǝrʽ-jǝŋ ~ ǝj-ǝrt-jǝŋ,ǝj-ǝrʽ-jǝŋ ~ ǝj-ǝrt-jǝŋ,ə j ə r j ə ŋ,"Cf. ""jǝŋ"" 'ten'; lit. ""one-additional-ten""",DEWbOstj,,,,,"əj-ər-jəŋ, əj-ərt-jəŋ","əj-ər-jəŋ, əj-ərt-jəŋ",7,,
901-226-1,,901,226,ŋamiajčumə,ŋamiajčumə,ŋ ɑ m i ɑ j tʃ u m ə,,SlNgaRus,,,,,ŋamiajčumə,ŋɑmiɑjtʃumə,8,,
209-227-1,,209,227,[Form not found],,,,VKJMS,,,,,,,?,[Form not found],
107-227-1,,107,227,ǩittum,ǩittum,,,SKosSk,,,,,,,1,,"Form of ""ǩeʹtted"" 'cook'"
108-227-1,,108,227,kɨpp’tma,kɨpp’tma,k ɨ pːʲ t m a,,WOLD,,,,,,kɨpːʲtma,1,Connection with other Finno-Saamic forms unclear,
203-227-1,,203,227,keitetty,keitetty,k e̞ i t̪ e̞ t̪ː y,,JL,,,,,,ke̞it̪e̞t̪ːy,1,,
204-227-1,,204,227,keitteä,keitteä,,,KKSV,,,,,,,1,,Verb 'cook'
207-227-1,,207,227,keittud,keittud,,,NRVS,,,,,,,1,,
208-227-1,,208,227,keiᴅettü,keiᴅettü,k e i d̥ e tː y,,InkmSk,,,,,keiᴅettü,keid̥etːy,1,,
210-227-1,,210,227,keedetud,keedetud,k eː t e tː u t,,SVSk,,,,,,keːtetːut,1,,
211-227-1,,211,227,keededüq,keededüq,,,VESr,,,,,,,1,,
212-227-1,,212,227,kìetə,kìetə,,,LivWb,,,,,,,1,,Verb 'cook'
101-227-1,,101,227,voessjedh,voessjedh,,,NSsNdb,,,,,,,2,,Verb 'cook (tr.)'
102-227-1,,102,227,vuassjat,vuassjat,,,WbWlap,,,,,,,2,,Verb 'cook'
104-227-1,,104,227,vuotjom,vuotjom,,,EZ,,,,,,,2,,
105-227-1,,105,227,vuošˈšat,vuošˈšat,,,SSSg,,,,,,,2,,Verb 'cook'
106-227-1,,106,227,vuoššađ,vuoššađ,,,InsSSk,,,,,,,2,,Verb 'cook'
0-227-1,,0,227,*peji-,*peji-,,,UEW;Sam88,,,,,,,3,,
301-227-1,,301,227,pidʹeź,pidʹeź,p i dʲ e ʑ,,MordWb,,,,,pidʹeź,pidʲeʑ,3,,
501-227-1,,501,227,puni̮,puni̮,p u n ɯ,,SyrjWsch,,,,,puni̮,punɯ,3,,Verb 'cook'
503-227-1,,503,227,pue̮m,pue̮m,p u ɤ m,"Form of ""puni̮"" 'cook'",KoPRSl,,,,,pue̮m,puɤm,3,,
601-227-1,,601,227,főtt,főtt,f øː tː,"Form of ""főz"" 'cook'",FMSz,,,,,,føːtː,3,,
701-227-1,,701,227,pājti,pājti,p ɑː j t i,,WogWb,,,,,pājti,pɑːjti,3,,Verb 'cook'
901-227-1,,901,227,hirimə̄,hirimə̄,h i r i m əː,,SlNgaRus,,,,,hirimə̄,hiriməː,3,,"Form of ""hiridʹi"" 'boil, cook'"
902-227-1,,902,227,pyirye°,pyirye°,,,JurSWb,,,,,,,3,,"Verb, 'cook'"
401-227-1,,401,227,šoltem,šoltem,ʃ o l t e m,,SMSk;TscherWb,,,,,šoltem,ʃoltem,4,,"Verb, 'cook'"
907-227-1,,907,227,muśə-,muśə-,m u ɕ ə,,SolkWb,,,,,muśə-,muɕə-,4,,Verb 'cook'
504-227-1,,504,227,pe̮źi̮ni̮,pe̮źi̮ni̮,p ɤ ʑ ɯ n ɯ,,WotjWsch,,,,,pe̮źi̮ni̮,pɤʑɯnɯ,5,,"Verb: 'cook, be cooked'"
807-227-1,,807,227,kɔ̈ɣrǝm,kɔ̈ɣrǝm,k ɔ̈ ɣ r ə m,"Form of ""kɔ̈ɣǝr-"" 'cook'",DEWbOstj,,,,,kɔ̈ɣrəm,kɔ̈ɣrəm,6,,
101-227-2,,101,227,doeltedh,doeltedh,,,NSsNdb,,,,,,,7,,Verb 'cook (intr.)'
102-227-2,,102,227,maalèstit,maalèstit,,,WbWlap,,,,,,,8,,Verb 'cook'
0-228-1,,0,228,[Not reconstructable],,,,UEW;Sam88,,,,,,,?,[Not reconstructable],
203-228-1,,203,228,sana,sana,s ɑ n ɑ,,JL,,,,,,sɑnɑ,1,,
204-228-1,,204,228,sana,sana,,,KKSV,,,,,,,1,,
207-228-1,,207,228,sana,sana,,,VVS,,,,,,,1,,
208-228-1,,208,228,sana,sana,s ɑ n ɑ,,InkmSk,,,,,sana,sɑnɑ,1,,
209-228-1,,209,228,se̮na,se̮na,s ɤ n ɑ,,VKJMS,,,,,se̮na,sɤnɑ,1,,
210-228-1,,210,228,sõna,sõna,s ɤ n ɑ,,SVSk,,,,,,sɤnɑ ,1,,
211-228-1,,211,228,sõna,sõna,,,VESr,,,,,,,1,,
212-228-1,,212,228,se̮nà,se̮nà,,,LivWb,,,,,,,1,,
207-228-2,,207,228,vajeh,vajeh,,,VVS,,,,,,,2,,
101-228-1,,101,228,baakoe,baakoe,,,NSsNdb,,,,,,,3,,
102-228-1,,102,228,baahkoo,baahkoo,,,WbWlap,,,,,,,3,,
104-228-1,,104,228,báhko,báhko,,,EZ,,,,,,,3,,
106-228-1,,106,228,pááhu,pááhu,,,InsSSk,,,,,,,3,,
301-228-1,,301,228,val,val,v ɑ l,,MordWb,,,,,val,vɑl,4,,
501-228-1,,501,228,ki̮v,ki̮v,k ɯ v,,SyrjWsch,,,,,ki̮v,kɯv,5,,"'Tongue, language, speech, word'"
503-228-1,,503,228,ki̮v,ki̮v,k ɯ v,,KoPRSl,,,,,ki̮v,kɯv,5,,"'Tongue, language, word'"
504-228-1,,504,228,ki̮l,ki̮l,k ɯ l,,WotjWsch,,,,,ki̮l,kɯl,5,,"'Tongue, language, word'"
807-228-1,,807,228,kö̭l,kö̭l,k ø̻ l,,DEWbOstj,,,,,kö̭l,kø̻l,5,,"'Word, speech, language'"
601-228-1,,601,228,szó,szó,s oː,,FMSz,,,,,,soː,6,,
401-228-1,,401,228,mut,mut,m u t,,SMSk;TscherWb,,,,,mut,mut,7,,
701-228-1,,701,228,lʹāχ ~ lʹāŋχ,lʹāχ ~ lʹāŋχ,ʎ ɑː x,,WogWb,,,,,"lʹāχ, lʹāŋχ","ʎɑːx, ʎɑːŋx",8,,"'Word, speech, language'"
701-228-2,,701,228,lʹātəŋ,lʹātəŋ,ʎ ɑː t ə ŋ,,WogWb,,,,,lʹātəŋ,ʎɑːtəŋ,9,,"'Word, speech, language'"
901-228-1,,901,228,buəðu,buəðu,b u ə ð u,,SlNgaRus,,,,,buəδu,buəðu,10,,"'Word; talk, speech'"
902-228-1,,902,228,wada,wada,,,JurSWb,,,,,,,10,,"'Word, language'"
907-228-1,,907,228,ē̮či,ē̮či,ɤː tʃ i,,SolkWb,,,,,ē̮či,ɤːtʃi,11,,
105-228-1,,105,228,sátni,sátni,,,SSSg,,,,,,,1,,
106-228-2,,106,228,sääni,sääni,,,InsSSk,,,,,,,1,,
107-228-1,,107,228,sääʹnn,sääʹnn,,,SKosSk,,,,,,,1,,
108-228-1,,108,228,sānn’,sānn’,s aː nːʲ,,WOLD,,,,,,saːnːʲ,1,,
106-229-1,,106,229,[Form not found],,,,InsSSk,,,,,,,?,[Form not found],
203-229-1,,203,229,kaarna,kaarna,k ɑː r n ɑ,,JL,,,,,,kɑːrnɑ,1,,
204-229-1,,204,229,koarna,koarna,,,KKSV,,,,,,,1,,
204-229-2,,204,229,koja,koja,,,KKSV,,,,,,,2,,
207-229-1,,207,229,korʹ,korʹ,,,NRVS,,,,,,,3,,
208-229-1,,208,229,kōri,kōri,k oː r i,,InkmSk,,,,,kōri,koːri,3,,
209-229-1,,209,229,kōri,kōri,k oː r i,,VKJMS,,,,,kōri,koːri,3,,
210-229-1,,210,229,puukoor,puukoor,p uː k oː r,,SVSk,,,,,,puːkoːr ,3,,"Comp.; ""puu"" 'tree'"
211-229-1,,211,229,kuur’,kuur’,,,SI,,,,,,,3,,
212-229-1,,212,229,kùoŕ,kùoŕ,,,LivWb,,,,,,,3,,
501-229-1,,501,229,ki̮rś,ki̮rś,k ɯ r ɕ,Deriv.?; vowel correspondence irregular,SyrjWsch,,,,,ki̮rś,kɯrɕ,3,,
210-229-2,,210,229,korp,korp,k o r p,,SVSk,,,,,,korp,4,,
101-229-1,,101,229,baarhkoe,baarhkoe,,,NSsNdb,,,,,,,5,,
102-229-1,,102,229,bàrˈkoo,bàrˈkoo,,,WbWlap,,,,,,,5,,
105-229-1,,105,229,bárku,bárku,,,SSSg,,,,,,,5,,
108-229-1,,108,229,pārrhk,pārrhk,p aː r̥ː k,,WOLD,,,,,,paːr̥ːk,5,,
0-229-1,,0,229,*keri,*keri,,,UEW;Sam88,,,,,,,6,,"'Rind, bark'"
105-229-2,,105,229,garra,garra,,,SSSg,,,,,,,6,,
107-229-1,,107,229,kõrr,kõrr,,,SKosSk,,,,,,,6,,
108-229-2,,108,229,kērr,kērr,k eː rː,,WOLD,,,,,,keːrː,6,,
301-229-1,,301,229,keŕ,keŕ,k e rʲ,,MordWb,,,,,keŕ,kerʲ,6,,
401-229-1,,401,229,kür,kür,k y r,,SMSk;TscherWb,,,,,kür,kyr,6,,
504-229-1,,504,229,kur,kur,k u r,,WotjWsch,,,,,kur,kur,6,,
601-229-1,,601,229,"kéreg, fakéreg",kéreg,k eː r ɛ ɡ f ɒ k eː r ɛ ɡ,"Deriv.; ""fa"" 'tree'",FMSz,,,,,,"keːrɛɡ, fɒkeːrɛɡ",6,,
601-229-2,,601,229,"kéreg, fakéreg",fakéreg,k eː r ɛ ɡ f ɒ k eː r ɛ ɡ,"Deriv.; ""fa"" 'tree'",FMSz,,,,,,"keːrɛɡ, fɒkeːrɛɡ",6,,
701-229-1,,701,229,kēr,kēr,k eː r,,WogWb,,,,,kēr,keːr,6,,Generally 'rind'
807-229-1,,807,229,kär,kär,k æ r,,DEWbOstj,,,,,kär,kær,6,,
301-229-2,,301,229,"sud, sudne",sud,s u d,Latter deriv.,MordWb,,,,,"sud, sudne",sud,7,,
301-229-3,,301,229,"sud, sudne",sudne,s u d n e,Latter deriv.,MordWb,,,,,"sud, sudne",sudne,7,,
504-229-2,,504,229,sul,sul,s u l,,WotjWsch,,,,,sul,sul,7,,
701-229-2,,701,229,jiw-sūl,jiw-sūl,j i w s uː l,,WogWb,,,,,jiw-sūl,jiw-suːl,7,,"""Jiw"" 'tree'; ""sūl"" possibly loan from Udmurt"
401-229-2,,401,229,šüm,šüm,ʃ y m,,SMSk;TscherWb,,,,,šüm,ʃym,8,,"Homonymous with ""šüm"" 'heart'"
902-229-1,,902,229,syabt°,syabt°,,,JurSWb,,,,,,,9,,
0-229-2,,0,229,*końćkV ?,*końćkV ?,,,UEW;Sam88,,,,,,,10,,"'Bast, bark'"
211-229-2,,211,229,kosk',kosk',,,VESr,,,,,,,10,,
503-229-1,,503,229,kać,kać,k ɑ tɕ,,KoPRSl,,,,,kać,kɑtɕ,10,,
901-229-1,,901,229,"kasu, kasuə",kasu,k ɑ s u,,SlNgaRus,,,,,"kasu, kasuə",kɑsu,10,,
901-229-2,,901,229,"kasu, kasuə",kasuə,k ɑ s u ə,,SlNgaRus,,,,,"kasu, kasuə",kɑsuə,10,,
907-229-1,,907,229,qāsə,qāsə,q ɑː s ə,,SolkWb,,,,,qāsə,qɑːsə,10,,
108-229-3,,108,229,pēss’,pēss’,p eː sːʲ,,WOLD,,,,,,peːsːʲ,11,,
104-229-1,,104,229,skälla,skälla,,,EZ,,,,,,,12,,
0-23-1,,0,23,[Not reconstructable],,,,UEW;Sam88,,,,,,,?,[Not reconstructable],
807-23-1,,807,23,[Form not found],,,,DEWbOstj,,,,,,,?,[Form not found],
101-23-1,,101,23,"guhkene, gåhkese",guhkene,,,NSsNdb,,,,,,,1,,
101-23-2,,101,23,"guhkene, gåhkese",gåhkese,,,NSsNdb,,,,,,,1,,
104-23-1,,104,23,"guhkest, guhken",guhkest,,,EZ,,,,,,,1,,
104-23-2,,104,23,"guhkest, guhken",guhken,,,EZ,,,,,,,1,,
105-23-1,,105,23,guhkkin,guhkkin,,,SSSg,,,,,,,1,,
106-23-1,,106,23,kukken,kukken,,,InsSSk,,,,,,,1,,
107-23-1,,107,23,kuʹǩǩen,kuʹǩǩen,,,SKosSk,,,,,,,1,,
108-23-1,,108,23,kuhk’en’,kuhk’en’,k u h kʲ e nʲ,,WOLD,,,,,,kuhkʲenʲ,1,,
102-23-1,,102,23,meälˈgada,meälˈgada,,,WbWlap,,,,,,,2,,
104-23-3,,104,23,"mällgadist, mällgadin",mällgadist,,,EZ,,,,,,,2,,
104-23-4,,104,23,"mällgadist, mällgadin",mällgadin,,,EZ,,,,,,,2,,
203-23-1,,203,23,kaukana,kaukana,k ɑ w k ɑ n ɑ,,JL,,,,,,kɑwkɑnɑ,3,,
209-23-1,,209,23,kaukaл̄,kaukaл̄,k ɑ u k ɑ lː,,VKJMS,,,,,kaukall,kɑukɑlː,3,,
210-23-1,,210,23,kaugel,kaugel,k ɑ u k e l,,SVSk,,,,,,kɑukel ,3,,
211-23-1,,211,23,"kavvõn, kavvõl, kaugun etc.",kavvõn,,,VESr,,,,,,,3,,
211-23-2,,211,23,"kavvõn, kavvõl, kaugun etc.",kavvõl,,,VESr,,,,,,,3,,
211-23-3,,211,23,"kavvõn, kavvõl, kaugun etc.",kaugun etc.,,,VESr,,,,,,,3,,
212-23-1,,212,23,koùgən,koùgən,,,LivWb,,,,,,,3,,
204-23-1,,204,23,etähänä,etähänä,,,KKSV,,,,,,,4,,
207-23-1,,207,23,edahan,edahan,,,VVS,,,,,,,4,,
208-23-1,,208,23,ettǟl,ettǟl,e tː æː l,Dialectal,InkmSk,,,,,ettǟl,etːæːl,4,,
301-23-1,,301,23,vasolo,vasolo,v ɑ s o l o,,MordWb,,,,,vasolo,vɑsolo,5,,
401-23-1,,401,23,mündə̑r(nö),mündə̑r,m y n d ə r,,SMSk;TscherWb,,,,,"mündə̑r, mündə̑rnö",myndər,6,,Longer form is locative
401-23-2,,401,23,tora(šte),tora,t o r ɑ,,SMSk;TscherWb,,,,,"tora, torašte",torɑ,7,"*tarɜ (torɜ)  'nearby place, surroundings, environment '",Longer form is locative
501-23-1,,501,23,i̮li̮n,i̮li̮n,ɯ l ɯ n,,SyrjWsch,,,,,i̮li̮n,ɯlɯn,8,,
503-23-1,,503,23,i̮li̮n,i̮li̮n,ɯ l ɯ n,,KoPRSl,,,,,i̮li̮n,ɯlɯn,8,,
504-23-1,,504,23,ki̮dʹoki̮n,ki̮dʹoki̮n,k ɯ dʲ o k ɯ n,,WotjWsch,,,,,ki̮dʹoki̮n,kɯdʲokɯn,9,,
601-23-1,,601,23,messze,messze,m ɛ sː ɛ,,FMSz,,,,,,mɛsːɛ,10,,
601-23-2,,601,23,távol,távol,t aː v o l,,FMSz,,,,,,taːvol,11,,
701-23-1,,701,23,ēlalʹ,ēlalʹ,eː l ɑ ʎ,,WogWb,,,,,ēlalʹ,eːlɑʎ,12,,
902-23-1,,902,23,ŋax°qna,ŋax°qna,,,JurSWb,,,,,,,12,,
901-23-1,,901,23,"kuntəgunu, kuntəgaˀanu",kuntəgunu,k u n t ə ɡ u n u,,SlNgaRus,,,,,"kuntəgunu, kuntəgaˀanu",kuntəɡunu,13,,
901-23-2,,901,23,"kuntəgunu, kuntəgaˀanu",kuntəgaˀanu,k u n t ə ɡ ɑ ʔ ɑ n u,,SlNgaRus,,,,,"kuntəgunu, kuntəgaˀanu",kuntəɡɑʔɑnu,13,,
907-23-1,,907,23,kuntak ~ kuntok,kuntak ~ kuntok,k u n t ɑ k,,SolkWb,,,,,"kuntak, kuntok","kuntɑk, kuntok",13,,
0-230-1,,0,230,[Not reconstructable],,,,UEW;Sam88,,,,,,,?,[Not reconstructable],
203-230-1,,203,230,kerätä,kerätä,k e̞ r æ t̪ æ,,JL,,,,,,ke̞ræt̪æ,1,,
204-230-1,,204,230,kerätä,kerätä,,,KKSV,,,,,,,1,,
207-230-1,,207,230,kerata,kerata,,,VVS,,,,,,,1,,
210-230-1,,210,230,koguda,koguda,k o k u t ɑ,,SVSk,,,,,,kokutɑ,2,,
208-230-1,,208,230,korjaᴅa,korjaᴅa,k o r j ɑ d̥ ɑ,,InkmSk,,,,,korjaᴅa,korjɑd̥ɑ,3,,
209-230-1,,209,230,ke̮rjama,ke̮rjama,k ɤ r j ɑ m ɑ,,VKJMS,,,,,ke̮rjama,kɤrjɑmɑ,3,,
211-230-1,,211,230,korjama,korjama,,,VESr,,,,,,,3,,
212-230-1,,212,230,kwoŕŕə,kwoŕŕə,,,LivWb,,,,,,,3,"Cogn. with Fin ""korjata"" 'fix, gather'",
101-230-1,,101,230,"tjåegkedh, tjööngkedh",tjåegkedh,,,NSsNdb,,,,,,,4,,
101-230-2,,101,230,"tjåegkedh, tjööngkedh",tjööngkedh,,,NSsNdb,,,,,,,4,,
102-230-1,,102,230,"tjùhkat, tjǜhkat",tjùhkat,,,WbWlap,,,,,,,4,,
102-230-2,,102,230,"tjùhkat, tjǜhkat",tjǜhkat,,,WbWlap,,,,,,,4,,
104-230-1,,104,230,tjuhkkit,tjuhkkit,,,EZ,,,,,,,4,,
105-230-1,,105,230,čoaggit,čoaggit,,,SSSg,,,,,,,4,,
106-230-1,,106,230,čoag'giđ,čoag'giđ,,,InsSSk,,,,,,,4,,
106-230-2,,106,230,nuurrađ,nuurrađ,,,InsSSk,,,,,,,5,,
107-230-1,,107,230,noorrâd,noorrâd,,,SKosSk,,,,,,,5,,
301-230-1,,301,230,kočkams,kočkams,k o tʃ k ɑ m s,,MordWb,,,,,kočkams,kotʃkɑms,6,,
301-230-2,,301,230,purnams,purnams,p u r n ɑ m s,,MordWb,,,,,purnams,purnɑms,7,,
501-230-1,,501,230,e̮kti̮ni̮,e̮kti̮ni̮,ɤ k t ɯ n ɯ,,SyrjWsch,,,,,e̮kti̮ni̮,ɤktɯnɯ,8,,
503-230-1,,503,230,e̮kti̮ni̮,e̮kti̮ni̮,ɤ k t ɯ n ɯ,,KoPRSl,,,,,e̮kti̮ni̮,ɤktɯnɯ,8,,
504-230-1,,504,230,okti̮ni̮,okti̮ni̮,o k t ɯ n ɯ,,WotjWsch,,,,,okti̮ni̮,oktɯnɯ,8,,
601-230-1,,601,230,gyűjt,gyűjt,ɟ yː j t,,FMSz,,,,,,ɟyːjt,9,,
401-230-1,,401,230,poɣem,poɣem,p o ɣ e m,,SMSk;TscherWb,,,,,poɣem,poɣem,10,,"'Pick up, gather'"
504-230-2,,504,230,bićani̮,bićani̮,b i tɕ ɑ n ɯ,,WotjWsch,,,,,bićani̮,bitɕɑnɯ,11,,
701-230-1,,701,230,ati,ati,ɑ t i,,WogWb,,,,,ati,ɑti,12,,
902-230-1,,902,230,məq°la°,məq°la°,,,JurSWb,,,,,,,13,,
907-230-1,,907,230,taq-,taq-,t ɑ q,,SolkWb,,,,,taq-,tɑq-,14,,
108-230-1,,108,230,usse,usse,u sː e,,WOLD,,,,,,usːe,15,,
108-230-2,,108,230,kōppče,kōppče,k oː pː t ʃ e,,WOLD,,,,,,koːpːtʃe,16,,
807-230-1,,807,230,čäɣi-,čäɣi-,tʃ æ ɣ i,,DEWbOstj,,,,,čäɣi-,tʃæɣi-,17,,
209-230-2,,209,230,näppimä,näppimä,n æ pː i m æ,,VKJMS,,,,,näppimä,næpːimæ,18,,
901-230-1,,901,230,ŋuńüdʹa,ŋuńüdʹa,ŋ u ɲ y dʲ ɑ,,SlNgaRus,,,,,ŋuńüdʹa,ŋuɲydʲɑ,19,,
0-231-1,,0,231,[Not reconstructable],,,,UEW;Sam88,,,,,,,?,[Not reconstructable],
203-231-1,,203,231,kettu,kettu,k e̞ t̪ː u,,JL,,,,,,ke̞t̪ːu,1,,
101-231-1,,101,231,riepie,riepie,,,NSsNdb,,,,,,,2,,
102-231-1,,102,231,riebiei,riebiei,,,WbWlap,,,,,,,2,,
104-231-1,,104,231,rebe,rebe,,,EZ,,,,,,,2,,
105-231-1,,105,231,rieban,rieban,,,SSSg,,,,,,,2,,
106-231-1,,106,231,riemnjis,riemnjis,,,InsSSk,,,,,,,2,,
107-231-1,,107,231,riʹmjj ~ rieʹmnnj,riʹmjj ~ rieʹmnnj,,,SKosSk,,,,,,,2,,
108-231-1,,108,231,rīmm’n,rīmm’n,r iː mːʲ n,,WOLD,,,,,,riːmːʲn,2,,
204-231-1,,204,231,repo ~ repoi,repo ~ repoi,,,KKSV,,,,,,,2,,
207-231-1,,207,231,reboi,reboi,,,VVS,,,,,,,2,,
208-231-1,,208,231,reʙoi,reʙoi,r e b̥ o i,,InkmSk,,,,,reʙoi,reb̥oi,2,,
209-231-1,,209,231,repo,repo,r e p o,,VKJMS,,,,,repo,repo,2,,
210-231-1,,210,231,rebane,rebane,r e p ɑ n e,,SVSk,,,,,,repɑne,2,,
211-231-1,,211,231,repän',repän',,,VESr,,,,,,,2,,
212-231-1,,212,231,reʾbbi,reʾbbi,,,LivWb,,,,,,,2,,
301-231-1,,301,231,ŕiveź,ŕiveź,rʲ i v e ʑ,,MordWb,,,,,ŕiveź,rʲiveʑ,2,,
401-231-1,,401,231,rə̑βə̑ž,rə̑βə̑ž,r ə β ə ʒ,,SMSk;TscherWb,,,,,rə̑βə̑ž,rəβəʒ,2,,
501-231-1,,501,231,ruć,ruć,r u tɕ,,SyrjWsch,,,,,ruć,rutɕ,2,,
503-231-1,,503,231,ruć,ruć,r u tɕ,,KoPRSl,,,,,ruć,rutɕ,2,,
504-231-1,,504,231,ʒ́i̮ći̮,ʒ́i̮ći̮,dʑ ɯ tɕ ɯ,,WotjWsch,,,,,ʒ́i̮ći̮,dʑɯtɕɯ,2,,
601-231-1,,601,231,róka,róka,r oː k ɒ,"From earlier *rovV-, cf. “ravasz” 'shrewd, cunning'; vowels not corresponding with PFU *repä-ćV",FMSz,,,,,,roːkɒ,2,,
701-231-1,,701,231,oχsar,oχsar,o x s ɑ r,,WogWb,,,,,oχsar,oxsɑr,3,,
807-231-1,,807,231,wo̭ki̮,wo̭ki̮,w o̻ k ɯ,,DEWbOstj,,,,,wo̭ki̮,wo̻kɯ,3,,
901-231-1,,901,231,tunti̮,tunti̮,t u n t ɯ,,SlNgaRus,,,,,tunti̮,tuntɯ,4,,
902-231-1,,902,231,tyonya,tyonya,,,JurSWb,,,,,,,4,,
907-231-1,,907,231,loqa,loqa,l o q ɑ,,SolkWb,,,,,loqa,loqɑ,5,,
0-232-1,,0,232,[Not reconstructable],,,,UEW;Sam88,,,,,,,?,[Not reconstructable],
203-232-1,,203,232,vääntää,vääntää,ʋ æː n̪ t̪ æː,,JL,,,,,,ʋæːn̪t̪æː,1,,
204-232-1,,204,232,veänteä,veänteä,,,KKSV,,,,,,,1,,
210-232-1,,210,232,väänata,väänata,v æː n ɑ tː ɑ,,SVSk,,,,,,væːnɑtːɑ,1,,
211-232-1,,211,232,väändmä,väändmä,,,SI,,,,,,,1,,
106-232-1,,106,232,karređ,karređ,,,InsSSk,,,,,,,2,,
203-232-2,,203,232,kiertää,kiertää,k i e̞ r t̪ æː,,JL,,,,,,kie̞rt̪æː,2,,
204-232-2,,204,232,kierteä,kierteä,,,KKSV,,,,,,,2,,
208-232-1,,208,232,kērtǟ,kērtǟ,k eː r t æː,,InkmSk,,,,,kērtǟ,keːrtæː,2,,
209-232-1,,209,232,"tšēreskè̮ma, tšēroma",tšēreskè̮ma,tʃ eː r e s k ɤ̀ m ɑ,,VKJMS,,,,,"čēreskè̮ma, čēroma",tʃeːreskɤ̀mɑ,2,,
209-232-2,,209,232,"tšēreskè̮ma, tšēroma",tšēroma,tʃ eː r o m ɑ,,VKJMS,,,,,"čēreskè̮ma, čēroma",tʃeːromɑ,2,,
212-232-1,,212,232,kìerə,kìerə,,,LivWb,,,,,,,2,,
207-232-1,,207,232,käta,käta,,,VVS,,,,,,,3,,"'Turn, twist'"
105-232-1,,105,232,giessat,giessat,,,SSSg,,,,,,,4,,
102-232-1,,102,232,vìvvat,vìvvat,,,WbWlap,,,,,,,5,"Cf. Sw ""veva""",
104-232-1,,104,232,bådnjåt,bådnjåt,,,EZ,,,,,,,6,,
106-232-2,,106,232,"puunnjađ, ponjeldiđ",puunnjađ,,,InsSSk,,,,,,,6,,
106-232-3,,106,232,"puunnjađ, ponjeldiđ",ponjeldiđ,,,InsSSk,,,,,,,6,,
107-232-1,,107,232,poonnjâd,poonnjâd,,,SKosSk,,,,,,,6,,
108-232-1,,108,232,poanne,poanne,p ɒː nː e,,WOLD,,,,,,pɒːnːe,6,,
301-232-1,,301,232,purdams,purdams,p u r d ɑ m s,,MordWb,,,,,purdams,purdɑms,7,,
301-232-2,,301,232,mendʹams,mendʹams,m e n dʲ ɑ m s,,MordWb,,,,,mendʹams,mendʲɑms,8,,
501-232-1,,501,232,pučki̮ni̮,pučki̮ni̮,p u tʃ k ɯ n ɯ,,SyrjWsch,,,,,pučki̮ni̮,putʃkɯnɯ,9,,
501-232-2,,501,232,gartni̮,gartni̮,ɡ ɑ r t n ɯ,,SyrjWsch,,,,,gartni̮,ɡɑrtnɯ,10,,
601-232-1,,601,232,teker,teker,t ɛ k ɛ r,,FMSz,,,,,,tɛkɛr,11,,
601-232-2,,601,232,csavar,csavar,t͡ʃ ɒ v ɒ r,,FMSz,,,,,,t͡ʃɒvɒr,12,,
401-232-1,,401,232,pütə̑rem,pütə̑rem,p y t ə r e m,,SMSk;TscherWb,,,,,pütə̑rem,pytərem,13,,
503-232-1,,503,232,"berge̮tni̮, berge̮tli̮ni̮",berge̮tni̮,b e r ɡ ɤ t n ɯ,,KoPRSl,,,,,"berge̮tni̮, berge̮tli̮ni̮",berɡɤtnɯ,13,,
503-232-2,,503,232,"berge̮tni̮, berge̮tli̮ni̮",berge̮tli̮ni̮,b e r ɡ ɤ t l ɯ n ɯ,,KoPRSl,,,,,"berge̮tni̮, berge̮tli̮ni̮",berɡɤtlɯnɯ,13,,
504-232-1,,504,232,bergati̮ni̮,bergati̮ni̮,b e r ɡ ɑ t ɯ n ɯ,,WotjWsch,,,,,bergati̮ni̮,berɡɑtɯnɯ,13,,
401-232-2,,401,232,saβə̑rem,saβə̑rem,s ɑ β ə r e m,,SMSk;TscherWb,,,,,saβə̑rem,sɑβərem,14,,
701-232-1,,701,232,"pēri, pērmti, pēriɣti",pēri,p eː r i,Latter two derivs.,WogWb,,,,,"pēri, pērmti, pēriɣti",peːri,14,,
701-232-2,,701,232,"pēri, pērmti, pēriɣti",pērmti,p eː r m t i,Latter two derivs.,WogWb,,,,,"pēri, pērmti, pēriɣti",peːrmti,14,,
701-232-3,,701,232,"pēri, pērmti, pēriɣti",pēriɣti,p eː r i ɣ t i,Latter two derivs.,WogWb,,,,,"pēri, pērmti, pēriɣti",peːriɣti,14,,
902-232-1,,902,232,syur°xəlye-,syur°xəlye-,,,JurSWb,,,,,,,15,,
907-232-1,,907,232,kolʹə-,kolʹə-,k o ʎ ə,,SolkWb,,,,,kolʹə-,koʎə-,16,,"'Turn (around), ?twist'"
807-232-1,,807,232,jo̭ɣǝr-,jo̭ɣǝr-,j o̻ ɣ ə r,,DEWbOstj,,,,,jo̭ɣər-,jo̻ɣər-,17,,
209-232-3,,209,232,koverte̮ma,koverte̮ma,k o v e r t ɤ m ɑ,,VKJMS,,,,,koverte̮ma,kovertɤmɑ,18,,
209-232-4,,209,232,krīvissemä,krīvissemä,k r iː v i sː e m æ,,VKJMS,,,,,krīvissemä,kriːvisːemæ,19,,
503-232-3,,503,232,piʒ́ravni̮,piʒ́ravni̮,p i dʑ r ɑ v n ɯ,,KoPRSl,,,,,piʒ́ravni̮,pidʑrɑvnɯ,20,,
101-232-1,,101,232,buhtjiedidh,buhtjiedidh,,,NSsNdb,,,,,,,21,,
901-232-1,,901,232,hujkələbti̮dʹi,hujkələbti̮dʹi,h u j k ə l ə b t ɯ dʲ i,,SlNgaRus,,,,,hujkələbti̮dʹi,hujkələbtɯdʲi,22,,"'Twist, bend'"
0-233-1,,0,233,[Not reconstructable],,,,UEW;Sam88,,,,,,,?,[Not reconstructable],
209-233-1,,209,233,[Form not found],,,,VKJMS,,,,,,,?,[Form not found],
807-233-1,,807,233,[Form not found],,,,DEWbOstj,,,,,,,?,[Form not found],
907-233-1,,907,233,[Form not found],,,,SolkWb,,,,,,,?,[Form not found],
106-233-1,,106,233,leäi'buđ,leäi'buđ,,,InsSSk,,,,,,,1,,
203-233-1,,203,233,leipoa,leipoa,l e̞ i p o̞ ɑ,,JL,,,,,,le̞ipo̞ɑ,1,,
107-233-1,,107,233,päʹštted,päʹštted,,,SKosSk,,,,,,,2,,"'Bake, fry, roast'?"
108-233-1,,108,233,pāšš’te,pāšš’te,p aː ʃːʲ t e,,WOLD,,,,,,paːʃːʲte,2,,
203-233-2,,203,233,paistaa,paistaa,p ɑ i s t̪ ɑː,,JL,,,,,,pɑist̪ɑː,2,,
204-233-1,,204,233,paistoa,paistoa,,,KKSV,,,,,,,2,,
207-233-1,,207,233,pašta ~ paštta,pašta ~ paštta,,,VVS,,,,,,,2,,
208-233-1,,208,233,paistā,paistā,p ɑ i s t ɑː,,InkmSk,,,,,paistā,pɑistɑː,2,,'Prepare by frying'
204-233-2,,204,233,voalie,voalie,,,KKSV,,,,,,,3,,
208-233-2,,208,233,vālia,vālia,v ɑː l i ɑ,,InkmSk,,,,,vālia,vɑːliɑ,3,,
210-233-1,,210,233,küpsetada,küpsetada,k y pː s e tː ɑ t ɑ,,SVSk,,,,,,kypːsetːɑtɑ,4,,
211-233-1,,211,233,küdsämä,küdsämä,,,VESr,,,,,,,4,,
212-233-1,,212,233,ūdə,ūdə,,,LivWb,,,,,,,5,,
104-233-1,,104,233,basset,basset,,,EZ,,,,,,,6,,
105-233-1,,105,233,bassit,bassit,,,SSSg,,,,,,,6,,
106-233-2,,106,233,passeeđ,passeeđ,,,InsSSk,,,,,,,6,,
501-233-1,,501,233,pe̮ẓ̌avni̮,pe̮ẓ̌avni̮,p ɤ ʒ ɑ v n ɯ,,SyrjWsch,,,,,pe̮žavni̮,pɤʒɑvnɯ,6,,
503-233-1,,503,233,pe̮žavni̮,pe̮žavni̮,p ɤ ʒ ɑ v n ɯ,,KoPRSl,,,,,pe̮žavni̮,pɤʒɑvnɯ,6,,
504-233-1,,504,233,pi̮ži̮ni̮,pi̮ži̮ni̮,p ɯ ʒ ɯ n ɯ,,WotjWsch,,,,,pi̮ži̮ni̮,pɯʒɯnɯ,6,,"'Bake, fry'"
101-233-1,,101,233,bååhkesjidh,bååhkesjidh,,,NSsNdb,,,,,,,7,,
102-233-1,,102,233,bå̀hkat,bå̀hkat,,,WbWlap,,,,,,,7,,
104-233-2,,104,233,bähkkut,bähkkut,,,EZ,,,,,,,7,,
301-233-1,,301,233,ŕestams,ŕestams,rʲ e s t ɑ m s,,MordWb,,,,,ŕestams,rʲestɑms,8,,
601-233-1,,601,233,süt,süt,ʃ y t,,FMSz,,,,,,ʃyt,9,,
401-233-1,,401,233,žaritlem,žaritlem,ʒ ɑ r i t l e m,,SMSk;TscherWb,,,,,žaritlem,ʒɑritlem,10,,
701-233-1,,701,233,sāriti,sāriti,s ɑː r i t i,,WogWb,,,,,sāriti,sɑːriti,10,,"'Fry, bake'"
401-233-2,,401,233,puštə̑lanem,puštə̑lanem,p u ʃ t ə l ɑ n e m,,SMSk;TscherWb,,,,,puštə̑lanem,puʃtəlɑnem,11,,
902-233-1,,902,233,yabcə°,yabcə°,,,JurSWb,,,,,,,12,,
901-233-1,,901,233,"hiðibti̮si̮, hitiðiśi",hiðibti̮si̮,h i ð i b t ɯ s ɯ,,SlNgaRus,,,,,"hiδibti̮si̮, hitiδiśi",hiðibtɯsɯ,13,,
901-233-2,,901,233,"hiðibti̮si̮, hitiðiśi",hitiðiśi,h i t i ð i ɕ i,,SlNgaRus,,,,,"hiδibti̮si̮, hitiδiśi",hitiðiɕi,13,,
0-234-1,,0,234,[Not reconstructable],,,,UEW;Sam88,,,,,,,?,[Not reconstructable],
209-234-1,,209,234,[Form not found],,,,VKJMS,,,,,,,?,[Form not found],
212-234-1,,212,234,[Form not found],,,,LivWb,,,,,,,?,[Form not found],
504-234-1,,504,234,[Form not found],,,,WotjWsch,,,,,,,?,[Form not found],
701-234-1,,701,234,[Form not found],,,,WogWb,,,,,,,?,[Form not found],
807-234-1,,807,234,[Form not found],,,,DEWbOstj,,,,,,,?,[Form not found],
902-234-1,,902,234,[Form not found],,,,JurSWb,,,,,,,?,[Form not found],
106-234-1,,106,234,poai'muđ,poai'muđ,,,InsSSk,,,,,,,1,,
203-234-1,,203,234,poimia,poimia,p o̞ i m i ɑ,,JL,,,,,,po̞imiɑ,1,,
204-234-1,,204,234,poimie,poimie,,,KKSV,,,,,,,1,,
207-234-1,,207,234,poimda,poimda,,,VVS,,,,,,,1,,
210-234-1,,210,234,korjata,korjata,k o r j ɑ tː ɑ,,SVSk,,,,,,korjɑtːɑ,2,,
208-234-1,,208,234,noblia,noblia,n o b l i ɑ,,InkmSk,,,,,noblia,nobliɑ,3,,
208-234-2,,208,234,noppia,noppia,n o pː i ɑ,,InkmSk,,,,,noppia,nopːiɑ,3,,
210-234-2,,210,234,noppia,noppia,n o pː i ɑ,,SVSk,,,,,,nopːiɑ,3,,
211-234-1,,211,234,nobima,nobima,,,VESr,,,,,,,3,,
104-234-1,,104,234,tjågget,tjågget,,,EZ,,,,,,,4,,
105-234-1,,105,234,čoaggit,čoaggit,,,SSSg,,,,,,,4,,
106-234-2,,106,234,čoag'giđ,čoag'giđ,,,InsSSk,,,,,,,4,,
102-234-1,,102,234,lügˈŋjat,lügˈŋjat,,,WbWlap,,,,,,,5,,
107-234-1,,107,234,uussâd,uussâd,,,SKosSk,,,,,,,6,,
107-234-2,,107,234,tuäpˈpad,tuäpˈpad,,,SKosSk,,,,,,,7,,
301-234-1,,301,234,purnams,purnams,p u r n ɑ m s,,MordWb,,,,,purnams,purnɑms,8,,
501-234-1,,501,234,lepti̮ni̮,lepti̮ni̮,l e p t ɯ n ɯ,,SyrjWsch,,,,,lepti̮ni̮,leptɯnɯ,9,,"'Raise, lift, pick up'"
601-234-1,,601,234,felszed,felszed,f ɛ l s ɛ d,,FMSz,,,,,,fɛlsɛd,10,,
401-234-1,,401,234,poɣem,poɣem,p o ɣ e m,,SMSk;TscherWb,,,,,poɣem,poɣem,11,,"'Pick up, gather'"
401-234-2,,401,234,nalam,nalam,n ɑ l ɑ m,,SMSk;TscherWb,,,,,nalam,nɑlɑm,12,,"'Take, pick up'"
907-234-1,,907,234,uə̑ććə-,uə̑ććə-,u ə tɕː ə,"Deriv. from ""uə̑śə-"" 'stand up, rise'",SolkWb,,,,,uə̑ććə-,uətɕːə-,13,,
108-234-1,,108,234,pajne,pajne,p a j n e,,WOLD,,,,,,pajne,14,,
503-234-1,,503,234,bośtni̮,bośtni̮,b o ɕ t n ɯ,,KoPRSl,,,,,bośtni̮,boɕtnɯ,15,,"'Pick up, buy'"
101-234-1,,101,234,bihkedh,bihkedh,,,NSsNdb,,,,,,,16,,
901-234-1,,901,234,ŋənsubti̮si̮,ŋənsubti̮si̮,ŋ ə n s u b t ɯ s ɯ,,SlNgaRus,,,,,ŋənsubti̮si̮,ŋənsubtɯsɯ,17,,"'Pick up, lift; bring to a stop'"
0-235-1,,0,235,[Not reconstructable],,,,UEW;Sam88,,,,,,,?,[Not reconstructable],
209-235-1,,209,235,[Form not found],,,,VKJMS,,,,,,,?,[Form not found],
108-235-1,,108,235,kādxe,kādxe,k aː d x e,,WOLD,,,,,,kaːdxe,1,,
203-235-1,,203,235,kadottaa,kadottaa,k ɑ d o̞ t̪ː ɑː,,JL,,,,,,kɑdo̞t̪ːɑː,1,,
204-235-1,,204,235,kavottoa,kavottoa,,,KKSV,,,,,,,1,,
207-235-1,,207,235,kadotada,kadotada,,,VVS,,,,,,,1,,
210-235-1,,210,235,kaotada,kaotada,k ɑ o tː ɑ t ɑ,,SVSk,,,,,,kɑotːɑtɑ,1,,
211-235-1,,211,235,kaotama,kaotama,,,VESr,,,,,,,1,,
212-235-1,,212,235,kɔ̄ʾttə,kɔ̄ʾttə,,,LivWb,,,,,,,1,,
203-235-2,,203,235,hävittää,hävittää,h æ ʋ i t̪ː æː,,JL,,,,,,hæʋit̪ːæː,2,,
204-235-2,,204,235,hävitteä,hävitteä,,,KKSV,,,,,,,2,,
208-235-1,,208,235,hävittǟ,hävittǟ,h æ v i tː æː,,InkmSk,,,,,hävittǟ,hævitːæː,2,,
207-235-2,,207,235,hajetada,hajetada,,,VVS,,,,,,,3,,
102-235-1,,102,235,laahpèhtit,laahpèhtit,,,WbWlap,,,,,,,4,,
104-235-1,,104,235,láhppet,láhppet,,,EZ,,,,,,,4,,
105-235-1,,105,235,láhppit,láhppit,,,SSSg,,,,,,,4,,
106-235-1,,106,235,läppiđ,läppiđ,,,InsSSk,,,,,,,4,,
107-235-1,,107,235,läʹpped,läʹpped,,,SKosSk,,,,,,,4,,
107-235-2,,107,235,rââʹppted ~ rõõppted,rââʹppted ~ rõõppted,,,SKosSk,,,,,,,5,,
301-235-1,,301,235,jomavtoms,jomavtoms,j o m ɑ v t o m s,,MordWb,,,,,jomavtoms,jomɑvtoms,6,,
401-235-1,,401,235,jomδarem,jomδarem,j o m ð ɑ r e m,,SMSk;TscherWb,,,,,jomδarem,jomðɑrem,6,,
501-235-1,,501,235,vošti̮ni̮,vošti̮ni̮,v o ʃ t ɯ n ɯ,,SyrjWsch,,,,,vošti̮ni̮,voʃtɯnɯ,7,,
503-235-1,,503,235,e̮šti̮ni̮,e̮šti̮ni̮,ɤ ʃ t ɯ n ɯ,,KoPRSl,,,,,e̮šti̮ni̮,ɤʃtɯnɯ,7,,
504-235-1,,504,235,i̮šti̮ni̮,i̮šti̮ni̮,ɯ ʃ t ɯ n ɯ,,WotjWsch,,,,,i̮šti̮ni̮,ɯʃtɯnɯ,7,,
601-235-1,,601,235,"elveszt, elveszít",elveszt,ɛ l v ɛ s t ɛ l v ɛ s iː t,,FMSz,,,,,,"ɛlvɛst, ɛlvɛsiːt",8,,
601-235-2,,601,235,"elveszt, elveszít",elveszít,ɛ l v ɛ s t ɛ l v ɛ s iː t,,FMSz,,,,,,"ɛlvɛst, ɛlvɛsiːt",8,,
701-235-1,,701,235,χoltilāli,χoltilāli,x o l t i l ɑː l i,,WogWb,,,,,χoltilāli,xoltilɑːli,9,,
902-235-1,,902,235,yocy°,yocy°,,,JurSWb,,,,,,,10,,
907-235-1,,907,235,ürupčə-,ürupčə-,y r u p tʃ ə,"Deriv. from ""üru-"" 'disappear'",SolkWb,,,,,ürupčə-,yruptʃə-,11,,
807-235-1,,807,235,joχat-,joχat-,j o x ɑ t,,DEWbOstj,,,,,joχat-,joxɑt-,12,,
101-235-1,,101,235,dassedh,dassedh,,,NSsNdb,,,,,,,13,,
208-235-2,,208,235,huɢaᴅa,huɢaᴅa,h u ɡ̥ ɑ d̥ ɑ,,InkmSk,,,,,huɢaᴅa,huɡ̥ɑd̥ɑ,14,,
701-235-2,,701,235,ūsti,ūsti,uː s t i,,WogWb,,,,,ūsti,uːsti,7,,
901-235-1,,901,235,dʹusa,dʹusa,dʲ u s ɑ,,SlNgaRus,,,,,dʹusa,dʲusɑ,15,,
0-236-1,,0,236,[Not reconstructable],,,,UEW;Sam88,,,,,,,?,[Not reconstructable],
101-236-1,,101,236,[Form not found],,,,NSsNdb,,,,,,,?,[Form not found],
102-236-1,,102,236,[Form not found],,,,WbWlap,,,,,,,?,[Form not found],
104-236-1,,104,236,[Form not found],,,,EZ,,,,,,,?,[Form not found],
208-236-1,,208,236,[Form not found],,,,InkmSk,,,,,,,?,[Form not found],
209-236-1,,209,236,[Form not found],,,,VKJMS,,,,,,,?,[Form not found],
211-236-1,,211,236,[Form not found],,,,VESr,,,,,,,?,[Form not found],
907-236-1,,907,236,[Form not found],,,,SolkWb,,,,,,,?,[Form not found],
203-236-1,,203,236,poistua,poistua,p o̞ i s t̪ u ɑ,,JL,,,,,,po̞ist̪uɑ,1,,
107-236-1,,107,236,"uuidâd, võõidâd",uuidâd,,,SKosSk,,,,,,,2,,
107-236-2,,107,236,"uuidâd, võõidâd",võõidâd,,,SKosSk,,,,,,,2,,
108-236-1,,108,236,vɨjjte,vɨjjte,v ɨ jː t e,,WOLD,,,,,,vɨjːte,2,,
207-236-1,,207,236,lähtta,lähtta,,,VVS,,,,,,,3,,
210-236-1,,210,236,lahkuda,lahkuda,l ɑ h k u t ɑ,,SVSk,,,,,,lɑhkutɑ,3,,
212-236-1,,212,236,järà lǟʾdə,järà lǟʾdə,,,LivWb,,,,,,,3,,"Lit. 'leave off, away'"
401-236-1,,401,236,lektam,lektam,l e k t ɑ m,,SMSk;TscherWb,,,,,lektam,lektɑm,3,,"'Depart, set out, go out'"
105-236-1,,105,236,geassádit,geassádit,,,SSSg,,,,,,,4,,
301-236-1,,301,236,lʹiśems,lʹiśems,ʎ i ɕ e m s,,MordWb,,,,,lʹiśems,ʎiɕems,5,,
301-236-2,,301,236,tujems,tujems,t u j e m s,,MordWb,,,,,tujems,tujems,6,,
501-236-1,,501,236,petni̮,petni̮,p e t n ɯ,,SyrjWsch,,,,,petni̮,petnɯ,7,,
503-236-1,,503,236,petni̮,petni̮,p e t n ɯ,,KoPRSl,,,,,petni̮,petnɯ,7,,
503-236-2,,503,236,munni̮,munni̮,m u nː ɯ,,KoPRSl,,,,,munni̮,munːɯ,8,,
601-236-1,,601,236,kimegy,kimegy,k i m ɛ ɟ,,FMSz,,,,,,kimɛɟ,8,,"""Ki"" is prefix 'out'"
701-236-1,,701,236,χot-mini,χot-mini,x o t m i n i,"Cf. ""mini"" 'go'",WogWb,,,,,χot-mini,xot-mini,8,,
601-236-2,,601,236,távozik,távozik,t aː v o z i k,,FMSz,,,,,,taːvozik,9,,
504-236-1,,504,236,koški̮ni̮,koški̮ni̮,k o ʃ k ɯ n ɯ,,WotjWsch,,,,,koški̮ni̮,koʃkɯnɯ,10,,
807-236-1,,807,236,ḷɔ̈kǝn-,ḷɔ̈kǝn-,ɭ ɔ̈ k ə n,,DEWbOstj,,,,,ḷɔ̈kən-,ɭɔ̈kən-,11,,
902-236-1,,902,236,tərpə°,tərpə°,,,JurSWb,,,,,,,12,,
106-236-1,,106,236,kaidađ,kaidađ,,,InsSSk,,,,,,,13,,
901-236-1,,901,236,ŋonsi̮dʹi,ŋonsi̮dʹi,ŋ o n s ɯ dʲ i,,SlNgaRus,,,,,ŋonsi̮dʹi,ŋonsɯdʲi,14,,
204-236-1,,204,236,uitie,uitie,,,KKSV,,,,,,,2,,
0-237-1,,0,237,[Not reconstructable],,,,UEW;Sam88,,,,,,,?,[Not reconstructable],
902-237-1,,902,237,[Form not found],,,,JurSWb,,,,,,,?,[Form not found],
101-237-1,,101,237,nealkodh,nealkodh,,,NSsNdb,,,,,,,1,,
102-237-1,,102,237,neälˈgoot,neälˈgoot,,,WbWlap,,,,,,,1,,
104-237-1,,104,237,nielgen,nielgen,,,EZ,,,,,,,1,,'Hungry'
105-237-1,,105,237,leat nealggis,leat nealggis,,,SSSg,,,,,,,1,,Lit. 'be hungry'
106-237-1,,106,237,neäl'guđ,neäl'guđ,,,InsSSk,,,,,,,1,,'Become hungry'
107-237-1,,107,237,neälǥlaž,neälǥlaž,,,SKosSk,,,,,,,1,,Adjective 'hungry'
108-237-1,,108,237,njāllke,njāllke,ɲ aː lː k e,,WOLD,,,,,,ɲaːlːke,1,,
203-237-1,,203,237,olla nälkäinen,olla nälkäinen,o̞ lː ɑ n æ l k æ i n e̞ n,,JL,,,,,,o̞lːɑ nælkæine̞n,1,,
204-237-1,,204,237,olla nälkähine,olla nälkähine,,,KKSV,,,,,,,1,,
207-237-1,,207,237,"ńälʹktuda, olda ńälʹgäs",ńälʹktuda,,,VVS,,,,,,,1,,Latter lit. 'be in hunger'
207-237-2,,207,237,"ńälʹktuda, olda ńälʹgäs",olda ńälʹgäs,,,VVS,,,,,,,1,,Latter lit. 'be in hunger'
208-237-1,,208,237,nälɢähīn,nälɢähīn,n æ l ɡ̥ æ h iː n,,InkmSk,,,,,nälɢähīn,nælɡ̥æhiːn,1,,Adjective 'hungry'
209-237-1,,209,237,nällez e̮лe̮ma,nällez e̮лe̮ma,n æ lː e z ɤ l ɤ m ɑ,,VKJMS,,,,,nällez_e̮le̮ma,nælːez ɤlɤmɑ,1,,Lit. 'be in hunger'
210-237-1,,210,237,näljane olla,näljane olla,n æ l j ɑ n e o lː ɑ,,SVSk,,,,,,næljɑne olːɑ,1,,
211-237-1,,211,237,näläne ~ nälläne,näläne ~ nälläne,,,VESr,,,,,,,1,,
212-237-1,,212,237,nǟlgas vōlda,nǟlgas vōlda,,,LivWb,,,,,,,1,,Lit. 'be in hunger'
101-237-2,,101,237,bårrestovvedh,bårrestovvedh,,"Deriv. from ""bårredh"" 'eat'",NSsNdb,,,,,,,2,,
105-237-2,,105,237,borastuvvat,borastuvvat,,,SSSg,,,,,,,2,,
301-237-1,,301,237,vačoči,vačoči,v ɑ tʃ o tʃ i,,MordWb,,,,,vačoči,vɑtʃotʃi,3,,Noun 'hunger'
501-237-1,,501,237,č̣i̮g ovni̮,č̣i̮g ovni̮,tʃ ɯ ɡ o v n ɯ,,SyrjWsch,,,,,či̮g_ovni̮,tʃɯɡ ovnɯ,4,,Lit. 'be hungry'
503-237-1,,503,237,či̮g,či̮g,tʃ ɯ ɡ,,KoPRSl,,,,,či̮g,tʃɯɡ,4,,Adj. 'hungry'
601-237-1,,601,237,éhesnek lenni,éhesnek lenni,eː ɦ ɛ ʃ n ɛ k l ɛ nː i,,FMSz,,,,,,eːɦɛʃnɛk lɛnːi,5,,"""Éhes"" 'hungry'"
401-237-1,,401,237,šužem,šužem,ʃ u ʒ e m,,SMSk;TscherWb,,,,,šužem,ʃuʒem,6,,
504-237-1,,504,237,śutem,śutem,ɕ u t e m,,WotjWsch,,,,,śutem,ɕutem,7,,Adj. 'hungry'
701-237-1,,701,237,ētɣalawe,ētɣalawe,eː t ɣ ɑ l ɑ w e,,WogWb,,,,,ētɣalawe,eːtɣɑlɑwe,8,,
901-237-1,,901,237,ŋamnantuə,ŋamnantuə,ŋ ɑ m n ɑ n t u ə,,SlNgaRus,,,,,ŋamnantuə,ŋɑmnɑntuə,9,,"'Hungry', form of ""ŋamnantusa"" 'be hungry'"
907-237-1,,907,237,amnam-,amnam-,ɑ m n ɑ m,"Deriv. from ""am-"" 'eat up'",SolkWb,,,,,amnam-,ɑmnɑm-,9,,
807-237-1,,807,237,lilǝɣ ~ ilǝɣ,lilǝɣ ~ ilǝɣ,l i l ə ɣ,,DEWbOstj,,,,,"liləɣ, iləɣ","liləɣ, iləɣ",10,,"Adjective 'hungry'; deriv. from ""li-"" 'eat'"
901-237-2,,901,237,honəntuə,honəntuə,h o n ə n t u ə,,SlNgaRus,,,,,honəntuə,honəntuə,11,,"'Hungry', form of ""honedʹa"" 'get hungry'"
0-238-1,,0,238,[Not reconstructable],,,,UEW;Sam88,,,,,,,?,[Not reconstructable],
104-238-1,,104,238,[Form not found],,,,EZ,,,,,,,?,[Form not found],
807-238-1,,807,238,[Form not found],,,,DEWbOstj,,,,,,,?,[Form not found],
105-238-1,,105,238,guoskat,guoskat,,,SSSg,,,,,,,1,,
106-238-1,,106,238,kuos'kađ,kuos'kađ,,,InsSSk,,,,,,,1,,
107-238-1,,107,238,kuõskkâd,kuõskkâd,,,SKosSk,,,,,,,1,,
203-238-1,,203,238,"koskea, koskettaa",koskea,k o̞ s k e̞ ɑ k o̞ s k e̞ t̪ː ɑː,,JL,,,,,,"ko̞ske̞ɑ, ko̞ske̞t̪ːɑː",1,,
203-238-2,,203,238,"koskea, koskettaa",koskettaa,k o̞ s k e̞ ɑ k o̞ s k e̞ t̪ː ɑː,,JL,,,,,,"ko̞ske̞ɑ, ko̞ske̞t̪ːɑː",1,,
204-238-1,,204,238,koskie,koskie,,,KKSV,,,,,,,1,,
207-238-1,,207,238,koskta,koskta,,,NRVS,,,,,,,1,,
209-238-1,,209,238,pūttuma,pūttuma,p uː tː u m ɑ,,VKJMS,,,,,pūttuma,puːtːumɑ,2,,
210-238-1,,210,238,puudutada,puudutada,p uː t u tː ɑ t ɑ,,SVSk,,,,,,puːtutːɑtɑ,2,,
211-238-1,,211,238,putma,putma,,,VESr,,,,,,,2,,
212-238-1,,212,238,pūttə,pūttə,,,LivWb,,,,,,,2,,
102-238-1,,102,238,svahtjdit,svahtjdit,,,WbWlap,,,,,,,3,,
301-238-1,,301,238,"tokams, tokšems",tokams,t o k ɑ m s,,MordWb,,,,,"tokams, tokšems",tokɑms,4,,
301-238-2,,301,238,"tokams, tokšems",tokšems,t o k ʃ e m s,,MordWb,,,,,"tokams, tokšems",tokʃems,4,,
401-238-1,,401,238,"tükem, tükalem",tükem,t y k e m,,SMSk;TscherWb,,,,,"tükem, tükalem",tykem,4,,
401-238-2,,401,238,"tükem, tükalem",tükalem,t y k ɑ l e m,,SMSk;TscherWb,,,,,"tükem, tükalem",tykɑlem,4,,
501-238-1,,501,238,lʹege̮dni̮,lʹege̮dni̮,ʎ e ɡ ɤ d n ɯ,,SyrjWsch,,,,,lʹege̮dni̮,ʎeɡɤdnɯ,5,,
601-238-1,,601,238,hozzányúl,hozzányúl,h o zː aː ɲ uː l,,FMSz,,,,,,hozːaːɲuːl,6,,
601-238-2,,601,238,"érint, megérint",érint,eː r i n t m ɛ ɡ eː r i n t,,FMSz,,,,,,"eːrint, mɛɡeːrint",7,,
601-238-3,,601,238,"érint, megérint",megérint,eː r i n t m ɛ ɡ eː r i n t,,FMSz,,,,,,"eːrint, mɛɡeːrint",7,,
504-238-1,,504,238,je̮ti̮ni̮,je̮ti̮ni̮,j ɤ t ɯ n ɯ,,WotjWsch,,,,,je̮ti̮ni̮,jɤtɯnɯ,8,,
504-238-2,,504,238,isani̮,isani̮,i s ɑ n ɯ,,WotjWsch,,,,,isani̮,isɑnɯ,9,,
701-238-1,,701,238,χani,χani,x ɑ n i,,WogWb,,,,,χani,xɑni,10,,
701-238-2,,701,238,nowi,nowi,n o w i,,WogWb,,,,,nowi,nowi,11,,
701-238-3,,701,238,χōji,χōji,x oː j i,,WogWb,,,,,χōji,xoːji,12,,"'Find, hit, touch'"
902-238-1,,902,238,yayebta°,yayebta°,,,JurSWb,,,,,,,13,,"'Touch, stir'"
901-238-1,,901,238,mentiðiśi,mentiðiśi,m e n t i ð i ɕ i,,SlNgaRus,,,,,mentiδiśi,mentiðiɕi,14,,"'Touch, disturb'"
907-238-1,,907,238,mīttə-,mīttə-,m iː tː ə,,SolkWb,,,,,mīttə-,miːtːə-,14,,
108-238-1,,108,238,lɨkxelle,lɨkxelle,l ɨ k x e lː e,,WOLD,,,,,,lɨkxelːe,15,,
208-238-1,,208,238,kerttǟ,kerttǟ,k e r tː æː,,InkmSk,,,,,kerttǟ,kertːæː,16,,
209-238-2,,209,238,kerttemä,kerttemä,k e r tː e m æ,,VKJMS,,,,,kerttemä,kertːemæ,16,,
503-238-1,,503,238,"pavkavni̮, pavke̮tći̮ni̮",pavkavni̮,p ɑ v k ɑ v n ɯ,,KoPRSl,,,,,"pavkavni̮, pavke̮tći̮ni̮",pɑvkɑvnɯ,17,,
503-238-2,,503,238,"pavkavni̮, pavke̮tći̮ni̮",pavke̮tći̮ni̮,p ɑ v k ɤ t tɕ ɯ n ɯ,,KoPRSl,,,,,"pavkavni̮, pavke̮tći̮ni̮",pɑvkɤttɕɯnɯ,17,,
101-238-1,,101,238,gaajesjidh,gaajesjidh,,,NSsNdb,,,,,,,18,,
101-238-2,,101,238,"doehtedh, doehtedidh",doehtedh,,,NSsNdb,,,,,,,19,,
101-238-3,,101,238,"doehtedh, doehtedidh",doehtedidh,,,NSsNdb,,,,,,,19,,
901-238-2,,901,238,səiməsi̮,səiməsi̮,s ə i m ə s ɯ,,SlNgaRus,,,,,səiməsi̮,səiməsɯ,20,,
0-239-1,,0,239,[Not reconstructable],,,,UEW;Sam88,,,,,,,?,[Not reconstructable],
101-239-1,,101,239,[Form not found],,,,NSsNdb,,,,,,,?,[Form not found],
106-239-1,,106,239,[Form not found],,,,InsSSk,,,,,,,?,[Form not found],
107-239-1,,107,239,[Form not found],,,,SKosSk,,,,,,,?,[Form not found],
208-239-1,,208,239,[Form not found],,,,InkmSk,,,,,,,?,[Form not found],
209-239-1,,209,239,[Form not found],,,,VKJMS,,,,,,,?,[Form not found],
901-239-1,,901,239,[Form not found],,,,SlNgaRus,,,,,,,?,[Form not found],
203-239-1,,203,239,poskihammas,poskihammas,p o̞ s k i ɦ ɑ mː ɑ s,,JL,,,,,,po̞skiɦɑmːɑs,1,,
210-239-1,,210,239,põskhammas,põskhammas,p ɤ s k h ɑ mː ɑ s,,SVSk,,,,,,pɤskhɑmːɑs,1,,
204-239-1,,204,239,perähammas,perähammas,,,KKSV,,,,,,,2,,
204-239-2,,204,239,šokkahammas,šokkahammas,,,KKSV,,,,,,,3,,
207-239-1,,207,239,juŕhambaz,juŕhambaz,,,VVS,,,,,,,4,,Lit. 'root-tooth'
211-239-1,,211,239,purimanõ hammas,purimanõ hammas,,,VESr,,,,,,,5,,“Hammas” 'tooth'; modifier deriv. from *puri̮- 'bite'
212-239-1,,212,239,puʾrməz,puʾrməz,,Deriv. from *puri̮- 'bite',LivWb,,,,,,,5,,
102-239-1,,102,239,màdt-bàdnee,màdt-bàdnee,,,WbWlap,,,,,,,6,,Lit. 'root-tooth'
105-239-1,,105,239,máttabátni,máttabátni,,,SSSg,,,,,,,6,,Lit. 'root tooth'
108-239-1,,108,239,moant-pannj,moant-pannj,m ɒː n t p a ɲː,,WOLD,,,,,,mɒːnt-paɲː,6,,
301-239-1,,301,239,kamakš,kamakš,k ɑ m ɑ k ʃ,,MordWb,,,,,kamakš,kɑmɑkʃ,7,,
501-239-1,,501,239,jur-piń,jur-piń,j u r p i ɲ,,SyrjWsch,,,,,jur-piń,jur-piɲ,8,,Lit. 'head tooth'
503-239-1,,503,239,jur piń,jur piń,j u r p i ɲ,,KoPRSl,,,,,jur_piń,jur piɲ,8,,Lit. 'head tooth'
601-239-1,,601,239,zápfog,zápfog,z aː p f o ɡ,,FMSz,,,,,,zaːpfoɡ,9,,"""Fog"" 'tooth'"
401-239-1,,401,239,oŋgə̑rpüj,oŋgə̑rpüj,o ŋ ɡ ə r p y j,,SMSk;TscherWb,,,,,oŋgə̑rpüj,oŋɡərpyj,10,,"Comp.; ""püj"" 'tooth'"
807-239-1,,807,239,"ŏŋǝl-pö̭ŋk, ŏŋǝl-pǝtɜ-pö̭ŋk ~ ŏŋǝl-pǝtä-pö̭ŋk",ŏŋǝl-pö̭ŋk,o ̆ ŋ ə l p ø̻ ŋ k,,DEWbOstj,,,,,"ŏŋəl-pö̭ŋk, ŏŋəl-pətə-pö̭ŋk, ŏŋəl-pətä-pö̭ŋk",ŏŋəl-pø̻ŋk,10,,Lit. 'jaw-(bottom)-tooth'
807-239-2,,807,239,"ŏŋǝl-pö̭ŋk, ŏŋǝl-pǝtɜ-pö̭ŋk ~ ŏŋǝl-pǝtä-pö̭ŋk",ŏŋǝl-pǝtɜ-pö̭ŋk ~ ŏŋǝl-pǝtä-pö̭ŋk,o ̆ ŋ ə l p ø̻ ŋ k,,DEWbOstj,,,,,"ŏŋəl-pö̭ŋk, ŏŋəl-pətə-pö̭ŋk, ŏŋəl-pətä-pö̭ŋk","ŏŋəl-pø̻ŋk, ŏŋəl-pətə-pø̻ŋk, ŏŋəl-pətæ-pø̻ŋk",10,,Lit. 'jaw-(bottom)-tooth'
504-239-1,,504,239,waźer-piń,waźer-piń,w ɑ ʑ e r p i ɲ,,WotjWsch,,,,,waźer-piń,wɑʑer-piɲ,11,,"Comp; ""Piń"" 'tooth'"
701-239-1,,701,239,tār-puŋk,tār-puŋk,t ɑː r p u ŋ k,,WogWb,,,,,tār-puŋk,tɑːr-puŋk,12,,Comp.; 'root-tooth'
701-239-2,,701,239,ūləś-puŋk,ūləś-puŋk,uː l ə ɕ p u ŋ k,,WogWb,,,,,ūləś-puŋk,uːləɕ-puŋk,13,,Comp.; 'chin-tooth'
902-239-1,,902,239,təqwanəbcy°h,təqwanəbcy°h,,"Deriv. from ""təqwanə-"" 'chew'",JurSWb,,,,,,,14,,
907-239-1,,907,239,poŋə-ćī̮pəl timə,poŋə-ćī̮pəl timə,p o ŋ ə tɕ ɯː p ə l t i m ə,,SolkWb,,,,,poŋə-ćī̮pəl_timə,poŋə-tɕɯːpəl timə,15,,Lit. 'back-of-esophagus tooth'
104-239-1,,104,239,muohto-bádne,muohto-bádne,,,EZ,,,,,,,16,,Lit. 'cheek/face tooth'
0-24-1,,0,24,[Not reconstructable],,,PFU: *śepä,UEW;Sam88,,,,,,,?,[Not reconstructable],
203-24-1,,203,24,kaula,kaula,k ɑ w l ɑ,,JL,,,,,,kɑwlɑ,1,,
204-24-1,,204,24,kakla,kakla,,,KKSV,,,,,,,1,,
207-24-1,,207,24,kagl,kagl,,,VVS,,,,,,,1,,
208-24-1,,208,24,kaɢla,kaɢla,k ɑ ɡ̥ l ɑ,,InkmSk,,,,,kaɢla,kɑɡ̥lɑ,1,,
209-24-1,,209,24,kagl,kagl,k ɑ ɡ l,,VKJMS,,,,,kagl,kɑɡl,1,,
210-24-1,,210,24,kael,kael,k ɑ e l,,SVSk,,,,,,kɑel ,1,,
211-24-1,,211,24,kaal,kaal,,,VESr,,,,,,,1,,
212-24-1,,212,24,kaʾggəl ~ ka’gləz,kaʾggəl ~ ka’gləz,,,LivWb,,,,,,,1,,
101-24-1,,101,24,tjeapohke,tjeapohke,,,NSsNdb,,,,,,,2,,
102-24-1,,102,24,tjiäbòhta,tjiäbòhta,,,WbWlap,,,,,,,2,,
105-24-1,,105,24,čeabet,čeabet,,,SSSg,,,,,,,2,,
106-24-1,,106,24,čeve,čeve,,,InsSSk,,,,,,,2,,
107-24-1,,107,24,čeäppat,čeäppat,,,SKosSk,,,,,,,2,,
108-24-1,,108,24,čāpex,čāpex,t ʃ aː p e x,,WOLD,,,,,,tʃaːpex,2,,
401-24-1,,401,24,šüj,šüj,ʃ y j,,SMSk;TscherWb,,,,,šüj,ʃyj,2,,
501-24-1,,501,24,śili̮,śili̮,ɕ i l ɯ,,SyrjWsch,,,,,śili̮,ɕilɯ,2,,"Comp.; ""li̮"" 'bone'"
701-24-1,,701,24,"sip, sip-luw",sip,s i p,,WogWb,,,,,"sip, sip-luw",sip,2,,"Latter comp.; ""luw"" 'bone'"
701-24-2,,701,24,"sip, sip-luw",sip-luw,s i p l u w,,WogWb,,,,,"sip, sip-luw",sip-luw,2,,"Latter comp.; ""luw"" 'bone'"
807-24-1,,807,24,säwəl,säwəl,s æ w ə l,,DEWbOstj,,,,,säwəl,sæwəl,2,Deriv.,
301-24-1,,301,24,kiŕga,kiŕga,k i rʲ ɡ ɑ,,MordWb,,,,,kiŕga,kirʲɡɑ,3,"Perhaps connected with Fin ""kurkku"" 'throat'; if so, vowel correspondence unusual (note however dialectal variant with o)",
504-24-1,,504,24,tʹsʹi̮rti̮,tʹsʹi̮rti̮,tɕ ɯ r t ɯ,,WotjWsch,,,,,ći̮rti̮,tɕɯrtɯ,4,,
601-24-1,,601,24,nyak,nyak,ɲ ɒ k,,FMSz,,,,,,ɲɒk,5,,
501-24-2,,501,24,golʹa,golʹa,ɡ o ʎ ɑ,,SyrjWsch,,,,,golʹa,ɡoʎɑ,6,Proto-Permic etymology,
503-24-1,,503,24,golʹa,golʹa,ɡ o ʎ ɑ,,KoPRSl,,,,,golʹa,ɡoʎɑ,6,Proto-Permic etymology,
901-24-1,,901,24,bakəδə,bakəδə,b ɑ k ə ð ə,,SlNgaRus,,,,,bakəδə,bɑkəðə,7,From PSd *wäjkkə,
902-24-1,,902,24,yík°,yík°,,,JurSWb,,,,,,,7,From PSd *wäjkkə,
907-24-1,,907,24,sōlʹ,sōlʹ,s oː ʎ,,SolkWb,,,,,sōlʹ,soːʎ,8,From PSd *soj ~ söj,
807-24-2,,807,24,tur,tur,t u r,,DEWbOstj,,,,,tur,tur,9,,
104-24-1,,104,24,gáhtsem,gáhtsem,,"Cf. ""tjiebot"" 'throat'",EZ,,,,,,,10,,
203-240-1,,203,240,ihminen,ihminen,i ç m i n e̞ n,,JL,,,,,,içmine̞n,1,Contr. from inhiminen,
204-240-1,,204,240,imehnine ~ inehmine,imehnine ~ inehmine,,,KKSV,,,,,,,1,Metath. from *inhemine,
207-240-1,,207,240,ińehmoi,ińehmoi,,,VVS,,,,,,,1,Metath. from *inhemoi(nen),
208-240-1,,208,240,ihmīn ~ inmīn ~ inhimin,ihmīn ~ inmīn ~ inhimin,i h m iː n,,InkmSk,,,,,"ihmīn, inmīn, inhimin","ihmiːn, inmiːn, inhimin",1,,
209-240-1,,209,240,inimin,inimin,i n i m i n,,VKJMS,,,,,inimin,inimin,1,,
210-240-1,,210,240,inimene,inimene,i n i m e n e,,SVSk,,,,,,inimene,1,,
211-240-1,,211,240,inemine,inemine,,,VESr,,,,,,,1,,
203-240-2,,203,240,henkilö,henkilö,h e̞ ŋ k i l ø̞,,JL;Hakk04,,,,,,he̞ŋkilø̞,2,Deriv. from henki 'spirit' (1857 C),
208-240-2,,208,240,henki,henki,h e n k i,,InkmSk,,,,,henki,henki,2,,
209-240-2,,209,240,entši,entši,e n tʃ i,,VKJMS,,,,,enči,entʃi,2,,
212-240-1,,212,240,rištìŋg,rištìŋg,,,LivWb,,,,,,,2,From *risti-henki 'cross (ie. christened) spirit',
207-240-2,,207,240,ristit,ristit,,,VVS,,,,,,,3,Orig. 'christened',
212-240-2,,212,240,rištìŋg,rištìŋg,,,LivWb,,,,,,,3,From *risti-henki 'cross (ie. christened) spirit',
101-240-1,,101,240,almetje,almetje,,,NSsNdb,,,,,,,4,Cf. Swe “almogen”,
102-240-1,,102,240,alˈmatja,alˈmatja,,,WbWlap,,,,,,,4,Cf. Swe “almogen”,
104-240-1,,104,240,almatj,almatj,,,EZ,,,,,,,4,Cf. Swe “almogen”,
105-240-1,,105,240,olmmoš,olmmoš,,,SSSg,,,,,,,4,Cf. Swe “almogen”,
106-240-1,,106,240,olmoož,olmoož,,,InsSSk,,,,,,,4,Cf. Swe “almogen”,
107-240-1,,107,240,ooumaž ~ ååumaž,ooumaž ~ ååumaž,,,SKosSk,,,,,,,4,Cf. Swe “almogen”,
108-240-1,,108,240,olma,olma,o l m a,,WOLD,,,,,,olma,4,Cf. Swe “almogen”,
601-240-1,,601,240,személy,személy,s ɛ m eː j,,FMSz,,,,,,sɛmeːj,5,,'Person'
301-240-1,,301,240,lomań,lomań,l o m ɑ ɲ,,MordWb,,,,,lomań,lomɑɲ,6,,
401-240-1,,401,240,ajδeme,ajδeme,ɑ j ð e m e,,SMSk;TscherWb,,,,,ajδeme,ɑjðeme,7,,
504-240-1,,504,240,adʹami,adʹami,ɑ dʲ ɑ m i,,WotjWsch,,,,,adʹami,ɑdʲɑmi,7,,
401-240-2,,401,240,jeŋ,jeŋ,j e ŋ,,SMSk;TscherWb,,,,,jeŋ,jeŋ,8,,
501-240-1,,501,240,mort,mort,m o r t,,SyrjWsch,,,,,mort,mort,9,"From PFP *mertä 'person, man'; cf. Avestan ""marəta"" 'person, mortal'",
503-240-1,,503,240,mort,mort,m o r t,,KoPRSl,,,,,mort,mort,9,"From PFP *mertä 'person, man'; cf. Avestan ""marəta"" 'person, mortal'",
504-240-2,,504,240,murt,murt,m u r t,,WotjWsch,,,,,murt,murt,9,"From PFP *mertä 'person, man'; cf. Avestan ""marəta"" 'person, mortal'",
601-240-2,,601,240,ember,ember,ɛ m b ɛ r,,FMSz,,,,,,ɛmbɛr,10,"Arch. compound of PU *emä 'woman, mother' (?) and PFU *ürkä '(young) man, son'",
0-240-1,,0,240,*koji̮(-mV),*koji̮,,,UEW;Sam88,,,,,,,11,,
701-240-1,,701,240,χum,χum,x u m,,WogWb,,,,,χum,xum,11,"From PU deriv. *koji̮-mV 'man, person'",
907-240-1,,907,240,qum,qum,q u m,,SolkWb,,,,,qum,qum,11,"From PU deriv. *koji̮-mV 'man, person'",
701-240-2,,701,240,ēləmχōlas,ēləmχōlas,eː l ə m x oː l ɑ s,,WogWb,,,,,ēləmχōlas,eːləmxoːlɑs,12,"Arch. compound; *ēləm 'weather, time'",
807-240-1,,807,240,kăsi̮,kăsi̮,k ɑ ̆ s ɯ,,DEWbOstj,,,,,kăsi̮,kɑ̆sɯ,13,,
901-240-1,,901,240,ŋanaˀsa,ŋanaˀsa,ŋ ɑ n ɑ ʔ s ɑ,,SlNgaRus,,,,,ŋanaˀsa,ŋɑnɑʔsɑ,14,,"'Man', (plural) 'people'"
902-240-1,,902,240,nyenecy°h,nyenecy°h,,,JurSWb,,,,,,,14,,
210-240-2,,210,240,isik,isik,i s i k,,SVSk,,,,,,isik,15,,
101-240-2,,101,240,nïere,nïere,,,NSsNdb,,,,,,,17,,
208-240-3,,208,240,el̆lǟjä,el̆lǟjä,e l ̆ l æː j æ,,InkmSk,,,,,el̆lǟjä,el̆læːjæ,18,,
0-241-1,,0,241,[Not reconstructable],,,,UEW;Sam88,,,,,,,?,[Not reconstructable],
207-241-1,,207,241,[Form not found],,,,VVS,,,,,,,?,[Form not found],
907-241-1,,907,241,[Form not found],,,,SolkWb,,,,,,,?,[Form not found],
101-241-1,,101,241,vïtnedidh,vïtnedidh,,,NSsNdb,,,,,,,1,,
104-241-1,,104,241,vanádit,vanádit,,,EZ,,,,,,,1,,
105-241-1,,105,241,fanahit,fanahit,,,SSSg,,,,,,,1,,
106-241-1,,106,241,"vantteđ, vonattiđ",vantteđ,,,InsSSk,,,,,,,1,,
106-241-2,,106,241,"vantteđ, vonattiđ",vonattiđ,,,InsSSk,,,,,,,1,,
107-241-1,,107,241,võõnted,võõnted,,,SKosSk,,,,,,,1,,
108-241-1,,108,241,vēnne,vēnne,v eː nː e,,WOLD,,,,,,veːnːe,1,,
203-241-1,,203,241,venyttää,venyttää,ʋ e̞ n y t̪ː æː,,JL,,,,,,ʋe̞nyt̪ːæː,1,,
204-241-1,,204,241,venytteä,venytteä,,,KKSV,,,,,,,1,,
208-241-1,,208,241,venuttā,venuttā,v e n u tː ɑː,,InkmSk,,,,,venuttā,venutːɑː,1,,
209-241-1,,209,241,venuttē̮ma,venuttē̮ma,v e n u tː ɤː m ɑ,,VKJMS,,,,,venuttē̮ma,venutːɤːmɑ,1,,
210-241-1,,210,241,venitada,venitada,v e n i tː ɑ t ɑ,,SVSk,,,,,,venitːɑtɑ,1,,
211-241-1,,211,241,vinütämä ~ vinnütämä,vinütämä ~ vinnütämä,,,VESr,,,,,,,1,,
212-241-1,,212,241,vjeʾnttə,vjeʾnttə,,,LivWb,,,,,,,1,,
301-241-1,,301,241,"venstʹems, venstʹams",venstʹems,v e n s tʲ e m s,,MordWb,,,,,"venstʹems, venstʹams",venstʲems,1,,
301-241-2,,301,241,"venstʹems, venstʹams",venstʹams,v e n s tʲ ɑ m s,,MordWb,,,,,"venstʹems, venstʹams",venstʲɑms,1,,
102-241-1,,102,241,gälˈgat,gälˈgat,,,WbWlap,,,,,,,2,,"'Straighten, stretch'"
301-241-3,,301,241,targams,targams,t ɑ r ɡ ɑ m s,,MordWb,,,,,targams,tɑrɡɑms,3,,
501-241-1,,501,241,ńužadni̮,ńužadni̮,ɲ u ʒ ɑ d n ɯ,"Deriv. from ""ńuž"" 'long, stretched'",SyrjWsch,,,,,ńužadni̮,ɲuʒɑdnɯ,4,From PFU ?*ńončV-,
503-241-1,,503,241,ńužlavni̮,ńužlavni̮,ɲ u ʒ l ɑ v n ɯ,,KoPRSl,,,,,ńužlavni̮,ɲuʒlɑvnɯ,4,From PFU ?*ńončV-,
701-241-1,,701,241,"ńūnsi, ńūnsali",ńūnsi,ɲ uː n s i,,WogWb,,,,,"ńūnsi, ńūnsali",ɲuːnsi,4,From PFU ?*ńončV-,
701-241-2,,701,241,"ńūnsi, ńūnsali",ńūnsali,ɲ uː n s ɑ l i,,WogWb,,,,,"ńūnsi, ńūnsali",ɲuːnsɑli,4,From PFU ?*ńončV-,
807-241-1,,807,241,ńi̮ṇč-,ńi̮ṇč-,ɲ ɯ ɳ tʃ,,DEWbOstj,,,,,ńi̮ṇč-,ɲɯɳtʃ-,4,From PFU ?*ńončV-,
504-241-1,,504,241,nujati̮ni̮,nujati̮ni̮,n u j ɑ t ɯ n ɯ,,WotjWsch,,,,,nujati̮ni̮,nujɑtɯnɯ,5,From PFU ?*ńȣjV-,
601-241-1,,601,241,kinyújt,kinyújt,k i ɲ uː j t,,FMSz,,,,,,kiɲuːjt,5,From PFU ?*ńȣjV-,"""Nyújt"" 'elongate'"
401-241-1,,401,241,čə̑mem,čə̑mem,tʃ ə m e m,,SMSk;TscherWb,,,,,čə̑mem,tʃəmem,6,,
901-241-1,,901,241,banürüśa,banürüśa,b ɑ n y r y ɕ ɑ,,SlNgaRus,,,,,banürüśa,bɑnyryɕɑ,7,,
902-241-1,,902,241,wenəcy°,wenəcy°,,,JurSWb,,,,,,,7,,
101-241-2,,101,241,sedtedh,sedtedh,,,NSsNdb,,,,,,,8,,
0-242-1,,0,242,[Not reconstructable],,,,UEW;Sam88,,,,,,,?,[Not reconstructable],
203-242-1,,203,242,kasvot,kasvot,k ɑ s ʋ o̞ t̪,,JL,,,,,,kɑsʋo̞t̪,1,,
203-242-2,,203,242,naama,naama,n ɑː m ɑ,,JL,,,,,,nɑːmɑ,2,,
204-242-1,,204,242,noama,noama,,,KKSV,,,,,,,2,,
204-242-2,,204,242,näkö,näkö,,,KKSV,,,,,,,3,From PFU *näki- 'see',
208-242-1,,208,242,näɢo,näɢo,n æ ɡ̥ o,,InkmSk,,,,,näɢo,næɡ̥o,3,From PFU *näki- 'see',
209-242-1,,209,242,näko,näko,n æ k o,,VKJMS,,,,,näko,næko,3,From PFU *näki- 'see',
210-242-1,,210,242,nägu,nägu,n æ k u,,SVSk,,,,,,næku,3,From PFU *näki- 'see',
211-242-1,,211,242,nägo ~ n'ago,nägo ~ n'ago,,,VESr,,,,,,,3,From PFU *näki- 'see',
102-242-1,,102,242,muohtoo,muohtoo,,,WbWlap,,,,,,,4,,
104-242-1,,104,242,muohto,muohto,,,EZ,,,,,,,4,,'Face. cheek'
105-242-1,,105,242,muođut,muođut,,,SSSg,,,,,,,4,,
106-242-1,,106,242,muáđuh,muáđuh,,,InsSSk,,,,,,,4,,
107-242-1,,107,242,muâđ,muâđ,,,SKosSk,,,,,,,4,,
207-242-1,,207,242,mod,mod,,,VVS,,,,,,,4,,
212-242-1,,212,242,palg,palg,,,LivWb,,,,,,,5,,
212-242-2,,212,242,gīm,gīm,,,LivWb,,,,,,,6,,
101-242-1,,101,242,ååredæjja,ååredæjja,,,NSsNdb,,,,,,,7,,
102-242-2,,102,242,aarròdahka,aarròdahka,,,WbWlap,,,,,,,7,,
301-242-1,,301,242,čama,čama,tʃ ɑ m ɑ,,MordWb,,,,,čama,tʃɑmɑ,8,,
501-242-1,,501,242,ni̮r-vom,ni̮r-vom,n ɯ r v o m,,SyrjWsch,,,,,ni̮r-vom,nɯr-vom,9,,Lit. 'nose-mouth'
504-242-1,,504,242,i̮m-ni̮r,i̮m-ni̮r,ɯ m n ɯ r,,WotjWsch,,,,,i̮m-ni̮r,ɯm-nɯr,9,,Comp; lit. 'mouth-nose'
501-242-2,,501,242,"roža, roža-ban",roža,r o ʒ ɑ,,SyrjWsch,,,,,"roža, roža-ban",roʒɑ,10,"""Roža"" loan from Rus; ""ban"" 'front side, face', loan from Chuvash",
501-242-3,,501,242,"roža, roža-ban",roža-ban,r o ʒ ɑ b ɑ n,,SyrjWsch,,,,,"roža, roža-ban",roʒɑ-bɑn,10,"""Roža"" loan from Rus; ""ban"" 'front side, face', loan from Chuvash",
503-242-1,,503,242,rožaban,rožaban,r o ʒ ɑ b ɑ n,,KoPRSl,,,,,rožaban,roʒɑbɑn,10,"""Roža"" loan from Rus; ""ban"" loan from Chuvash",
601-242-1,,601,242,arc,arc,ɒ r t͡s,,FMSz,,,,,,ɒrt͡s,11,"Earlier ""orca"", from comp.; cf. “orr” 'nose', “száj” 'mouth'",
501-242-4,,501,242,roža-ban,roža-ban,r o ʒ ɑ b ɑ n,,SyrjWsch,,,,,roža-ban,roʒɑ-bɑn,12,"""Roža"" loan from Rus; ""ban"" 'front side, face', loan from Chuvash",
503-242-2,,503,242,ban,ban,b ɑ n,Rédei&Róna-Tas1972,KoPRSl,,,,,ban,bɑn,12,,
504-242-2,,504,242,bam,bam,b ɑ m,,WotjWsch,,,,,bam,bɑm,12,,
401-242-1,,401,242,čurij,čurij,tʃ u r i j,,SMSk;TscherWb,,,,,čurij,tʃurij,13,,
701-242-1,,701,242,wīlʹt,wīlʹt,w iː ʎ t,,WogWb,,,,,wīlʹt,wiːʎt,13,,"'Forehead, face'"
701-242-2,,701,242,pājt,pājt,p ɑː j t,,WogWb,,,,,pājt,pɑːjt,14,,
701-242-3,,701,242,ńol-sam,ńol-sam,ɲ o l s ɑ m,,WogWb,,,,,ńol-sam,ɲol-sɑm,15,,Comp.; 'nose-eye'
902-242-1,,902,242,syaq,syaq,,,JurSWb,,,,,,,16,,"'Face, riverbank'"
907-242-1,,907,242,uə̑nti,uə̑nti,u ə n t i,,SolkWb,,,,,uə̑nti,uənti,17,,
807-242-1,,807,242,wäńǝm,wäńǝm,w æ ɲ ə m,,DEWbOstj,,,,,wäńəm,wæɲəm,18,,
208-242-2,,208,242,līt̀sa,līt̀sa,l iː t̀ s ɑ,,InkmSk,,,,,līt̀sa,liːt̀sɑ,19,,
209-242-2,,209,242,lʹītts,lʹītts,ʎ iː tː s,,VKJMS,,,,,lʹītts,ʎiːtːs,19,,
108-242-1,,108,242,kāssv,kāssv,k aː sː v,,WOLD,,,,,,kaːsːv,1,,
401-242-2,,401,242,šürɣö,šürɣö,ʃ y r ɣ ø,,SMSk;TscherWb,,,,,šürɣö,ʃyrɣø,20,,
901-242-1,,901,242,horə,horə,h o r ə,,SlNgaRus,,,,,horə,horə,21,,
0-243-1,,0,243,[Not reconstructable],,,,UEW;Sam88,,,,,,,?,[Not reconstructable],
907-243-1,,907,243,[Form not found],,,"A form of ""qȫ"" 'side' possibly used in this function",SolkWb,,,,,,,?,[Form not found],
203-243-1,,203,243,vieressä,vieressä,ʋ i e̞ r e̞ sː æ,,JL,,,,,,ʋie̞re̞sːæ,1,,
204-243-1,,204,243,vieressä,vieressä,,,KKSV,,,,,,,1,,
207-243-1,,207,243,rindal,rindal,,,NRVS,,,,,,,2,,
207-243-2,,207,243,sires,sires,,,NRVS,,,,,,,3,,
209-243-1,,209,243,ke̮rve̮л,ke̮rve̮л,k ɤ r v ɤ l,,VKJMS,,,,,ke̮rve̮l,kɤrvɤl,4,,
210-243-1,,210,243,kõrval,kõrval,k ɤ r v ɑ l,,SVSk,,,,,,kɤrvɑl,4,,
211-243-1,,211,243,kõrval,kõrval,,,VESr,,,,,,,4,,
212-243-1,,212,243,kilksə,kilksə,,Form uncertain,LivWb,,,,,,,5,,"Lit. 'at side'; cf. Fin ""kylki"" 'side (of body)'"
101-243-1,,101,243,baaltese,baaltese,,,NSsNdb,,,,,,,6,,
102-243-1,,102,243,baaldasna,baaldasna,,,WbWlap,,,,,,,6,,
104-243-1,,104,243,"balldalugguj, báldast",balldalugguj,,,EZ,,,,,,,6,,"First form 'beside each other', latter verb 'move beside, approach the side of'"
104-243-2,,104,243,"balldalugguj, báldast",báldast,,,EZ,,,,,,,6,,"First form 'beside each other', latter verb 'move beside, approach the side of'"
105-243-1,,105,243,bálddas,bálddas,,,SSSg,,,,,,,6,,
106-243-1,,106,243,paaldast,paaldast,,,InsSSk,,,,,,,6,,
107-243-1,,107,243,paaldâst,paaldâst,,,SKosSk,,,,,,,6,,
301-243-1,,301,243,bokaso,bokaso,b o k ɑ s o,,MordWb,,,,,bokaso,bokɑso,7,Connection with similar forms in other languages unclear,
301-243-2,,301,243,malaso,malaso,m ɑ l ɑ s o,,MordWb,,,,,malaso,mɑlɑso,8,,
601-243-1,,601,243,mellett,mellett,m ɛ lː ɛ tː,,FMSz,,,,,,mɛlːɛtː,8,,
401-243-1,,401,243,βoktene,βoktene,β o k t e n e,,SMSk;TscherWb,,,,,βoktene,βoktene,9,From PFV ?*puktV-,"'At, beside'"
501-243-1,,501,243,doras,doras,d o r ɑ s,,SyrjWsch,,,,,doras,dorɑs,10,,
401-243-2,,401,243,lišne,lišne,l i ʃ n e,,SMSk;TscherWb,,,,,lišne,liʃne,11,,"'Near, beside'"
504-243-1,,504,243,ve̮zi̮n,ve̮zi̮n,v ɤ z ɯ n,,WotjWsch,,,,,ve̮zi̮n,vɤzɯn,12,,
701-243-1,,701,243,pōχan,pōχan,p oː x ɑ n,,WogWb,,,,,pōχan,poːxɑn,13,,
902-243-1,,902,243,xæw°xəna,xæw°xəna,,"Form of ""xæw°"" 'side'",JurSWb,,,,,,,14,,
108-243-1,,108,243,lunn’,lunn’,l u nːʲ,,WOLD,,,,,,lunːʲ,15,,
807-243-1,,807,243,jŏlnǝ,jŏlnǝ,j o ̆ l n ə,"Form of ""jŏl"" 'seam on clothing, break in wood'",DEWbOstj,,,,,jŏlnə,jŏlnə,16,,
208-243-1,,208,243,jūrez,jūrez,j uː r e z,,InkmSk,,,,,jūrez,juːrez,17,,
209-243-2,,209,243,litši ~ lʹitši,litši ~ lʹitši,l i tʃ i,,VKJMS,,,,,"liči, lʹiči","litʃi, ʎitʃi",18,,
503-243-1,,503,243,boki̮n,boki̮n,b o k ɯ n,,KoPRSl,,,,,boki̮n,bokɯn,19,Connection with similar forms in other languages unclear,
301-243-3,,301,243,vaksso,vaksso,v ɑ k sː o,,MordWb,,,,,vaksso,vɑksːo,20,,
901-243-1,,901,243,kadʹa,kadʹa,k ɑ dʲ ɑ,,SlNgaRus,,,,,kadʹa,kɑdʲɑ,21,,
901-243-2,,901,243,ńīdʹə,ńīdʹə,ɲ iː dʲ ə,,SlNgaRus,,,,,ńīdʹə,ɲiːdʲə,22,,
0-244-1,,0,244,[Not reconstructable],,,,UEW;Sam88,,,,,,,?,[Not reconstructable],
208-244-1,,208,244,[Form not found],,,,InkmSk,,,,,,,?,[Form not found],
209-244-1,,209,244,[Form not found],,,,VKJMS,,,,,,,?,[Form not found],
504-244-1,,504,244,[Form not found],,,,WotjWsch,,,,,,,?,[Form not found],
701-244-1,,701,244,[Form not found],,,,WogWb,,,,,,,?,[Form not found],
807-244-1,,807,244,[Form not found],,,,DEWbOstj,,,,,,,?,[Form not found],
901-244-1,,901,244,[Form not found],,,,SlNgaRus,,,,,,,?,[Form not found],"Cf. ""ətīˀtəsi̮"" 'borrow (from someone)'"
902-244-1,,902,244,[Form not found],,,,JurSWb,,,,,,,?,[Form not found],
101-244-1,,101,244,löönedh,löönedh,,,NSsNdb,,,,,,,1,,
102-244-1,,102,244,luunat,luunat,,,WbWlap,,,,,,,1,,
104-244-1,,104,244,lådnut,lådnut,,,EZ,,,,,,,1,,
207-244-1,,207,244,antta velgha,antta velgha,,,VVS,,,,,,,2,,Lit. 'give for loan'
212-244-1,,212,244,täppìńtʹtʹə,täppìńtʹtʹə,,,LivWb,,,,,,,3,,
105-244-1,,105,244,luoikat,luoikat,,,SSSg,,,,,,,4,,
106-244-1,,106,244,luoik'kađ,luoik'kađ,,,InsSSk,,,,,,,4,,
107-244-1,,107,244,luõikkâd,luõikkâd,,,SKosSk,,,,,,,4,,"'Lend, borrow'?"
301-244-1,,301,244,maksoms pandomga,maksoms pandomga,m ɑ k s o m s p ɑ n d o m ɡ ɑ,,MordWb,,,,,maksoms_pandomga,mɑksoms pɑndomɡɑ,5,,"""Maksoms"" 'give'"
501-244-1,,501,244,uǯdi̮ni̮,uǯdi̮ni̮,u dʒ d ɯ n ɯ,,SyrjWsch,,,,,uǯdi̮ni̮,udʒdɯnɯ,6,,
503-244-1,,503,244,oʒ́e̮stni̮,oʒ́e̮stni̮,o dʑ ɤ s t n ɯ,,KoPRSl,,,,,oʒ́e̮stni̮,odʑɤstnɯ,6,,
601-244-1,,601,244,"kölcsönöz, kölcsönad",kölcsönöz,k ø l t͡ʃ ø n ø z k ø l t͡ʃ ø n ɒ d,,FMSz,,,,,,"kølt͡ʃønøz, kølt͡ʃønɒd",7,,
601-244-2,,601,244,"kölcsönöz, kölcsönad",kölcsönad,k ø l t͡ʃ ø n ø z k ø l t͡ʃ ø n ɒ d,,FMSz,,,,,,"kølt͡ʃønøz, kølt͡ʃønɒd",7,,
401-244-1,,401,244,küsə̑n puem,küsə̑n puem,k y s ə n p u e m,,SMSk;TscherWb,,,,,küsə̑n_puem,kysən puem,8,,Lit. 'give loan'
907-244-1,,907,244,səjmi-,səjmi-,s ə j m i,Marginal?,SolkWb,,,,,səjmi-,səjmi-,9,,
101-244-2,,101,244,mïetedh,mïetedh,,,NSsNdb,,,,,,,10,,
107-244-2,,107,244,laiʹnn’jed,laiʹnn’jed,,,SKosSk,,,,,,,1,,"'Lend, borrow'?"
108-244-1,,108,244,lājnse,lājnse,l aː j n s e,,WOLD,,,,,,laːjnse,1,,
203-244-1,,203,244,lainata,lainata,l ɑ i n ɑ t̪ ɑ,,JL,,,,,,lɑinɑt̪ɑ,1,,
204-244-1,,204,244,antoa laihinah,antoa laihinah,,,KKSV,,,,,,,1,,Lit. 'give for loan'
210-244-1,,210,244,"laenata, laenu anda",laenata,l ɑ e n a tː ɑ l ɑ e n u ɑ n t ɑ,,SVSk,,,,,,"lɑenatːɑ, lɑenu ɑntɑ",1,,
210-244-2,,210,244,"laenata, laenu anda",laenu anda,l ɑ e n a tː ɑ l ɑ e n u ɑ n t ɑ,,SVSk,,,,,,"lɑenatːɑ, lɑenu ɑntɑ",1,,
211-244-1,,211,244,lainama,lainama,,,VESr,,,,,,,1,,
212-244-2,,212,244,laìnə,laìnə,,,LivWb,,,,,,,1,,
0-245-1,,0,245,[Not reconstructable],,,,UEW;Sam88,,,,,,,?,[Not reconstructable],
101-245-1,,101,245,[Form not found],,,,NSsNdb,,,,,,,?,[Form not found],
102-245-1,,102,245,[Form not found],,,,WbWlap,,,,,,,?,[Form not found],
104-245-1,,104,245,[Form not found],,,,EZ,,,,,,,?,[Form not found],
105-245-1,,105,245,[Form not found],,,,SSSg,,,,,,,?,[Form not found],
106-245-1,,106,245,[Form not found],,,,InsSSk,,,,,,,?,[Form not found],
207-245-1,,207,245,[Form not found],,,,VVS,,,,,,,?,[Form not found],
208-245-1,,208,245,[Form not found],,,,InkmSk,,,,,,,?,[Form not found],
212-245-1,,212,245,[Form not found],,,,LivWb,,,,,,,?,[Form not found],
701-245-1,,701,245,[Form not found],,,,WogWb,,,,,,,?,[Form not found],
807-245-1,,807,245,[Form not found],,,,DEWbOstj,,,,,,,?,[Form not found],
901-245-1,,901,245,[Form not found],,,,SlNgaRus,,,,,,,?,[Form not found],
902-245-1,,902,245,[Form not found],,,,JurSWb,,,,,,,?,[Form not found],
907-245-1,,907,245,[Form not found],,,,SolkWb,,,,,,,?,[Form not found],
203-245-1,,203,245,hirssi,hirssi,h i r sː i,,JL,,,,,,hirsːi,1,,
210-245-1,,210,245,hirss,hirss,h i r sː,,SVSk,,,,,,hirsː,1,,
211-245-1,,211,245,hirss',hirss',,,VESr,,,,,,,1,,
107-245-1,,107,245,prååss,prååss,,,SKosSk,,,,,,,2,,
301-245-1,,301,245,suro,suro,s u r o,,MordWb,,,,,suro,suro,3,,
601-245-1,,601,245,köles,köles,k ø l ɛ ʃ,,FMSz,,,,,,kølɛʃ,4,,
401-245-1,,401,245,tar,tar,t ɑ r,,SMSk;TscherWb,,,,,tar,tɑr,5,,
504-245-1,,504,245,tari,tari,t ɑ r i,,WotjWsch,,,,,tari,tɑri,5,,
108-245-1,,108,245,šienn’,šienn’,ʃ i e nːʲ,,WOLD,,,,,,ʃienːʲ,6,,
204-245-1,,204,245,prossa,prossa,,,KKSV,,,,,,,2,,
209-245-1,,209,245,prōs̄,prōs̄,p r oː sː,,VKJMS,,,,,prōss,proːsː,2,,
401-245-2,,401,245,pros,pros,p r o s,,SMSk;TscherWb,,,,,pros,pros,2,,
501-245-1,,501,245,brosa,brosa,b r o s ɑ,,SyrjWsch,,,,,brosa,brosɑ,2,,
503-245-1,,503,245,prosa,prosa,p r o s ɑ,,KoPRSl,,,,,prosa,prosɑ,2,,
0-246-1,,0,246,[Not reconstructable],,,,UEW;Sam88,,,,,,,?,[Not reconstructable],
101-246-1,,101,246,[Form not found],,,,NSsNdb,,,,,,,?,[Form not found],
203-246-1,,203,246,pian,pian,p i ɑ n,,JL,,,,,,piɑn,1,,
207-246-1,,207,246,pigai,pigai,,,VVS,,,,,,,1,,
210-246-1,,210,246,pea(gi),pea,p e ɑ k i,,SVSk,,,,,,peɑ(ki),1,,"“Pea” 'soon, almost' homonym. with word for 'head'"
211-246-1,,211,246,pia,pia,,,VESr,,,,,,,1,,
212-246-1,,212,246,pigà,pigà,,,LivWb,,,,,,,1,,
104-246-1,,104,246,ruvva,ruvva,,,EZ,,,,,,,27,,
901-246-1,,901,246,ńeraˀa,ńeraˀa,ɲ e r ɑ ʔ ɑ,,SlNgaRus,,,,,ńeraˀa,ɲerɑʔɑ,28,,"'In the future, soon'"
503-246-1,,503,246,e̮ni,e̮ni,ɤ n i,,KoPRSl,,,,,e̮ni,ɤni,26,,"'Soon, now'"
203-246-2,,203,246,kohta,kohta,k o̞ x t̪ ɑ,,JL,,,,,,ko̞xt̪ɑ,2,,
210-246-2,,210,246,kohe,kohe,k o h e,,SVSk,,,,,,kohe,2,,
204-246-1,,204,246,teräväh,teräväh,,,KKSV,,,,,,,3,,"'Quickly, soon'"
207-246-2,,207,246,teravas,teravas,,,VVS,,,,,,,3,,
210-246-3,,210,246,varsti,varsti,v a r s tː i,,SVSk,,,,,,varstːi,4,,
212-246-2,,212,246,pakkànd,pakkànd,,,LivWb,,,,,,,5,,
102-246-1,,102,246,varˈga,varˈga,,,WbWlap,,,,,,,6,,
105-246-1,,105,246,fargga ~ farga,fargga ~ farga,,,SSSg,,,,,,,6,,
106-246-1,,106,246,"forga, vorga",forga,,,InsSSk,,,,,,,6,,
106-246-2,,106,246,"forga, vorga",vorga,,,InsSSk,,,,,,,6,,
102-246-2,,102,246,assèna,assèna,,,WbWlap,,,,,,,7,,
107-246-1,,107,246,"sõrgg, sõõrǥab",sõrgg,,,SKosSk,,,,,,,8,,
107-246-2,,107,246,"sõrgg, sõõrǥab",sõõrǥab,,,SKosSk,,,,,,,8,,
301-246-1,,301,246,ńejke,ńejke,ɲ e j k e,,MordWb,,,,,ńejke,ɲejke,9,,
301-246-2,,301,246,kurokke,kurokke,k u r o kː e,,MordWb,,,,,kurokke,kurokːe,10,,
501-246-1,,501,246,"e̮dje̮, e̮dje̮n",e̮dje̮,ɤ d j ɤ,,SyrjWsch,,,,,"e̮dje̮, e̮dje̮n",ɤdjɤ,11,,
501-246-2,,501,246,"e̮dje̮, e̮dje̮n",e̮dje̮n,ɤ d j ɤ n,,SyrjWsch,,,,,"e̮dje̮, e̮dje̮n",ɤdjɤn,11,,
601-246-1,,601,246,hamar,hamar,h ɒ m ɒ r,,FMSz,,,,,,hɒmɒr,12,,
601-246-2,,601,246,mindjárt,mindjárt,m i n ɟ aː r t,,FMSz,,,,,,minɟaːrt,13,,
401-246-1,,401,246,βaške,βaške,β ɑ ʃ k e,,SMSk;TscherWb,,,,,βaške,βɑʃke,14,,
504-246-1,,504,246,ǯog,ǯog,dʒ o ɡ,,WotjWsch,,,,,ǯog,dʒoɡ,15,,"'Quickly, soon'"
701-246-1,,701,246,moś-ērtn,moś-ērtn,m o ɕ eː r t n,"Cf. ""moś"" 'small'",WogWb,,,,,moś-ērtn,moɕ-eːrtn,16,,
902-246-1,,902,246,myin°xə-,myin°xə-,,Receives personal endings on the basis of sentential subject,JurSWb,,,,,,,17,,
907-246-1,,907,246,ćǟk ~ ćāk,ćǟk ~ ćāk,tɕ æː k,,SolkWb,,,,,"ćǟk, ćāk","tɕæːk, tɕɑːk",18,,
108-246-1,,108,246,vextenn’e,vextenn’e,v e x t e nːʲ e,,WOLD,,,,,,vextenːʲe,19,,
807-246-1,,807,246,ǝsipɜ,ǝsipɜ,ə s i p ə,,DEWbOstj,,,,,əsipə,əsipə,20,,
503-246-2,,503,246,ćase̮t,ćase̮t,tɕ ɑ s ɤ t,,KoPRSl,,,,,ćase̮t,tɕɑsɤt,22,,
208-246-1,,208,246,par̆raikā,par̆raikā,p ɑ r ̆ r ɑ i k ɑː,,InkmSk,,,,,par̆raikā,pɑr̆rɑikɑː,24,,
209-246-1,,209,246,tšīre,tšīre,tʃ iː r e,,VKJMS,,,,,čīre,tʃiːre,25,,
0-247-1,,0,247,[Not reconstructable],,,,UEW;Sam88,,,,,,,?,[Not reconstructable],
203-247-1,,203,247,hämähäkki,hämähäkki,h æ m æ ɦ æ kː i,,JL,,,,,,hæmæɦækːi,1,hämä < Ger,
204-247-1,,204,247,hämehikki,hämehikki,,,KKSV,,,,,,,1,,
207-247-1,,207,247,hämähoug,hämähoug,,,VVS,,,,,,,1,,
208-247-1,,208,247,hämähǟkki,hämähǟkki,h æ m æ h æː kː i,,InkmSk,,,,,hämähǟkki,hæmæhæːkːi,1,,
210-247-1,,210,247,ämblik,ämblik,æ m p l i k,,SVSk,,,,,,æmplik,1,,
211-247-1,,211,247,"härm, härmävitäi",härm,,,VESr,,,,,,,1,,
211-247-2,,211,247,"härm, härmävitäi",härmävitäi,,,VESr,,,,,,,1,,
212-247-1,,212,247,"emmrikki, ēbrikš",emmrikki,,,LivWb,,,,,,,1,"Cf. Est ""ämblik ~ ämrik""",
212-247-2,,212,247,"emmrikki, ēbrikš",ēbrikš,,,LivWb,,,,,,,1,"Cf. Est ""ämblik ~ ämrik""",
101-247-1,,101,247,hievnie,hievnie,,,NSsNdb,,,,,,,2,,
102-247-1,,102,247,fäyhnee,fäyhnee,,,WbWlap,,,,,,,2,,
104-247-1,,104,247,hevtne ~ häffne,hevtne ~ häffne,,,EZ,,,,,,,2,,
105-247-1,,105,247,heavdni,heavdni,,,SSSg,,,,,,,2,,
106-247-1,,106,247,evni,evni,,,InsSSk,,,,,,,2,,
107-247-1,,107,247,eeunaž,eeunaž,,,SKosSk,,,,,,,2,,
108-247-1,,108,247,jevneš,jevneš,j e v n e ʃ,,WOLD,,,,,,jevneʃ,2,,
301-247-1,,301,247,šanžav,šanžav,ʃ ɑ n ʒ ɑ v,,MordWb,,,,,šanžav,ʃɑnʒɑv,3,,
501-247-1,,501,247,ćerań,ćerań,tɕ e r ɑ ɲ,,SyrjWsch,,,,,ćerań,tɕerɑɲ,4,,
503-247-1,,503,247,ćerań,ćerań,tɕ e r ɑ ɲ,,KoPRSl,,,,,ćerań,tɕerɑɲ,4,,
504-247-1,,504,247,ćonari,ćonari,tɕ o n ɑ r i,,WotjWsch,,,,,ćonari,tɕonɑri,4,,
601-247-1,,601,247,pók,pók,p oː k,,FMSz,,,,,,poːk,5,,
401-247-1,,401,247,eŋə̑remə̑š,eŋə̑remə̑š,e ŋ ə r e m ə ʃ,,SMSk;TscherWb,,,,,eŋə̑remə̑š,eŋəreməʃ,6,,
701-247-1,,701,247,ńimser,ńimser,ɲ i m s e r,,WogWb,,,,,ńimser,ɲimser,7,,
901-247-1,,901,247,imiðiaj,imiðiaj,i m i ð i ɑ j,,SlNgaRus,,,,,imiδiaj,imiðiɑj,8,,
902-247-1,,902,247,nyibyi,nyibyi,,,JurSWb,,,,,,,8,,
902-247-2,,902,247,lyarca,lyarca,,,JurSWb,,,,,,,9,,
907-247-1,,907,247,īćä,īćä,iː tɕ æ,,SolkWb,,,,,īćä,iːtɕæ,10,,
108-247-2,,108,247,oaz,oaz,ɒː z,,WOLD,,,,,,ɒːz,11,,
807-247-1,,807,247,kalwi̮l-ni̮ ~ kalwi̮lʹ-ni,kalwi̮l-ni̮ ~ kalwi̮lʹ-ni,k ɑ l w ɯ l n ɯ,,DEWbOstj,,,,,"kalwi̮l-ni̮, kalwi̮lʹ-ni","kɑlwɯl-nɯ, kɑlwɯʎ-ni",12,,Lit. 'web-woman'
209-247-1,,209,247,hämöläin,hämöläin,h æ m ø l æ i n,,VKJMS,,,,,hämöläin,hæmølæin,1,,
0-248-1,,0,248,[Not reconstructable],,,,UEW;Sam88,,,,,,,?,[Not reconstructable],
101-248-1,,101,248,[Form not found],,,,NSsNdb,,,,,,,?,[Form not found],
102-248-1,,102,248,[Form not found],,,,WbWlap,,,,,,,?,[Form not found],
106-248-1,,106,248,[Form not found],,,Cf. pye'vtittiđ 'arrive in time',InsSSk,,,,,,,?,[Form not found],
207-248-1,,207,248,[Form not found],,,,VVS,,,,,,,?,[Form not found],
208-248-1,,208,248,[Form not found],,,,InkmSk,,,,,,,?,[Form not found],
211-248-1,,211,248,[Form not found],,,,VESr,,,,,,,?,[Form not found],
907-248-1,,907,248,[Form not found],,,,SolkWb,,,,,,,?,[Form not found],
203-248-1,,203,248,saapua,saapua,s ɑː p u ɑ,,JL,,,,,,sɑːpuɑ,1,,
204-248-1,,204,248,soaha,soaha,,,KKSV,,,,,,,1,,
210-248-1,,210,248,saabuda,saabuda,s ɑː p u t ɑ,Neologism?,SVSk,,,,,,sɑːputɑ,1,,
209-248-1,,209,248,tuлe̮ma,tuлe̮ma,t u l ɤ m ɑ,,VKJMS,,,,,tule̮ma,tulɤmɑ,2,,
212-248-1,,212,248,att-tūlda,att-tūlda,,,LivWb,,,,,,,2,,"""tūlda"" 'come'"
105-248-1,,105,248,joavdat,joavdat,,,SSSg,,,,,,,3,"Cf. Fin “joutu-” 'get into, make it in time'",
108-248-1,,108,248,jūvvte,jūvvte,j uː vː t e,,WOLD,,,,,,juːvːte,3,"Cf. Fin “joutu-” 'get into, make it in time'",
107-248-1,,107,248,dooidâd,dooidâd,,,SKosSk,,,,,,,4,,
301-248-1,,301,248,pačkodʹems,pačkodʹems,p ɑ tʃ k o dʲ e m s,,MordWb,,,,,pačkodʹems,pɑtʃkodʲems,5,,
501-248-1,,501,248,voli̮ni̮,voli̮ni̮,v o l ɯ n ɯ,,SyrjWsch,,,,,voli̮ni̮,volɯnɯ,6,,"Deriv. from ""voni̮"" 'come'"
501-248-2,,501,248,lokni̮,lokni̮,l o k n ɯ,,SyrjWsch,,,,,lokni̮,loknɯ,7,,
503-248-1,,503,248,lokni̮,lokni̮,l o k n ɯ,,KoPRSl,,,,,lokni̮,loknɯ,7,,"'Come, arrive'; stem ""lokt-"""
504-248-1,,504,248,li̮kti̮ni̮,li̮kti̮ni̮,l ɯ k t ɯ n ɯ,,WotjWsch,,,,,li̮kti̮ni̮,lɯktɯnɯ,7,,"'Come, arrive'"
601-248-1,,601,248,megérkezik,megérkezik,m ɛ ɡ eː r k ɛ z i k,,FMSz,,,,,,mɛɡeːrkɛzik,8,,
401-248-1,,401,248,šuam,šuam,ʃ u ɑ m,,SMSk;TscherWb,,,,,šuam,ʃuɑm,9,,
701-248-1,,701,248,joχti,joχti,j o x t i,,WogWb,,,,,joχti,joxti,10,,
807-248-1,,807,248,jŏɣǝt-,jŏɣǝt-,j o ̆ ɣ ə t,,DEWbOstj,,,,,jŏɣət-,jŏɣət-,10,,"'Come, arrive'"
902-248-1,,902,248,tæwə°,tæwə°,,,JurSWb,,,,,,,11,,"'Reach, arrive, catch, get caught'"
104-248-1,,104,248,hähpedit,hähpedit,,,EZ,,,,,,,12,,"'Reach, arrive'"
901-248-1,,901,248,"sohədʹa, sohuaˀtəsa",sohədʹa,s o h ə dʲ ɑ,,SlNgaRus,,,,,"sohədʹa, sohuaˀtəsa",sohədʲɑ,13,,"'Fall, arrive'"
901-248-2,,901,248,"sohədʹa, sohuaˀtəsa",sohuaˀtəsa,s o h u ɑ ʔ t ə s ɑ,,SlNgaRus,,,,,"sohədʹa, sohuaˀtəsa",sohuɑʔtəsɑ,13,,"'Fall, arrive'"
101-249-1,,101,249,[Form not found],,,,NSsNdb,,,,,,,?,[Form not found],
208-249-1,,208,249,[Form not found],,,,InkmSk,,,,,,,?,[Form not found],
807-249-1,,807,249,[Form not found],,,,DEWbOstj,,,,,,,?,[Form not found],
0-249-1,,0,249,*pura-,*pura-,,,UEW;Sam88,,,,,,,1,,
104-249-1,,104,249,burrit,burrit,,,EZ,,,,,,,1,,
105-249-1,,105,249,bovret ~ bōret,bovret ~ bōret,,,SSSg,,,,,,,1,,
106-249-1,,106,249,poorađ,poorađ,,,InsSSk,,,,,,,1,,
203-249-1,,203,249,porata,porata,p o̞ r ɑ t̪ ɑ,,JL,,,,,,po̞rɑt̪ɑ,1,,
204-249-1,,204,249,porata ~ purata,porata ~ purata,,,KKSV,,,,,,,1,,
210-249-1,,210,249,puurida,puurida,p uː r i t ɑ,,SVSk,,,,,,puːritɑ,1,,
211-249-1,,211,249,puurma,puurma,,,VESr,,,,,,,1,,
503-249-1,,503,249,pi̮re̮tni̮,pi̮re̮tni̮,p ɯ r ɤ t n ɯ,,KoPRSl,,,,,pi̮re̮tni̮,pɯrɤtnɯ,1,,
601-249-1,,601,249,fúr,fúr,f uː r,,FMSz,,,,,,fuːr,1,,
907-249-1,,907,249,purət-,purət-,p u r ə t,"Deriv. from ""pur"" 'drill (n.)'",SolkWb,,,,,purət-,purət-,1,,
207-249-1,,207,249,läbutada,läbutada,,,VVS,,,,,,,2,,
212-249-1,,212,249,lasskə,lasskə,,,LivWb,,,,,,,3,,"'Let, leave, shoot, pull, bore'"
212-249-2,,212,249,drilʹlʹə ~ drillə,drilʹlʹə ~ drillə,,,LivWb,,,,,,,4,Loan from Low German via Latv.,
105-249-2,,105,249,bohkat,bohkat,,,SSSg,,,,,,,5,,
107-249-1,,107,249,pookkâd,pookkâd,,,SKosSk,,,,,,,5,,
108-249-1,,108,249,pōgke,pōgke,p oː gː e,,WOLD,,,,,,poːgːe,5,,
102-249-1,,102,249,naabèrdit,naabèrdit,,,WbWlap,,,,,,,6,"Cf. Swe ""navare"" 'drill'",
104-249-2,,104,249,naberdit,naberdit,,,EZ,,,,,,,6,"Cf. Swe ""navare"" 'drill'",
107-249-2,,107,249,nauʹrrjed,nauʹrrjed,,,SKosSk,,,,,,,6,"Cf. Swe ""navare"" 'drill'",
301-249-1,,301,249,pelʹems,pelʹems,p e ʎ e m s,,MordWb,,,,,pelʹems,peʎems,7,,
501-249-1,,501,249,bi̮ǯki̮ni̮,bi̮ǯki̮ni̮,b ɯ dʒ k ɯ n ɯ,,SyrjWsch,,,,,bi̮ǯki̮ni̮,bɯdʒkɯnɯ,8,,
901-249-1,,901,249,śeðitəsi̮,śeðitəsi̮,ɕ e ð i t ə s ɯ,,SlNgaRus,,,,,śeδitəsi̮,ɕeðitəsɯ,9,,
902-249-1,,902,249,syí,syí,,,JurSWb,,,,,,,9,,"This 'hole'; used verbally for 'bore, make a hole'"
401-249-1,,401,249,šütem,šütem,ʃ y t e m,,SMSk;TscherWb,,,,,šütem,ʃytem,10,,
504-249-1,,504,249,porti̮ni̮,porti̮ni̮,p o r t ɯ n ɯ,,WotjWsch,,,,,porti̮ni̮,portɯnɯ,11,,
701-249-1,,701,249,pāsɣi,pāsɣi,p ɑː s ɣ i,,WogWb,,,,,pāsɣi,pɑːsɣi,12,,
209-249-1,,209,249,uhe̮rtima,uhe̮rtima,u h ɤ r t i m ɑ,,VKJMS,,,,,uhe̮rtima,uhɤrtimɑ,13,,
209-249-2,,209,249,buravoitte̮ma,buravoitte̮ma,b u r ɑ v o i tː ɤ m ɑ,,VKJMS,,,,,buravoitte̮ma,burɑvoitːɤmɑ,14,,
209-249-3,,209,249,pūrima,pūrima,p uː r i m ɑ,,VKJMS,,,,,pūrima,puːrimɑ,1,,
0-25-1,,0,25,*teki-,*teki-,,PFU: *teki-,UEW;Sam88,,,,,,,1,,
102-25-1,,102,25,dahkat,dahkat,,,WbWlap,,,,,,,1,,
104-25-1,,104,25,dáhkat,dáhkat,,,EZ,,,,,,,1,,
105-25-1,,105,25,dahkat,dahkat,,,SSSg,,,,,,,1,,
203-25-1,,203,25,tehdä,tehdä,t̪ e̞ ç d æ,,JL,,,,,,t̪e̞çdæ,1,,
204-25-1,,204,25,tehä,tehä,,,KKSV,,,,,,,1,,
207-25-1,,207,25,tʹehta,tʹehta,,,VVS,,,,,,,1,,
208-25-1,,208,25,tehhä,tehhä,t e hː æ,,InkmSk,,,,,tehhä,tehːæ,1,,
209-25-1,,209,25,tetšemä,tetšemä,t e tʃ e m æ,,VKJMS,,,,,tečemä,tetʃemæ,1,,
210-25-1,,210,25,teha,teha,t e h ɑ,,SVSk,,,,,,tehɑ,1,,
211-25-1,,211,25,tegemä,tegemä,,,VESr,,,,,,,1,,
212-25-1,,212,25,tiʾedə,tiʾedə,,,LivWb,,,,,,,1,,
301-25-1,,301,25,tʹejems,tʹejems,tʲ e j e m s,,MordWb,,,,,tʹejems,tʲejems,1,,
601-25-1,,601,25,TESz,TESz,t ɛ s,,FMSz,,,,,,tɛs,1,,
107-25-1,,107,25,raajjâd,raajjâd,,,SKosSk,,,,,,,2,,
401-25-1,,401,25,ə̑štem ~ štem,ə̑štem ~ štem,ə ʃ t e m,,SMSk;TscherWb,,,,,"ə̑štem, štem","əʃtem, ʃtem",3,"From PFP *ešte- ""have time, be ready'",
501-25-1,,501,25,ve̮ćni̮,ve̮ćni̮,v ɤ tɕ n ɯ,,SyrjWsch,,,,,ve̮ćni̮,vɤtɕnɯ,4,,
501-25-2,,501,25,kerni̮,kerni̮,k e r n ɯ,,SyrjWsch,,,,,kerni̮,kernɯ,5,,
503-25-1,,503,25,kerni̮,kerni̮,k e r n ɯ,,KoPRSl,,,,,kerni̮,kernɯ,5,,
504-25-1,,504,25,kari̮ni̮,kari̮ni̮,k ɑ r ɯ n ɯ,,WotjWsch,,,,,kari̮ni̮,kɑrɯnɯ,5,,
504-25-2,,504,25,leśti̮ni̮,leśti̮ni̮,l e ɕ t ɯ n ɯ,,WotjWsch,,,,,leśti̮ni̮,leɕtɯnɯ,6,"From PFP *läśä- 'set into order, make ready'",
701-25-1,,701,25,wāri,wāri,w ɑː r i,,WogWb,,,,,wāri,wɑːri,7,,
807-25-1,,807,25,wer-,wer-,w e r,,DEWbOstj,,,,,wer-,wer-,7,,
902-25-1,,902,25,syerta°,syerta°,,,JurSWb,,,,,,,8,,"'Make', deriv. from ""syer"" 'thing'"
901-25-1,,901,25,"meli̮δəsi̮, meli̮ˀsi̮jśi",meli̮δəsi̮,m e l ɯ ð ə s ɯ,,SlNgaRus,,,,,"meli̮δəsi̮, meli̮ˀsi̮jśi",melɯðəsɯ,9,,
901-25-2,,901,25,"meli̮δəsi̮, meli̮ˀsi̮jśi",meli̮ˀsi̮jśi,m e l ɯ ʔ s ɯ j ɕ i,,SlNgaRus,,,,,"meli̮δəsi̮, meli̮ˀsi̮jśi",melɯʔsɯjɕi,9,,
907-25-1,,907,25,mē-,mē-,m eː,,SolkWb,,,,,mē-,meː-,9,,
107-25-2,,107,25,tuẹjˈjeed,tuẹjˈjeed,,,SKosSk,,,,,,,10,,
902-25-2,,902,25,pæərcy°,pæərcy°,,,JurSWb,,,,,,,11,,'Do'
108-25-1,,108,25,lɨhke,lɨhke,l ɨ h k e,,WOLD,,,,,,lɨhke,12,,
106-25-1,,106,25,porgađ,porgađ,,,InsSSk,,,,,,,13,,
208-25-2,,208,25,lātia,lātia,l ɑː t i ɑ,,InkmSk,,,,,lātia,lɑːtiɑ,14,,
101-25-1,,101,25,daajhtodh,daajhtodh,,,NSsNdb,,,,,,,15,,
101-25-2,,101,25,darjodh,darjodh,,,NSsNdb,,,,,,,16,,
203-250-1,,203,250,vaimo,vaimo,ʋ ɑ i m o̞,,JL,,,,,,ʋɑimo̞,1,Derivative,
104-250-1,,104,250,áhkatj,áhkatj,,,EZ,,,,,,,2,,
108-250-1,,108,250,āhk’,āhk’,aː h kʲ,,WOLD,,,,,,aːhkʲ,2,,
204-250-1,,204,250,akka,akka,,,KKSV,,,,,,,2,,
207-250-1,,207,250,akk,akk,,,VVS,,,,,,,2,,
208-250-1,,208,250,"nain, naizikko",nain,n ɑ i n,,InkmSk,,,,,"nain, naizikko",nɑin,3,,
208-250-2,,208,250,"nain, naizikko",naizikko,n ɑ i z i kː o,,InkmSk,,,,,"nain, naizikko",nɑizikːo,3,,
209-250-1,,209,250,nain,nain,n ɑ i n,,VKJMS,,,,,nain,nɑin,3,,
210-250-1,,210,250,naine,naine,n ɑ i n e,,SVSk,,,,,,nɑine,3,,
211-250-1,,211,250,naanõ,naanõ,,,VESr,,,,,,,3,,
212-250-1,,212,250,naì,naì,,,LivWb,,,,,,,3,,
104-250-2,,104,250,emet,emet,,,EZ,,,,,,,4,,
105-250-1,,105,250,eamit,eamit,,,SSSg,,,,,,,4,"Cf. Fin “emäntä” 'woman of the house, hostess'",
106-250-1,,106,250,eemeed,eemeed,,,InsSSk,,,,,,,4,"Cf. Fin “emäntä” 'woman of the house, hostess'",
102-250-1,,102,250,ulˈmatja,ulˈmatja,,,WbWlap,,,,,,,5,,
101-250-1,,101,250,geellege,geellege,,,NSsNdb,,,,,,,6,,
102-250-2,,102,250,gå̀llaga,gå̀llaga,,,WbWlap,,,,,,,6,,
106-250-2,,106,250,kálgu,kálgu,,,InsSSk,,,,,,,6,,
106-250-3,,106,250,kaava,kaava,,,InsSSk,,,,,,,7,,
107-250-1,,107,250,kaav,kaav,,,SKosSk,,,,,,,7,,
108-250-2,,108,250,koab,koab,k ɒː b,,WOLD,,,,,,kɒːb,7,,
0-250-1,,0,250,*niŋä,*niŋä,,,UEW;Sam88,,,,,,,8,,
301-250-1,,301,250,ńi,ńi,ɲ i,,MordWb,,,,,ńi,ɲi,8,,
807-250-1,,807,250,ni,ni,n i,,DEWbOstj,,,,,ni,ni,8,,
902-250-1,,902,250,nye,nye,,,JurSWb,,,,,,,8,,
401-250-1,,401,250,βate,βate,β ɑ t e,,SMSk;TscherWb,,,,,βate,βɑte,9,,
301-250-2,,301,250,koźajka,koźajka,k o ʑ ɑ j k ɑ,,MordWb,,,,,koźajka,koʑɑjkɑ,10,,
501-250-1,,501,250,ge̮ti̮r,ge̮ti̮r,ɡ ɤ t ɯ r,,SyrjWsch,,,,,ge̮ti̮r,ɡɤtɯr,11,,
301-250-3,,301,250,vasta,vasta,v ɑ s t ɑ,,MordWb,,,,,vasta,vɑstɑ,12,,
601-250-1,,601,250,feleség,feleség,f ɛ l ɛ ʃ eː ɡ,,FMSz,,,,,,fɛlɛʃeːɡ,13,,
701-250-1,,701,250,ēkwa,ēkwa,eː kʷ ɑ,,WogWb,,,,,ēk˳a,eːkʷɑ,14,,
504-250-1,,504,250,ki̮šno,ki̮šno,k ɯ ʃ n o,,WotjWsch,,,,,ki̮šno,kɯʃno,15,,
907-250-1,,907,250,imma,imma,i mː ɑ,,SolkWb,,,,,imma,imːɑ,16,,
503-250-1,,503,250,"iń, ińka",iń,i ɲ,,KoPRSl,,,,,"iń, ińka",iɲ,17,From PFP form meaning 'mother',
503-250-2,,503,250,"iń, ińka",ińka,i ɲ k ɑ,,KoPRSl,,,,,"iń, ińka",iɲkɑ,17,From PFP form meaning 'mother',
101-250-2,,101,250,gåmma,gåmma,,,NSsNdb,,,,,,,18,,
901-250-1,,901,250,bəbə čərə ni̮,bəbə čərə ni̮,b ə b ə tʃ ə r ə n ɯ,,SlNgaRus,,,,,bəbə_čərə_ni̮,bəbə tʃərə nɯ,19,,Lit. 'bed contents woman'
901-250-2,,901,250,ńemi̮bti̮ˀi̮a,ńemi̮bti̮ˀi̮a,ɲ e m ɯ b t ɯ ʔ ɯ ɑ,Deriv. from PU *emä 'mother',SlNgaRus,,,,,ńemi̮bti̮ˀi̮a,ɲemɯbtɯʔɯɑ,4,,
0-251-1,,0,251,[Not reconstructable],,,,UEW;Sam88,,,,,,,?,[Not reconstructable],
208-251-1,,208,251,[Form not found],,,,InkmSk,,,,,,,?,[Form not found],
203-251-1,,203,251,sulkea,sulkea,s u l k e̞ ɑ,,JL,,,,,,sulke̞ɑ,1,,
204-251-1,,204,251,sulkie,sulkie,,,KKSV,,,,,,,1,,
210-251-1,,210,251,sulgeda,sulgeda,s u l k e t ɑ,,SVSk,,,,,,sulketɑ,1,,
211-251-1,,211,251,sulgma,sulgma,,,VESr,,,,,,,1,,
204-251-2,,204,251,panna umpeh,panna umpeh,,,KKSV,,,,,,,2,,Lit. 'put shut'
207-251-1,,207,251,saubata,saubata,,,VVS,,,,,,,3,,
105-251-1,,105,251,giddet,giddet,,,SSSg,,,,,,,4,,
209-251-1,,209,251,tšīn pane̮ma,tšīn pane̮ma,tʃ iː n p ɑ n ɤ m ɑ,,VKJMS,,,,,čīn_pane̮ma,tʃiːn pɑnɤmɑ,4,,Lit. 'put shut'
210-251-2,,210,251,kinni panna,kinni panna,k i nː i p ɑ nː ɑ,,SVSk,,,,,,kinːi pɑnːɑ,4,,Lit. 'put shut'
212-251-1,,212,251,kle̮kkšə,kle̮kkšə,,,LivWb,,,,,,,5,,
101-251-1,,101,251,steegkedh,steegkedh,,,NSsNdb,,,,,,,6,"Cf. Swe ""stänga""",
102-251-1,,102,251,stä̀gˈgat,stä̀gˈgat,,,WbWlap,,,,,,,6,"Cf. Swe ""stänga""",
104-251-1,,104,251,stäggit,stäggit,,,EZ,,,,,,,6,"Cf. Swe ""stänga""",
101-251-2,,101,251,dahpedh,dahpedh,,,NSsNdb,,,,,,,7,,
102-251-2,,102,251,dahpat,dahpat,,,WbWlap,,,,,,,7,,
106-251-1,,106,251,toppađ,toppađ,,,InsSSk,,,,,,,7,,
107-251-1,,107,251,tõppâd,tõppâd,,,SKosSk,,,,,,,7,,
107-251-2,,107,251,käʹtted,käʹtted,,,SKosSk,,,,,,,8,,
108-251-1,,108,251,kāht’e,kāht’e,k aː h tʲ e,,WOLD,,,,,,kaːhtʲe,8,,
301-251-1,,301,251,pekstams,pekstams,p e k s t ɑ m s,,MordWb,,,,,pekstams,pekstɑms,9,,
301-251-2,,301,251,śolgoms,śolgoms,ɕ o l ɡ o m s,,MordWb,,,,,śolgoms,ɕolɡoms,10,,
501-251-1,,501,251,pe̮dlavni̮,pe̮dlavni̮,p ɤ d l ɑ v n ɯ,,SyrjWsch,,,,,pe̮dlavni̮,pɤdlɑvnɯ,11,,
601-251-1,,601,251,bezár,bezár,b ɛ z aː r,,FMSz,,,,,,bɛzaːr,12,,
601-251-2,,601,251,becsuk,becsuk,b ɛ t ʃ u k,,FMSz,,,,,,bɛtʃuk,13,,
907-251-1,,907,251,čaqəčə-,čaqəčə-,tʃ ɑ q ə tʃ ə,,SolkWb,,,,,čaqəčə-,tʃɑqətʃə-,13,,
401-251-1,,401,251,petə̑rem,petə̑rem,p e t ə r e m,,SMSk;TscherWb,,,,,petə̑rem,petərem,14,,
401-251-2,,401,251,tüčam,tüčam,t y tʃ ɑ m,,SMSk;TscherWb,,,,,tüčam,tytʃɑm,15,,
504-251-1,,504,251,pi̮tsani̮,pi̮tsani̮,p ɯ t s ɑ n ɯ,,WotjWsch,,,,,pi̮tsani̮,pɯtsɑnɯ,16,,
701-251-1,,701,251,lap-panti,lap-panti,l ɑ p p ɑ n t i,,WogWb,,,,,lap-panti,lɑp-pɑnti,17,,"'Shut, close, cover'; ""panti"" 'put'"
807-251-1,,807,251,pent-,pent-,p e n t,,DEWbOstj,,,,,pent-,pent-,17,,
701-251-2,,701,251,juw-χarti,juw-χarti,j u w x ɑ r t i,,WogWb,,,,,juw-χarti,juw-xɑrti,18,,"""χarti"" 'pull, draw, suck'"
902-251-1,,902,251,pəkəlcy°,pəkəlcy°,,Transitive-reflexive (both unergative and unaccusative),JurSWb,,,,,,,19,,
503-251-1,,503,251,vevtavni̮,vevtavni̮,v e v t ɑ v n ɯ,,KoPRSl,,,,,vevtavni̮,vevtɑvnɯ,20,,
901-251-1,,901,251,"tələdʹa, təlʹučəsa",tələdʹa,t ə l ə dʲ ɑ,,SlNgaRus,,,,,"tələdʹa, təlʹučəsa",tələdʲɑ,21,,
901-251-2,,901,251,"tələdʹa, təlʹučəsa",təlʹučəsa,t ə ʎ u tʃ ə s ɑ,,SlNgaRus,,,,,"tələdʹa, təlʹučəsa",təʎutʃəsɑ,21,,
203-252-1,,203,252,pala,pala,p ɑ l ɑ,,JL,,,,,,pɑlɑ,1,,
204-252-1,,204,252,pala,pala,,,KKSV,,,,,,,1,,
207-252-1,,207,252,pala,pala,,,VVS,,,,,,,1,,
208-252-1,,208,252,pala,pala,p ɑ l ɑ,,InkmSk,,,,,pala,pɑlɑ,1,,
209-252-1,,209,252,paлa,paлa,p ɑ l ɑ,,VKJMS,,,,,pala,pɑlɑ,1,,
210-252-1,,210,252,pala,pala,p ɑ l ɑ,,SVSk,,,,,,pɑlɑ,1,,
212-252-1,,212,252,palà,palà,,,LivWb,,,,,,,1,,
301-252-1,,301,252,pal,pal,p ɑ l,,MordWb,,,,,pal,pɑl,1,,
203-252-2,,203,252,kappale,kappale,k ɑ pː ɑ l e̞,,JL,,,,,,kɑpːɑle̞,2,,
204-252-2,,204,252,kappaleh,kappaleh,,,KKSV,,,,,,,2,,
212-252-2,,212,252,kabàl,kabàl,,,LivWb,,,,,,,2,,
105-252-1,,105,252,stuhkka,stuhkka,,,SSSg,,,,,,,3,,
106-252-1,,106,252,stukka,stukka,,,InsSSk,,,,,,,3,,
209-252-2,,209,252,tükkü,tükkü,t y kː y,,VKJMS,,,,,tükkü,tykːy,3,,
210-252-2,,210,252,tükk,tükk,t y kː,,SVSk,,,,,,tykː,3,,
211-252-1,,211,252,tükk,tükk,,,VESr,,,,,,,3,,
101-252-1,,101,252,bæhta,bæhta,,,NSsNdb,,,,,,,4,,
102-252-1,,102,252,bihtaa,bihtaa,,,WbWlap,,,,,,,4,,
105-252-2,,105,252,bihttá,bihttá,,,SSSg,,,,,,,4,,
106-252-2,,106,252,pittá,pittá,,,InsSSk,,,,,,,4,,
101-252-2,,101,252,biehkie,biehkie,,,NSsNdb,,,,,,,5,,
102-252-2,,102,252,bä̀hkee,bä̀hkee,,,WbWlap,,,,,,,5,,'Large piece'
104-252-1,,104,252,bähkke,bähkke,,,EZ,,,,,,,5,,
107-252-1,,107,252,kuʹsǩǩ,kuʹsǩǩ,,,SKosSk,,,,,,,6,,
108-252-1,,108,252,kuss’k,kuss’k,k u sːʲ k,,WOLD,,,,,,kusːʲk,6,,
301-252-2,,301,252,panks,panks,p ɑ n k s,,MordWb,,,,,panks,pɑnks,7,,
301-252-3,,301,252,pelʹks,pelʹks,p e ʎ k s,,MordWb,,,,,pelʹks,peʎks,8,,
501-252-1,,501,252,re̮ć,re̮ć,r ɤ tɕ,,SyrjWsch,,,,,re̮ć,rɤtɕ,9,,
501-252-2,,501,252,tor,tor,t o r,,SyrjWsch,,,,,tor,tor,10,,"'Thing, object, part, piece'"
503-252-1,,503,252,tor,tor,t o r,"Stem ""torj-""",KoPRSl,,,,,tor,tor,10,,
601-252-1,,601,252,darab,darab,d ɒ r ɒ b,,FMSz,,,,,,dɒrɒb,11,,
401-252-1,,401,252,komə̑lʹa,komə̑lʹa,k o m ə ʎ ɑ,,SMSk;TscherWb,,,,,komə̑lʹa,koməʎɑ,12,,
401-252-2,,401,252,moklaka,moklaka,m o k l ɑ k ɑ,,SMSk;TscherWb,,,,,moklaka,moklɑkɑ,13,,
401-252-3,,401,252,laštə̑k,laštə̑k,l ɑ ʃ t ə k,,SMSk;TscherWb,,,,,laštə̑k,lɑʃtək,14,,
504-252-1,,504,252,keseg,keseg,k e s e ɡ,,WotjWsch,,,,,keseg,keseɡ,15,,
701-252-1,,701,252,lomt ~ lōmt,lomt ~ lōmt,l o m t,,WogWb,,,,,"lomt, lōmt","lomt, loːmt",16,,
701-252-2,,701,252,pār,pār,p ɑː r,,WogWb,,,,,pār,pɑːr,17,,
701-252-3,,701,252,oχsa,oχsa,o x s ɑ,,WogWb,,,,,oχsa,oxsɑ,18,,
902-252-1,,902,252,mun°,mun°,,,JurSWb,,,,,,,19,,
907-252-1,,907,252,līpə,līpə,l iː p ə,Precise meaning unclear,SolkWb,,,,,līpə,liːpə,20,,
807-252-1,,807,252,čop,čop,tʃ o p,,DEWbOstj,,,,,čop,tʃop,21,,
901-252-1,,901,252,dʹukə,dʹukə,dʲ u k ə,,SlNgaRus,,,,,dʹukə,dʲukə,22,,
203-253-1,,203,253,mies,mies,m i e̞ s,,JL,,,,,,mie̞s,1,,
204-253-1,,204,253,mies,mies,,,KKSV,,,,,,,1,,
207-253-1,,207,253,meź,meź,,,VVS,,,,,,,1,,
208-253-1,,208,253,mēz,mēz,m eː z,,InkmSk,,,,,mēz,meːz,1,,
209-253-1,,209,253,mēᴢ,mēᴢ,m eː z̥,,VKJMS,,,,,mēᴢ,meːz̥,1,,
210-253-1,,210,253,mees,mees,m eː s,,SVSk,,,,,,meːs,1,,
211-253-1,,211,253,miis',miis',,,VESr,,,,,,,1,,
212-253-1,,212,253,mìez,mìez,,,LivWb,,,,,,,1,,
207-253-2,,207,253,mužik,mužik,,,VVS,,,,,,,2,,
101-253-1,,101,253,alma ~ ålma,alma ~ ålma,,,NSsNdb,,,,,,,3,From PSa *e̮lmāj,
102-253-1,,102,253,"ålmài, ålˈmaah",ålmài,,,WbWlap,,,,,,,3,From PSa *e̮lmāj,
102-253-2,,102,253,"ålmài, ålˈmaah",ålˈmaah,,,WbWlap,,,,,,,3,From PSa *e̮lmāj,
104-253-1,,104,253,ålmaj,ålmaj,,,EZ,,,,,,,3,From PSa *e̮lmāj,
105-253-1,,105,253,almmái,almmái,,,SSSg,,,,,,,3,From PSa *e̮lmāj,
106-253-1,,106,253,a'lmai,a'lmai,,,InsSSk,,,,,,,3,From PSa *e̮lmāj,
107-253-1,,107,253,åålm(ai) ~ ååum(ai),åålm ~ ååum,,,SKosSk,,,,,,,3,From PSa *e̮lmāj,
108-253-1,,108,253,oalmolma,oalmolma,ɒː l m o l m a,,WOLD,,,,,,ɒːlmolma,3,From PSa *e̮lmāj,
107-253-2,,107,253,ååumaž ~ ooumaž,ååumaž ~ ooumaž,,,SKosSk,,,,,,,4,From PSa *olmɔ̄-,
301-253-1,,301,253,alʹa,alʹa,ɑ ʎ ɑ,,MordWb,,,,,alʹa,ɑʎɑ,5,,
105-253-2,,105,253,dievdu,dievdu,,,SSSg,,,,,,,6,,
301-253-2,,301,253,ćora,ćora,tɕ o r ɑ,,MordWb,,,,,ćora,tɕorɑ,7,,
501-253-1,,501,253,mort,mort,m o r t,,SyrjWsch,,,,,mort,mort,8,"From PFP *mertä 'person, man'; cf. Avestan ""marəta"" 'person, mortal'",
504-253-1,,504,253,piosmurt,piosmurt,p i o s m u r t,,WotjWsch,,,,,piosmurt,piosmurt,8,"Comp; latter part from PFP *mertä 'person, man'; cf. Avestan ""marəta"" 'person, mortal'",
401-253-1,,401,253,pörjeŋ,pörjeŋ,p ø r j e ŋ,,SMSk;TscherWb,,,,,pörjeŋ,pørjeŋ,9,,
601-253-1,,601,253,férfi,férfi,f eː r f i,,FMSz,,,,,,feːrfi,10,,
0-253-1,,0,253,*koji̮,*koji̮,,,UEW;Sam88,,,,,,,11,,
701-253-1,,701,253,χum,χum,x u m,,WogWb,,,,,χum,xum,11,"From PU deriv. *koji̮-mV 'man, person'",
807-253-1,,807,253,"ku, kujǝkăsi̮",ku,k u,,DEWbOstj,,,,,"ku, kujəkăsi̮",ku,11,"Latter compounded with ""kăsi̮"" (also 'man' by itself)",
807-253-2,,807,253,"ku, kujǝkăsi̮",kujǝkăsi̮,k u j ə k ɑ ̆ s ɯ,,DEWbOstj,,,,,"ku, kujəkăsi̮",kujəkɑ̆sɯ,11,"Latter compounded with ""kăsi̮"" (also 'man' by itself)",
901-253-1,,901,253,kuədʹumu,kuədʹumu,k u ə dʲ u m u,From PSd *kåəsåmå?,SlNgaRus,,,,,kuədʹumu,kuədʲumu,12,,"'Man, husband'"
902-253-1,,902,253,xasawa,xasawa,,,JurSWb,,,,,,,12,"No connection with EKhan ""kăsi̮"" ?",
401-253-2,,401,253,marij,marij,m ɑ r i j,,SMSk;TscherWb,,,,,marij,mɑrij,13,,
504-253-2,,504,253,vorgoron,vorgoron,v o r ɡ o r o n,,WotjWsch,,,,,vorgoron,vorɡoron,14,,
907-253-1,,907,253,tipi,tipi,t i p i,,SolkWb,,,,,tipi,tipi,14,,
601-253-2,,601,253,ember,ember,ɛ m b ɛ r,,FMSz,,,,,,ɛmbɛr,15,,"'Man, human'"
807-253-3,,807,253,kăsi̮,kăsi̮,k ɑ ̆ s ɯ,,DEWbOstj,,,,,kăsi̮,kɑ̆sɯ,16,"No connection with TNen ""xasawa"" ?",
501-253-2,,501,253,muži̮k,muži̮k,m u ʒ ɯ k,,SyrjWsch,,,,,muži̮k,muʒɯk,2,,
503-253-1,,503,253,mužik,mužik,m u ʒ i k,,KoPRSl,,,,,mužik,muʒik,2,,
901-253-2,,901,253,ŋanaˀsa,ŋanaˀsa,ŋ ɑ n ɑ ʔ s ɑ,,SlNgaRus,,,,,ŋanaˀsa,ŋɑnɑʔsɑ,17,,"'Man', (plural) 'people'"
106-254-1,,106,254,váá,váá,,,InsSSk,,,,,,,1,,
203-254-1,,203,254,vain,vain,ʋ ɑ i n,,JL,,,,,,ʋɑin,1,,
204-254-1,,204,254,vain,vain,,,KKSV,,,,,,,1,,
207-254-1,,207,254,vaiše,vaiše,,,VVS,,,,,,,1,,
208-254-1,,208,254,vā,vā,v ɑː,,InkmSk,,,,,vā,vɑː,1,,
209-254-1,,209,254,va,va,v ɑ,,VKJMS,,,,,va,vɑ,1,,
210-254-1,,210,254,ainuld,ainuld,ɑ i n u l t,,SVSk,,,,,,ɑinult,2,,
108-254-1,,108,254,ōxxte,ōxxte,oː xː t e,,WOLD,,,,,,oːxːte,3,,
212-254-1,,212,254,īʾd ~ ǖʾd,īʾd ~ ǖʾd,,,LivWb,,,,,,,3,From PBF *üksi 'one',
105-254-1,,105,254,duššẹ,duššẹ,,,SSSg,,,,,,,4,,
106-254-2,,106,254,tuš ~ tuše,tuš ~ tuše,,,InsSSk,,,,,,,4,,
101-254-1,,101,254,ajve,ajve,,,NSsNdb,,,,,,,5,,
105-254-2,,105,254,aivvẹ,aivvẹ,,,SSSg,,,,,,,5,,
101-254-2,,101,254,barre,barre,,,NSsNdb,,,,,,,6,,
102-254-1,,102,254,bara,bara,,,WbWlap,,,,,,,6,,
104-254-1,,104,254,ber,ber,,,EZ,,,,,,,6,,
102-254-2,,102,254,dàuhk,dàuhk,,,WbWlap,,,,,,,7,,
102-254-3,,102,254,garra,garra,,,WbWlap,,,,,,,8,,
107-254-1,,107,254,tåʹlǩ,tåʹlǩ,,,SKosSk,,,,,,,9,,
107-254-2,,107,254,pâi,pâi,,,SKosSk,,,,,,,10,,
301-254-1,,301,254,anśak,anśak,ɑ n ɕ ɑ k,,MordWb,,,,,anśak,ɑnɕɑk,11,,
601-254-1,,601,254,csak,csak,t͡ʃ ɒ k,,FMSz,,,,,,t͡ʃɒk,12,,
401-254-1,,401,254,ɣə̑na,ɣə̑na,ɣ ə n ɑ,,SMSk;TscherWb,,,,,ɣə̑na,ɣənɑ,13,,
701-254-1,,701,254,pat,pat,p ɑ t,,WogWb,,,,,pat,pɑt,13,,
701-254-2,,701,254,sar,sar,s ɑ r,,WogWb,,,,,sar,sɑr,14,,
701-254-3,,701,254,nas,nas,n ɑ s,,WogWb,,,,,nas,nɑs,15,,
902-254-1,,902,254,tæryi,tæryi,,,JurSWb,,,,,,,16,,"'Usually, only'"
807-254-1,,807,254,mǝrǝm,mǝrǝm,m ə r ə m,,DEWbOstj,,,,,mərəm,mərəm,18,,
211-254-1,,211,254,õnnõ,õnnõ,,,VESr,,,,,,,19,,
503-254-1,,503,254,ʒ́ir,ʒ́ir,dʑ i r,,KoPRSl,,,,,ʒ́ir,dʑir,20,,
501-254-1,,501,254,tolʹke̮,tolʹke̮,t o ʎ k ɤ,,SyrjWsch,,,,,tolʹke̮,toʎkɤ,9,,
504-254-1,,504,254,tolʹko,tolʹko,t o ʎ k o,,WotjWsch,,,,,tolʹko,toʎko,9,,
907-254-1,,907,254,tolʹko,tolʹko,t o ʎ k o,,SolkWb,,,,,tolʹko,toʎko,9,,
104-254-2,,104,254,ájdna,ájdna,,,EZ,,,,,,,2,,
901-254-1,,901,254,ŋuəðəbtə,ŋuəðəbtə,ŋ u ə ð ə b t ə,"Deriv. from ""ŋuˀəiˀ"" 'one'",SlNgaRus,,,,,ŋuəδəbtə,ŋuəðəbtə,21,,"'Only, sole'"
101-255-1,,101,255,[Form not found],,,,NSsNdb,,,,,,,?,[Form not found],
104-255-1,,104,255,[Form not found],,,,EZ,,,,,,,?,[Form not found],
106-255-1,,106,255,[Form not found],,,,InsSSk,,,,,,,?,[Form not found],
107-255-1,,107,255,[Form not found],,,,SKosSk,,,,,,,?,[Form not found],"Cf. ""kõõrâs"" 'hard, strict'"
301-255-1,,301,255,[Form not found],,,,MordWb,,,,,,,?,[Form not found],
504-255-1,,504,255,[Form not found],,,,WotjWsch,,,,,,,?,[Form not found],
807-255-1,,807,255,[Form not found],,,,DEWbOstj,,,,,,,?,[Form not found],
902-255-1,,902,255,[Form not found],,,,JurSWb,,,,,,,?,[Form not found],
907-255-1,,907,255,[Form not found],,,,SolkWb,,,,,,,?,[Form not found],"Possibly a form of ""or"" 'force, power' used in this sense"
203-255-1,,203,255,"kova, kovaääninen",kova,k o̞ ʋ ɑ k o̞ ʋ ɑ æː n i n e̞ n,,JL,,,,,,"ko̞ʋɑ, ko̞ʋɑæːnine̞n",1,,
203-255-2,,203,255,"kova, kovaääninen",kovaääninen,k o̞ ʋ ɑ k o̞ ʋ ɑ æː n i n e̞ n,,JL,,,,,,"ko̞ʋɑ, ko̞ʋɑæːnine̞n",1,,
204-255-1,,204,255,kova,kova,,,KKSV,,,,,,,1,,
210-255-1,,210,255,kõva,kõva,k ɣ v ɑ,,SVSk,,,,,,kɣvɑ,1,,
211-255-1,,211,255,kõva,kõva,,,VESr,,,,,,,1,,
204-255-2,,204,255,jalo,jalo,,,KKSV,,,,,,,2,,
207-255-1,,207,255,komed,komed,,,NRVS,,,,,,,3,,
212-255-1,,212,255,dikktʹə ~ dikktʹi,dikktʹə ~ dikktʹi,,,LivWb,,,,,,,4,,
105-255-1,,105,255,allat,allat,,,SSSg,,,,,,,5,,
105-255-2,,105,255,rieddjái,rieddjái,,,SSSg,,,,,,,6,,
102-255-1,,102,255,lugˈŋa,lugˈŋa,,,WbWlap,,,,,,,7,,
501-255-1,,501,255,gora,gora,ɡ o r ɑ,,SyrjWsch,,,,,gora,ɡorɑ,8,,
503-255-1,,503,255,gora,gora,ɡ o r ɑ,,KoPRSl,,,,,gora,ɡorɑ,8,,"Deriv. from “gor” 'sound, noise'"
601-255-1,,601,255,hangos,hangos,h ɒ ŋ ɡ o ʃ,,FMSz,,,,,,hɒŋɡoʃ,9,,
401-255-1,,401,255,tale,tale,t ɑ l e,,SMSk;TscherWb,,,,,tale,tɑle,10,,
701-255-1,,701,255,turiŋ,turiŋ,t u r i ŋ,,WogWb,,,,,turiŋ,turiŋ,11,,
701-255-2,,701,255,sujən,sujən,s u j ə n,,WogWb,,,,,sujən,sujən,12,,"Deriv. from ""suj"" 'sound'"
108-255-1,,108,255,innjes’,innjes’,i ɲː e sʲ,,WOLD,,,,,,iɲːesʲ,13,,
208-255-1,,208,255,kūluva,kūluva,k uː l u v ɑ,,InkmSk,,,,,kūluva,kuːluvɑ,14,,
209-255-1,,209,255,valʹlʹu,valʹlʹu,v ɑ ʎː u,,VKJMS,,,,,valʹlʹu,vɑʎːu,15,,
901-255-1,,901,255,ŋirminsəkə,ŋirminsəkə,ŋ i r m i n s ə k ə,"Deriv. from ""ŋirmi"" 'noise'",SlNgaRus,,,,,ŋirminsəkə,ŋirminsəkə,16,,"'Noisy, loud'"
102-256-1,,102,256,[Form not found],,,,WbWlap,,,,,,,?,[Form not found],
104-256-1,,104,256,[Form not found],,,,EZ,,,,,,,?,[Form not found],
901-256-1,,901,256,[Form not found],,,,SlNgaRus,,,,,,,?,[Form not found],
907-256-1,,907,256,[Form not found],,,,SolkWb,,,,,,,?,[Form not found],
203-256-1,,203,256,voihkia,voihkia,ʋ o̞ i ç k i ɑ,,JL,,,,,,ʋo̞içkiɑ,1,,
207-256-1,,207,256,voivotada,voivotada,,,VVS,,,,,,,1,,
208-256-1,,208,256,voihkua,voihkua,v o i h k u ɑ,,InkmSk,,,,,voihkua,voihkuɑ,1,,
209-256-1,,209,256,"voivortè̮ma, voivotte̮ma",voivortè̮ma,v o i v o r t ɤ̀ m ɑ,,VKJMS,,,,,"voivortè̮ma, voivotte̮ma",voivortɤ̀mɑ,1,,
209-256-2,,209,256,"voivortè̮ma, voivotte̮ma",voivotte̮ma,v o i v o tː ɤ m ɑ,,VKJMS,,,,,"voivortè̮ma, voivotte̮ma",voivotːɤmɑ,1,,
210-256-1,,210,256,"oietada, oiata",oietada,o i e tː ɑ t ɑ o i ɑ tː ɑ,,SVSk,,,,,,"oietːɑtɑ, oiɑtːɑ",1,,
210-256-2,,210,256,"oietada, oiata",oiata,o i e tː ɑ t ɑ o i ɑ tː ɑ,,SVSk,,,,,,"oietːɑtɑ, oiɑtːɑ",1,,
211-256-1,,211,256,oigama,oigama,,,VESr,,,,,,,1,,
301-256-1,,301,256,ojksńems,ojksńems,o j k s ɲ e m s,,MordWb,,,,,ojksńems,ojksɲems,1,,
401-256-1,,401,256,ojojlem,ojojlem,o j o j l e m,,SMSk;TscherWb,,,,,ojojlem,ojojlem,1,,
204-256-1,,204,256,yhkeä,yhkeä,,,KKSV,,,,,,,2,,
204-256-2,,204,256,ohkoa,ohkoa,,,KKSV,,,,,,,3,,
209-256-3,,209,256,"ohkima, oikkima",ohkima,o h k i m ɑ,,VKJMS,,,,,"ohkima, oikkima",ohkimɑ,3,,
209-256-4,,209,256,"ohkima, oikkima",oikkima,o i kː i m ɑ,,VKJMS,,,,,"ohkima, oikkima",oikːimɑ,3,,
210-256-3,,210,256,ohkida,ohkida,o h k i t ɑ,,SVSk,,,,,,ohkitɑ,3,,
211-256-2,,211,256,oihk'ma,oihk'ma,,,VESr,,,,,,,3,,
209-256-5,,209,256,ähkimä,ähkimä,æ h k i m æ,,VKJMS,,,,,ähkimä,æhkimæ,4,,
212-256-1,,212,256,eʾggə,eʾggə,,,LivWb,,,,,,,4,,
101-256-1,,101,256,loejhmedh,loejhmedh,,,NSsNdb,,,,,,,5,,
105-256-1,,105,256,luoibmat,luoibmat,,,SSSg,,,,,,,5,,"'Groan, wail, whimper'"
106-256-1,,106,256,luoi'mađ,luoi'mađ,,,InsSSk,,,,,,,5,,
107-256-1,,107,256,luẹikkad ~ luâikkad,luẹikkad ~ luâikkad,,,SKosSk,,,,,,,6,,
301-256-2,,301,256,vajksńems,vajksńems,v ɑ j k s ɲ e m s,,MordWb,,,,,vajksńems,vɑjksɲems,7,,
501-256-1,,501,256,ružti̮ni̮,ružti̮ni̮,r u ʒ t ɯ n ɯ,,SyrjWsch,,,,,ružti̮ni̮,ruʒtɯnɯ,8,,
504-256-1,,504,256,ǯušti̮ni̮,ǯušti̮ni̮,dʒ u ʃ t ɯ n ɯ,,WotjWsch,,,,,ǯušti̮ni̮,dʒuʃtɯnɯ,8,,
501-256-2,,501,256,i̮mzi̮ni̮,i̮mzi̮ni̮,ɯ m z ɯ n ɯ,,SyrjWsch,,,,,i̮mzi̮ni̮,ɯmzɯnɯ,9,,
601-256-1,,601,256,nyög,nyög,ɲ ø ɡ,,FMSz,,,,,,ɲøɡ,10,,
401-256-2,,401,256,jə̑ŋə̑sem,jə̑ŋə̑sem,j ə ŋ ə s e m,,SMSk;TscherWb,,,,,jə̑ŋə̑sem,jəŋəsem,11,,
701-256-1,,701,256,ńiśśi,ńiśśi,ɲ i ɕː i,,WogWb,,,,,ńiśśi,ɲiɕːi,12,,
902-256-1,,902,256,təxa-,təxa-,,,JurSWb,,,,,,,13,,
807-256-1,,807,256,ner-,ner-,n e r,,DEWbOstj,,,,,ner-,ner-,14,,
106-256-2,,106,256,nuai'kkuđ,nuai'kkuđ,,,InsSSk,,,,,,,15,,
101-256-2,,101,256,hojjedh,hojjedh,,,NSsNdb,,,,,,,16,,
503-256-1,,503,256,ujzi̮ni̮,ujzi̮ni̮,u j z ɯ n ɯ,,KoPRSl,,,,,ujzi̮ni̮,ujzɯnɯ,17,,
105-256-2,,105,256,fuoikut,fuoikut,,,SSSg,,,,,,,1,,
108-256-1,,108,256,vuahke,vuahke,v u a h k e,,WOLD,,,,,,vuahke,1,Rießler2009 does not note evidence for borrowing.,
101-257-1,,101,257,[Form not found],,,,NSsNdb,,,,,,,?,[Form not found],
104-257-1,,104,257,[Form not found],,,,EZ,,,,,,,?,[Form not found],
501-257-1,,501,257,[Form not found],,,,SyrjWsch,,,,,,,?,[Form not found],
203-257-1,,203,257,kanto,kanto,k ɑ n t̪ o̞,,JL,,,,,,kɑnt̪o̞,1,,
204-257-1,,204,257,kanto,kanto,,,KKSV,,,,,,,1,,
207-257-1,,207,257,kand,kand,,,VVS,,,,,,,1,,
208-257-1,,208,257,kanᴅo,kanᴅo,k ɑ n d̥ o,,InkmSk,,,,,kanᴅo,kɑnd̥o,1,,
209-257-1,,209,257,kanto,kanto,k ɑ n t o,,VKJMS,,,,,kanto,kɑnto,1,,
210-257-1,,210,257,känd,känd,k æ n t,,SVSk,,,,,,kænt,1,,
211-257-1,,211,257,kand,kand,,,VESr,,,,,,,1,,
212-257-1,,212,257,tinnk ~ tünnk,tinnk ~ tünnk,,,LivWb,,,,,,,2,From. PFS *čüŋkä,
102-257-1,,102,257,jalˈŋès,jalˈŋès,,,WbWlap,,,,,,,3,,
105-257-1,,105,257,jalŋŋis,jalŋŋis,,,SSSg,,,,,,,3,,
106-257-1,,106,257,čuol'da,čuol'da,,,InsSSk,,,,,,,4,,
107-257-1,,107,257,čuõldd,čuõldd,,,SKosSk,,,,,,,4,,
108-257-1,,108,257,čūllt,čūllt,t ʃ uː lː t,,WOLD,,,,,,tʃuːlːt,4,,
301-257-1,,301,257,mukoŕ,mukoŕ,m u k o rʲ,,MordWb,,,,,mukoŕ,mukorʲ,5,,
601-257-1,,601,257,"tönk, fatönk",tönk,f ɒ t ø ŋ k,,FMSz,,,,,,fɒtøŋk,6,"Despite similarity, not cogn. with Fin ""tynkä"" ~ Liv ""tinnk"" < PFS *čüŋkä","""Fa"" 'tree'"
601-257-2,,601,257,"tönk, fatönk",fatönk,f ɒ t ø ŋ k,,FMSz,,,,,,fɒtøŋk,6,"Despite similarity, not cogn. with Fin ""tynkä"" ~ Liv ""tinnk"" < PFS *čüŋkä","""Fa"" 'tree'"
401-257-1,,401,257,omarta,omarta,o m ɑ r t ɑ,,SMSk;TscherWb,,,,,omarta,omɑrtɑ,7,,
401-257-2,,401,257,pundə̑š,pundə̑š,p u n d ə ʃ,,SMSk;TscherWb,,,,,pundə̑š,pundəʃ,8,,
504-257-1,,504,257,lijal,lijal,l i j ɑ l,Dialectal?,WotjWsch,,,,,lijal,lijɑl,9,,
701-257-1,,701,257,poŋna,poŋna,p o ŋ n ɑ,,WogWb,,,,,poŋna,poŋnɑ,10,,
901-257-1,,901,257,səltə,səltə,s ə l t ə,,SlNgaRus,,,,,səltə,səltə,11,,
902-257-1,,902,257,səl°,səl°,,,JurSWb,,,,,,,11,,
907-257-1,,907,257,salčə,salčə,s ɑ l tʃ ə,,SolkWb,,,,,salčə,sɑltʃə,11,,
807-257-1,,807,257,äŋkǝl,äŋkǝl,æ ŋ k ə l,,DEWbOstj,,,,,äŋkəl,æŋkəl,12,,
503-257-1,,503,257,mi̮r,mi̮r,m ɯ r,Stem “mi̮rj-”,KoPRSl,,,,,mi̮r,mɯr,13,,
207-258-1,,207,258,[Form not found],,,,VVS,,,,,,,?,[Form not found],
901-258-1,,901,258,[Form not found],,,,SlNgaRus,,,,,,,?,[Form not found],
203-258-1,,203,258,kivekset,kivekset,k i ʋ e̞ k s e̞ t̪,,JL,,,,,,kiʋe̞kse̞t̪,1,Deriv. From Fin kivi 'stone',
807-258-1,,807,258,kö̭ɣ,kö̭ɣ,k ø̻ ɣ,,DEWbOstj,,,,,kö̭ɣ,kø̻ɣ,1,,"'Stone, testicle'; in Vakh dialect, dual form for 'testicles'"
203-258-2,,203,258,munat,munat,m u n ɑ t̪,,JL,,,,,,munɑt̪,2,From PU *muna 'egg',
208-258-1,,208,258,munaᴅ,munaᴅ,m u n ɑ d̥,,InkmSk,,,,,munaᴅ,munɑd̥,2,From PU *muna 'egg',
209-258-1,,209,258,munaᴅ,munaᴅ,m u n ɑ d̥,,VKJMS,,,,,munaᴅ,munɑd̥,2,From PU *muna 'egg',
210-258-1,,210,258,munandid,munandid,m u n ɑ n t i t,,SVSk,,,,,,munɑntit,2,From PU *muna 'egg',
211-258-1,,211,258,munaq,munaq,,,SI,,,,,,,2,,
212-258-1,,212,258,munà,munà,,,LivWb,,,,,,,2,From PU *muna 'egg',
701-258-1,,701,258,"mūŋi, mōn",mūŋi,m uː ŋ i,,WogWb,,,,,"mūŋi, mōn",muːŋi,2,From PU *muna 'egg',"""Mūŋi” 'eye, testicle'"
701-258-2,,701,258,"mūŋi, mōn",mōn,m oː n,,WogWb,,,,,"mūŋi, mōn",moːn,2,From PU *muna 'egg',"""Mūŋi” 'eye, testicle'"
204-258-1,,204,258,tyrät,tyrät,,,KKSV,,,,,,,3,,
204-258-2,,204,258,mulkut,mulkut,,,KKSV,,,,,,,4,,
105-258-1,,105,258,bállut,bállut,,,SSSg,,,,,,,5,,
101-258-1,,101,258,goele,goele,,,NSsNdb,,,,,,,6,,
102-258-1,,102,258,gualla,gualla,,,WbWlap,,,,,,,6,,
104-258-1,,104,258,guolla,guolla,,,EZ,,,,,,,6,,
106-258-1,,106,258,kuolah,kuolah,,,InsSSk,,,,,,,6,,
107-258-1,,107,258,kuõl,kuõl,,,SKosSk,,,,,,,6,,
108-258-1,,108,258,kūll,kūll,k uː lː,,WOLD,,,,,,kuːlː,6,,
301-258-1,,301,258,"al, alne",al,ɑ l,Singular forms; latter deriv.,MordWb,,,,,"al, alne",ɑl,7,,
301-258-2,,301,258,"al, alne",alne,ɑ l n e,Singular forms; latter deriv.,MordWb,,,,,"al, alne",ɑlne,7,,
601-258-1,,601,258,here,here,h ɛ r ɛ,,FMSz,,,,,,hɛrɛ,8,,
401-258-1,,401,258,mosnakü,mosnakü,m o s n ɑ k y,,SMSk;TscherWb,,,,,mosnakü,mosnɑky,9,,
504-258-1,,504,258,puz,puz,p u z,,WotjWsch,,,,,puz,puz,10,,"'Egg, testicle'"
902-258-1,,902,258,per,per,,,JurSWb,,,,,,,11,,
907-258-1,,907,258,oŋəl,oŋəl,o ŋ ə l,,SolkWb,,,,,oŋəl,oŋəl,12,,
501-258-1,,501,258,kolʹk,kolʹk,k o ʎ k,,SyrjWsch,,,,,kolʹk,koʎk,13,,
503-258-1,,503,258,kolʹttez,kolʹttez,k o ʎ tː e z,,KoPRSl,,,,,kolʹttez,koʎtːez,13,,
211-258-2,,211,258,paudiq,paudiq,,Singular form,VESr,,,,,,,14,,
208-258-2,,208,258,kelliᴅ,kelliᴅ,k e lː i d̥,,InkmSk,,,,,kelliᴅ,kelːid̥,15,,
209-258-2,,209,258,kelliᴅ,kelliᴅ,k e lː i d̥,,VKJMS,,,,,kelliᴅ,kelːid̥,15,,
203-259-1,,203,259,alkaa,alkaa,ɑ l k ɑː,,JL,,,,,,ɑlkɑː,1,,
204-259-1,,204,259,alkoa,alkoa,,,KKSV,,,,,,,1,,
207-259-1,,207,259,augotada,augotada,,,VVS,,,,,,,1,,
208-259-1,,208,259,alkua,alkua,ɑ l k u ɑ,,InkmSk,,,,,alkua,ɑlkuɑ,1,,
209-259-1,,209,259,aлkuma,aлkuma,ɑ l k u m ɑ,,VKJMS,,,,,alkuma,ɑlkumɑ,1,,
210-259-1,,210,259,alata,alata,ɑ l ɑ tː ɑ,,SVSk,,,,,,ɑlɑtːɑ,1,,
211-259-1,,211,259,algnõma,algnõma,,,VESr,,,,,,,1,,
212-259-1,,212,259,irrgə ~ ürrgə,irrgə ~ ürrgə,,,LivWb,,,,,,,2,,
807-259-1,,807,259,jǝ-,jǝ-,j ə,"Deriv. of ""jö̆-"" 'come, arrive'",DEWbOstj,,,,,jə-,jə-,3,,
301-259-1,,301,259,ušodoms,ušodoms,u ʃ o d o m s,,MordWb,,,,,ušodoms,uʃodoms,4,,
301-259-2,,301,259,karmams,karmams,k ɑ r m ɑ m s,,MordWb,,,,,karmams,kɑrmɑms,5,,
301-259-3,,301,259,ustavams,ustavams,u s t ɑ v ɑ m s,,MordWb,,,,,ustavams,ustɑvɑms,6,,
501-259-1,,501,259,kutni̮,kutni̮,k u t n ɯ,,SyrjWsch,,,,,kutni̮,kutnɯ,7,,"'Hold, own, begin'"
504-259-1,,504,259,kutski̮ni̮,kutski̮ni̮,k u t s k ɯ n ɯ,,WotjWsch,,,,,kutski̮ni̮,kutskɯnɯ,7,,
501-259-2,,501,259,ǯi̮njavni̮,ǯi̮njavni̮,dʒ ɯ n j ɑ v n ɯ,"Deriv. from ""ǯi̮n"" 'half'",SyrjWsch,,,,,ǯi̮njavni̮,dʒɯnjɑvnɯ,8,,
601-259-1,,601,259,"kezd, elkezd, megkezd",kezd,k ɛ z d ɛ l k ɛ z d m ɛ kː ɛ z d,,FMSz,,,,,,"kɛzd, ɛlkɛzd, mɛkːɛzd",9,,
601-259-2,,601,259,"kezd, elkezd, megkezd",elkezd,k ɛ z d ɛ l k ɛ z d m ɛ kː ɛ z d,,FMSz,,,,,,"kɛzd, ɛlkɛzd, mɛkːɛzd",9,,
601-259-3,,601,259,"kezd, elkezd, megkezd",megkezd,k ɛ z d ɛ l k ɛ z d m ɛ kː ɛ z d,,FMSz,,,,,,"kɛzd, ɛlkɛzd, mɛkːɛzd",9,,
401-259-1,,401,259,tüŋalam,tüŋalam,t y ŋ ɑ l ɑ m,,SMSk;TscherWb,,,,,tüŋalam,tyŋɑlɑm,10,,
701-259-1,,701,259,ōwəltaχti,ōwəltaχti,oː w ə l t ɑ x t i,"Deriv. from ""ōwəl"" 'end, beginning, edge'",WogWb,,,,,ōwəltaχti,oːwəltɑxti,11,,
701-259-2,,701,259,"pati, patiɣli",pati,p ɑ t i,,WogWb,,,,,"pati, patiɣli",pɑti,12,,"'Fall, begin, become'"
701-259-3,,701,259,"pati, patiɣli",patiɣli,p ɑ t i ɣ l i,,WogWb,,,,,"pati, patiɣli",pɑtiɣli,12,,"'Fall, begin, become'"
901-259-1,,901,259,huarudʹa,huarudʹa,h u ɑ r u dʲ ɑ,Deriv. from PSd *pä- 'begin'?,SlNgaRus,,,,,huarudʹa,huɑrudʲɑ,13,,
902-259-1,,902,259,pyasy°,pyasy°,,,JurSWb,,,,,,,13,,
907-259-1,,907,259,"laqəkku-, laqalku- ~ laqolku-",laqəkku-,l ɑ q ə kː u,"Derivs. from ""laqə-"" 'move'",SolkWb,,,,,"laqəkku-, laqalku-, laqolku-",lɑqəkːu-,14,,
907-259-2,,907,259,"laqəkku-, laqalku- ~ laqolku-",laqalku- ~ laqolku-,l ɑ q ə kː u,"Derivs. from ""laqə-"" 'move'",SolkWb,,,,,"laqəkku-, laqalku-, laqolku-","lɑqəkːu-, lɑqɑlku-, lɑqolku-",14,,
106-259-1,,106,259,riemmađ,riemmađ,,,InsSSk,,,,,,,15,,
209-259-2,,209,259,ne̮ise̮ma,ne̮ise̮ma,n ɤ i s ɤ m ɑ,,VKJMS,,,,,ne̮ise̮ma,nɤisɤmɑ,16,,
503-259-1,,503,259,"ponde̮tći̮ni̮, ponde̮tni̮",ponde̮tći̮ni̮,p o n d ɤ t tɕ ɯ n ɯ,"Deriv. from ""pon-"" 'end'",KoPRSl,,,,,"ponde̮tći̮ni̮, ponde̮tni̮",pondɤttɕɯnɯ,17,,
503-259-2,,503,259,"ponde̮tći̮ni̮, ponde̮tni̮",ponde̮tni̮,p o n d ɤ t n ɯ,"Deriv. from ""pon-"" 'end'",KoPRSl,,,,,"ponde̮tći̮ni̮, ponde̮tni̮",pondɤtnɯ,17,,
101-259-1,,101,259,aelkedh,aelkedh,,,NSsNdb,,,,,,,1,,
102-259-1,,102,259,"àlˈgeet, å̀lˈgat",àlˈgeet,,,WbWlap,,,,,,,1,,
102-259-2,,102,259,"àlˈgeet, å̀lˈgat",å̀lˈgat,,,WbWlap,,,,,,,1,,
104-259-1,,104,259,"álgeduvvut, állget",álgeduvvut,,,EZ,,,,,,,1,,
104-259-2,,104,259,"álgeduvvut, állget",állget,,,EZ,,,,,,,1,,
105-259-1,,105,259,álgit,álgit,,,SSSg,,,,,,,1,,
107-259-1,,107,259,äʹǧǧled,äʹǧǧled,,,SKosSk,,,,,,,1,,
108-259-1,,108,259,all’ke,all’ke,a lːʲ k e,,WOLD,,,,,,alːʲke,1,,
203-26-1,,203,26,talo,talo,t̪ ɑ l o̞,,JL,,,,,,t̪ɑlo̞,1,,
204-26-1,,204,26,talo ~ taloi,talo ~ taloi,,,KKSV,,,,,,,1,,
208-26-1,,208,26,taloi,taloi,t ɑ l o i,,InkmSk,,,,,taloi,tɑloi,1,,
209-26-1,,209,26,taлo,taлo,t ɑ l o,,VKJMS,,,,,talo,tɑlo,1,,
101-26-1,,101,26,gåetie,gåetie,,,NSsNdb,,,,,,,2,,"'House, hut, Sami dwelling'"
102-26-1,,102,26,gååhtee,gååhtee,,,WbWlap,,,,,,,2,,"'Hut, Sami dwelling'"
207-26-1,,207,26,koti,koti,,,VVS,,,,,,,2,"Cf. Av ""kata-"" 'chamber, cellar'; old wanderword, cf. Turkic ""kota"" 'house' etc.",
208-26-2,,208,26,koᴅi,koᴅi,k o d̥ i,,InkmSk,,,,,koᴅi,kod̥i,2,"Cf. Av ""kata-"" 'chamber, cellar'; old wanderword, cf. Turkic ""kota"" 'house' etc.",
209-26-2,,209,26,koto,koto,k o t o,,VKJMS,,,,,koto,koto,2,"Cf. Av ""kata-"" 'chamber, cellar'; old wanderword, cf. Turkic ""kota"" 'house' etc.",
212-26-1,,212,26,kwodà,kwodà,,,LivWb,,,,,,,2,"Cf. Av ""kata-"" 'chamber, cellar'; old wanderword, cf. Turkic ""kota"" 'house' etc.",
301-26-1,,301,26,kudo,kudo,k u d o,,MordWb,,,,,kudo,kudo,2,"Cf. Av ""kata-"" 'chamber, cellar'; old wanderword, cf. Turkic ""kota"" 'house' etc.",
601-26-1,,601,26,ház,ház,h aː z,,FMSz,,,,,,haːz,2,"Cf. Av ""kata-"" 'chamber, cellar'; old wanderword, cf. Turkic ""kota"" 'house' etc.",
807-26-1,,807,26,kat,kat,k ɑ t,,DEWbOstj,,,,,kat,kɑt,2,"Cf. Av ""kata-"" 'chamber, cellar'; old wanderword, cf. Turkic ""kota"" 'house' etc.",
210-26-1,,210,26,maja,maja,m ɑ j ɑ,,SVSk,,,,,,mɑjɑ,3,,
211-26-1,,211,26,maja,maja,,,VESr,,,,,,,3,,
401-26-1,,401,26,pört,pört,p ø r t,,SMSk;TscherWb,,,,,pört,pørt,4,,
107-26-1,,107,26,põrtt,põrtt,,,SKosSk,,,,,,,5,,
108-26-1,,108,26,pērrht,pērrht,p eː r̥ː t,,WOLD,,,,,,peːr̥ːt,5,,
501-26-1,,501,26,ker-ka,ker-ka,k e r k ɑ,,SyrjWsch,,,,,ker-ka,ker-kɑ,6,,"Comp. with ""ker"" 'timber'"
503-26-1,,503,26,kerku,kerku,k e r k u,,KoPRSl,,,,,kerku,kerku,6,,"Comp. with ""ker"" 'timber'"
504-26-1,,504,26,kor-ka,kor-ka,k o r k ɑ,,WotjWsch,,,,,kor-ka,kor-kɑ,6,,"Comp. with ""kor"" 'timber'"
701-26-1,,701,26,kol,kol,k o l,,WogWb,,,,,kol,kol,7,"Cogn. with Fin ""kylä"" 'village'",
0-26-1,,0,26,*mättV ?,*mättV ?,,Uncertain,UEW;Sam88,,,,,,,8,,
907-26-1,,907,26,māt,māt,m ɑː t,,SolkWb,,,,,māt,mɑːt,8,,
901-26-1,,901,26,koruˀ,koruˀ,k o r u ʔ,,SlNgaRus,,,,,koruˀ,koruʔ,9,,
902-26-1,,902,26,xarəd°,xarəd°,,,JurSWb,,,,,,,9,,
208-26-3,,208,26,hōne,hōne,h oː n e,,InkmSk,,,,,hōne,hoːne,10,,
101-26-2,,101,26,"ståapa, ståapoe",ståapa,,,NSsNdb,,,,,,,11,,
101-26-3,,101,26,"ståapa, ståapoe",ståapoe,,,NSsNdb,,,,,,,11,,
104-26-1,,104,26,dåhpe,dåhpe,,,EZ,,,,,,,12,,
105-26-1,,105,26,dállu,dállu,,,SSSg,,,,,,,1,,
106-26-1,,106,26,táálu,táálu,,,InsSSk,,,,,,,1,,
203-260-1,,203,260,laulu,laulu,l ɑ w l u,,JL,,,,,,lɑwlu,1,,
204-260-1,,204,260,laulu,laulu,,,KKSV,,,,,,,1,,
208-260-1,,208,260,laulu,laulu,l ɑ u l u,,InkmSk,,,,,laulu,lɑulu,1,,
209-260-1,,209,260,лauлu,лauлu,l ɑ u l u,,VKJMS,,,,,laulu,lɑulu,1,,
210-260-1,,210,260,laul,laul,l ɑ u l,,SVSk,,,,,,lɑul,1,,
211-260-1,,211,260,laul,laul,,,VESr,,,,,,,1,,
212-260-1,,212,260,loùl,loùl,,,LivWb,,,,,,,1,,
204-260-2,,204,260,virsi,virsi,,,KKSV,,,,,,,2,,
207-260-1,,207,260,pajo,pajo,,,VVS,,,,,,,3,,
102-260-1,,102,260,vüellee,vüellee,,,WbWlap,,,,,,,4,,'Sami song'
301-260-1,,301,260,moro,moro,m o r o,,MordWb,,,,,moro,moro,5,,
401-260-1,,401,260,muro,muro,m u r o,,SMSk;TscherWb,,,,,muro,muro,5,,
501-260-1,,501,260,śi̮lan-ki̮v,śi̮lan-ki̮v,ɕ ɯ l ɑ n k ɯ v,,SyrjWsch,,,,,śi̮lan-ki̮v,ɕɯlɑn-kɯv,6,,Lit. 'singing-talk'
503-260-1,,503,260,śi̮lanki̮v,śi̮lanki̮v,ɕ ɯ l ɑ n k ɯ v,,KoPRSl,,,,,śi̮lanki̮v,ɕɯlɑnkɯv,6,,Lit. 'singing-talk'
601-260-1,,601,260,ének,ének,eː n ɛ k,,FMSz,,,,,,eːnɛk,7,,
601-260-2,,601,260,dal,dal,d ɒ l,,FMSz,,,,,,dɒl,8,,
504-260-1,,504,260,"ki̮rźan, ki̮rźan-ki̮l",ki̮rźan,k ɯ r ʑ ɑ n,,WotjWsch,,,,,"ki̮rźan, ki̮rźan-ki̮l",kɯrʑɑn,9,,"Latter comp.; lit. ""song-speech'"
504-260-2,,504,260,"ki̮rźan, ki̮rźan-ki̮l",ki̮rźan-ki̮l,k ɯ r ʑ ɑ n k ɯ l,,WotjWsch,,,,,"ki̮rźan, ki̮rźan-ki̮l",kɯrʑɑn-kɯl,9,,"Latter comp.; lit. ""song-speech'"
701-260-1,,701,260,ēriɣ,ēriɣ,eː r i ɣ,,WogWb,,,,,ēriɣ,eːriɣ,10,,
807-260-1,,807,260,ärǝɣ,ärǝɣ,æ r ə ɣ,,DEWbOstj,,,,,ärəɣ,ærəɣ,10,,
902-260-1,,902,260,syo,syo,,,JurSWb,,,,,,,11,,"'Throat, song'"
907-260-1,,907,260,lē̮rə,lē̮rə,l ɤː r ə,,SolkWb,,,,,lē̮rə,lɤːrə,12,,
901-260-1,,901,260,bəli̮,bəli̮,b ə l ɯ,,SlNgaRus,,,,,bəli̮,bəlɯ,13,,
101-260-1,,101,260,"laavloe, laalvome",laavloe,,,NSsNdb,,,,,,,1,,
101-260-2,,101,260,"laavloe, laalvome",laalvome,,,NSsNdb,,,,,,,1,,
104-260-1,,104,260,lávvlo,lávvlo,,,EZ,,,,,,,1,,
105-260-1,,105,260,lávlla,lávlla,,,SSSg,,,,,,,1,,
106-260-1,,106,260,laavla,laavla,,,InsSSk,,,,,,,1,,
107-260-1,,107,260,laaul,laaul,,,SKosSk,,,,,,,1,,
108-260-1,,108,260,lāvvl,lāvvl,l aː vː l,,WOLD,,,,,,laːvːl,1,,
102-261-1,,102,261,jeädˈna,jeädˈna,,,WbWlap,,,,,,,1,,
104-261-1,,104,261,jedna,jedna,,,EZ,,,,,,,1,,"'Voice, sound, tone'"
105-261-1,,105,261,jietna,jietna,,,SSSg,,,,,,,1,,
106-261-1,,106,261,jiena,jiena,,,InsSSk,,,,,,,1,,
107-261-1,,107,261,jiõnn,jiõnn,,,SKosSk,,,,,,,1,,
203-261-1,,203,261,ääni,ääni,æː n i,,JL,,,,,,æːni ,1,Fin ǟne- from PU *äni instead of expected Fin **ēne- (Aikio 2012),
204-261-1,,204,261,eäni,eäni,,,KKSV,,,,,,,1,Fin ǟne- from PU *äni instead of expected Fin **ēne- (Aikio 2012),
208-261-1,,208,261,ǟni,ǟni,æː n i,,InkmSk,,,,,ǟni,æːni,1,Fin ǟne- from PU *äni instead of expected Fin **ēne- (Aikio 2012),
209-261-1,,209,261,ǟni,ǟni,æː n i,,VKJMS,,,,,ǟni,æːni,1,Fin ǟne- from PU *äni instead of expected Fin **ēne- (Aikio 2012),
207-261-1,,207,261,kulund,kulund,,,VVS,,,,,,,2,,
209-261-2,,209,261,elinᴇ,elinᴇ,e l i n,,VKJMS,,,,,elin,elin,3,Deriv. from *(h)eli (~ *hǟli),
210-261-1,,210,261,hääl,hääl,h æː l,,SVSk,,,,,,hæːl,3,From *hǟli,
211-261-1,,211,261,helü,helü,,,VESr,,,,,,,3,From *heli (~ *hǟli),
212-261-1,,212,261,ēlʹ ~ ȫlʹ,ēlʹ ~ ȫlʹ,,,LivWb,,,,,,,3,From *(h)ȫli (~ *hǟli),
301-261-1,,301,261,gajtʹ,gajtʹ,ɡ ɑ j tʲ,,MordWb,,,,,gajtʹ,ɡɑjtʲ,4,,
301-261-2,,301,261,vajgelʹ,vajgelʹ,v ɑ j ɡ e ʎ,,MordWb,,,,,vajgelʹ,vɑjɡeʎ,5,,
501-261-1,,501,261,ši̮,ši̮,ʃ ɯ,,SyrjWsch,,,,,ši̮,ʃɯ,6,,
503-261-1,,503,261,ši̮,ši̮,ʃ ɯ,,KoPRSl,,,,,ši̮,ʃɯ,6,,
501-261-2,,501,261,ge̮le̮s,ge̮le̮s,ɡ ɤ l ɤ s,,SyrjWsch,,,,,ge̮le̮s,ɡɤlɤs,7,,
601-261-1,,601,261,hang,hang,h ɒ ŋ ɡ,,FMSz,,,,,,hɒŋɡ,8,,
401-261-1,,401,261,jük,jük,j y k,,SMSk;TscherWb,,,,,jük,jyk,9,,
504-261-1,,504,261,kwara,kwara,k w ɑ r ɑ,,WotjWsch,,,,,kwara,kwɑrɑ,10,,
701-261-1,,701,261,suj,suj,s u j,,WogWb,,,,,suj,suj,11,,
807-261-1,,807,261,sö̆j,sö̆j,s ø ̆ j,,DEWbOstj,,,,,sö̆j,sø̆j,11,,
108-261-1,,108,261,joaff,joaff,j ɒː fː,,WOLD,,,,,,jɒːfː,12,,
701-261-2,,701,261,χalʹ,χalʹ,x ɑ ʎ,,WogWb,,,,,χalʹ,xɑʎ,13,,"'Noise, voice'"
902-261-1,,902,261,múh,múh,,,JurSWb,,,,,,,14,,
907-261-1,,907,261,ćaru,ćaru,tɕ ɑ r u,,SolkWb,,,,,ćaru,tɕɑru,15,,"'Sound, voice'"
901-261-1,,901,261,saü,saü,s ɑ y,,SlNgaRus,,,,,saü,sɑy,16,,
907-261-2,,907,261,sǖmə,sǖmə,s yː m ə,,SolkWb,,,,,sǖmə,syːmə,16,,"'Sound, noise'"
106-261-2,,106,261,pááhu,pááhu,,,InsSSk,,,,,,,17,,
101-261-1,,101,261,tjoeje,tjoeje,,,NSsNdb,,,,,,,18,,"'Voice, sound, tone'"
901-261-2,,901,261,dʹelʹi,dʹelʹi,dʲ e ʎ i,,SlNgaRus,,,,,dʹelʹi,dʲeʎi,19,,
0-262-1,,0,262,[Not reconstructable],,,,UEW;Sam88,,,,,,,?,[Not reconstructable],
101-262-1,,101,262,bestedh,bestedh,,,NSsNdb,,,,,,,1,,
203-262-1,,203,262,pistää,pistää,p i s t̪ æː,,JL,,,,,,pist̪æː,1,,
204-262-1,,204,262,pisteä,pisteä,,,KKSV,,,,,,,1,,
209-262-1,,209,262,pissemä,pissemä,p i sː e m æ,,VKJMS,,,,,pissemä,pisːemæ,1,,
101-262-2,,101,262,baskedh,baskedh,,,NSsNdb,,,,,,,2,"From PFU *puski̮- 'stick, push'",
104-262-1,,104,262,båskådit,båskådit,,,EZ,,,,,,,2,"From PFU *puski̮- 'stick, push'",
207-262-1,,207,262,puskta,puskta,,,VVS,,,,,,,2,"From PFU *puski̮- 'stick, push'",
701-262-1,,701,262,puwti,puwti,p u w t i,,WogWb,,,,,puwti,puwti,2,"From PFU *puski̮- 'stick, push'",
807-262-1,,807,262,poɣləm,poɣləm,p o ɣ l ə m,,DEWbOstj,,,,,poɣləm,poɣləm,2,"From PFU *puski̮- 'stick, push'",
208-262-1,,208,262,törɢäᴅä,törɢäᴅä,t ø r ɡ̥ æ d̥ æ,,InkmSk,,,,,törɢäᴅä,tørɡ̥æd̥æ,3,,
209-262-2,,209,262,"torkkama, törkkämä",torkkama,t o r kː ɑ m ɑ,,VKJMS,,,,,"torkkama, törkkämä",torkːɑmɑ,3,,
209-262-3,,209,262,"torkkama, törkkämä",törkkämä,t ø r kː æ m æ,,VKJMS,,,,,"torkkama, törkkämä",tørkːæmæ,3,,
210-262-1,,210,262,torgata,torgata,t o r k ɑ tː ɑ,,SVSk,,,,,,torkɑtːɑ,3,,
211-262-1,,211,262,ts'urkama ~ ts'orkama,ts'urkama ~ ts'orkama,,,VESr,,,,,,,3,,
212-262-1,,212,262,siskə,siskə,,,LivWb,,,,,,,4,,
102-262-1,,102,262,tjuagˈgoot,tjuagˈgoot,,,WbWlap,,,,,,,5,,
104-262-2,,104,262,tjugget,tjugget,,,EZ,,,,,,,5,,
105-262-1,,105,262,čugget,čugget,,,SSSg,,,,,,,5,,
106-262-1,,106,262,čuog'giđ,čuog'giđ,,,InsSSk,,,,,,,5,,
107-262-1,,107,262,čuõʹǧǧeed,čuõʹǧǧeed,,,SKosSk,,,,,,,5,,'Stick (once)'
108-262-1,,108,262,čōhke,čōhke,t ʃ oː h k e,,WOLD,,,,,,tʃoːhke,5,,
105-262-2,,105,262,cáhkit,cáhkit,,,SSSg,,,,,,,6,,
211-262-2,,211,262,tsuskama,tsuskama,,,VESr,,,,,,,7,,
102-262-2,,102,262,sàggòhtit,sàggòhtit,,,WbWlap,,,,,,,8,,
301-262-1,,301,262,pupams,pupams,p u p ɑ m s,,MordWb,,,,,pupams,pupɑms,9,,
301-262-2,,301,262,śalgoms,śalgoms,ɕ ɑ l ɡ o m s,,MordWb,,,,,śalgoms,ɕɑlɡoms,10,"From PFU *śalkV 'stick (n.), staff, stump'",
401-262-1,,401,262,keram,keram,k e r ɑ m,,SMSk;TscherWb,,,,,keram,kerɑm,12,,
501-262-1,,501,262,suč̣ki̮ni̮,suč̣ki̮ni̮,s u tʃ k ɯ n ɯ,,SyrjWsch,,,,,sučki̮ni̮,sutʃkɯnɯ,13,,
501-262-2,,501,262,bi̮č̣ki̮ni̮,bi̮č̣ki̮ni̮,b ɯ tʃ k ɯ n ɯ,,SyrjWsch,,,,,bi̮čki̮ni̮,bɯtʃkɯnɯ,14,,
504-262-1,,504,262,bi̮škalti̮ni̮,bi̮škalti̮ni̮,b ɯ ʃ k ɑ l t ɯ n ɯ,,WotjWsch,,,,,bi̮škalti̮ni̮,bɯʃkɑltɯnɯ,14,,
401-262-2,,401,262,šurem,šurem,ʃ u r e m,,SMSk;TscherWb,,,,,šurem,ʃurem,15,From PFU *śurwa- 'stick into',
601-262-1,,601,262,szúr,szúr,s uː r,,FMSz,,,,,,suːr,15,From PFU *śurwa- 'stick into',
503-262-1,,503,262,tʹukńitni̮,tʹukńitni̮,tʲ u k ɲ i t n ɯ,,KoPRSl,,,,,tʹukńitni̮,tʲukɲitnɯ,16,,
701-262-2,,701,262,pēli,pēli,p eː l i,,WogWb,,,,,pēli,peːli,17,,
807-262-2,,807,262,pel-,pel-,p e l,,DEWbOstj,,,,,pel-,pel-,17,,
902-262-1,,902,262,ŋetəcy°,ŋetəcy°,,,JurSWb,,,,,,,19,,
907-262-1,,907,262,suə̑ŋkə-,suə̑ŋkə-,s u ə ŋ k ə,,SolkWb,,,,,suə̑ŋkə-,suəŋkə-,20,,
503-262-2,,503,262,tačkavni̮,tačkavni̮,t ɑ tʃ k ɑ v n ɯ,,KoPRSl,,,,,tačkavni̮,tɑtʃkɑvnɯ,21,,
901-262-1,,901,262,nərudʹi,nərudʹi,n ə r u dʲ i,,SlNgaRus,,,,,nərudʹi,nərudʲi,22,,
701-263-1,,701,263,[Form not found],,,,WogWb,,,,,,,?,[Form not found],
807-263-1,,807,263,[Form not found],,,,DEWbOstj,,,,,,,?,[Form not found],
902-263-1,,902,263,[Form not found],,,,JurSWb,,,,,,,?,[Form not found],
203-263-1,,203,263,lainata,lainata,l ɑ i n ɑ t̪ ɑ,,JL,,,,,,lɑinɑt̪ɑ,1,,
204-263-1,,204,263,ottoa laihinah,ottoa laihinah,,,KKSV,,,,,,,1,,Lit. 'take as a loan'
208-263-1,,208,263,lainaᴅa,lainaᴅa,l ɑ i n ɑ d̥ ɑ,,InkmSk,,,,,lainaᴅa,lɑinɑd̥ɑ,1,,
209-263-1,,209,263,лainama,лainama,l ɑ i n ɑ m ɑ,,VKJMS,,,,,lainama,lɑinɑmɑ,1,,
210-263-1,,210,263,"laenata, laenu võtta, laenu saada",laenata,l ɑ e n ɑ tː ɑ l ɑ e n u v ɤ tː ɑ l ɑ e n u s ɑː t ɑ,,SVSk,,,,,,"lɑenɑtːɑ, lɑenu vɤtːɑ, lɑenu sɑːtɑ",1,,
210-263-2,,210,263,"laenata, laenu võtta, laenu saada",laenu võtta,l ɑ e n ɑ tː ɑ l ɑ e n u v ɤ tː ɑ l ɑ e n u s ɑː t ɑ,,SVSk,,,,,,"lɑenɑtːɑ, lɑenu vɤtːɑ, lɑenu sɑːtɑ",1,,
210-263-3,,210,263,"laenata, laenu võtta, laenu saada",laenu saada,l ɑ e n ɑ tː ɑ l ɑ e n u v ɤ tː ɑ l ɑ e n u s ɑː t ɑ,,SVSk,,,,,,"lɑenɑtːɑ, lɑenu vɤtːɑ, lɑenu sɑːtɑ",1,,
211-263-1,,211,263,lainama,lainama,,,VESr,,,,,,,1,,
212-263-1,,212,263,laìnə,laìnə,,,LivWb,,,,,,,1,,
204-263-2,,204,263,otella,otella,,,KKSV,,,,,,,2,,
207-263-1,,207,263,otta velgha,otta velgha,,,VVS,,,,,,,3,,Lit. 'take as a loan'
212-263-2,,212,263,täppìńtʹtʹə,täppìńtʹtʹə,,,LivWb,,,,,,,4,,
105-263-1,,105,263,luoikkahit,luoikkahit,,,SSSg,,,,,,,5,,
106-263-1,,106,263,luoi'hattiđ,luoi'hattiđ,,,InsSSk,,,,,,,5,,
107-263-1,,107,263,luõikkâd,luõikkâd,,,SKosSk,,,,,,,5,,"'Loan, borrow'?"
301-263-1,,301,263,sajems velʹatomga,sajems velʹatomga,s ɑ j e m s v e ʎ ɑ t o m ɡ ɑ,,MordWb,,,,,sajems_velʹatomga,sɑjems veʎɑtomɡɑ,6,,"""Sajems"" 'get, receive'"
501-263-1,,501,263,uǯdi̮ni̮,uǯdi̮ni̮,u dʒ d ɯ n ɯ,,SyrjWsch,,,,,uǯdi̮ni̮,udʒdɯnɯ,7,,
503-263-1,,503,263,"oʒ́e̮savni̮, oʒ́e̮stni̮",oʒ́e̮savni̮,o dʑ ɤ s ɑ v n ɯ,,KoPRSl,,,,,"oʒ́e̮savni̮, oʒ́e̮stni̮",odʑɤsɑvnɯ,7,,
503-263-2,,503,263,"oʒ́e̮savni̮, oʒ́e̮stni̮",oʒ́e̮stni̮,o dʑ ɤ s t n ɯ,,KoPRSl,,,,,"oʒ́e̮savni̮, oʒ́e̮stni̮",odʑɤstnɯ,7,,
601-263-1,,601,263,"kölcsönöz, kölcsönvesz",kölcsönöz,,,FMSz,,,,,,,8,,
601-263-2,,601,263,"kölcsönöz, kölcsönvesz",kölcsönvesz,,,FMSz,,,,,,,8,,
401-263-1,,401,263,"küsə̑lem, küsə̑n nalam",küsə̑lem,k y s ə l e m,,SMSk;TscherWb,,,,,"küsə̑lem, küsə̑n_nalam",kysəlem,9,,Latter lit. 'take as loan'
401-263-2,,401,263,"küsə̑lem, küsə̑n nalam",küsə̑n nalam,k y s ə n n ɑ l ɑ m,,SMSk;TscherWb,,,,,"küsə̑lem, küsə̑n_nalam",kysən nɑlɑm,9,,Latter lit. 'take as loan'
504-263-1,,504,263,punemani̮,punemani̮,p u n e m ɑ n ɯ,,WotjWsch,,,,,punemani̮,punemɑnɯ,10,,
907-263-1,,907,263,səjmi-,səjmi-,s ə j m i,Marginal?,SolkWb,,,,,səjmi-,səjmi-,11,,
101-263-1,,101,263,mïetedh,mïetedh,,,NSsNdb,,,,,,,12,,
101-263-2,,101,263,löönedh,löönedh,,,NSsNdb,,,,,,,1,,
102-263-1,,102,263,luunat,luunat,,,WbWlap,,,,,,,1,,
104-263-1,,104,263,lådnut,lådnut,,,EZ,,,,,,,1,,
107-263-2,,107,263,laiʹnn’jed,laiʹnn’jed,,,SKosSk,,,,,,,1,,"'Loan, borrow'?"
108-263-1,,108,263,lājjne,lājjne,l aː jː n e,,WOLD,,,,,,laːjːne,1,,
901-263-1,,901,263,ətīˀtəsi̮,ətīˀtəsi̮,ə t iː ʔ t ə s ɯ,,SlNgaRus,,,,,ətīˀtəsi̮,ətiːʔtəsɯ,13,,
203-264-1,,203,264,opettaa,opettaa,o̞ p e̞ t̪ː ɑː,,JL,,,,,,o̞pe̞t̪ːɑː,1,,
204-264-1,,204,264,opastoa,opastoa,,,KKSV,,,,,,,1,,
207-264-1,,207,264,opeta,opeta,,,VVS,,,,,,,1,,
208-264-1,,208,264,oʙettā,oʙettā,o b̥ e tː ɑː,,InkmSk,,,,,oʙettā,ob̥etːɑː,1,,
210-264-1,,210,264,õpetada,õpetada,ɤ pː e tː ɑ t ɑ,,SVSk,,,,,,ɤpːetːɑtɑ,1,,
211-264-1,,211,264,oppama,oppama,,,VESr,,,,,,,1,,
212-264-1,,212,264,oppàttə,oppàttə,,,LivWb,,,,,,,1,,
102-264-1,,102,264,hä̀rjahtit,hä̀rjahtit,,,WbWlap,,,,,,,2,,
106-264-1,,106,264,mááttááttiđ,mááttááttiđ,,,InsSSk,,,,,,,3,,
107-264-1,,107,264,mätt’ted,mätt’ted,,,SKosSk,,,,,,,3,,
108-264-1,,108,264,māt’xe,māt’xe,m aː tʲ x e,,WOLD,,,,,,maːtʲxe,3,,
301-264-1,,301,264,tonavtoms,tonavtoms,t o n ɑ v t o m s,,MordWb,,,,,tonavtoms,tonɑvtoms,4,From PFU *tuna-kta- 'learn-(caus.)',
401-264-1,,401,264,tunə̑ktem,tunə̑ktem,t u n ə k t e m,,SMSk;TscherWb,,,,,tunə̑ktem,tunəktem,4,From PFU *tuna-kta- 'learn-(caus.)',
601-264-1,,601,264,tanít,tanít,t ɒ n iː t,,FMSz,,,,,,tɒniːt,4,From PFU *tuna-kta- 'learn-(caus.)' > OHun “tonoht-”,
501-264-1,,501,264,vele̮dni̮,vele̮dni̮,v e l ɤ d n ɯ,,SyrjWsch,,,,,vele̮dni̮,velɤdnɯ,5,,
503-264-1,,503,264,vele̮tni̮,vele̮tni̮,v e l ɤ t n ɯ,,KoPRSl,,,,,vele̮tni̮,velɤtnɯ,5,,
504-264-1,,504,264,valekjani̮,valekjani̮,v ɑ l e k j ɑ n ɯ,,WotjWsch,,,,,valekjani̮,vɑlekjɑnɯ,5,,
601-264-2,,601,264,oktat,oktat,o k t ɒ t,"Deriv. from ""ok"" 'cause, reason'",FMSz,,,,,,oktɒt,6,,
907-264-1,,907,264,ōqəlalčə- ~ ōqəlolčə-,ōqəlalčə- ~ ōqəlolčə-,oː q ə l ɑ l tʃ ə,"Deriv. from ""ōqəl-"" 'teach'",SolkWb,,,,,"ōqəlalčə-, ōqəlolčə-","oːqəlɑltʃə-, oːqəloltʃə-",6,,
504-264-2,,504,264,di̮šeti̮ni̮,di̮šeti̮ni̮,d ɯ ʃ e t ɯ n ɯ,,WotjWsch,,,,,di̮šeti̮ni̮,dɯʃetɯnɯ,7,,
701-264-1,,701,264,χańśti,χańśti,x ɑ ɲ ɕ t i,"Deriv. from ""χańśi"" 'know, perceive, recognize'",WogWb,,,,,χańśti,xɑɲɕti,8,,
902-264-1,,902,264,toxolko°,toxolko°,,"Eur. dial. 'teach', Sib. 'learn'",JurSWb,,,,,,,9,,
106-264-2,,106,264,škovliđ,škovliđ,,,InsSSk,,,,,,,10,,
208-264-2,,208,264,skoulaᴅa,skoulaᴅa,s k o u l ɑ d̥ ɑ,,InkmSk,,,,,skoulaᴅa,skoulɑd̥ɑ,10,"Cf. Swe “skola”, dial. “skoula” 'school'; probably influenced by Rus “škola”",
209-264-1,,209,264,škouлama,škouлama,ʃ k o u l ɑ m ɑ,,VKJMS,,,,,škoulama,ʃkoulɑmɑ,10,"Cf. Swe “skola”, dial. “skoula” 'school'; probably influenced by Rus “škola”",
807-264-1,,807,264,o̭nʽǝltǝ-,o̭nʽǝltǝ-,o̻ n ə l t ə,"Deriv. from ""o̭nʽǝl"" 'know, be aquainted with'",DEWbOstj,,,,,o̭nəltə-,o̻nəltə-,11,,
101-264-1,,101,264,lïeredh,lïeredh,,,NSsNdb,,,,,,,12,,"'Teach, learn'"
104-264-1,,104,264,leradit,leradit,,,EZ,,,,,,,12,,
104-264-2,,104,264,åhpådit,åhpådit,,,EZ,,,,,,,1,,
105-264-1,,105,264,oahpahit,oahpahit,,,SSSg,,,,,,,1,,
107-264-2,,107,264,vuäʹpsted ~ vuäʹppsted,vuäʹpsted ~ vuäʹppsted,,,SKosSk,,,,,,,1,,
901-264-1,,901,264,hi̮lčibti̮si̮,hi̮lčibti̮si̮,h ɯ l tʃ i b t ɯ s ɯ,,SlNgaRus,,,,,hi̮lčibti̮si̮,hɯltʃibtɯsɯ,13,,
807-265-1,,807,265,[Form not found],,,,DEWbOstj,,,,,,,?,[Form not found],
107-265-1,,107,265,päʹštted,päʹštted,,,SKosSk,,,,,,,1,,"'Bake, fry, roast'?"
203-265-1,,203,265,paistaa,paistaa,p ɑ i s t̪ ɑː,,JL,,,,,,pɑist̪ɑː,1,,
208-265-1,,208,265,paistā,paistā,p ɑ i s t ɑː,,InkmSk,,,,,paistā,pɑistɑː,1,,
204-265-1,,204,265,šoarie,šoarie,,,KKSV,,,,,,,2,,
701-265-1,,701,265,sāriti,sāriti,s ɑː r i t i,,WogWb,,,,,sāriti,sɑːriti,2,,"'Fry, bake'"
210-265-1,,210,265,praadida,praadida,p r ɑː t i t ɑ,,SVSk,,,,,,prɑːtitɑ,3,,
211-265-1,,211,265,praat'ma,praat'ma,,,VESr,,,,,,,3,,
212-265-1,,212,265,ūdə,ūdə,,,LivWb,,,,,,,4,,
101-265-1,,101,265,bijredh,bijredh,,,NSsNdb,,,,,,,5,,
105-265-1,,105,265,biđđit,biđđit,,,SSSg,,,,,,,5,,
105-265-2,,105,265,steiket,steiket,,,SSSg,,,,,,,6,,
101-265-2,,101,265,bissedh,bissedh,,,NSsNdb,,,,,,,7,,
102-265-1,,102,265,bisseet,bisseet,,,WbWlap,,,,,,,7,,
104-265-1,,104,265,basset,basset,,,EZ,,,,,,,7,,
106-265-1,,106,265,passeeđ,passeeđ,,,InsSSk,,,,,,,7,,
504-265-1,,504,265,pi̮ži̮ni̮,pi̮ži̮ni̮,p ɯ ʒ ɯ n ɯ,,WotjWsch,,,,,pi̮ži̮ni̮,pɯʒɯnɯ,7,,"'Bake, fry'"
301-265-1,,301,265,ŕestams,ŕestams,rʲ e s t ɑ m s,,MordWb,,,,,ŕestams,rʲestɑms,8,,
401-265-1,,401,265,küeštam,küeštam,k y e ʃ t ɑ m,,SMSk;TscherWb,,,,,küeštam,kyeʃtɑm,9,,
601-265-1,,601,265,süt,süt,ʃ y t,,FMSz,,,,,,ʃyt,10,,
209-265-1,,209,265,tšühzettemä,tšühzettemä,tʃ y h z e tː e m æ,,VKJMS,,,,,čühzettemä,tʃyhzetːemæ,11,,
902-265-1,,902,265,yabcə°,yabcə°,,,JurSWb,,,,,,,12,,"'Bake, ?fry'"
907-265-1,,907,265,pirə-,pirə-,p i r ə,,SolkWb,,,,,pirə-,pirə-,13,,
108-265-1,,108,265,kuerr’te,kuerr’te,k u e rːʲ t e,,WOLD,,,,,,kuerːʲte,14,,
207-265-1,,207,265,žarda,žarda,,,VVS,,,,,,,2,,
209-265-2,,209,265,žāritte̮ma,žāritte̮ma,ʒ ɑː r i tː ɤ m ɑ,,VKJMS,,,,,žāritte̮ma,ʒɑːritːɤmɑ,2,,
501-265-1,,501,265,pražitni̮,pražitni̮,p r ɑ ʒ i t n ɯ,,SyrjWsch,,,,,pražitni̮,prɑʒitnɯ,3,,
503-265-1,,503,265,žaritni̮,žaritni̮,ʒ ɑ r i t n ɯ,,KoPRSl,,,,,žaritni̮,ʒɑritnɯ,2,,
901-265-1,,901,265,śaiði̮si̮,śaiði̮si̮,ɕ ɑ i ð ɯ s ɯ,,SlNgaRus,,,,,śaiδi̮si̮,ɕɑiðɯsɯ,15,,'Burn; fry'
901-266-1,,901,266,[Form not found],,,,SlNgaRus,,,,,,,?,[Form not found],
902-266-1,,902,266,[Form not found],,,,JurSWb,,,,,,,?,[Form not found],
203-266-1,,203,266,kana,kana,k ɑ n ɑ,,JL;MH,,,,,,kɑnɑ ,1,,
204-266-1,,204,266,kana,kana,,,KKSV;MH,,,,,,,1,,
207-266-1,,207,266,kana,kana,,,VVS;MH,,,,,,,1,,
208-266-1,,208,266,kana,kana,k ɑ n ɑ,,InkmSk;MH,,,,,kana,kɑnɑ,1,,
209-266-1,,209,266,kana,kana,k ɑ n ɑ,,VKJMS;MH,,,,,kana,kɑnɑ,1,,
210-266-1,,210,266,kana,kana,k ɑ n ɑ,,SVSk;MH,,,,,,kɑnɑ ,1,,
211-266-1,,211,266,kana,kana,,,VESr;MH,,,,,,,1,,
212-266-1,,212,266,kikk,kikk,,,LivWb,,,,,,,2,,
101-266-1,,101,266,vöönhtse,vöönhtse,,,NSsNdb,,,,,,,3,,
102-266-1,,102,266,vüenntsès,vüenntsès,,,WbWlap,,,,,,,3,,
104-266-1,,104,266,vuanntsa,vuanntsa,,,EZ,,,,,,,3,,
105-266-1,,105,266,vuonccis,vuonccis,,,SSSg,,,,,,,3,,
301-266-1,,301,266,saraz,saraz,s ɑ r ɑ z,,MordWb,,,,,saraz,sɑrɑz,4,,
401-266-1,,401,266,čə̑βe,čə̑βe,tʃ ə β e,,SMSk;TscherWb,,,,,čə̑βe,tʃəβe,5,,
501-266-1,,501,266,ćipan,ćipan,tɕ i p ɑ n,,SyrjWsch,,,,,ćipan,tɕipɑn,6,,
501-266-2,,501,266,kure̮g,kure̮g,k u r ɤ ɡ,,SyrjWsch,,,,,kure̮g,kurɤɡ,7,,
503-266-1,,503,266,kure̮g,kure̮g,k u r ɤ ɡ,,KoPRSl,,,,,kure̮g,kurɤɡ,7,,
504-266-1,,504,266,kureg,kureg,k u r e ɡ,,WotjWsch,,,,,kureg,kureɡ,7,,
601-266-1,,601,266,tyúk,tyúk,c uː k,,FMSz,,,,,,cuːk,8,,
907-266-1,,907,266,kūrəśka,kūrəśka,k uː r ə ɕ k ɑ,,SolkWb,,,,,kūrəśka,kuːrəɕkɑ,7,,"'Hen' or 'cock, rooster'; NB. chickens have been very rare among the Selkup"
701-266-1,,701,266,kurka,kurka,k u r k ɑ,,WogWb,,,,,kurka,kurkɑ,7,,
807-266-1,,807,266,tʹutʹ-kö̆rǝk,tʹutʹ-kö̆rǝk,tʲ u tʲ k ø ̆ r ə k,,DEWbOstj,,,,,tʹutʹ-kö̆rək,tʲutʲ-kø̆rək,7,,
106-266-1,,106,266,kääni,kääni,,,InsSSk;MH,,,,,,,1,,
107-266-1,,107,266,kääʹnn,kääʹnn,,,SKosSk;MH,,,,,,,1,,
108-266-1,,108,266,kānn’,kānn’,k aː nːʲ,,WOLD;MH,,,,,,kaːnːʲ,1,Rießler2009 does not note evidence for borrowing.,
101-267-1,,101,267,[Form not found],,,,NSsNdb,,,,,,,?,[Form not found],
102-267-1,,102,267,[Form not found],,,,WbWlap,,,,,,,?,[Form not found],
104-267-1,,104,267,[Form not found],,,,EZ,,,,,,,?,[Form not found],
106-267-1,,106,267,[Form not found],,,,InsSSk,,,,,,,?,[Form not found],
701-267-1,,701,267,[Form not found],,,,WogWb,,,,,,,?,[Form not found],
807-267-1,,807,267,[Form not found],,,,DEWbOstj,,,,,,,?,[Form not found],
901-267-1,,901,267,[Form not found],,,,SlNgaRus,,,,,,,?,[Form not found],
902-267-1,,902,267,[Form not found],,,,JurSWb,,,,,,,?,[Form not found],
907-267-1,,907,267,[Form not found],,,,SolkWb,,,,,,,?,[Form not found],
203-267-1,,203,267,simpukka,simpukka,s i m p u kː ɑ,,JL,,,,,,simpukːɑ,1,"Cf. Rus “žemčug” 'true pearl', ""žemčužnica"" 'pearl oyster'; Rus form loan from Turkic (same source as Hun “gyöngy”), orig. from Chinese",
204-267-1,,204,267,simtšukka ~ semtšuka,simtšukka ~ semtšuka,,,KKSV,,,,,,,1,"Cf. Rus “žemčug” 'true pearl', ""žemčužnica"" 'pearl oyster'; Rus form loan from Turkic (same source as Hun “gyöngy”), orig. from Chinese",
203-267-2,,203,267,näkinkenkä,näkinkenkä,n æ k i ŋ k e̞ ŋ k æ,,JL,,,,,,nækiŋke̞ŋkæ,2,,
204-267-2,,204,267,roakku ~ roakka,roakku ~ roakka,,,KKSV,,,,,,,3,,"'Crayfish, shell'"
401-267-1,,401,267,rakə̑βoδ,rakə̑βoδ,r ɑ k ə β o ð,,SMSk;TscherWb,,,,,rakə̑βoδ,rɑkəβoð,3,,
207-267-1,,207,267,kovakoŕ,kovakoŕ,,,VVS,,,,,,,4,,"Comp.; ""kova"" 'hard', ""koŕ"" 'shell, case, peel, bark'"
208-267-1,,208,267,konnaŋkarppi,konnaŋkarppi,k o nː ɑ ŋ k ɑ r pː i,,InkmSk,,,,,konnaŋkarppi,konːɑŋkɑrpːi,5,,
209-267-1,,209,267,"konno-karppi, konnò",konno-karppi,k o nː o k ɑ r pː i,,VKJMS,,,,,"konno-karppi, konnò",konːo-kɑrpːi,5,,
209-267-2,,209,267,"konno-karppi, konnò",konnò,k o nː ò,,VKJMS,,,,,"konno-karppi, konnò",konːò,5,,
210-267-1,,210,267,teokarp,teokarp,t e o k ɑ r p,,SVSk,,,,,,teokɑrp,5,,
211-267-1,,211,267,tiokarp',tiokarp',,,VESr,,,,,,,5,,
212-267-1,,212,267,kɔ̄v ~ kɔ̄vəz,kɔ̄v ~ kɔ̄vəz,,,LivWb,,,,,,,6,,"'Snail, slug, shell'"
105-267-1,,105,267,skálžu,skálžu,,,SSSg,,,,,,,7,,
107-267-1,,107,267,skäʹlǯǯ,skäʹlǯǯ,,,SKosSk,,,,,,,7,,
108-267-1,,108,267,kāllh’č,kāllh’č,k aː l̥ːʲ t ʃ,,WOLD,,,,,,kaːl̥ːʲtʃ,7,Rießler2009 does not note evidence for borrowing.,
301-267-1,,301,267,kumbŕa,kumbŕa,k u m b rʲ ɑ,,MordWb,,,,,kumbŕa,kumbrʲɑ,8,,
504-267-1,,504,267,kwalʹem,kwalʹem,k w ɑ ʎ e m,,WotjWsch,,,,,kwalʹem,kwɑʎem,9,,
601-267-1,,601,267,kagylóhéj,kagylóhéj,k ɒ ɟ l oː ɦ eː j,,FMSz,,,,,,kɒɟloːɦeːj,10,,
208-267-2,,208,267,konnaŋkarppi,konnaŋkarppi,k o nː ɑ ŋ k ɑ r pː i,,InkmSk,,,,,konnaŋkarppi,konːɑŋkɑrpːi,11,,
209-267-3,,209,267,"konno-karppi, konnò",konno-karppi,k o nː o k ɑ r pː i,,VKJMS,,,,,"konno-karppi, konnò",konːo-kɑrpːi,11,,
209-267-4,,209,267,"konno-karppi, konnò",konnò,k o nː ò,,VKJMS,,,,,"konno-karppi, konnò",konːò,11,,
210-267-2,,210,267,teokarp,teokarp,t e o k ɑ r p,,SVSk,,,,,,teokɑrp,12,,
211-267-2,,211,267,tiokarp',tiokarp',,,VESr,,,,,,,12,,
501-267-1,,501,267,"rak, rak-pań",rak,r ɑ k,,SyrjWsch,,,,,"rak, rak-pań",rɑk,3,,"Latter comp. with ""pań"" 'spoon'"
501-267-2,,501,267,"rak, rak-pań",rak-pań,r ɑ k p ɑ ɲ,,SyrjWsch,,,,,"rak, rak-pań",rɑk-pɑɲ,3,,"Latter comp. with ""pań"" 'spoon'"
503-267-1,,503,267,rakovina,rakovina,r ɑ k o v i n ɑ,,KoPRSl,,,,,rakovina,rɑkovinɑ,3,,
104-268-1,,104,268,[No equivalent],,,"Phrasally expressed: ""nuorab vällja"" 'younger brother'",EZ,,,,,,,0,[No equivalent],
108-268-1,,108,268,[No equivalent],,,"Phrasally expressed: ""nūra vīll’j"" 'younger brother'",WOLD,,,,,,,0,[No equivalent],
503-268-1,,503,268,[No equivalent],,,"Phrasally expressed: ""uće̮tži̮k von"" 'younger brother'",KoPRSl,,,,,,,0,[No equivalent],
901-268-1,,901,268,[No equivalent],,,,SlNgaRus,,,,,,,0,[No equivalent],"Cf. ""ŋadʹa"" 'younger brother, younger sister, younger brother'"
102-268-1,,102,268,[Form not found],,,"Cf. ""veälˈja"" 'brother'",WbWlap,,,,,,,?,[Form not found],
106-268-1,,106,268,[Form not found],,,"Cf. ""vilja"" 'brother'",InsSSk,,,,,,,?,[Form not found],
107-268-1,,107,268,[Form not found],,,"Cf. ""villj ~ viʹllj"" 'brother'",SKosSk,,,,,,,?,[Form not found],
204-268-1,,204,268,[Form not found],,,,KKSV,,,,,,,?,[Form not found],"""Velji"" 'brother'"
207-268-1,,207,268,[Form not found],,,,VVS,,,,,,,?,[Form not found],"Cf. ""velʹlʹi"" 'brother'"
208-268-1,,208,268,[Form not found],,,,InkmSk,,,,,,,?,[Form not found],
209-268-1,,209,268,[Form not found],,,,VKJMS,,,,,,,?,[Form not found],
501-268-1,,501,268,[Form not found],,,"Cf. ""vok"" 'brother'",SyrjWsch,,,,,,,?,[Form not found],
701-268-1,,701,268,[Form not found],,,,WogWb,,,,,,,?,[Form not found],
203-268-1,,203,268,pikkuveli,pikkuveli,p i kː u ʋ e̞ l i,,JL,,,,,,pikːuʋe̞li,1,,
210-268-1,,210,268,väikevend,väikevend,v æ i kː e v e n t,,SVSk,,,,,,væikːevent,2,,
211-268-1,,211,268,väikuveli,väikuveli,,"Phrasally expressed: ""vähämb veli"" 'younger brother'",VESr,,,,,,,2,,
212-268-1,,212,268,veʾlʹkki,veʾlʹkki,,"Deriv. from ""veʾlʹ"" 'brother'",LivWb,,,,,,,3,,
101-268-1,,101,268,onnevïelle,onnevïelle,,,NSsNdb,,,,,,,4,,
105-268-1,,105,268,"unnavielja, uhcavielja",unnavielja,,,SSSg,,,,,,,4,,Both lit. 'little-brother'
105-268-2,,105,268,"unnavielja, uhcavielja",uhcavielja,,,SSSg,,,,,,,4,,Both lit. 'little-brother'
301-268-1,,301,268,jalaks,jalaks,j ɑ l ɑ k s,"Cf. ""lʹelʹa"" 'older brother'",MordWb,,,,,jalaks,jɑlɑks,5,,
401-268-1,,401,268,šolʹo,šolʹo,ʃ o ʎ o,,SMSk;TscherWb,,,,,šolʹo,ʃoʎo,6,,
601-268-1,,601,268,öcs,öcs,ø t ʃː,,FMSz,,,,,,øtʃː,7,,
504-268-1,,504,268,vi̮n,vi̮n,v ɯ n,,WotjWsch,,,,,vi̮n,vɯn,8,,
902-268-1,,902,268,pyebya,pyebya,,"Cf. “papa” 'younger sister, younger brother'",JurSWb,,,,,,,10,,
907-268-1,,907,268,mī̮ta,mī̮ta,m ɯː t ɑ,,SolkWb,,,,,mī̮ta,mɯːtɑ,11,,
807-268-1,,807,268,kaki̮,kaki̮,k ɑ k ɯ,,DEWbOstj,,,,,kaki̮,kɑkɯ,13,,
203-269-1,,203,269,tulla,tulla,t̪ u lː ɑ,,JL,,,,,,t̪ulːɑ,1,,"'Come, become'"
204-269-1,,204,269,tulla,tulla,,,KKSV,,,,,,,1,,"'Come, become'"
209-269-1,,209,269,tuлe̮ma,tuлe̮ma,t u l ɤ m ɑ,,VKJMS,,,,,tule̮ma,tulɤmɑ,1,,
210-269-1,,210,269,tulla,tulla,t u lː ɑ,,SVSk,,,,,,tulːɑ,1,,"'Come, become'"
207-269-1,,207,269,t́ehtas,t́ehtas,,,VVS,,,,,,,2,From PFU *teki- 'do',
301-269-1,,301,269,tʹejevems,tʹejevems,tʲ e j e v e m s,,MordWb,,,,,tʹejevems,tʲejevems,2,,
208-269-1,,208,269,sāv̆va,sāv̆va,s ɑː v ̆ v ɑ,,InkmSk,,,,,sāv̆va,sɑːv̆vɑ,3,,
210-269-2,,210,269,saada,saada,s ɑː t ɑ,,SVSk,,,,,,sɑːtɑ,3,,"'Get, become'"
211-269-1,,211,269,saama,saama,,,VESr,,,,,,,3,,
212-269-1,,212,269,sɔ̄də,sɔ̄də,,,LivWb,,,,,,,3,,
401-269-1,,401,269,šuam,šuam,ʃ u ɑ m,,SMSk;TscherWb,,,,,šuam,ʃuɑm,3,,
212-269-2,,212,269,līdə,līdə,,,LivWb,,,,,,,4,"From PFU *le- 'be, become'",
401-269-2,,401,269,lijam,lijam,l i j ɑ m,,SMSk;TscherWb,,,,,lijam,lijɑm,4,"From PFU *le- 'be, become'","'Be, can, become'"
501-269-1,,501,269,loni̮,loni̮,l o n ɯ,,SyrjWsch,,,,,loni̮,lonɯ,4,"From PFU *le- 'be, become'",
503-269-1,,503,269,loni̮,loni̮,l o n ɯ,,KoPRSl,,,,,loni̮,lonɯ,4,"From PFU *le- 'be, become'",
504-269-1,,504,269,lui̮ni̮,lui̮ni̮,l u ɯ n ɯ,,WotjWsch,,,,,lui̮ni̮,luɯnɯ,4,"From PFU *le- 'be, become'","'Become, be, be possible'"
601-269-1,,601,269,lesz,lesz,l ɛ sː,,FMSz,,,,,,lɛsː,4,"From PFU *le- 'be, become'","Become, be (fut.)'; argument marked with “-vé/vá”"
101-269-1,,101,269,sjïdtedh,sjïdtedh,,,NSsNdb,,,,,,,5,Cf. Fin “süntü-” 'be born',
102-269-1,,102,269,sjadˈdat,sjadˈdat,,,WbWlap,,,,,,,5,Cf. Fin “süntü-” 'be born',"'Grow, become'"
104-269-1,,104,269,sjaddat,sjaddat,,,EZ,,,,,,,5,Cf. Fin “süntü-” 'be born',"'Grow, become'"
105-269-1,,105,269,šaddat,šaddat,,,SSSg,,,,,,,5,Cf. Fin “süntü-” 'be born',
106-269-1,,106,269,šoddađ,šoddađ,,,InsSSk,,,,,,,5,Cf. Fin “süntü-” 'be born',
107-269-1,,107,269,šõddâd,šõddâd,,,SKosSk,,,,,,,5,Cf. Fin “süntü-” 'be born',
108-269-1,,108,269,šēnnte,šēnnte,ʃ eː nː t e,,WOLD,,,,,,ʃeːnːte,5,Cf. Fin “süntü-” 'be born',
105-269-2,,105,269,boahtit,boahtit,,,SSSg,,,,,,,6,Cf. Fin “süntü-” 'be born',
301-269-2,,301,269,arams,arams,ɑ r ɑ m s,,MordWb,,,,,arams,ɑrɑms,7,,
504-269-2,,504,269,poti̮ni̮,poti̮ni̮,p o t ɯ n ɯ,,WotjWsch,,,,,poti̮ni̮,potɯnɯ,8,,"'Come out of, consist of, grow, become'"
701-269-1,,701,269,wārχati,wārχati,w ɑː r x ɑ t i,"Deriv. from ""wāri"" 'do, make, cause'",WogWb,,,,,wārχati,wɑːrxɑti,9,,
701-269-2,,701,269,taχi,taχi,t ɑ x i,,WogWb,,,,,taχi,tɑxi,10,,
902-269-1,,902,269,xæsy°,xæsy°,,,JurSWb,,,,,,,11,,"'Leave, depart, become'"
907-269-1,,907,269,esu-,esu-,e s u,,SolkWb,,,,,esu-,esu-,12,,
807-269-1,,807,269,jǝ-,jǝ-,j ə,,DEWbOstj,,,,,jə-,jə-,13,,"'Become, begin'; deriv. from ""jö̆-"" 'come'"
601-269-2,,601,269,válik,válik,v aː l i k,,FMSz,,,,,,vaːlik,14,,"'Become, change'; argument marked with “-vé/vá”"
901-269-1,,901,269,"koni̮dʹi, iśa koni̮dʹi",koni̮dʹi,k o n ɯ dʲ i,,SlNgaRus,,,,,"koni̮dʹi, iśa_koni̮dʹi",konɯdʲi,15,,
901-269-2,,901,269,"koni̮dʹi, iśa koni̮dʹi",iśa koni̮dʹi,i ɕ ɑ k o n ɯ dʲ i,,SlNgaRus,,,,,"koni̮dʹi, iśa_koni̮dʹi",iɕɑ konɯdʲi,15,,
0-27-1,,0,27,*kiwi,*kiwi,,PFU *kiwi,UEW;Sam88,,,,,,,1,,
203-27-1,,203,27,kivi,kivi,k i ʋ i,,JL,,,,,,kiʋi,1,,
204-27-1,,204,27,kivi,kivi,,,KKSV,,,,,,,1,,
207-27-1,,207,27,kivi,kivi,,,VVS,,,,,,,1,,
208-27-1,,208,27,kivi,kivi,k i v i,,InkmSk,,,,,kivi,kivi,1,,
209-27-1,,209,27,tšivi,tšivi,tʃ i v i,,VKJMS,,,,,čivi,tʃivi,1,,
210-27-1,,210,27,kivi,kivi,k i v i,,SVSk,,,,,,kivi,1,,
211-27-1,,211,27,kivi,kivi,,,VESr,,,,,,,1,,
212-27-1,,212,27,kiʾuv ~ kiʾv etc.,kiʾuv ~ kiʾv etc.,,,LivWb,,,,,,,1,,
301-27-1,,301,27,kʹev ~ kʹäv,kʹev ~ kʹäv,c e v,,MordWb,,,,,"ḱev, ḱäv","cev, cæv",1,,
401-27-1,,401,27,kü,kü,k y,,SMSk;TscherWb,,,,,kü,ky,1,,
601-27-1,,601,27,kő,kő,k øː,,FMSz,,,,,,køː,1,,
807-27-1,,807,27,köχ,köχ,k ø x,,DEWbOstj,,,,,köχ,køx,1,,
101-27-1,,101,27,gierkie,gierkie,,,NSsNdb,,,,,,,2,,
102-27-1,,102,27,geädˈgee,geädˈgee,,,WbWlap,,,,,,,2,,
104-27-1,,104,27,gärrge ~ gäddge ~ gällo,gärrge ~ gäddge ~ gällo,,,EZ,,,,,,,2,,
105-27-1,,105,27,geađgi,geađgi,,,SSSg,,,,,,,2,,
106-27-1,,106,27,keđgi,keđgi,,,InsSSk,,,,,,,2,,
107-27-1,,107,27,ǩeäʹdǧǧ,ǩeäʹdǧǧ,,,SKosSk,,,,,,,2,,
108-27-1,,108,27,kiedd’k,kiedd’k,k i e dːʲ k,,WOLD,,,,,,kiedːʲk,2,,
501-27-1,,501,27,iz,iz,i z,,SyrjWsch,,,,,iz,iz,3,,
503-27-1,,503,27,iz,iz,i z,,KoPRSl,,,,,iz,iz,3,,
504-27-1,,504,27,iz,iz,i z,,WotjWsch,,,,,iz,iz,3,,
701-27-1,,701,27,āχwtas,āχwtas,ɑː xʷ t ɑ s,,WogWb,,,,,āχwtas,ɑːxʷtɑs,4,,
901-27-1,,901,27,hualə,hualə,h u ɑ l ə,,SlNgaRus,,,,,hualə,huɑlə,5,,
902-27-1,,902,27,pæ,pæ,,,JurSWb,,,,,,,5,,
907-27-1,,907,27,pǖ,pǖ,p yː,,SolkWb,,,,,pǖ,pyː,5,,
101-270-1,,101,270,[Form not found],,,,NSsNdb,,,,,,,?,[Form not found],
102-270-1,,102,270,[Form not found],,,,WbWlap,,,,,,,?,[Form not found],
106-270-1,,106,270,[Form not found],,,"Cf. ""háisuđ"" 'smell'",InsSSk,,,,,,,?,[Form not found],
212-270-1,,212,270,[Form not found],,,"Cf. ""vaìnə"" 'stink'",LivWb,,,,,,,?,[Form not found],
701-270-1,,701,270,[Form not found],,,Cf. “pasi” 'stink',WogWb,,,,,,,?,[Form not found],
901-270-1,,901,270,[Form not found],,,,SlNgaRus,,,,,,,?,[Form not found],
902-270-1,,902,270,[Form not found],,,,JurSWb,,,,,,,?,[Form not found],
203-270-1,,203,270,haiseva,haiseva,h ɑ i s e̞ ʋ ɑ,,JL,,,,,,hɑise̞ʋɑ,1,,
207-270-1,,207,270,haižukaz,haižukaz,,,NRVS,,,,,,,1,,
208-270-1,,208,270,haisova,haisova,h ɑ i s o v ɑ,,InkmSk,,,,,haisova,hɑisovɑ,1,,
209-270-1,,209,270,haise̮va,haise̮va,h ɑ i s ɤ v ɑ,,VKJMS,,,,,haise̮va,hɑisɤvɑ,1,,
210-270-1,,210,270,haisev,haisev,h ɑ i s e v,,SVSk,,,,,,hɑisev ,1,,
211-270-1,,211,270,haisva,haisva,,"Cf. ""haisama"" 'stink'",VESr,,,,,,,1,,
204-270-1,,204,270,"tuuhukas ~ tuuhhukas, pahatuuhuine",tuuhukas ~ tuuhhukas,,,KKSV,,,,,,,2,,
204-270-2,,204,270,"tuuhukas ~ tuuhhukas, pahatuuhuine",pahatuuhuine,,,KKSV,,,,,,,2,,
105-270-1,,105,270,guohca,guohca,,,SSSg,,,,,,,3,,"'Rotten, foul smelling'"
105-270-2,,105,270,bahča,bahča,,,SSSg,,,,,,,4,,'Bitter smelling'
107-270-1,,107,270,šuõrš,šuõrš,,,SKosSk,,,,,,,5,,
301-270-1,,301,270,čińev,čińev,tʃ i ɲ e v,,MordWb,,,,,čińev,tʃiɲev,6,,
104-270-1,,104,270,hapsas,hapsas,,,EZ,,,,,,,7,,
108-270-1,,108,270,aps,aps,a p s,,WOLD,,,,,,aps,7,,
401-270-1,,401,270,üpšə̑šö,üpšə̑šö,y p ʃ ə ʃ ø,,SMSk;TscherWb,,,,,üpšə̑šö,ypʃəʃø,7,,
501-270-1,,501,270,isa,isa,i s ɑ,,SyrjWsch,,,,,isa,isɑ,7,,"'Smelly, stinking'; deriv. from ""is"" 'smell, stink'"
601-270-1,,601,270,büdös,büdös,b y d ø ʃ,,FMSz,,,,,,bydøʃ,8,,
503-270-1,,503,270,zi̮na,zi̮na,z ɯ n ɑ,"Cf. ""zi̮n"" 'smell (n.)'",KoPRSl,,,,,zi̮na,zɯnɑ,9,,
504-270-1,,504,270,zi̮m,zi̮m,z ɯ m,,WotjWsch,,,,,zi̮m,zɯm,9,,
807-270-1,,807,270,pi̮ki̮m,pi̮ki̮m,p ɯ k ɯ m,,DEWbOstj,,,,,pi̮ki̮m,pɯkɯm,10,,"'Spoiled, bad smelling'"
907-270-1,,907,270,tǖtəńi-,tǖtəńi-,t yː t ə ɲ i,"Deriv. from ""tüt"" 'shit'",SolkWb,,,,,tǖtəńi-,tyːtəɲi-,11,,
101-271-1,,101,271,[Form not found],,,,NSsNdb,,,,,,,?,[Form not found],
104-271-1,,104,271,[Form not found],,,,EZ,,,,,,,?,[Form not found],
701-271-1,,701,271,[Form not found],,,,WogWb,,,,,,,?,[Form not found],
807-271-1,,807,271,[Form not found],,,,DEWbOstj,,,,,,,?,[Form not found],
901-271-1,,901,271,[Form not found],,,,SlNgaRus,,,,,,,?,[Form not found],
902-271-1,,902,271,[Form not found],,,,JurSWb,,,,,,,?,[Form not found],
907-271-1,,907,271,[Form not found],,,,SolkWb,,,,,,,?,[Form not found],
203-271-1,,203,271,"karhea, karkea",karhea,k ɑ r ç e̞ ɑ k ɑ r k e̞ ɑ,,JL,,,,,,"kɑrçe̞ɑ, kɑrke̞ɑ",1,,
203-271-2,,203,271,"karhea, karkea",karkea,k ɑ r ç e̞ ɑ k ɑ r k e̞ ɑ,,JL,,,,,,"kɑrçe̞ɑ, kɑrke̞ɑ",1,,
204-271-1,,204,271,kartšakka,kartšakka,,,KKSV,,,,,,,1,,
208-271-1,,208,271,karhia,karhia,k ɑ r h i ɑ,,InkmSk,,,,,karhia,kɑrhiɑ,1,,
209-271-1,,209,271,karma,karma,k ɑ r m ɑ,,VKJMS,,,,,karma,kɑrmɑ,1,,
210-271-1,,210,271,kare,kare,k ɑ r e,,SVSk,,,,,,kɑre,1,,
211-271-1,,211,271,"kahrõq, korrõ",kahrõq,,,VESr,,,,,,,1,,
211-271-2,,211,271,"kahrõq, korrõ",korrõ,,,VESr,,,,,,,1,,
212-271-1,,212,271,kaʾrdə,kaʾrdə,,,LivWb,,,,,,,1,,
204-271-2,,204,271,kahakka,kahakka,,,KKSV,,,,,,,2,,
207-271-1,,207,271,rubekaz,rubekaz,,,NRVS,,,,,,,3,,
105-271-1,,105,271,roakkas,roakkas,,,SSSg,,,,,,,4,,
105-271-2,,105,271,roavis,roavis,,,SSSg,,,,,,,5,,
106-271-1,,106,271,roavis,roavis,,,InsSSk,,,,,,,5,,
107-271-1,,107,271,krååvan,krååvan,,,SKosSk,,,,,,,5,,
102-271-1,,102,271,rååsmaga,rååsmaga,,,WbWlap,,,,,,,6,,
301-271-1,,301,271,kaźamo,kaźamo,k ɑ ʑ ɑ m o,,MordWb,,,,,kaźamo,kɑʑɑmo,7,,
401-271-1,,401,271,kozə̑ra,kozə̑ra,k o z ə r ɑ,,SMSk;TscherWb,,,,,kozə̑ra,kozərɑ,7,,
301-271-2,,301,271,iržańa,iržańa,i r ʒ ɑ ɲ ɑ,,MordWb,,,,,iržańa,irʒɑɲɑ,8,,
401-271-2,,401,271,koštə̑ra,koštə̑ra,k o ʃ t ə r ɑ,,SMSk;TscherWb,,,,,koštə̑ra,koʃtərɑ,9,,
501-271-1,,501,271,zumi̮d,zumi̮d,z u m ɯ d,,SyrjWsch,,,,,zumi̮d,zumɯd,10,,
601-271-1,,601,271,durva,durva,d u r v ɒ,,FMSz,,,,,,durvɒ,11,,"'Rough; crude, harsh'"
504-271-1,,504,271,šakres,šakres,ʃ ɑ k r e s,Dialectal?,WotjWsch,,,,,šakres,ʃɑkres,12,,
108-271-1,,108,271,kērr,kērr,k eː rː,,WOLD,,,,,,keːrː,13,,
208-271-2,,208,271,kale,kale,k ɑ l e,,InkmSk,,,,,kale,kɑle,14,,
503-271-1,,503,271,ćori̮t,ćori̮t,tɕ o r ɯ t,,KoPRSl,,,,,ćori̮t,tɕorɯt,15,,"'Coarse, hard'"
106-272-1,,106,272,[Form not found],,,,InsSSk,,,,,,,?,[Form not found],
203-272-1,,203,272,ravistaa,ravistaa,r ɑ ʋ i s t̪ ɑː,,JL,,,,,,rɑʋist̪ɑː,1,,
701-272-1,,701,272,rēpi,rēpi,r eː p i,,WogWb,,,,,rēpi,reːpi,5,From PFU ?*räppä- ?,
901-272-1,,901,272,torkičusa,torkičusa,t o r k i tʃ u s ɑ,,SlNgaRus,,,,,torkičusa,torkitʃusɑ,27,,"'Shake, wake up by shaking'"
601-272-1,,601,272,ráz,ráz,r aː z,,FMSz,,,,,,raːz,26,,
204-272-1,,204,272,puistoa,puistoa,,,KKSV,,,,,,,2,,
207-272-1,,207,272,pudištada,pudištada,,,NRVS,,,,,,,2,,
208-272-1,,208,272,puissella,puissella,p u i sː e lː ɑ,,InkmSk,,,,,puissella,puisːelːɑ,2,,
209-272-1,,209,272,puisse̮ma,puisse̮ma,p u i sː ɤ m ɑ,,VKJMS,,,,,puisse̮ma,puisːɤmɑ,2,,
209-272-2,,209,272,"rapautte̮ma, rappama, raputte̮ma",rapautte̮ma,r ɑ p ɑ u tː ɤ m ɑ,,VKJMS,,,,,"rapautte̮ma, rappama, raputte̮ma",rɑpɑutːɤmɑ,3,,
209-272-3,,209,272,"rapautte̮ma, rappama, raputte̮ma",rappama,r ɑ pː ɑ m ɑ,,VKJMS,,,,,"rapautte̮ma, rappama, raputte̮ma",rɑpːɑmɑ,3,,
209-272-4,,209,272,"rapautte̮ma, rappama, raputte̮ma",raputte̮ma,r ɑ p u tː ɤ m ɑ,,VKJMS,,,,,"rapautte̮ma, rappama, raputte̮ma",rɑputːɤmɑ,3,,
210-272-1,,210,272,raputada,raputada,r ɑ pː u tː ɑ t ɑ,,SVSk,,,,,,rɑpːutːɑtɑ,3,,
211-272-1,,211,272,"raputama, rapahtama, rapahutma",raputama,,,VESr,,,,,,,3,,
211-272-2,,211,272,"raputama, rapahtama, rapahutma",rapahtama,,,VESr,,,,,,,3,,
211-272-3,,211,272,"raputama, rapahtama, rapahutma",rapahutma,,,VESr,,,,,,,3,,
212-272-1,,212,272,veʾrštə,veʾrštə,,,LivWb,,,,,,,4,Cogn. with Fin “väristää” 'make shiver',
212-272-2,,212,272,repptʹə ~ röpptʹə,repptʹə ~ röpptʹə,,,LivWb,,,,,,,5,From PFU ?*räppä- ?,
105-272-1,,105,272,šluvgit,šluvgit,,,SSSg,,,,,,,6,,
102-272-1,,102,272,firrʽkat,firrʽkat,,"Sic; for ""firrhkat""?",WbWlap,,,,,,,7,,
104-272-1,,104,272,firkot,firkot,,,EZ,,,,,,,7,,
301-272-1,,301,272,čukadʹems,čukadʹems,tʃ u k ɑ dʲ e m s,,MordWb,,,,,čukadʹems,tʃukɑdʲems,8,,
301-272-2,,301,272,sornovtoms,sornovtoms,s o r n o v t o m s,,MordWb,,,,,sornovtoms,sornovtoms,9,,
301-272-3,,301,272,tʹerńevtʹems,tʹerńevtʹems,tʲ e r ɲ e v tʲ e m s,,MordWb,,,,,tʹerńevtʹems,tʲerɲevtʲems,10,,
401-272-1,,401,272,čə̑tə̑rə̑ktem,čə̑tə̑rə̑ktem,tʃ ə t ə r ə k t e m,,SMSk;TscherWb,,,,,čə̑tə̑rə̑ktem,tʃətərəktem,11,,
401-272-2,,401,272,rüzem,rüzem,r y z e m,,SMSk;TscherWb,,,,,rüzem,ryzem,12,,
401-272-3,,401,272,loŋam,loŋam,l o ŋ ɑ m,,SMSk;TscherWb,,,,,loŋam,loŋɑm,13,,
501-272-1,,501,272,zurke̮dni̮,zurke̮dni̮,z u r k ɤ d n ɯ,,SyrjWsch,,,,,zurke̮dni̮,zurkɤdnɯ,14,,
501-272-2,,501,272,varke̮dni̮,varke̮dni̮,v ɑ r k ɤ d n ɯ,,SyrjWsch,,,,,varke̮dni̮,vɑrkɤdnɯ,15,,
907-272-1,,907,272,čupər-,čupər-,tʃ u p ə r,,SolkWb,,,,,čupər-,tʃupər-,16,,
504-272-1,,504,272,sezjani,sezjani,s e z j ɑ n i,,WotjWsch,,,,,sezjani,sezjɑni,17,,
101-272-1,,101,272,såvnjodh,såvnjodh,,,NSsNdb,,,,,,,18,,
104-272-2,,104,272,sjavdnjot,sjavdnjot,,,EZ,,,,,,,18,,
701-272-2,,701,272,rēχti,rēχti,r eː x t i,,WogWb,,,,,rēχti,reːxti,19,,
902-272-1,,902,272,lyed°rəltye-,lyed°rəltye-,,,JurSWb,,,,,,,20,,
807-272-1,,807,272,nö̆ɣǝt- ~ ṇö̆ɣǝt-,nö̆ɣǝt- ~ ṇö̆ɣǝt-,n ø ̆ ɣ ə t,,DEWbOstj,,,,,"nö̆ɣət-, ṇö̆ɣət-","nø̆ɣət-, ɳø̆ɣət-",22,,
107-272-1,,107,272,puʹštted,puʹštted,,,SKosSk,,,,,,,2,,
108-272-1,,108,272,pušš’te,pušš’te,p u ʃːʲ t e,,WOLD,,,,,,puʃːʲte,2,Rießler2009 does not note evidence for borrowing.,
503-272-1,,503,272,pi̮rke̮tni̮,pi̮rke̮tni̮,p ɯ r k ɤ t n ɯ,,KoPRSl,,,,,pi̮rke̮tni̮,pɯrkɤtnɯ,24,,
503-272-2,,503,272,treke̮tni̮,treke̮tni̮,t r e k ɤ t n ɯ,,KoPRSl,,,,,treke̮tni̮,trekɤtnɯ,25,,
504-273-1,,504,273,[Form not found],,,"Cf. ""tšukna"" 'in the morning', deriv. from ""tšuk"", 'early'",WotjWsch,,,,,,,?,[Form not found],
203-273-1,,203,273,aamu,aamu,ɑː m u,,JL,,,,,,ɑːmu,1,,
204-273-1,,204,273,huomenes,huomenes,,,KKSV,,,,,,,2,,
207-273-1,,207,273,homendez,homendez,,,VVS,,,,,,,2,,
208-273-1,,208,273,hōmuz,hōmuz,h oː m u z,,InkmSk,,,,,hōmuz,hoːmuz,2,,
209-273-1,,209,273,ōmnikko,ōmnikko,oː m n i kː o,,VKJMS,,,,,ōmnikko,oːmnikːo,2,,
210-273-1,,210,273,hommik,hommik,h o mː i k,,SVSk,,,,,,homːik,2,,
211-273-1,,211,273,hummok ~ hummong,hummok ~ hummong,,,VESr,,,,,,,2,,
212-273-1,,212,273,uòməg,uòməg,,,LivWb,,,,,,,2,,
105-273-1,,105,273,iđit,iđit,,,SSSg,,,,,,,3,,
106-273-1,,106,273,iiđeed,iiđeed,,,InsSSk,,,,,,,3,,
107-273-1,,107,273,eeʹđääldõž,eeʹđääldõž,,,SKosSk,,,,,,,3,,
101-273-1,,101,273,aerede,aerede,,,NSsNdb,,,,,,,4,"Cf. ON ""árr"" 'early'",
102-273-1,,102,273,aarrada,aarrada,,,WbWlap,,,,,,,4,"Cf. ON ""árr"" 'early'",
104-273-1,,104,273,árrat,árrat,,,EZ,,,,,,,4,"Cf. ON ""árr"" 'early'",
107-273-2,,107,273,tueʹlääž,tueʹlääž,,,SKosSk,,,,,,,5,,
301-273-1,,301,273,"valske, valskemarto",valske,v ɑ l s k e,,MordWb,,,,,"valske, valskemarto",vɑlske,6,,
301-273-2,,301,273,"valske, valskemarto",valskemarto,v ɑ l s k e m ɑ r t o,,MordWb,,,,,"valske, valskemarto",vɑlskemɑrto,6,,
401-273-1,,401,273,er,er,e r,,SMSk;TscherWb,,,,,er,er,7,,
501-273-1,,501,273,asi̮v,asi̮v,ɑ s ɯ v,,SyrjWsch,,,,,asi̮v,ɑsɯv,8,,
503-273-1,,503,273,asi̮v,asi̮v,ɑ s ɯ v,,KoPRSl,,,,,asi̮v,ɑsɯv,8,,
601-273-1,,601,273,reggel,reggel,r ɛ ɡː ɛ l,,FMSz,,,,,,rɛɡːɛl,9,,
701-273-1,,701,273,χol,χol,x o l,,WogWb,,,,,χol,xol,10,,
902-273-1,,902,273,xúb°ta,xúb°ta,,,JurSWb,,,,,,,11,,
907-273-1,,907,273,qarə,qarə,q ɑ r ə,,SolkWb,,,,,qarə,qɑrə,12,,
108-273-1,,108,273,īnckenč,īnckenč,iː n c k e n t ʃ,,WOLD,,,,,,iːnckentʃ,13,,
807-273-1,,807,273,ālǝŋ,ālǝŋ,ɑː l ə ŋ,,DEWbOstj,,,,,āləŋ,ɑːləŋ,14,,
901-273-1,,901,273,küðiatu,küðiatu,k y ð i ɑ t u,,SlNgaRus,,,,,küδiatu,kyðiɑtu,15,,
807-274-1,,807,274,[Form not found],,,,DEWbOstj,,,,,,,?,[Form not found],
902-274-1,,902,274,[Form not found],,,,JurSWb,,,,,,,?,[Form not found],
907-274-1,,907,274,[Form not found],,,,SolkWb,,,,,,,?,[Form not found],
203-274-1,,203,274,puhdas,puhdas,p u x d ɑ s,,JL,,,,,,puxdɑs,1,,
204-274-1,,204,274,puhas,puhas,,,KKSV,,,,,,,1,,
207-274-1,,207,274,puhtaz,puhtaz,,,VVS,,,,,,,1,,
208-274-1,,208,274,puhaz,puhaz,p u h ɑ z,,InkmSk,,,,,puhaz,puhɑz,1,,
209-274-1,,209,274,puhas,puhas,p u h ɑ s,,VKJMS,,,,,puhas,puhɑs,1,,
210-274-1,,210,274,puhas,puhas,p u h ɑ s,,SVSk,,,,,,puhɑs,1,,
211-274-1,,211,274,puhas,puhas,,,VESr,,,,,,,1,,
212-274-1,,212,274,pūʾdəz,pūʾdəz,,,LivWb,,,,,,,1,,
101-274-1,,101,274,raajne,raajne,,,NSsNdb,,,,,,,2,,
102-274-1,,102,274,ràidna,ràidna,,,WbWlap,,,,,,,2,,
104-274-1,,104,274,rájnas,rájnas,,,EZ,,,,,,,2,,
105-274-1,,105,274,ráinnas,ráinnas,,,SSSg,,,,,,,2,,
301-274-1,,301,274,vańks,vańks,v ɑ ɲ k s,,MordWb,,,,,vańks,vɑɲks,3,,
401-274-1,,401,274,jandar,jandar,j ɑ n d ɑ r,,SMSk;TscherWb,,,,,jandar,jɑndɑr,4,,
401-274-2,,401,274,aru,aru,ɑ r u,,SMSk;TscherWb,,,,,aru,ɑru,5,,
501-274-1,,501,274,pelʹk,pelʹk,p e ʎ k,,SyrjWsch,,,,,pelʹk,peʎk,6,,"'Agile, skillful, clean, tidy'"
503-274-1,,503,274,se̮ste̮m,se̮ste̮m,s ɤ s t ɤ m,"Caritive deriv. from ""se̮s"" 'dirt, dirtiness; dirty, unclean'",KoPRSl,,,,,se̮ste̮m,sɤstɤm,7,,
504-274-1,,504,274,ćilki̮t,ćilki̮t,tɕ i l k ɯ t,,WotjWsch,,,,,ćilki̮t,tɕilkɯt,8,,
504-274-2,,504,274,taza,taza,t ɑ z ɑ,,WotjWsch,,,,,taza,tɑzɑ,9,,
108-274-1,,108,274,čīllk,čīllk,t ʃ iː lː k,,WOLD,,,,,,tʃiːlːk,10,,
601-274-1,,601,274,tiszta,tiszta,t i s t ɒ,,FMSz,,,,,,tistɒ,11,,
209-274-2,,209,274,sīvo,sīvo,s iː v o,,VKJMS,,,,,sīvo,siːvo,12,,
701-274-1,,701,274,sistam,sistam,s i s t ɑ m,,WogWb,,,,,sistam,sistɑm,7,,
901-274-1,,901,274,ńarajkuə,ńarajkuə,ɲ ɑ r ɑ j k u ə,,SlNgaRus,,,,,ńarajkuə,ɲɑrɑjkuə,13,,
105-274-2,,105,274,buhtis,buhtis,,,SSSg,,,,,,,1,,
106-274-1,,106,274,putes,putes,,,InsSSk,,,,,,,1,,
107-274-1,,107,274,puuʹttes,puuʹttes,,,SKosSk,,,,,,,1,,
501-275-1,,501,275,[Form not found],,,,SyrjWsch,,,,,,,?,[Form not found],
101-275-1,,101,275,vïjve,vïjve,,,NSsNdb,,,,,,,1,,
102-275-1,,102,275,"vivva, vivvas",vivva,,,WbWlap,,,,,,,1,,
102-275-2,,102,275,"vivva, vivvas",vivvas,,,WbWlap,,,,,,,1,,
104-275-1,,104,275,vivva,vivva,,,EZ,,,,,,,1,,
105-275-1,,105,275,vivva,vivva,,,SSSg,,,,,,,1,,
106-275-1,,106,275,vivva,vivva,,,InsSSk,,,,,,,1,,
107-275-1,,107,275,vivv,vivv,,,SKosSk,,,,,,,1,,
108-275-1,,108,275,vɨvv,vɨvv,v ɨ vː,,WOLD,,,,,,vɨvː,1,,
203-275-1,,203,275,vävy,vävy,ʋ æ v y,,JL,,,,,,ʋævy,1,,
204-275-1,,204,275,vävy,vävy,,,KKSV,,,,,,,1,,
207-275-1,,207,275,vävu,vävu,,,VVS,,,,,,,1,,
208-275-1,,208,275,vävü,vävü,v æ v y,,InkmSk,,,,,vävü,vævy,1,,
209-275-1,,209,275,vävü,vävü,v æ v y,,VKJMS,,,,,vävü,vævy,1,,
210-275-1,,210,275,"väi, väimees",väi,v æ i v æ i m eː s,,SVSk,,,,,,"væi, væimeːs",1,,"Latter comp. with ""mees"" 'man'"
210-275-2,,210,275,"väi, väimees",väimees,v æ i v æ i m eː s,,SVSk,,,,,,"væi, væimeːs",1,,"Latter comp. with ""mees"" 'man'"
211-275-1,,211,275,väü,väü,,,VESr,,,,,,,1,,
401-275-1,,401,275,βeŋe,βeŋe,β e ŋ e,,SMSk;TscherWb,,,,,βeŋe,βeŋe,1,,
601-275-1,,601,275,vő,vő,v øː,,FMSz,,,,,,vøː,1,,
807-275-1,,807,275,wo̭ŋ,wo̭ŋ,w o̻ ŋ,,DEWbOstj,,,,,wo̭ŋ,wo̻ŋ,1,,
901-275-1,,901,275,biŋi,biŋi,b i ŋ i,,SlNgaRus,,,,,biŋi,biŋi,1,,
902-275-1,,902,275,yiy°,yiy°,,,JurSWb,,,,,,,1,,
907-275-1,,907,275,kuə̑nək,kuə̑nək,k u ə n ə k,,SolkWb,,,,,kuə̑nək,kuənək,1,,
212-275-1,,212,275,znùott,znùott,,,LivWb,,,,,,,2,,
212-275-2,,212,275,tidàr-mìez,tidàr-mìez,,,LivWb,,,,,,,3,,Lit. 'daughter-man'
107-275-2,,107,275,zeeʹtt,zeeʹtt,,,SKosSk,,,,,,,4,,
108-275-2,,108,275,zeaht’,zeaht’,z e a h tʲ,,WOLD,,,,,,zeahtʲ,4,,
301-275-1,,301,275,sodamo,sodamo,s o d ɑ m o,,MordWb,,,,,sodamo,sodɑmo,5,,
701-275-1,,701,275,wāps,wāps,w ɑː p s,,WogWb,,,,,wāps,wɑːps,7,,
907-275-2,,907,275,emnä,emnä,e m n æ,,SolkWb,,,,,emnä,emnæ,8,,
504-275-1,,504,275,emes-pi,emes-pi,e m e s p i,,WotjWsch,,,,,emes-pi,emes-pi,9,,"Comp.; ""pi"" 'son'"
503-275-1,,503,275,źatʹ,źatʹ,ʑ ɑ tʲ,,KoPRSl,,,,,źatʹ,ʑɑtʲ,4,,
102-276-1,,102,276,[Form not found],,,,WbWlap,,,,,,,?,[Form not found],
104-276-1,,104,276,[Form not found],,,,EZ,,,,,,,?,[Form not found],
701-276-1,,701,276,[Form not found],,,,WogWb,,,,,,,?,[Form not found],
807-276-1,,807,276,[Form not found],,,,DEWbOstj,,,,,,,?,[Form not found],
203-276-1,,203,276,kuuro,kuuro,k uː r o̞,,JL,,,,,,kuːro̞,1,,
204-276-1,,204,276,kuurnis,kuurnis,,,KKSV,,,,,,,1,,
207-276-1,,207,276,kurdeh,kurdeh,,,VVS,,,,,,,1,,
210-276-1,,210,276,kurt,kurt,k u r t,,SVSk,,,,,,kurt,1,,
211-276-1,,211,276,kurt',kurt',,,VESr,,,,,,,1,,
212-276-1,,212,276,kurrli ~ kūrli,kurrli ~ kūrli,,,LivWb,,,,,,,1,,
101-276-1,,101,276,bieljehts,bieljehts,,,NSsNdb,,,,,,,2,,Lit. 'earless'
105-276-1,,105,276,bealjẹheapmẹ,bealjẹheapmẹ,,,SSSg,,,,,,,2,,Lit. 'earless'
106-276-1,,106,276,pe'ljittem,pe'ljittem,,,InsSSk,,,,,,,2,,Lit. 'earless'
107-276-1,,107,276,"peeʹlljteʹm, peeʹlljteʹmes",peeʹlljteʹm,,,SKosSk,,,,,,,2,,Lit. 'earless'
107-276-2,,107,276,"peeʹlljteʹm, peeʹlljteʹmes",peeʹlljteʹmes,,,SKosSk,,,,,,,2,,Lit. 'earless'
108-276-1,,108,276,pielljxem,pielljxem,p i e ʎː x e m,,WOLD,,,,,,pieʎːxem,2,,Lit. 'earless'
301-276-1,,301,276,pilʹevtʹeme,pilʹevtʹeme,p i ʎ e v tʲ e m e,,MordWb,,,,,pilʹevtʹeme,piʎevtʲeme,2,,Lit. 'earless'
501-276-1,,501,276,pelʹte̮m,pelʹte̮m,p e ʎ t ɤ m,,SyrjWsch,,,,,pelʹte̮m,peʎtɤm,2,,Lit. 'earless'
503-276-1,,503,276,pelʹte̮m,pelʹte̮m,p e ʎ t ɤ m,,KoPRSl,,,,,pelʹte̮m,peʎtɤm,2,,Lit. 'earless'
504-276-1,,504,276,pelʹtem,pelʹtem,p e ʎ t e m,,WotjWsch,,,,,pelʹtem,peʎtem,2,,Lit. 'earless'
301-276-2,,301,276,amaŕi,amaŕi,ɑ m ɑ rʲ i,,MordWb,,,,,amaŕi,ɑmɑrʲi,3,,
301-276-3,,301,276,gluxoj,gluxoj,ɡ l u x o j,,MordWb,,,,,gluχoj,ɡluxoj,4,,
401-276-1,,401,276,soŋgə̑ra,soŋgə̑ra,s o ŋ ɡ ə r ɑ,,SMSk;TscherWb,,,,,soŋgə̑ra,soŋɡərɑ,5,,
401-276-2,,401,276,čokrak,čokrak,tʃ o k r ɑ k,,SMSk;TscherWb,,,,,čokrak,tʃokrɑk,6,,
601-276-1,,601,276,süket,süket,ʃ y k ɛ t,,FMSz,,,,,,ʃykɛt,7,,
902-276-1,,902,276,xasyə-,xasyə-,,"Deriv. from ""xa"" 'ear'",JurSWb,,,,,,,8,,
907-276-1,,907,276,qō,qō,q oː,This 'ear'; deriv. form used in meaning 'deaf',SolkWb,,,,,qō,qoː,8,,
211-276-2,,211,276,hurr',hurr',,,VESr,,,,,,,9,,
208-276-1,,208,276,klūhkoĭ,klūhkoĭ,k l uː h k o i ̆,,InkmSk,,,,,klūhkoĭ,kluːhkoĭ,4,,
503-276-2,,503,276,oz ki̮v,oz ki̮v,o z k ɯ v,,KoPRSl,,,,,oz_ki̮v,oz kɯv,11,,"Phrase used as noun, lit. 'does not hear'"
209-276-1,,209,276,gлuhoi,gлuhoi,ɡ l u h o i,,VKJMS,,,,,gluhoi,ɡluhoi,4,,
901-276-1,,901,276,dʹuntə̄,dʹuntə̄,dʲ u n t əː,,SlNgaRus,,,,,dʹuntə̄,dʲuntəː,12,,
203-277-1,,203,277,kadota,kadota,k ɑ d o̞ t̪ ɑ,,JL,,,,,,kɑdo̞t̪ɑ,1,,
204-277-1,,204,277,kavota,kavota,,,KKSV,,,,,,,1,,
207-277-1,,207,277,kadoda,kadoda,,,VVS,,,,,,,1,,
209-277-1,,209,277,kaottuma,kaottuma,k ɑ o tː u m ɑ,,VKJMS,,,,,kaottuma,kɑotːumɑ,1,,
210-277-1,,210,277,"kaduda, kaduma minna",kaduda,k ɑ t u t ɑ k ɑ t u m ɑ m i nː ɑ,,SVSk,,,,,,"kɑtutɑ, kɑtumɑ minːɑ",1,,"Latter lit. 'go lost, missing'"
210-277-2,,210,277,"kaduda, kaduma minna",kaduma minna,k ɑ t u t ɑ k ɑ t u m ɑ m i nː ɑ,,SVSk,,,,,,"kɑtutɑ, kɑtumɑ minːɑ",1,,"Latter lit. 'go lost, missing'"
211-277-1,,211,277,kaoma,kaoma,,,VESr,,,,,,,1,,
212-277-1,,212,277,kaʾddə,kaʾddə,,,LivWb,,,,,,,1,,
203-277-2,,203,277,hävitä,hävitä,h æ ʋ i t̪ æ,,JL,,,,,,hæʋit̪æ,2,,
204-277-2,,204,277,hävitä,hävitä,,,KKSV,,,,,,,2,,
208-277-1,,208,277,häviᴅä,häviᴅä,h æ v i d̥ æ,,InkmSk,,,,,häviᴅä,hævid̥æ,2,,
209-277-2,,209,277,ävimä,ävimä,æ v i m æ,,VKJMS,,,,,ävimä,ævimæ,2,,
211-277-2,,211,277,"häömä, häädümä",häömä,,,VESr,,,,,,,2,,
211-277-3,,211,277,"häömä, häädümä",häädümä,,,VESr,,,,,,,2,,
105-277-1,,105,277,láhppit,láhppit,,,SSSg,,,,,,,3,,
106-277-1,,106,277,lappuđ,lappuđ,,,InsSSk,,,,,,,3,,
107-277-1,,107,277,läppjed,läppjed,,,SKosSk,,,,,,,3,,
102-277-1,,102,277,aaibanit,aaibanit,,,WbWlap,,,,,,,4,,
104-277-1,,104,277,ájbanit,ájbanit,,,EZ,,,,,,,4,,
107-277-2,,107,277,jaukkâd,jaukkâd,,,SKosSk,,,,,,,5,,
902-277-1,,902,277,yoxo°,yoxo°,,,JurSWb,,,,,,,5,,
301-277-1,,301,277,"jomams, jomśems",jomams,j o m ɑ m s,,MordWb,,,,,"jomams, jomśems",jomɑms,6,,
301-277-2,,301,277,"jomams, jomśems",jomśems,j o m ɕ e m s,,MordWb,,,,,"jomams, jomśems",jomɕems,6,,
301-277-3,,301,277,kekšems,kekšems,k e k ʃ e m s,,MordWb,,,,,kekšems,kekʃems,7,,
401-277-1,,401,277,pə̑tem,pə̑tem,p ə t e m,,SMSk;TscherWb,,,,,pə̑tem,pətem,8,,
501-277-1,,501,277,vošni̮,vošni̮,v o ʃ n ɯ,,SyrjWsch,,,,,vošni̮,voʃnɯ,9,,
503-277-1,,503,277,e̮šni̮,e̮šni̮,ɤ ʃ n ɯ,,KoPRSl,,,,,e̮šni̮,ɤʃnɯ,9,,
504-277-1,,504,277,i̮ši̮ni̮,i̮ši̮ni̮,ɯ ʃ ɯ n ɯ,,WotjWsch,,,,,i̮ši̮ni̮,ɯʃɯnɯ,9,,
601-277-1,,601,277,eltűnik,eltűnik,ɛ l t yː n i k,,FMSz,,,,,,ɛltyːnik,10,,
701-277-1,,701,277,pāteri,pāteri,p ɑː t e r i,,WogWb,,,,,pāteri,pɑːteri,11,,
907-277-1,,907,277,üru-,üru-,y r u,,SolkWb,,,,,üru-,yru-,13,,
807-277-1,,807,277,mǝńtʹäɣǝl-,mǝńtʹäɣǝl-,m ə ɲ tʲ æ ɣ ə l,,DEWbOstj,,,,,məńtʹäɣəl-,məɲtʲæɣəl-,14,,
209-277-3,,209,277,äpärtümä,äpärtümä,æ p æ r t y m æ,,VKJMS,,,,,äpärtümä,æpærtymæ,15,,
101-277-1,,101,277,daajkedh,daajkedh,,,NSsNdb,,,,,,,16,,
101-277-2,,101,277,gaarvanidh,gaarvanidh,,,NSsNdb,,,,,,,17,,
101-277-3,,101,277,gaatodh,gaatodh,,,NSsNdb,,,,,,,1,,
104-277-2,,104,277,gáhtot,gáhtot,,,EZ,,,,,,,1,,
108-277-1,,108,277,kāde,kāde,k aː d e,,WOLD,,,,,,kaːde,1,Rießler2009 does not note evidence for borrowing.,
901-277-1,,901,277,si̮mbādʹa,si̮mbādʹa,s ɯ m b ɑː dʲ ɑ,,SlNgaRus,,,,,si̮mbādʹa,sɯmbɑːdʲɑ,18,,"'Get smoothed out; disappear, vanish'"
807-278-1,,807,278,[Form not found],,,,DEWbOstj,,,,,,,?,[Form not found],
907-278-1,,907,278,[Form not found],,,,SolkWb,,,,,,,?,[Form not found],
107-278-1,,107,278,ääiʹjeld,ääiʹjeld,,,SKosSk,,,,,,,1,From PFS *ajka 'time',
108-278-1,,108,278,ājkalt,ājkalt,aː j k a l t,,WOLD,,,,,,aːjkalt,1,From PFS *ajka 'time',
203-278-1,,203,278,aikaisin,aikaisin,ɑ i k ɑ i s i n,,JL,,,,,,ɑikɑisin,1,From PFS *ajka 'time',
204-278-1,,204,278,"aivoiseh, aivoin ~ aijoin",aivoiseh,,,KKSV,,,,,,,1,From PFS *ajka 'time',
204-278-2,,204,278,"aivoiseh, aivoin ~ aijoin",aivoin ~ aijoin,,,KKSV,,,,,,,1,From PFS *ajka 'time',
207-278-1,,207,278,aigoiš,aigoiš,,,VVS,,,,,,,1,From PFS *ajka 'time',
208-278-1,,208,278,aiɢaĭzē,aiɢaĭzē,ɑ i ɡ̥ ɑ i ̆ z eː,,InkmSk,,,,,aiɢaĭzē,ɑiɡ̥ɑĭzeː,1,From PFS *ajka 'time',
203-278-2,,203,278,varhain,varhain,ʋ ɑ r x ɑ i n,,JL,,,,,,ʋɑrxɑin,2,,
209-278-1,,209,278,varai,varai,v ɑ r ɑ i,,VKJMS,,,,,varai,vɑrɑi,2,,
210-278-1,,210,278,vara,vara,v ɑ r ɑ,,SVSk,,,,,,vɑrɑ,2,,
211-278-1,,211,278,varra,varra,,,VESr,,,,,,,2,,
212-278-1,,212,278,vaʾrrə,vaʾrrə,,,LivWb,,,,,,,2,,
101-278-1,,101,278,"aareh, aarehke",aareh,,,NSsNdb,,,,,,,3,,
101-278-2,,101,278,"aareh, aarehke",aarehke,,,NSsNdb,,,,,,,3,,
104-278-1,,104,278,árabut,árabut,,,EZ,,,,,,,3,,
105-278-1,,105,278,árrat,árrat,,,SSSg,,,,,,,3,,
106-278-1,,106,278,aarrad,aarrad,,,InsSSk,,,,,,,3,,
102-278-1,,102,278,ådˈnà,ådˈnà,,,WbWlap,,,,,,,4,,
102-278-2,,102,278,pråhta,pråhta,,,WbWlap,,,,,,,5,,
901-278-1,,901,278,merə,merə,m e r ə,,SlNgaRus,,,,,merə,merə,6,,"'Quickly, early'"
902-278-1,,902,278,myer°h,myer°h,,,JurSWb,,,,,,,6,,"'Quickly, soon, early'"
301-278-1,,301,278,rana,rana,r ɑ n ɑ,,MordWb,,,,,rana,rɑnɑ,7,,
401-278-1,,401,278,ondak,ondak,o n d ɑ k,,SMSk;TscherWb,,,,,ondak,ondɑk,8,,
401-278-2,,401,278,"er, erak",er,e r,,SMSk;TscherWb,,,,,"er, erak",er,9,,"Former 'early, morning'; latter deriv."
401-278-3,,401,278,"er, erak",erak,e r ɑ k,,SMSk;TscherWb,,,,,"er, erak",erɑk,9,,"Former 'early, morning'; latter deriv."
501-278-1,,501,278,voʒ́,voʒ́,v o dʑ,,SyrjWsch,,,,,voʒ́,vodʑ,10,,
503-278-1,,503,278,oʒ́,oʒ́,o dʑ,,KoPRSl,,,,,oʒ́,odʑ,10,,
601-278-1,,601,278,korán,korán,k o r aː n,,FMSz,,,,,,koraːn,11,,
504-278-1,,504,278,tšuk,tšuk,tʃ u k,,WotjWsch,,,,,čuk,tʃuk,12,,
701-278-1,,701,278,ālpəl,ālpəl,ɑː l p ə l,,WogWb,,,,,ālpəl,ɑːlpəl,13,,
106-278-2,,106,278,tooláá,tooláá,,,InsSSk,,,,,,,14,,
901-278-2,,901,278,məčidʹiˀia,məčidʹiˀia,m ə tʃ i dʲ i ʔ i ɑ,,SlNgaRus,,,,,məčidʹiˀia,mətʃidʲiʔiɑ,15,,"'Early; unripe, unready'"
901-279-1,,901,279,[No equivalent],,,,SlNgaRus,,,,,,,0,[No equivalent],"Cf. ""abaˀa"" 'older sister'; ""ŋadʹa"" 'younger sister, younger brother, etc'; ""ŋahu"" 'older sister'"
902-279-1,,902,279,[No equivalent],,,"Cf. “nyabako” 'older sister'; “papa” 'younger sister, younger brother'",JurSWb,,,,,,,0,[No equivalent],
0-279-1,,0,279,[Not reconstructable],,,,UEW;Sam88,,,,,,,?,[Not reconstructable],
203-279-1,,203,279,"sisko, sisar",sisko,s i s k o̞ s i s ɑ r,,JL,,,,,,"sisko̞, sisɑr",1,,
203-279-2,,203,279,"sisko, sisar",sisar,s i s k o̞ s i s ɑ r,,JL,,,,,,"sisko̞, sisɑr",1,,
204-279-1,,204,279,sisär,sisär,,,KKSV,,,,,,,1,,
207-279-1,,207,279,sizar,sizar,,,VVS,,,,,,,1,,
208-279-1,,208,279,siar ~ sizar,siar ~ sizar,s i ɑ r,,InkmSk,,,,,"siar, sizar","siɑr, sizɑr",1,,
209-279-1,,209,279,se̮sar,se̮sar,s ɤ s ɑ r,,VKJMS,,,,,se̮sar,sɤsɑr,1,,
210-279-1,,210,279,sõsar,sõsar,s ɤ s ɑ r,,SVSk,,,,,,sɤsɑr,1,,
211-279-1,,211,279,sõsar',sõsar',,,VESr,,,,,,,1,,
212-279-1,,212,279,se̮zàr ~ sizàr,se̮zàr ~ sizàr,,,LivWb,,,,,,,1,,
301-279-1,,301,279,sazor,sazor,s ɑ z o r,,MordWb,,,,,sazor,sɑzor,1,,
401-279-1,,401,279,šüžar,šüžar,ʃ y ʒ ɑ r,,SMSk;TscherWb,,,,,šüžar,ʃyʒɑr,1,,'Younger sister'
504-279-1,,504,279,suzer,suzer,s u z e r,,WotjWsch,,,,,suzer,suzer,1,,'Younger sister'
210-279-2,,210,279,"õde, ões",õde,ɤ t e ɤ e s,,SVSk,,,,,,"ɤte, ɤes",2,,
210-279-3,,210,279,"õde, ões",ões,ɤ t e ɤ e s,,SVSk,,,,,,"ɤte, ɤes",2,,
101-279-1,,101,279,åabpa,åabpa,,,NSsNdb,,,,,,,3,,
102-279-1,,102,279,åbˈbaa,åbˈbaa,,,WbWlap,,,,,,,3,,
104-279-1,,104,279,åbba,åbba,,,EZ,,,,,,,3,,
105-279-1,,105,279,oabbá,oabbá,,,SSSg,,,,,,,3," uncertain according to Holopainen2019, only Nsaami item discussed. Cf. Fin. Orpo ’orphan’",
106-279-1,,106,279,oab'bi,oab'bi,,,InsSSk,,,,,,,3,,
107-279-1,,107,279,vuäʹbˈb,vuäʹbˈb,,,SKosSk,,,,,,,3,,
102-279-2,,102,279,årbèna,årbèna,,,WbWlap,,,,,,,4,,
108-279-1,,108,279,vuerr’pen’,vuerr’pen’,v u e rːʲ p e nʲ,,WOLD,,,,,,vuerːʲpenʲ,4,,
301-279-2,,301,279,patʹa,patʹa,p ɑ tʲ ɑ,,MordWb,,,,,patʹa,pɑtʲɑ,5,,
401-279-2,,401,279,aka,aka,ɑ k ɑ,,SMSk;TscherWb,,,,,aka,ɑkɑ,6,,'Older sister'
504-279-2,,504,279,aki̮,aki̮,ɑ k ɯ,,WotjWsch,,,,,aki̮,ɑkɯ,6,,'Older sister'; dialectal?
501-279-1,,501,279,ćoi,ćoi,tɕ o i,,SyrjWsch,,,,,ćoi,tɕoi,7,,
503-279-1,,503,279,soj,soj,s o j,,KoPRSl,,,,,soj,soj,7,,
907-279-1,,907,279,nelʹńä,nelʹńä,n e ʎ ɲ æ,"Deriv. from ""ne"" 'woman'",SolkWb,,,,,nelʹńä,neʎɲæ,8,,
807-279-1,,807,279,äńi,äńi,æ ɲ i,,DEWbOstj,,,,,äńi,æɲi,9,,
601-279-1,,601,279,lánytestvér,lánytestvér,l aː ɲ t ɛ ʃ t v eː r,,FMSz,,,,,,laːɲtɛʃtveːr,10,,
504-279-3,,504,279,apai,apai,ɑ p ɑ i,,WotjWsch,,,,,apai,ɑpɑi,11,,'Older sister'; dialectal?
701-279-1,,701,279,jaɣāɣi,jaɣāɣi,j ɑ ɣ ɑː ɣ i,,WogWb,,,,,jaɣāɣi,jɑɣɑːɣi,12,,"Comp., lit. 'father-daughter'"
902-28-1,,902,28,[No equivalent],,,"No simple word in common use; ""yibcyə°, yibcyika"" 'strong taste' usually used for bitter things",JurSWb,,,,,,,0,[No equivalent],
0-28-1,,0,28,[Not reconstructable],,,,UEW;Sam88,,,,,,,?,[Not reconstructable],
208-28-1,,208,28,[Form not found],,,,InkmSk,,,,,,,?,[Form not found],
209-28-1,,209,28,[Form not found],,,,VKJMS,,,,,,,?,[Form not found],
203-28-1,,203,28,kitkerä,kitkerä,k i t̪ k e̞ r æ,,JL,,,,,,kit̪ke̞ræ,1,"vanLinde2007: FU origin preferrable, potential Ger source very limited distribution across the Germanic languages. Deriv.; variant of earlier ""katkera"" (now 'emotionally bitter')",
204-28-1,,204,28,katškera ~ kitškerä,katškera ~ kitškerä,,,KKSV,,,,,,,1,,
401-28-1,,401,28,kočo,kočo,k o tʃ o,,SMSk;TscherWb,,,,,kočo,kotʃo,1,,
204-28-2,,204,28,karkie,karkie,,,KKSV,,,,,,,2,"Cogn. with Fin ""karkea"" 'rough'",
207-28-1,,207,28,karged,karged,,,VVS,,,,,,,2,"Cogn. with Fin ""karkea"" 'rough'",
210-28-1,,210,28,kibe,kibe,k i p e,,SVSk,,,,,,kipe,3,"Cogn. with Fin ""kipeä"" 'ill'",
212-28-1,,212,28,kiʾbdʹi,kiʾbdʹi,,,LivWb,,,,,,,3,"Cogn. with Fin ""kipeä"" 'ill'",
210-28-2,,210,28,mõru,mõru,m ɤ r u,,SVSk,,,,,,mɤru,4,,
211-28-1,,211,28,"mõro, mõrrõv",mõro,,,VESr,,,,,,,4,,
211-28-2,,211,28,"mõro, mõrrõv",mõrrõv,,,VESr,,,,,,,4,,
203-28-2,,203,28,karvas,karvas,k ɑ r ʋ ɑ s,,JL,,,,,,kɑrʋɑs,5,,
212-28-2,,212,28,kɔ̄raz,kɔ̄raz,,,LivWb,,,,,,,5,,
501-28-1,,501,28,kuri̮d,kuri̮d,k u r ɯ d,,SyrjWsch,,,,,kuri̮d,kurɯd,5,,
503-28-1,,503,28,kuri̮t,kuri̮t,k u r ɯ t,,KoPRSl,,,,,kuri̮t,kurɯt,5,,
504-28-1,,504,28,kuri̮t,kuri̮t,k u r ɯ t,,WotjWsch,,,,,kuri̮t,kurɯt,5,,
102-28-1,,102,28,prihtjas,prihtjas,,,WbWlap,,,,,,,6,,'Bitter taste'
105-28-1,,105,28,rihča,rihča,,,SSSg,,,,,,,6,,
106-28-1,,106,28,riičas,riičas,,,InsSSk,,,,,,,6,,
107-28-1,,107,28,šuõrš-,šuõrš-,,,SKosSk,,,,,,,7,,
101-28-1,,101,28,baetjkies,baetjkies,,,NSsNdb,,,,,,,8,,
107-28-2,,107,28,peʹčǩǩer,peʹčǩǩer,,,SKosSk,,,,,,,8,,
108-28-1,,108,28,pɨččker,pɨččker,p ɨ t ʃː k e r,,WOLD,,,,,,pɨtʃːker,8,,
301-28-1,,301,28,sepej,sepej,s e p e j,,MordWb,,,,,sepej,sepej,9,"Deriv. from PFU *säppä 'gall, bile'",
301-28-2,,301,28,lažańa,lažańa,l ɑ ʒ ɑ ɲ ɑ,,MordWb,,,,,lažańa,lɑʒɑɲɑ,10,,
601-28-1,,601,28,"keserves, kesernyés",keserves,k ɛ ʃ ɛ r v ɛ ʃ k ɛ ʃ ɛ r ɲ eː ʃ,,FMSz,,,,,,"kɛʃɛrvɛʃ, kɛʃɛrɲeːʃ",11,,
601-28-2,,601,28,"keserves, kesernyés",kesernyés,k ɛ ʃ ɛ r v ɛ ʃ k ɛ ʃ ɛ r ɲ eː ʃ,,FMSz,,,,,,"kɛʃɛrvɛʃ, kɛʃɛrɲeːʃ",11,,
701-28-1,,701,28,ośśəŋ etc.,ośśəŋ etc.,o ɕː ə ŋ,This form in other dialects; no form used in North Mansi found,WogWb,,,,,ośśəŋ,oɕːəŋ,12,,
807-28-1,,807,28,wătʹər,wătʹər,w ɑ ̆ tʲ ə r,,DEWbOstj,,,,,wătʹər,wɑ̆tʲər,13,,
301-28-3,,301,28,korśańa,korśańa,k o r ɕ ɑ ɲ ɑ,,MordWb,,,,,korśańa,korɕɑɲɑ,14,,
907-28-1,,907,28,parińi-,parińi-,p ɑ r i ɲ i,,SolkWb,,,,,parińi-,pɑriɲi-,15,,'Be bitter (v.)'
101-28-2,,101,28,bihtseds,bihtseds,,,NSsNdb,,,,,,,17,,
104-28-1,,104,28,bihtjas,bihtjas,,,EZ,,,,,,,17,,
901-28-1,,901,28,tasəgə̄,tasəgə̄,t ɑ s ə ɡ əː,,SlNgaRus,,,,,tasəgə̄,tɑsəɡəː,18,,"'Bitter, sour'"
0-280-1,,0,280,[Not reconstructable],,,,UEW;Sam88,,,,,,,?,[Not reconstructable],
102-280-1,,102,280,[Form not found],,,,WbWlap,,,,,,,?,[Form not found],
901-280-1,,901,280,[Form not found],,,,SlNgaRus,,,,,,,?,[Form not found],
101-280-1,,101,280,tjovrese,tjovrese,,,NSsNdb,,,,,,,1,,
104-280-1,,104,280,tjovrese,tjovrese,,,EZ,,,,,,,1,,
105-280-1,,105,280,čivrrus,čivrrus,,,SSSg,,,,,,,1,,"Singular form, meaning plural 'nits'"
106-280-1,,106,280,tiivros,tiivros,,,InsSSk,,,,,,,1,,
107-280-1,,107,280,čeeuʹres,čeeuʹres,,,SKosSk,,,,,,,1,,
108-280-1,,108,280,čivvras,čivvras,t ʃ i vː r a s,,WOLD,,,,,,tʃivːras,1,,
203-280-1,,203,280,saivare,saivare,s ɑ i ʋ ɑ r e̞,,JL,,,,,,sɑiʋɑre̞,1,,
204-280-1,,204,280,saivar,saivar,,,KKSV,,,,,,,1,,
207-280-1,,207,280,saivar,saivar,,,VVS,,,,,,,1,,
208-280-1,,208,280,saivar,saivar,s ɑ i v ɑ r,,InkmSk,,,,,saivar,sɑivɑr,1,,
209-280-1,,209,280,saive̮r,saive̮r,s ɑ i v ɤ r,,VKJMS,,,,,saive̮r,sɑivɤr,1,,
301-280-1,,301,280,śarko,śarko,ɕ ɑ r k o,,MordWb,,,,,śarko,ɕɑrko,1,,
401-280-1,,401,280,šarɣenče,šarɣenče,ʃ ɑ r ɣ e n tʃ e,,SMSk;TscherWb,,,,,šarɣenče,ʃɑrɣentʃe,1,,
501-280-1,,501,280,śerov,śerov,ɕ e r o v,,SyrjWsch,,,,,śerov,ɕerov,1,,
503-280-1,,503,280,śere̮v,śere̮v,ɕ e r ɤ v,,KoPRSl,,,,,śere̮v,ɕerɤv,1,,
504-280-1,,504,280,śerer,śerer,ɕ e r e r,Dialectal?,WotjWsch,,,,,śerer,ɕerer,1,,
204-280-2,,204,280,tšaivoi,tšaivoi,,,KKSV,,,,,,,2,,
210-280-1,,210,280,täimuna,täimuna,t æ i m u n ɑ,,SVSk,,,,,,tæimunɑ,3,,Lit. 'louse egg'
212-280-1,,212,280,liʾd,liʾd,,,LivWb,,,,,,,4,"Might be loan from Latv. ""gnīda"" 'nit', if n- > l- sporadically",
701-280-1,,701,280,sāniɣ,sāniɣ,s ɑː n i ɣ,,WogWb,,,,,sāniɣ,sɑːniɣ,5,,
807-280-1,,807,280,seṇǝɣ,seṇǝɣ,s e ɳ ə ɣ,,DEWbOstj,,,,,seṇəɣ,seɳəɣ,5,,
902-280-1,,902,280,talyek°,talyek°,,,JurSWb,,,,,,,6,,
907-280-1,,907,280,čūra,čūra,tʃ uː r ɑ,,SolkWb,,,,,čūra,tʃuːrɑ,7,Not connected to FPF *śajᴕrV 'nit',
210-280-2,,210,280,ting,ting,t i ŋ k,,SVSk,,,,,,tiŋk,8,,
211-280-1,,211,280,ting,ting,,,VESr,,,,,,,8,,
601-280-1,,601,280,serke,serke,ʃ ɛ r k ɛ,,FMSz,,,,,,ʃɛrkɛ,9,Possible connection with Turkic and Finno-Ugric words,
0-281-1,,0,281,[Not reconstructable],,,,UEW;Sam88,,,,,,,?,[Not reconstructable],
907-281-1,,907,281,[Form not found],,,,SolkWb,,,,,,,?,[Form not found],
203-281-1,,203,281,matala,matala,m ɑ t̪ ɑ l ɑ,,JL,,,,,,mɑt̪ɑlɑ,1,,
204-281-1,,204,281,matala,matala,,,KKSV,,,,,,,1,,
207-281-1,,207,281,madal,madal,,,VVS,,,,,,,1,,
208-281-1,,208,281,maᴅalain,maᴅalain,m ɑ d̥ ɑ l ɑ i n,,InkmSk,,,,,maᴅalain,mɑd̥ɑlɑin,1,,
209-281-1,,209,281,mataл,mataл,m ɑ t ɑ l,,VKJMS,,,,,matal,mɑtɑl,1,,
210-281-1,,210,281,madal,madal,m ɑ t ɑ l,,SVSk,,,,,,mɑtɑl,1,,
211-281-1,,211,281,matal',matal',,,VESr,,,,,,,1,,
212-281-1,,212,281,laìd,laìd,,,LivWb,,,,,,,2,,
101-281-1,,101,281,tsåekie,tsåekie,,,NSsNdb,,,,,,,3,,
102-281-1,,102,281,tsååhkee,tsååhkee,,,WbWlap,,,,,,,3,,
104-281-1,,104,281,tsåhke,tsåhke,,,EZ,,,,,,,3,,
105-281-1,,105,281,coagis,coagis,,,SSSg,,,,,,,3,,
106-281-1,,106,281,coavis,coavis,,,InsSSk,,,,,,,3,,
107-281-1,,107,281,cuẹʹǩǩ,cuẹʹǩǩ,,,SKosSk,,,,,,,3,,
108-281-1,,108,281,cueg’es’,cueg’es’,c u e gʲ e sʲ,,WOLD,,,,,,cuegʲesʲ,3,,
106-281-2,,106,281,vyeligaž,vyeligaž,,,InsSSk,,,,,,,4,,
301-281-1,,301,281,"alka, alkińe",alka,ɑ l k ɑ,Latter deriv.,MordWb,,,,,"alka, alkińe",ɑlkɑ,4,,
301-281-2,,301,281,"alka, alkińe",alkińe,ɑ l k i ɲ e,Latter deriv.,MordWb,,,,,"alka, alkińe",ɑlkiɲe,4,,
401-281-1,,401,281,talʹaka,talʹaka,t ɑ ʎ ɑ k ɑ,,SMSk;TscherWb,,,,,talʹaka,tɑʎɑkɑ,5,,
501-281-1,,501,281,lʹapi̮t,lʹapi̮t,ʎ ɑ p ɯ t,,SyrjWsch,,,,,lʹapi̮t,ʎɑpɯt,6,,
503-281-1,,503,281,lʹapki̮t,lʹapki̮t,ʎ ɑ p k ɯ t,,KoPRSl;RB,,,,,lʹapki̮t,ʎɑpkɯt,6,,
504-281-1,,504,281,lapeg,lapeg,l ɑ p e ɡ,,WotjWsch,,,,,lapeg,lɑpeɡ,6,,
807-281-1,,807,281,sarǝm,sarǝm,s ɑ r ə m,,DEWbOstj,,,,,sarəm,sɑrəm,7,,
601-281-1,,601,281,sekély,sekély,ʃ ɛ k eː j,,FMSz,,,,,,ʃɛkeːj,8,,
701-281-1,,701,281,talkwa,talkwa,t ɑ l kʷ ɑ,,WogWb,,,,,talk˳a,tɑlkʷɑ,9,,
901-281-1,,901,281,ti̮rā,ti̮rā,t ɯ r ɑː,,SlNgaRus,,,,,ti̮rā,tɯrɑː,10,,
902-281-1,,902,281,tora,tora,,,JurSWb,,,,,,,10,,
503-281-2,,503,281,lažmi̮t,lažmi̮t,l ɑ ʒ m ɯ t,,KoPRSl,,,,,lažmi̮t,lɑʒmɯt,11,,
901-281-2,,901,281,śiŋə̄,śiŋə̄,ɕ i ŋ əː,,SlNgaRus,,,,,śiŋə̄,ɕiŋəː,12,,
102-282-1,,102,282,[Form not found],,,,WbWlap,,,,,,,?,[Form not found],
901-282-1,,901,282,[Form not found],,,,SlNgaRus,,,,,,,?,[Form not found],
203-282-1,,203,282,kylpeä,kylpeä,k y l p e̞ æ,,JL,,,,,,kylpe̞æ,1,,
204-282-1,,204,282,kylpie,kylpie,,,KKSV,,,,,,,1,,
207-282-1,,207,282,külʹptas,külʹptas,,,VVS,,,,,,,1,,
208-282-1,,208,282,külpīssä,külpīssä,k y l p iː sː æ,,InkmSk,,,,,külpīssä,kylpiːsːæ,1,,
209-282-1,,209,282,tšülpemä,tšülpemä,tʃ y l p e m æ,,VKJMS,,,,,čülpemä,tʃylpemæ,1,,
210-282-1,,210,282,kümmelda,kümmelda,k y mː e l t ɑ,,SVSk,,,,,,kymːeltɑ,1,*kümpele- from PFin *külpe- if a variant of deriv. *külpe-le-,
212-282-1,,212,282,gillgə ~ güllgə,gillgə ~ güllgə,,,LivWb,,,,,,,1,,'Bathe in open water'
503-282-1,,503,282,kupajćći̮ni̮,kupajćći̮ni̮,k u p ɑ j tɕː ɯ n ɯ,,KoPRSl,,,,,kupajćći̮ni̮,kupɑjtɕːɯnɯ,2,,
108-282-1,,108,282,vūjnedte,vūjnedte,v uː j n e dː e,,WOLD,,,,,,vuːjnedːe,3,,
212-282-2,,212,282,leʾbl ~ löʾbl,leʾbl ~ löʾbl,,,LivWb,,,,,,,4,,
101-282-1,,101,282,laavkodh,laavkodh,,,NSsNdb,,,,,,,6,,
104-282-1,,104,282,lávgudit ~ lávvgot,lávgudit ~ lávvgot,,,EZ,,,,,,,6,,
105-282-1,,105,282,lávggodit,lávggodit,,,SSSg,,,,,,,6,,
106-282-1,,106,282,lávguđ,lávguđ,,,InsSSk,,,,,,,6,,
107-282-1,,107,282,"lääuǥõõttäd ~ laauǥõõttâd, läuggad",lääuǥõõttäd ~ laauǥõõttâd,,,SKosSk,,,,,,,6,,
107-282-2,,107,282,"lääuǥõõttäd ~ laauǥõõttâd, läuggad",läuggad,,,SKosSk,,,,,,,6,,
301-282-1,,301,282,paŕams,paŕams,p ɑ rʲ ɑ m s,,MordWb,,,,,paŕams,pɑrʲɑms,7,,
401-282-1,,401,282,purem,purem,p u r e m,,SMSk;TscherWb,,,,,purem,purem,7,,'Bathe in sauna'
301-282-2,,301,282,šlʹams,šlʹams,ʃ ʎ ɑ m s,,MordWb,,,,,šlʹams,ʃʎɑms,8,,
401-282-2,,401,282,muškə̑ltam,muškə̑ltam,m u ʃ k ə l t ɑ m,,SMSk;TscherWb,,,,,muškə̑ltam,muʃkəltɑm,9,,
503-282-2,,503,282,miśśi̮ni̮,miśśi̮ni̮,m i ɕː ɯ n ɯ,,KoPRSl,,,,,miśśi̮ni̮,miɕːɯnɯ,9,,
501-282-1,,501,282,pi̮lśi̮ni̮,pi̮lśi̮ni̮,p ɯ l ɕ ɯ n ɯ,,SyrjWsch,,,,,pi̮lśi̮ni̮,pɯlɕɯnɯ,10,,
504-282-1,,504,282,pi̮laśki̮ni̮,pi̮laśki̮ni̮,p ɯ l ɑ ɕ k ɯ n ɯ,,WotjWsch,,,,,pi̮laśki̮ni̮,pɯlɑɕkɯnɯ,10,,
701-282-1,,701,282,puwli,puwli,p u w l i,,WogWb,,,,,puwli,puwli,10,,
807-282-1,,807,282,pö̭ɣǝl-,pö̭ɣǝl-,p ø̻ ɣ ə l,,DEWbOstj,,,,,pö̭ɣəl-,pø̻ɣəl-,10,,
601-282-1,,601,282,fürdik,fürdik,f y r d i k,,FMSz,,,,,,fyrdik,11,,
902-282-1,,902,282,pədyer-,pədyer-,,,JurSWb,,,,,,,12,,
907-282-1,,907,282,ūr-,ūr-,uː r,"Deriv. from ""ū-"" 'swim'",SolkWb,,,,,ūr-,uːr-,13,,
211-282-1,,211,282,tsuklõma,tsuklõma,,,VESr,,,,,,,14,,
101-283-1,,101,283,giesie,giesie,,,NSsNdb,,,,,,,1,,
102-283-1,,102,283,giessee,giessee,,,WbWlap,,,,,,,1,,
104-283-1,,104,283,giesse,giesse,,,EZ,,,,,,,1,,
105-283-1,,105,283,geassi,geassi,,,SSSg,,,,,,,1,,
106-283-1,,106,283,keesi,keesi,,,InsSSk,,,,,,,1,,
107-283-1,,107,283,ǩiẹʹss,ǩiẹʹss,,,SKosSk,,,,,,,1,,
108-283-1,,108,283,kiess’,kiess’,k i e sːʲ,,WOLD,,,,,,kiesːʲ,1,,
203-283-1,,203,283,kesä,kesä,k e̞ s æ,,JL,,,,,,ke̞sæ,1,,
204-283-1,,204,283,kesä,kesä,,,KKSV,,,,,,,1,,
207-283-1,,207,283,keza,keza,,,VVS,,,,,,,1,,
208-283-1,,208,283,kezä,kezä,k e z æ,,InkmSk,,,,,kezä,kezæ,1,,
209-283-1,,209,283,tšesä,tšesä,tʃ e s æ,,VKJMS,,,,,česä,tʃesæ,1,,
301-283-1,,301,283,kize,kize,k i z e,,MordWb,,,,,kize,kize,1,,
0-283-1,,0,283,*suŋi̮,*suŋi̮,,,UEW;Sam88,,,,,,,2,,
209-283-2,,209,283,suvi,suvi,s u v i,,VKJMS,,,,,suvi,suvi,2,,
210-283-1,,210,283,suvi,suvi,s u v i,,SVSk,,,,,,suvi,2,,
211-283-1,,211,283,suvi,suvi,,,VESr,,,,,,,2,,
212-283-1,,212,283,se̮ʾu ~ süʾuv,se̮ʾu ~ süʾuv,,,LivWb,,,,,,,2,,
701-283-1,,701,283,tuji ~ tuw,tuji ~ tuw,t u j i,,WogWb,,,,,"tuji, tuw","tuji, tuw",2,,
807-283-1,,807,283,lŏŋ,lŏŋ,l o ̆ ŋ,,DEWbOstj,,,,,lŏŋ,lŏŋ,2,,
901-283-1,,901,283,təŋə,təŋə,t ə ŋ ə,,SlNgaRus,,,,,təŋə,təŋə,2,,
902-283-1,,902,283,təh,təh,,,JurSWb,,,,,,,2,,
907-283-1,,907,283,taŋə,taŋə,t ɑ ŋ ə,,SolkWb,,,,,taŋə,tɑŋə,2,,
401-283-1,,401,283,keŋeš,keŋeš,k e ŋ e ʃ,,SMSk;TscherWb,,,,,keŋeš,keŋeʃ,3,,
501-283-1,,501,283,gože̮m,gože̮m,ɡ o ʒ ɤ m,,SyrjWsch,,,,,gože̮m,ɡoʒɤm,4,,
503-283-1,,503,283,gožum,gožum,ɡ o ʒ u m,,KoPRSl,,,,,gožum,ɡoʒum,4,,
504-283-1,,504,283,gužem,gužem,ɡ u ʒ e m,,WotjWsch,,,,,gužem,ɡuʒem,4,,
601-283-1,,601,283,nyár,nyár,ɲ aː r,,FMSz,,,,,,ɲaːr,5,,
102-284-1,,102,284,[Form not found],,,,WbWlap,,,,,,,?,[Form not found],
104-284-1,,104,284,[Form not found],,,,EZ,,,,,,,?,[Form not found],
207-284-1,,207,284,[Form not found],,,,VVS,,,,,,,?,[Form not found],
807-284-1,,807,284,[Form not found],,,,DEWbOstj,,,,,,,?,[Form not found],
901-284-1,,901,284,[Form not found],,,,SlNgaRus,,,,,,,?,[Form not found],
907-284-1,,907,284,[Form not found],,,,SolkWb,,,,,,,?,[Form not found],
203-284-1,,203,284,nuuhkia,nuuhkia,n uː x k i ɑ,,JL,,,,,,nuːxkiɑ,1,,
204-284-1,,204,284,"nuuhkie, nuuhella",nuuhkie,,,KKSV,,,,,,,1,,
204-284-2,,204,284,"nuuhkie, nuuhella",nuuhella,,,KKSV,,,,,,,1,,
208-284-1,,208,284,nūhella ~ nūhkia,nūhella ~ nūhkia,n uː h e lː ɑ,,InkmSk,,,,,"nūhella, nūhkia","nuːhelːɑ, nuːhkiɑ",1,,
211-284-1,,211,284,nuhk'ma,nuhk'ma,,,VESr,,,,,,,1,,
203-284-2,,203,284,haistella,haistella,h ɑ i s t̪ e̞ lː ɑ,,JL,,,,,,hɑist̪e̞lːɑ,2,,
204-284-3,,204,284,haissella,haissella,,,KKSV,,,,,,,2,,
208-284-2,,208,284,haissella,haissella,h ɑ i sː e lː ɑ,,InkmSk,,,,,haissella,hɑisːelːɑ,2,,
210-284-1,,210,284,haista,haista,h ɑ i s t ɑ,,SVSk,,,,,,hɑistɑ,2,,
209-284-1,,209,284,nūske̮ma,nūske̮ma,n uː s k ɤ m ɑ,,VKJMS,,,,,nūske̮ma,nuːskɤmɑ,3,,
210-284-2,,210,284,"nuuskida, nuusutada",nuuskida,n uː s k i t ɑ n uː s u tː ɑ t ɑ,,SVSk,,,,,,"nuːskitɑ, nuːsutːɑtɑ",3,,
210-284-3,,210,284,"nuuskida, nuusutada",nuusutada,n uː s k i t ɑ n uː s u tː ɑ t ɑ,,SVSk,,,,,,"nuːskitɑ, nuːsutːɑtɑ",3,,
212-284-1,,212,284,nūškarttə,nūškarttə,,,LivWb,,,,,,,3,,
105-284-1,,105,284,sustit,sustit,,,SSSg,,,,,,,4,,
106-284-1,,106,284,susteđ,susteđ,,,InsSSk,,,,,,,4,,
107-284-1,,107,284,"suustčed, suʹstted",suustčed,,,SKosSk,,,,,,,4,,
107-284-2,,107,284,"suustčed, suʹstted",suʹstted,,,SKosSk,,,,,,,4,,
301-284-1,,301,284,ńikśems,ńikśems,ɲ i k ɕ e m s,,MordWb,,,,,ńikśems,ɲikɕems,5,,
106-284-2,,106,284,apseđ,apseđ,,,InsSSk,,,,,,,6,,
108-284-1,,108,284,app’se,app’se,a pːʲ s e,,WOLD,,,,,,apːʲse,6,,
401-284-1,,401,284,üpšə̑nčam,üpšə̑nčam,y p ʃ ə n tʃ ɑ m,,SMSk;TscherWb,,,,,üpšə̑nčam,ypʃəntʃɑm,6,,"'Smell, sniff'"
501-284-1,,501,284,isaśni̮,isaśni̮,i s ɑ ɕ n ɯ,"Deriv. from ""is"" 'smell, stink'",SyrjWsch,,,,,isaśni̮,isɑɕnɯ,6,,
601-284-1,,601,284,szaglászik,szaglászik,s ɒ ɡ l aː s i k,,FMSz,,,,,,sɒɡlaːsik,7,,
504-284-1,,504,284,zi̮mjaśki̮ni̮,zi̮mjaśki̮ni̮,z ɯ m j ɑ ɕ k ɯ n ɯ,"Deriv. from ""zi̮m"" 'smell'",WotjWsch,,,,,zi̮mjaśki̮ni̮,zɯmjɑɕkɯnɯ,8,,
902-284-1,,902,284,tyunye°,tyunye°,,,JurSWb,,,,,,,9,,
701-284-1,,701,284,sēχwi,sēχwi,s eː xʷ i,,WogWb,,,,,sēχwi,seːxʷi,10,,"'Scent (v.), sniff'"
101-284-1,,101,284,snihkiestidh,snihkiestidh,,,NSsNdb,,,,,,,11,,
503-284-1,,503,284,ńukajtni̮,ńukajtni̮,ɲ u k ɑ j t n ɯ,,KoPRSl,,,,,ńukajtni̮,ɲukɑjtnɯ,1,,
101-285-1,,101,285,[Form not found],,,,NSsNdb,,,,,,,?,[Form not found],
102-285-1,,102,285,[Form not found],,,,WbWlap,,,,,,,?,[Form not found],
104-285-1,,104,285,[Form not found],,,,EZ,,,,,,,?,[Form not found],
106-285-1,,106,285,[Form not found],,,,InsSSk,,,,,,,?,[Form not found],
107-285-1,,107,285,[Form not found],,,,SKosSk,,,,,,,?,[Form not found],
901-285-1,,901,285,[Form not found],,,,SlNgaRus,,,,,,,?,[Form not found],
902-285-1,,902,285,[Form not found],,,,JurSWb,,,,,,,?,[Form not found],
907-285-1,,907,285,[Form not found],,,,SolkWb,,,,,,,?,[Form not found],
203-285-1,,203,285,lepakko,lepakko,l e̞ p ɑ kː o̞,,JL,,,,,,le̞pɑkːo̞,1,,
204-285-1,,204,285,lievo ~ lievoi,lievo ~ lievoi,,"Also ""yöliivo(i)"", ""yö"" 'night'",KKSV,,,,,,,1,,
207-285-1,,207,285,öläpäk,öläpäk,,,VVS,,,,,,,1,,"Comp.; ""ö"" 'night', ""läpäk"" cf. Fin ""lepakko"" 'bat'"
208-285-1,,208,285,lepakko,lepakko,l e p ɑ kː o,,InkmSk,,,,,lepakko,lepɑkːo,1,,
204-285-2,,204,285,nahkasiipi,nahkasiipi,,,KKSV,,,,,,,2,,Lit. 'leather-wing'
210-285-1,,210,285,nahkhiir,nahkhiir,n ɑ h k h iː r,,SVSk,,,,,,nɑhkhiːr,3,,Lit. 'leather-mouse'
211-285-1,,211,285,nahkhiir',nahkhiir',,,VESr,,,,,,,3,,Lit. 'leather-mouse'
212-285-1,,212,285,sikks-pārnəz ~ tsikks-pārnəz,sikks-pārnəz ~ tsikks-pārnəz,,,LivWb,,,,,,,4,"Cf. Latv. ""sikspārnis"" 'bat'",
105-285-1,,105,285,girdisáhpán,girdisáhpán,,,SSSg,,,,,,,5,,
108-285-1,,108,285,kɨrr’tej-sāhpliŋk,kɨrr’tej-sāhpliŋk,k ɨ rːʲ t e j s aː h p l i ŋ k,,WOLD,,,,,,kɨrːʲtej-saːhpliŋk,5,,
301-285-1,,301,285,"kedʹńimilʹav, kedʹnarmuń",kedʹńimilʹav,k e dʲ ɲ i m i ʎ ɑ v,,MordWb,,,,,"kedʹńimilʹav, kedʹnarmuń",kedʲɲimiʎɑv,6,,
301-285-2,,301,285,"kedʹńimilʹav, kedʹnarmuń",kedʹnarmuń,k e dʲ n ɑ r m u ɲ,,MordWb,,,,,"kedʹńimilʹav, kedʹnarmuń",kedʲnɑrmuɲ,6,,
401-285-1,,401,285,βoδə̑βə̑čə̑raŋge,βoδə̑βə̑čə̑raŋge,β o ð ə β ə tʃ ə r ɑ ŋ ɡ e,,SMSk;TscherWb,,,,,βoδə̑βə̑čə̑raŋge,βoðəβətʃərɑŋɡe,7,,
501-285-1,,501,285,borda-ši̮r,borda-ši̮r,b o r d ɑ ʃ ɯ r,,SyrjWsch,,,,,borda-ši̮r,bordɑ-ʃɯr,8,,"Comp., lit. 'winged-mouse'"
601-285-1,,601,285,denevér,denevér,d ɛ n ɛ v eː r,,FMSz,,,,,,dɛnɛveːr,9,,
504-285-1,,504,285,urt-ki̮tš,urt-ki̮tš,u r t k ɯ tʃ,,WotjWsch,,,,,urt-ki̮č,urt-kɯtʃ,10,,
701-285-1,,701,285,tōr-towlap,tōr-towlap,t oː r t o w l ɑ p,,WogWb,,,,,tōr-towlap,toːr-towlɑp,11,,
807-285-1,,807,285,ńur-păjlaŋ,ńur-păjlaŋ,ɲ u r p ɑ ̆ j l ɑ ŋ,,DEWbOstj,,,,,ńur-păjlaŋ,ɲur-pɑ̆jlɑŋ,12,,
211-285-2,,211,285,üüsisas ~ üüsisask',üüsisas ~ üüsisask',,,VESr,,,,,,,13,,
209-285-1,,209,285,nahk-tīru,nahk-tīru,n ɑ h k t iː r u,,VKJMS,,,,,nahk-tīru,nɑhk-tiːru,14,,Lit. 'leather-mouse'
209-285-2,,209,285,ǖ-лak̄,ǖ-лak̄,yː l ɑ kː,,VKJMS,,,,,ǖ-lak̄,yː-lɑkː,15,,"Comp.; ""ǖ"" 'night'"
105-285-2,,105,285,náhkkẹsoadji,náhkkẹsoadji,,,SSSg,,,,,,,16,,Lit. 'leather-wing'
204-285-3,,204,285,nahkasiipi,nahkasiipi,,,KKSV,,,,,,,18,,Lit. 'leather-wing'
209-285-3,,209,285,nahk-tīru,nahk-tīru,n ɑ h k t iː r u,,VKJMS,,,,,nahk-tīru,nɑhk-tiːru,18,,Lit. 'leather-mouse'
210-285-2,,210,285,nahkhiir,nahkhiir,n ɑ h k h iː r,,SVSk,,,,,,nɑhkhiːr,18,,Lit. 'leather-mouse'
211-285-3,,211,285,nahkhiir',nahkhiir',,,VESr,,,,,,,18,,Lit. 'leather-mouse'
503-285-1,,503,285,kušbord,kušbord,k u ʃ b o r d,,KoPRSl,,,,,kušbord,kuʃbord,17,,Lit. 'bare-wing'
105-285-3,,105,285,náhkkẹsoadji,náhkkẹsoadji,,,SSSg,,,,,,,18,,Lit. 'leather-wing'; “náhkkẹ” loan from Fin
207-285-2,,207,285,öläpäk,öläpäk,,,VVS,,,,,,,19,,"Comp.; ""ö"" 'night', ""läpäk"" cf. Fin ""lepakko"" 'bat'"
209-285-4,,209,285,ǖ-лak̄,ǖ-лak̄,yː l ɑ kː,,VKJMS,,,,,ǖ-lak̄,yː-lɑkː,19,,"Comp.; ""ǖ"" 'night'"
211-285-4,,211,285,üüsisas ~ üüsisask',üüsisas ~ üüsisask',,,VESr,,,,,,,19,,
101-286-1,,101,286,[Form not found],,,,NSsNdb,,,,,,,?,[Form not found],
102-286-1,,102,286,[Form not found],,,,WbWlap,,,,,,,?,[Form not found],
105-286-1,,105,286,[Form not found],,,Cf. “áddjut” 'grandchild of a male'; “áhkkut” 'grandchild of a female',SSSg,,,,,,,?,[Form not found],
106-286-1,,106,286,[Form not found],,,,InsSSk,,,,,,,?,[Form not found],
107-286-1,,107,286,[Form not found],,,Cf. “äʹjjev” 'grandchild of a male'; “äkkav” 'grandchild of a female',SKosSk,,,,,,,?,[Form not found],
108-286-1,,108,286,[Form not found],,,,WOLD,,,,,,,?,[Form not found],"""Ājjev"" 'grandson', ""āhkev"" 'granddaughter'?"
501-286-1,,501,286,[Form not found],,,,SyrjWsch,,,,,,,?,[Form not found],
503-286-1,,503,286,[Form not found],,,,KoPRSl,,,,,,,?,[Form not found],
504-286-1,,504,286,[Form not found],,,,WotjWsch,,,,,,,?,[Form not found],
807-286-1,,807,286,[Form not found],,,,DEWbOstj,,,,,,,?,[Form not found],
902-286-1,,902,286,[Form not found],,,,JurSWb,,,,,,,?,[Form not found],
907-286-1,,907,286,[Form not found],,,,SolkWb,,,,,,,?,[Form not found],
203-286-1,,203,286,lapsenlapsi,lapsenlapsi,l ɑ p s e̞ n l ɑ p s i,,JL,,,,,,lɑpse̞nlɑpsi,1,,
210-286-1,,210,286,lapselaps,lapselaps,l ɑ pː s e l a pː s,,SVSk,,,,,,lɑpːselapːs,1,,
211-286-1,,211,286,latsõlats',latsõlats',,,VESr,,,,,,,1,,
212-286-1,,212,286,läppš-läppš,läppš-läppš,,,LivWb,,,,,,,1,,
204-286-1,,204,286,punukka,punukka,,,KKSV,,,,,,,2,,
207-286-1,,207,286,vunuk,vunuk,,,VVS,,,,,,,2,,
208-286-1,,208,286,vunukka,vunukka,v u n u kː ɑ,,InkmSk,,,,,vunukka,vunukːɑ,2,,
209-286-1,,209,286,vunuk̄,vunuk̄,v u n u kː,,VKJMS,,,,,vunuk̄,vunukː,2,,
401-286-1,,401,286,unə̑ka,unə̑ka,u n ə k ɑ,,SMSk;TscherWb,,,,,unə̑ka,unəkɑ,2,,
601-286-1,,601,286,unoka,unoka,,,FMSz,,,,,,,2,,
301-286-1,,301,286,nućka,nućka,n u tɕ k ɑ,,MordWb,,,,,nućka,nutɕkɑ,3,,
301-286-2,,301,286,bijo,bijo,b i j o,,MordWb,,,,,bijo,bijo,4,,
701-286-1,,701,286,apiɣ,apiɣ,ɑ p i ɣ,,WogWb,,,,,apiɣ,ɑpiɣ,5,,"'Nephew, grandson'"
104-286-1,,104,286,ádjov,ádjov,,,EZ,,,,,,,6,,
901-286-1,,901,286,ńuədʹə ńuə,ńuədʹə ńuə,ɲ u ə dʲ ə ɲ u ə,,SlNgaRus,,,,,ńuədʹə_ńuə,ɲuədʲə ɲuə,7,,"'Grandchild, grandson'; ""ńuə"" 'child'"
0-287-1,,0,287,*jäŋi̮,*jäŋi̮,,PFU: *jäŋi,UEW;Sam88,,,,,,,1,,
101-287-1,,101,287,jïenge,jïenge,,,NSsNdb,,,,,,,1,,
102-287-1,,102,287,jeägˈŋa,jeägˈŋa,,,WbWlap,,,,,,,1,,
104-287-1,,104,287,jegŋa ~ jiegŋa,jegŋa ~ jiegŋa,,,EZ,,,,,,,1,,
105-287-1,,105,287,jiekŋa,jiekŋa,,,SSSg,,,,,,,1,,
106-287-1,,106,287,jieŋa,jieŋa,,,InsSSk,,,,,,,1,,
107-287-1,,107,287,jiõŋŋ,jiõŋŋ,,,SKosSk,,,,,,,1,,
108-287-1,,108,287,īŋŋ,īŋŋ,iː ŋː,,WOLD,,,,,,iːŋː,1,,
203-287-1,,203,287,jää,jää,j æː,,JL,,,,,,jæː,1,,
204-287-1,,204,287,jeä,jeä,,,KKSV,,,,,,,1,,
207-287-1,,207,287,jä,jä,,,VVS,,,,,,,1,,
208-287-1,,208,287,jǟ,jǟ,j æː,,InkmSk,,,,,jǟ,jæː,1,,
209-287-1,,209,287,jǟ,jǟ,j æː,,VKJMS,,,,,jǟ,jæː,1,,
210-287-1,,210,287,jää,jää,j æː,,SVSk,,,,,,jæː,1,,
211-287-1,,211,287,ijä ~ iä,ijä ~ iä,,,VESr,,,,,,,1,,
212-287-1,,212,287,jeì,jeì,,,LivWb,,,,,,,1,,
301-287-1,,301,287,ej,ej,e j,,MordWb,,,,,ej,ej,1,,
401-287-1,,401,287,ij,ij,i j,,SMSk;TscherWb,,,,,ij,ij,1,,
501-287-1,,501,287,ji̮,ji̮,j ɯ,,SyrjWsch,,,,,ji̮,jɯ,1,,
503-287-1,,503,287,ji̮,ji̮,j ɯ,,KoPRSl,,,,,ji̮,jɯ,1,,
504-287-1,,504,287,je̮,je̮,j ɤ,,WotjWsch,,,,,je̮,jɤ,1,,
601-287-1,,601,287,jég,jég,j eː ɡ,,FMSz,,,,,,jeːɡ,1,,
701-287-1,,701,287,jāŋk,jāŋk,j ɑː ŋ k,,WogWb,,,,,jāŋk,jɑːŋk,1,,
807-287-1,,807,287,jöŋk,jöŋk,j ø ŋ k,,DEWbOstj,,,,,jöŋk,jøŋk,1,,
907-287-1,,907,287,ūlqo,ūlqo,uː l q o,,SolkWb,,,,,ūlqo,uːlqo,2,,
902-287-1,,902,287,salaba,salaba,,,JurSWb,,,,,,,3,,
901-287-1,,901,287,si̮r,si̮r,s ɯ r,,SlNgaRus,,,,,si̮r,sɯr,4,,
0-288-1,,0,288,[Not reconstructable],,,,UEW;Sam88,,,,,,,?,[Not reconstructable],
107-288-1,,107,288,kååʹtt-ne,kååʹtt-ne,,Deriv.?,SKosSk,,,,,,,1,Cognacy uncertain,
204-288-1,,204,288,ku,ku,,,KKSV,,,,,,,1,,
301-288-1,,301,288,kona-butʹi,kona-butʹi,k o n ɑ b u tʲ i,"Deriv., comp. with ""butʹi""",MordWb,,,,,kona-butʹi,konɑ-butʲi,1,,
501-288-1,,501,288,kuč̣e̮m-ke̮,kuč̣e̮m-ke̮,k u tʃ ɤ m k ɤ,Deriv.,SyrjWsch,,,,,kuče̮m-ke̮,kutʃɤm-kɤ,1,,"""-ke̮"" 'if, as'"
504-288-1,,504,288,kudiz ke,kudiz ke,k u d i z k e,Deriv.,WotjWsch,,,,,kudiz_ke,kudiz ke,1,,"""Ke"" is an indefinite particle"
907-288-1,,907,288,qaj kos,qaj kos,q ɑ j k o s,,SolkWb,,,,,qaj_kos,qɑj kos,1,,
106-288-1,,106,288,miinii,miinii,,,InsSSk,,,,,,,2,,
107-288-2,,107,288,mii-ne,mii-ne,,Deriv.?,SKosSk,,,,,,,2,,
204-288-2,,204,288,mi,mi,,,KKSV,,,,,,,2,,
208-288-1,,208,288,miɢä ~ (miɢälē),miɢä ~,m i ɡ̥ æ,"Used with adverbials, etc. ""migälee"", ""migäikkee"" 'some(thing), whatever'",InkmSk,,,,,"miɢä, , miɢä, miɢälē","miɡ̥æ, miɡ̥æ, miɡ̥æleː",2,,
209-288-1,,209,288,"mikä-le, mikä-ni-buit",mikä-le,m i k æ l e,,VKJMS,,,,,"mikä-le, mikä-ni-buit",mikæ-le,2,,
209-288-2,,209,288,"mikä-le, mikä-ni-buit",mikä-ni-buit,m i k æ n i b u i t,,VKJMS,,,,,"mikä-le, mikä-ni-buit",mikæ-ni-buit,2,,
210-288-1,,210,288,miski,miski,m i s k i,Deriv.,SVSk,,,,,,miski,2,,
211-288-1,,211,288,"miäkiq, määne",miäkiq,,,VESr,,,,,,,2,,
211-288-2,,211,288,"miäkiq, määne",määne,,,VESr,,,,,,,2,,
212-288-1,,212,288,midʹàd,midʹàd,,Deriv.,LivWb,,,,,,,2,,
301-288-2,,301,288,meźe-butʹi,meźe-butʹi,m e ʑ e b u tʲ i,"Deriv., comp. with ""butʹi""",MordWb,,,,,meźe-butʹi,meʑe-butʲi,2,,
401-288-1,,401,288,"ala-mo, iktaž-mo",ala-mo,ɑ l ɑ m o,,SMSk;TscherWb,,,,,"ala-mo, iktaž-mo",ɑlɑ-mo,2,,"""Mo(ɣaj)"" 'what'"
401-288-2,,401,288,"ala-mo, iktaž-mo",iktaž-mo,i k t ɑ ʒ m o,,SMSk;TscherWb,,,,,"ala-mo, iktaž-mo",iktɑʒ-mo,2,,"""Mo(ɣaj)"" 'what'"
601-288-1,,601,288,valami,valami,v ɒ l ɒ m i,,FMSz,,,,,,vɒlɒmi,2,"Comp.; first part deriv. from PFU *woli̮- 'be, become'",
901-288-1,,901,288,"māgüə, māčəküə",māgüə,m ɑː ɡ y ə,From PU *mV- 'what',SlNgaRus,,,,,"māgüə, māčəküə",mɑːɡyə,2,,
901-288-2,,901,288,"māgüə, māčəküə",māčəküə,m ɑː tʃ ə k y ə,From PU *mV- 'what',SlNgaRus,,,,,"māgüə, māčəküə",mɑːtʃəkyə,2,,
207-288-1,,207,288,kenńi,kenńi,,,VVS,,,,,,,3,Deriv. from PFU *ke-?,
210-288-2,,210,288,keegi,keegi,k eː k i,,SVSk,,,,,,keːki,3,Deriv. from PFU *ke-?,
503-288-1,,503,288,kinke̮,kinke̮,k i n k ɤ,,KoPRSl,,,,,kinke̮,kinkɤ,3,,
504-288-2,,504,288,kin ke,kin ke,k i n k e,,WotjWsch,,,,,kin_ke,kin ke,3,,"""Ke"" is an indefinite particle"
105-288-1,,105,288,juoga,juoga,,Deriv.,SSSg,,,,,,,4,,
203-288-1,,203,288,jokin,jokin,j o̞ k i n,Deriv.,JL,,,,,,jo̞kin,4,,
208-288-2,,208,288,joɢu,joɢu,j o ɡ̥ u,,InkmSk,,,,,joɢu,joɡ̥u,4,,
101-288-1,,101,288,såemies,såemies,,,NSsNdb,,,,,,,5,,
102-288-1,,102,288,sååmès,sååmès,,,WbWlap,,,,,,,5,,
104-288-1,,104,288,såmes,såmes,,,EZ,,,,,,,5,,
105-288-2,,105,288,soamis,soamis,,,SSSg,,,,,,,5,"Holopainen2018: possibly not direct Indo-ir borrowing to Saamic, another archaic IE source also possible",
101-288-2,,101,288,"naan, naakene",naan,,,NSsNdb,,,,,,,6,,
101-288-3,,101,288,"naan, naakene",naakene,,,NSsNdb,,,,,,,6,,
102-288-2,,102,288,naaga(n),naaga,,,WbWlap,,,,,,,6,,
301-288-3,,301,288,ta-kodamo,ta-kodamo,t ɑ k o d ɑ m o,,MordWb,,,,,ta-kodamo,tɑ-kodɑmo,7,"""Ta"" 'some-' loan from Chuvash ""ta"" possible","'Something, someone'"
701-288-1,,701,288,mat,mat,m ɑ t,,WogWb,,,,,mat,mɑt,8,,
807-288-1,,807,288,"mətä, mətälʹi ~ mətäli",mətä,m ə t æ,"Former as attribute, latter as freestanding word",DEWbOstj,,,,,"mətä, mətälʹi, mətäli",mətæ,8,,
807-288-2,,807,288,"mətä, mətälʹi ~ mətäli",mətälʹi ~ mətäli,m ə t æ,"Former as attribute, latter as freestanding word",DEWbOstj,,,,,"mətä, mətälʹi, mətäli","mətæ, mətæʎi, mətæli",8,,
401-288-3,,401,288,ala-mo,ala-mo,ɑ l ɑ m o,,SMSk;TscherWb,,,,,ala-mo,ɑlɑ-mo,9,"""Ala"" 'maybe, some-' loan from Tatar; ""mo"" 'what'",
401-288-4,,401,288,"iktaž, iktaž-mo",iktaž,i k t ɑ ʒ,,SMSk;TscherWb,,,,,"iktaž, iktaž-mo",iktɑʒ,10,,
401-288-5,,401,288,"iktaž, iktaž-mo",iktaž-mo,i k t ɑ ʒ m o,,SMSk;TscherWb,,,,,"iktaž, iktaž-mo",iktɑʒ-mo,10,,
902-288-1,,902,288,ŋəmkexəwa,ŋəmkexəwa,,,JurSWb,,,,,,,11,,
108-288-1,,108,288,mugka-vier’t,mugka-vier’t,m u gː a v i e rʲ t,,WOLD,,,,,,mugːa-vierʲt,12,,
901-288-3,,901,288,kurədʹiküə,kurədʹiküə,k u r ə dʲ i k y ə,"Deriv. from ""kurədʹi"" 'what, which'",SlNgaRus,,,,,kurədʹiküə,kurədʲikyə,13,,
301-289-1,,301,289,[No equivalent],,,No single word for 'hunt',MordWb,,,,,,,0,[No equivalent],
0-289-1,,0,289,[Not reconstructable],,,,UEW;Sam88,,,,,,,?,[Not reconstructable],
203-289-1,,203,289,metsästää,metsästää,m e̞ t̪ s æ s t̪ æː,,JL,,,,,,me̞t̪sæst̪æː,1,,
204-289-1,,204,289,"metšätteä, mettšuija",metšätteä,,Latter different deriv.,KKSV,,,,,,,1,,
204-289-2,,204,289,"metšätteä, mettšuija",mettšuija,,Latter different deriv.,KKSV,,,,,,,1,,
207-289-1,,207,289,metsata,metsata,,,VVS,,,,,,,1,,
210-289-1,,210,289,jahtida,jahtida,j ɑ h t i t ɑ,,SVSk,,,,,,jɑhtitɑ,2,,
211-289-1,,211,289,jaht'ma,jaht'ma,,,VESr,,,,,,,2,,
212-289-1,,212,289,aʾijə,aʾijə,,,LivWb,,,,,,,4,,
102-289-1,,102,289,biwˈdeet,biwˈdeet,,"Cf. Fin “pǖtä-” 'hunt, ask for'",WbWlap,,,,,,,5,,
104-289-1,,104,289,bivvdet,bivvdet,,,EZ,,,,,,,5,,
105-289-1,,105,289,bivdit,bivdit,,,SSSg,,,,,,,5,"Cf. Fin “pǖtä-” 'hunt, ask for'",
504-289-1,,504,289,pe̮jšurani̮,pe̮jšurani̮,p ɤ j ʃ u r ɑ n ɯ,,WotjWsch,,,,,pe̮jšurani̮,pɤjʃurɑnɯ,6,,
901-289-1,,901,289,kotədʹa,kotədʹa,k o t ə dʲ ɑ,Deriv. from PSd *kåə- 'kill',SlNgaRus,,,,,kotədʹa,kotədʲɑ,7,,"Cf. ""kotudʹa"" 'kill'"
902-289-1,,902,289,xanye°,xanye°,,,JurSWb,,,,,,,7,,
401-289-1,,401,289,sonarlem,sonarlem,s o n ɑ r l e m,,SMSk;TscherWb,,,,,sonarlem,sonɑrlem,8,,
501-289-1,,501,289,ve̮ravni̮,ve̮ravni̮,v ɤ r ɑ v n ɯ,"Deriv. from ""ve̮r"" 'forest'",SyrjWsch,,,,,ve̮ravni̮,vɤrɑvnɯ,9,,
503-289-1,,503,289,ve̮ravni̮,ve̮ravni̮,v ɤ r ɑ v n ɯ,"Deriv. from ""ve̮r"" 'forest'",KoPRSl,,,,,ve̮ravni̮,vɤrɑvnɯ,9,,
504-289-2,,504,289,ńuleskani̮,ńuleskani̮,ɲ u l e s k ɑ n ɯ,,WotjWsch,,,,,ńuleskani̮,ɲuleskɑnɯ,10,"Deriv. from ""ńules"" 'woods'; from PU *ńulkV 'silver fir'",
601-289-1,,601,289,vadászik,vadászik,v ɒ d aː s i k,,FMSz,,,,,,vɒdaːsik,11,,
701-289-1,,701,289,kinsi,kinsi,k i n s i,,WogWb,,,,,kinsi,kinsi,12,From PFU *kenčV- 'search',
807-289-1,,807,289,kəṇčil-,kəṇčil-,k ə ɳ tʃ i l,,DEWbOstj,,,,,kəṇčil-,kəɳtʃil-,12,Deriv. from PFU *kenčV- 'search',"Glossed in Rus as ""lovit'"" 'catch, fish, hunt'"
907-289-1,,907,289,sūrəməj-,sūrəməj-,s uː r ə m ə j,,SolkWb,,,,,sūrəməj-,suːrəməj-,13,,
101-289-1,,101,289,vïjredh,vïjredh,,,NSsNdb,,,,,,,14,,
106-289-1,,106,289,meä'cástiđ,meä'cástiđ,,,InsSSk,,,,,,,1,"From PSa *mɛ̄ccē, cf. Fin “meččä”",
107-289-1,,107,289,miẹʹc(c)sted,miẹʹcsted,,,SKosSk,,,,,,,1,"From PSa *mɛ̄ccē, cf. Fin “meččä”",
108-289-1,,108,289,miehc’,miehc’,m i e h cʲ,,WOLD,,,,,,miehcʲ,1,"From PSa *mɛ̄ccē, cf. Fin “meččä”",
212-289-2,,212,289,jaktʹə,jaktʹə,,,LivWb,,,,,,,2,"Latv ""jaktēt""",
212-289-3,,212,289,meʾdʹdʹə,meʾdʹdʹə,,,LivWb,,,,,,,1,"Latv ""medīt""",
104-289-2,,104,289,jáktet,jáktet,,,EZ,,,,,,,2,,
208-289-1,,208,289,jahti,jahti,j ɑ h t i,,InkmSk,,,,,jahti,jɑhti,2,,Noun 'hunt'
209-289-1,,209,289,jahtì menemä,jahtì menemä,j ɑ h t ì m e n e m æ,,VKJMS,,,,,jahtì menemä,jɑhtì menemæ,2,,
901-289-2,,901,289,basudʹa,basudʹa,b ɑ s u dʲ ɑ,,SlNgaRus,,,,,basudʹa,bɑsudʲɑ,15,,
203-29-1,,203,29,sanoa,sanoa,s ɑ n o̞ ɑ,,JL,,,,,,sɑno̞ɑ,1,,
204-29-1,,204,29,sanuo,sanuo,,,KKSV,,,,,,,1,,
207-29-1,,207,29,sanuda,sanuda,,,VVS,,,,,,,1,,
208-29-1,,208,29,san̆nōa,san̆nōa,s ɑ ɳ n oː ɑ,,InkmSk,,,,,saňnōa,sɑɳnoːɑ,1,,
209-29-1,,209,29,juttè̮ma,juttè̮ma,j u tː ɤ̀ m ɑ,,VKJMS,,,,,juttè̮ma,jutːɤ̀mɑ,2,,
210-29-1,,210,29,"ütelda, öelda",ütelda,y tː e l t ɑ ø e l t ɑ,,SVSk,,,,,,"ytːeltɑ, øeltɑ",2,"From PFW (FU?) *jukta- 'speak, tell'",
210-29-2,,210,29,"ütelda, öelda",öelda,y tː e l t ɑ ø e l t ɑ,,SVSk,,,,,,"ytːeltɑ, øeltɑ",2,"From PFW (FU?) *jukta- 'speak, tell'",
211-29-1,,211,29,ütlemä,ütlemä,,,VESr,,,,,,,2,"From PFW (FU?) *jukta- 'speak, tell'",
301-29-1,,301,29,jovtams,jovtams,j o v t ɑ m s,,MordWb,,,,,jovtams,jovtɑms,2,"From PFW (FU?) *jukta- 'speak, tell'",
212-29-1,,212,29,re̮kkə,re̮kkə,,,LivWb,,,,,,,3,,
212-29-2,,212,29,kīttə,kīttə,,,LivWb,,,,,,,4,Not rejected but stated as dubious in Junttila2015,
105-29-1,,105,29,dadjat,dadjat,,,SSSg,,,,,,,5,,
105-29-2,,105,29,lohkat,lohkat,,,SSSg,,,,,,,6,,
102-29-1,,102,29,sàrdnoot,sàrdnoot,,,WbWlap,,,,,,,7,,
101-29-1,,101,29,jiehtedh,jiehtedh,,,NSsNdb,,,,,,,8,,
102-29-2,,102,29,jahteet,jahteet,,,WbWlap,,,,,,,8,,
106-29-1,,106,29,celkkiđ,celkkiđ,,,InsSSk,,,,,,,9,,
107-29-1,,107,29,ceäʹlǩǩed,ceäʹlǩǩed,,,SKosSk,,,,,,,9,,
108-29-1,,108,29,ciellh’ke,ciellh’ke,c i e l̥ːʲ k e,,WOLD,,,,,,ciel̥ːʲke,9,,
807-29-1,,807,29,at-,at-,ɑ t,,DEWbOstj,,,,,at-,ɑt-,10,,
301-29-2,,301,29,meŕems,meŕems,m e rʲ e m s,,MordWb,,,,,meŕems,merʲems,11,,
0-29-1,,0,29,*manV-,*manV-,,Correspondences unclear,UEW;Sam88,,,,,,,12,,
401-29-1,,401,29,manam,manam,m ɑ n ɑ m,,SMSk;TscherWb,,,,,manam,mɑnɑm,12,Cognacy uncertain,
601-29-1,,601,29,mond,mond,m o n d,,FMSz,,,,,,mond,12,,
901-29-1,,901,29,munsa,munsa,m u n s ɑ,,SlNgaRus,,,,,munsa,munsɑ,12,,
902-29-1,,902,29,mancy°,mancy°,,,JurSWb,,,,,,,12,,
501-29-1,,501,29,viśtavni̮,viśtavni̮,v i ɕ t ɑ v n ɯ,,SyrjWsch,,,,,viśtavni̮,viɕtɑvnɯ,13,,
503-29-1,,503,29,viśtavni̮,viśtavni̮,v i ɕ t ɑ v n ɯ,,KoPRSl,,,,,viśtavni̮,viɕtɑvnɯ,13,,
501-29-2,,501,29,šuni̮,šuni̮,ʃ u n ɯ,,SyrjWsch,,,,,šuni̮,ʃunɯ,14,,
503-29-2,,503,29,šuni̮,šuni̮,ʃ u n ɯ,,KoPRSl,,,,,šuni̮,ʃunɯ,14,,
504-29-1,,504,29,šui̮ni̮,šui̮ni̮,ʃ u ɯ n ɯ,,WotjWsch,,,,,šui̮ni̮,ʃuɯnɯ,14,,
504-29-2,,504,29,verani̮,verani̮,v e r ɑ n ɯ,,WotjWsch,,,,,verani̮,verɑnɯ,15,,
204-29-2,,204,29,paissa,paissa,,,KKSV,,,,,,,16,,
701-29-1,,701,29,lāwi,lāwi,l ɑː w i,,WogWb,,,,,lāwi,lɑːwi,17,,
807-29-2,,807,29,tŏḷəɣ-,tŏḷəɣ-,t o ̆ ɭ ə ɣ,,DEWbOstj,,,,,tŏḷəɣ-,tŏɭəɣ-,18,,
907-29-1,,907,29,ke̮t-,ke̮t-,k ɤ t,,SolkWb,,,,,ke̮t-,kɤt-,19,,
106-29-2,,106,29,ettađ,ettađ,,,InsSSk,,,,,,,23,,
401-29-2,,401,29,ojlem,ojlem,o j l e m,,SMSk;TscherWb,,,,,ojlem,ojlem,20,"Deriv. from ""oj"" 'speech, word'",
106-29-3,,106,29,pahudiđ,pahudiđ,,,InsSSk,,,,,,,21,,
208-29-2,,208,29,verkkā,verkkā,v e r kː ɑː,,InkmSk,,,,,verkkā,verkːɑː,22,,
104-29-1,,104,29,rudnat,rudnat,,,EZ,,,,,,,24,,
104-29-2,,104,29,hållåt,hållåt,,,EZ,,,,,,,25,,
203-290-1,,203,290,tyttö,tyttö,t̪ y t̪ː ø̞,,JL,,,,,,t̪yt̪ːø̞,1,,
204-290-1,,204,290,"tyttö, tytär",tyttö,,,KKSV,,,,,,,1,,"Latter 'daughter', in Northern Karelian also 'girl'"
204-290-2,,204,290,"tyttö, tytär",tytär,,,KKSV,,,,,,,1,,"Latter 'daughter', in Northern Karelian also 'girl'"
208-290-1,,208,290,tüttöĭ,tüttöĭ,t y tː ø i ̆,,InkmSk,,,,,tüttöĭ,tytːøĭ,1,,
209-290-1,,209,290,tüttö,tüttö,t y tː ø,,VKJMS,,,,,tüttö,tytːø,1,,
210-290-1,,210,290,"tütarlaps, tüdruk",tütarlaps,t y tː ɑ r l a pː s t y t r u k,,SVSk,,,,,,"tytːɑrlapːs, tytruk",1,,
210-290-2,,210,290,"tütarlaps, tüdruk",tüdruk,t y tː ɑ r l a pː s t y t r u k,,SVSk,,,,,,"tytːɑrlapːs, tytruk",1,,
211-290-1,,211,290,"tütrik, tütär'lats'",tütrik,,,VESr,,,,,,,1,,
211-290-2,,211,290,"tütrik, tütär'lats'",tütär'lats',,,VESr,,,,,,,1,,
301-290-1,,301,290,"tʹejtʹeŕ, tʹejtʹeŕka",tʹejtʹeŕ,tʲ e j tʲ e rʲ,,MordWb,,,,,"tʹejtʹeŕ, tʹejtʹeŕka",tʲejtʲerʲ,1,,
301-290-2,,301,290,"tʹejtʹeŕ, tʹejtʹeŕka",tʹejtʹeŕka,tʲ e j tʲ e rʲ k ɑ,,MordWb,,,,,"tʹejtʹeŕ, tʹejtʹeŕka",tʲejtʲerʲkɑ,1,,
0-290-1,,0,290,*näɣi ~ ?*nejδi,*näɣi ~ ?*nejδi,,,UEW;Sam88,,,,,,,2,,
101-290-1,,101,290,nïejte,nïejte,,,NSsNdb,,,,,,,2,,
102-290-1,,102,290,näìda,näìda,,,WbWlap,,,,,,,2,,
104-290-1,,104,290,niejdan ~ näjjtso ~ näjjda,niejdan ~ näjjtso ~ näjjda,,,EZ,,,,,,,2,,
105-290-1,,105,290,nieida,nieida,,,SSSg,,,,,,,2,,
106-290-1,,106,290,niei'da,niei'da,,,InsSSk,,,,,,,2,,
107-290-1,,107,290,nijdd,nijdd,,,SKosSk,,,,,,,2,,
108-290-1,,108,290,nījta,nījta,n iː j t a,,WOLD,,,,,,niːjta,2,,
207-290-1,,207,290,"neičukaine, neižne",neičukaine,,Derivs.,NRVS,,,,,,,2,,
207-290-2,,207,290,"neičukaine, neižne",neižne,,Derivs.,NRVS,,,,,,,2,,
212-290-1,,212,290,neìtst,neìtst,,,LivWb,,,,,,,2,,
501-290-1,,501,290,ni̮v,ni̮v,n ɯ v,,SyrjWsch,,,,,ni̮v,nɯv,2,,"'Daughter, girl'"
503-290-1,,503,290,ni̮v,ni̮v,n ɯ v,,KoPRSl,,,,,ni̮v,nɯv,2,,
504-290-1,,504,290,ni̮l,ni̮l,n ɯ l,,WotjWsch,,,,,ni̮l,nɯl,2,,"'Daughter, girl'"
901-290-1,,901,290,ni̮ ńuə,ni̮ ńuə,n ɯ ɲ u ə,,SlNgaRus,,,,,ni̮_ńuə,nɯ ɲuə,2,,"'Daughter, girl', lit. 'girl child'"
907-290-1,,907,290,netäŋ,netäŋ,n e t æ ŋ,"Deriv. from ""ne"" 'woman'",SolkWb,,,,,netäŋ,netæŋ,2,,
401-290-1,,401,290,üδə̑r,üδə̑r,y ð ə r,,SMSk;TscherWb,,,,,üδə̑r,yðər,3,,
601-290-1,,601,290,"leány, lány",leány,l ɛ aː ɲ l aː ɲ,,FMSz,,,,,,"lɛaːɲ, laːɲ",4,,"""Leány"" arch. form"
601-290-2,,601,290,"leány, lány",lány,l ɛ aː ɲ l aː ɲ,,FMSz,,,,,,"lɛaːɲ, laːɲ",4,,"""Leány"" arch. form"
902-290-1,,902,290,pyíryibtya,pyíryibtya,,,JurSWb,,,,,,,5,,
701-290-1,,701,290,āɣi,āɣi,ɑː ɣ i,,WogWb,,,,,āɣi,ɑːɣi,6,,"'Daughter, girl'"
807-290-1,,807,290,ö̭ɣi,ö̭ɣi,ø̻ ɣ i,,DEWbOstj,,,,,ö̭ɣi,ø̻ɣi,6,,"'Daughter, girl'"
901-290-2,,901,290,kobtua,kobtua,k o b t u ɑ,,SlNgaRus,,,,,kobtua,kobtuɑ,7,,"'Daughter, girl'"
0-291-1,,0,291,[Not reconstructable],,,,UEW;Sam88,,,,,,,?,[Not reconstructable],
104-291-1,,104,291,[Form not found],,,,EZ,,,,,,,?,[Form not found],
203-291-1,,203,291,tylsä,tylsä,t̪ y l s æ,,JL,,,,,,t̪ylsæ,1,,
204-291-1,,204,291,tylttšä ~ tšylttšä,tylttšä ~ tšylttšä,,,KKSV,,,,,,,1,,
207-291-1,,207,291,tülʹts,tülʹts,,,VVS,,,,,,,1,,
212-291-1,,212,291,tē̮l(d)za,tē̮lza,,,LivWb,,,,,,,1,,
208-291-1,,208,291,nürhi,nürhi,n y r h i,,InkmSk,,,,,nürhi,nyrhi,2,,
209-291-1,,209,291,nüri,nüri,n y r i,,VKJMS,,,,,nüri,nyri,2,,
210-291-1,,210,291,nüri,nüri,n y r i,,SVSk,,,,,,nyri,2,,
211-291-1,,211,291,nühr,nühr,,,VESr,,,,,,,2,,
301-291-1,,301,291,noška,noška,n o ʃ k ɑ,,MordWb,,,,,noška,noʃkɑ,2,,
401-291-1,,401,291,nüškö,nüškö,n y ʃ k ø,,SMSk;TscherWb,,,,,nüškö,nyʃkø,2,,
501-291-1,,501,291,ni̮ž,ni̮ž,n ɯ ʒ,,SyrjWsch,,,,,ni̮ž,nɯʒ,2,,
503-291-1,,503,291,ni̮ž,ni̮ž,n ɯ ʒ,,KoPRSl;RB,,,,,ni̮ž,nɯʒ,2,,
504-291-1,,504,291,ni̮ž,ni̮ž,n ɯ ʒ,,WotjWsch,,,,,ni̮ž,nɯʒ,2,,
105-291-1,,105,291,basttoheapme ~ bastteheapme,basttoheapme ~ bastteheapme,,,SSSg,,,,,,,3,Comp.; first part from PFV *pise-tä-,
102-291-1,,102,291,"nuhpòda, nuhpaga",nuhpòda,,,WbWlap,,,,,,,4,,
102-291-2,,102,291,"nuhpòda, nuhpaga",nuhpaga,,,WbWlap,,,,,,,4,,
102-291-3,,102,291,niellee,niellee,,,WbWlap,,,,,,,5,,
108-291-1,,108,291,mier’es’,mier’es’,m i e rʲ e sʲ,,WOLD,,,,,,mierʲesʲ,6,,
601-291-1,,601,291,tompa,tompa,t o m p ɒ,,FMSz,,,,,,tompɒ,7,,
701-291-1,,701,291,talʹəχ-sup,talʹəχ-sup,t ɑ ʎ ə x s u p,,WogWb,,,,,talʹəχ-sup,tɑʎəx-sup,8,,"Comp.; lit. ""point-half"" (ie. 'lacking a [sharp] point')"
807-291-1,,807,291,"pelləɣ, pellǝɣǝki",pelləɣ,p e l l ə ɣ,"Derivs. from ""pel-"" 'stab'",DEWbOstj,,,,,"pelləɣ,  pelləɣəki",pelləɣ,9,,
807-291-2,,807,291,"pelləɣ, pellǝɣǝki",pellǝɣǝki,p e l l ə ɣ ə k i,"Derivs. from ""pel-"" 'stab'",DEWbOstj,,,,,"pelləɣ,  pelləɣəki",pelləɣəki,9,,
902-291-1,,902,291,tin°xa,tin°xa,,,JurSWb,,,,,,,10,,
401-291-2,,401,291,tokmak,tokmak,t o k m ɑ k,,SMSk;TscherWb,,,,,tokmak,tokmɑk,11,,
907-291-1,,907,291,qamələlʹ,qamələlʹ,q ɑ m ə l ə ʎ,,SolkWb,,,,,qamələlʹ,qɑmələʎ,12,,
209-291-2,,209,291,tülp̄ʹ,tülp̄ʹ,t y l pʲː,,VKJMS,,,,,tülṕṕ,tylpʲː,13,,
101-291-1,,101,291,nalhve,nalhve,,,NSsNdb,,,,,,,14,,
106-291-1,,106,291,tulcce,tulcce,,,InsSSk,,,,,,,1,,
107-291-1,,107,291,tåʹlcc,tåʹlcc,,,SKosSk,,,,,,,1,,
901-291-1,,901,291,ti̮amə̄,ti̮amə̄,t ɯ ɑ m əː,,SlNgaRus,,,,,ti̮amə̄,tɯɑməː,15,,
203-292-1,,203,292,sammuttaa,sammuttaa,s ɑ mː u t̪ː ɑː,,JL,,,,,,sɑmːut̪ːɑː,1,,
204-292-1,,204,292,sammuttoa,sammuttoa,,,KKSV,,,,,,,1,,
207-292-1,,207,292,sambutada,sambutada,,,VVS,,,,,,,1,,
208-292-1,,208,292,sammuttā,sammuttā,s ɑ mː u tː ɑː,,InkmSk,,,,,sammuttā,sɑmːutːɑː,1,,
209-292-1,,209,292,sammutte̮ma,sammutte̮ma,s ɑ mː u tː ɤ m ɑ,,VKJMS,,,,,sammutte̮ma,sɑmːutːɤmɑ,1,,
0-292-1,,0,292,*kupsa-,*kupsa-,,,UEW;Sam88,,,,,,,2,,
210-292-1,,210,292,kustutada,kustutada,k u s tː u tː ɑ t ɑ,,SVSk,,,,,,kustːutːɑtɑ,2,,
211-292-1,,211,292,kistutama,kistutama,,,VESr,,,,,,,2,,
212-292-1,,212,292,kištànttə ~ küštànttə,kištànttə ~ küštànttə,,,LivWb,,,,,,,2,,
501-292-1,,501,292,kuse̮dni̮,kuse̮dni̮,k u s ɤ d n ɯ,,SyrjWsch,,,,,kuse̮dni̮,kusɤdnɯ,2,,
503-292-1,,503,292,kuse̮tni̮,kuse̮tni̮,k u s ɤ t n ɯ,,KoPRSl,,,,,kuse̮tni̮,kusɤtnɯ,2,,
504-292-1,,504,292,ki̮si̮ni̮,ki̮si̮ni̮,k ɯ s ɯ n ɯ,,WotjWsch,,,,,ki̮si̮ni̮,kɯsɯnɯ,2,,
807-292-1,,807,292,kowǝt-,kowǝt-,k o w ə t,,DEWbOstj,,,,,kowət-,kowət-,2,,
901-292-1,,901,292,kəbtudʹa,kəbtudʹa,k ə b t u dʲ ɑ,,SlNgaRus,,,,,kəbtudʹa,kəbtudʲɑ,2,,
902-292-1,,902,292,xəbta-,xəbta-,,,JurSWb,,,,,,,2,,
907-292-1,,907,292,qaptə-,qaptə-,q ɑ p t ə,,SolkWb,,,,,qaptə-,qɑptə-,2,,
105-292-1,,105,292,čáskadit,čáskadit,,,SSSg,,,,,,,3,,
106-292-1,,106,292,časkadiđ,časkadiđ,,,InsSSk,,,,,,,3,,
107-292-1,,107,292,čackkeed,čackkeed,,,SKosSk,,,,,,,3,,
108-292-1,,108,292,čuacckte,čuacckte,t ʃ u a cː k t e,,WOLD,,,,,,tʃuacːkte,3,,
102-292-1,,102,292,"jaakstit, jaaksahtit",jaakstit,,,WbWlap,,,,,,,4,,
102-292-2,,102,292,"jaakstit, jaaksahtit",jaaksahtit,,,WbWlap,,,,,,,4,,
104-292-1,,104,292,jákksat,jákksat,,,EZ,,,,,,,4,,
105-292-2,,105,292,jáddadit,jáddadit,,,SSSg,,,,,,,4,,
301-292-1,,301,292,madstʹems,madstʹems,m ɑ d s tʲ e m s,,MordWb,,,,,madstʹems,mɑdstʲems,5,,
401-292-1,,401,292,jörtem,jörtem,j ø r t e m,,SMSk;TscherWb,,,,,jörtem,jørtem,6,,
701-292-1,,701,292,χariɣti,χariɣti,x ɑ r i ɣ t i,,WogWb,,,,,χariɣti,xɑriɣti,7,,
601-292-1,,601,292,"elolt, kiolt",elolt,ɛ l o l t k i o l t,,FMSz,,,,,,"ɛlolt, kiolt",8,,
601-292-2,,601,292,"elolt, kiolt",kiolt,ɛ l o l t k i o l t,,FMSz,,,,,,"ɛlolt, kiolt",8,,
101-292-1,,101,292,jamhkelidh,jamhkelidh,,"Deriv. from ""jaemedh"" 'die'",NSsNdb,,,,,,,9,,
101-293-1,,101,293,[Form not found],,,,NSsNdb,,,,,,,?,[Form not found],
108-293-1,,108,293,[Form not found],,,,WOLD,,,,,,,?,[Form not found],
208-293-1,,208,293,[Form not found],,,,InkmSk,,,,,,,?,[Form not found],
501-293-1,,501,293,[Form not found],,,,SyrjWsch,,,,,,,?,[Form not found],
504-293-1,,504,293,[Form not found],,,,WotjWsch,,,,,,,?,[Form not found],
901-293-1,,901,293,[Form not found],,,,SlNgaRus,,,,,,,?,[Form not found],
902-293-1,,902,293,[Form not found],,,,JurSWb,,,,,,,?,[Form not found],
907-293-1,,907,293,[Form not found],,,,SolkWb,,,,,,,?,[Form not found],
203-293-1,,203,293,"mutista, mumista",mutista,m u t̪ i s t̪ ɑ m u m i s t̪ ɑ,Similar descriptive forms,JL,,,,,,"mut̪ist̪ɑ, mumist̪ɑ",1,,
203-293-2,,203,293,"mutista, mumista",mumista,m u t̪ i s t̪ ɑ m u m i s t̪ ɑ,Similar descriptive forms,JL,,,,,,"mut̪ist̪ɑ, mumist̪ɑ",1,,
204-293-1,,204,293,mummettoa,mummettoa,,,KKSV,,,,,,,1,,
210-293-1,,210,293,mõmiseda,mõmiseda,m ɣ m i s e t ɑ,,SVSk,,,,,,mɣmisetɑ,1,,
207-293-1,,207,293,"burbutada, murmutada",burbutada,,,VVS,,,,,,,2,"Cf. Rus ""bormotat'""",
207-293-2,,207,293,"burbutada, murmutada",murmutada,,,VVS,,,,,,,2,"Cf. Rus ""bormotat'""",
209-293-1,,209,293,bomize̮ma,bomize̮ma,b o m i z ɤ m ɑ,,VKJMS,,,,,bomize̮ma,bomizɤmɑ,3,,
212-293-1,,212,293,"bumìkšə, buŕìkšə",bumìkšə,,Similar descriptive forms,LivWb,,,,,,,3,,
212-293-2,,212,293,"bumìkšə, buŕìkšə",buŕìkšə,,Similar descriptive forms,LivWb,,,,,,,3,,
105-293-1,,105,293,njálmmẹ siste hállat,njálmmẹ siste hállat,,,SSSg,,,,,,,4,,Lit. 'speak inside (one's) mouth'
105-293-2,,105,293,cuhllat,cuhllat,,,SSSg,,,,,,,5,,
102-293-1,,102,293,mùllardit,mùllardit,,,WbWlap,,,,,,,6,,
104-293-1,,104,293,muldardit,muldardit,,,EZ,,,,,,,6,,
106-293-1,,106,293,muli(j)diđ,mulidiđ,,,InsSSk,,,,,,,6,,
107-293-1,,107,293,muälted,muälted,,,SKosSk,,,,,,,6,,
301-293-1,,301,293,"motkodʹems, motordoms",motkodʹems,m o t k o dʲ e m s,,MordWb,,,,,"motkodʹems, motordoms",motkodʲems,7,,
301-293-2,,301,293,"motkodʹems, motordoms",motordoms,m o t o r d o m s,,MordWb,,,,,"motkodʹems, motordoms",motordoms,7,,
401-293-1,,401,293,poŋgartə̑lem,poŋgartə̑lem,p o ŋ ɡ ɑ r t ə l e m,,SMSk;TscherWb,,,,,poŋgartə̑lem,poŋɡɑrtəlem,8,,
401-293-2,,401,293,pə̑čə̑matem,pə̑čə̑matem,p ə tʃ ə m ɑ t e m,,SMSk;TscherWb,,,,,pə̑čə̑matem,pətʃəmɑtem,9,,
401-293-3,,401,293,tetelem,tetelem,t e t e l e m,,SMSk;TscherWb,,,,,tetelem,tetelem,10,,
701-293-1,,701,293,lomɣi,lomɣi,l o m ɣ i,,WogWb,,,,,lomɣi,lomɣi,11,,"'Crackle (fire), mumble'"
807-293-1,,807,293,mŏḷǝɣ-,mŏḷǝɣ-,m o ̆ ɭ ə ɣ,,DEWbOstj,,,,,mŏḷəɣ-,mŏɭəɣ-,12,,
601-293-1,,601,293,motyog,motyog,m o c o ɡ,,FMSz,,,,,,mocoɡ,13,,
211-293-1,,211,293,pobisõma,pobisõma,,,VESr,,,,,,,14,,
503-293-1,,503,293,bobgi̮ni̮,bobgi̮ni̮,b o b ɡ ɯ n ɯ,Descriptive form,KoPRSl,,,,,bobgi̮ni̮,bobɡɯnɯ,15,,
203-294-1,,203,294,[No equivalent],,,,JL,,,,,,,0,[No equivalent],
207-294-1,,207,294,[No equivalent],,,"Cf. ""vunuk"" 'grandchild'",VVS,,,,,,,0,[No equivalent],
101-294-1,,101,294,[Form not found],,,,NSsNdb,,,,,,,?,[Form not found],
102-294-1,,102,294,[Form not found],,,,WbWlap,,,,,,,?,[Form not found],
104-294-1,,104,294,[Form not found],,,,EZ,,,,,,,?,[Form not found],
105-294-1,,105,294,[Form not found],,,,SSSg,,,,,,,?,[Form not found],
106-294-1,,106,294,[Form not found],,,,InsSSk,,,,,,,?,[Form not found],
107-294-1,,107,294,[Form not found],,,,SKosSk,,,,,,,?,[Form not found],
204-294-1,,204,294,[Form not found],,,,KKSV,,,,,,,?,[Form not found],
208-294-1,,208,294,[Form not found],,,,InkmSk,,,,,,,?,[Form not found],
209-294-1,,209,294,[Form not found],,,,VKJMS,,,,,,,?,[Form not found],
210-294-1,,210,294,[Form not found],,,,SVSk,,,,,,,?,[Form not found],
211-294-1,,211,294,[Form not found],,,,VESr,,,,,,,?,[Form not found],
212-294-1,,212,294,[Form not found],,,,LivWb,,,,,,,?,[Form not found],
301-294-1,,301,294,[Form not found],,,,MordWb,,,,,,,?,[Form not found],
401-294-1,,401,294,[Form not found],,,,SMSk;TscherWb,,,,,,,?,[Form not found],
501-294-1,,501,294,[Form not found],,,,SyrjWsch,,,,,,,?,[Form not found],
504-294-1,,504,294,[Form not found],,,,WotjWsch,,,,,,,?,[Form not found],
701-294-1,,701,294,[Form not found],,,,WogWb,,,,,,,?,[Form not found],
807-294-1,,807,294,[Form not found],,,,DEWbOstj,,,,,,,?,[Form not found],
902-294-1,,902,294,[Form not found],,,,JurSWb,,,,,,,?,[Form not found],
907-294-1,,907,294,[Form not found],,,,SolkWb,,,,,,,?,[Form not found],
601-294-1,,601,294,fiúunoka,fiúunoka,f iʲ uː u n o k ɒ,,FMSz,,,,,,fiʲuːunokɒ,3,,Lit. 'son-grandchild'
108-294-1,,108,294,āhkev,āhkev,aː h k e v,,WOLD,,,,,,aːhkev,2,,
503-294-1,,503,294,nuk,nuk,n u k,,KoPRSl,,,,,nuk,nuk,3,,
901-294-1,,901,294,ńuədʹə ńuə,ńuədʹə ńuə,ɲ u ə dʲ ə ɲ u ə,,SlNgaRus,,,,,ńuədʹə_ńuə,ɲuədʲə ɲuə,1,,"'Grandchild, grandson'; ""ńuə"" 'child'"
0-295-1,,0,295,[Not reconstructable],,,,UEW;Sam88,,,,,,,?,[Not reconstructable],
203-295-1,,203,295,lyhyt,lyhyt,l y ɦ y t̪,,JL,,,,,,lyɦyt̪,1,,
204-295-1,,204,295,"lyhyt, lyhykkäine ~ lytšykkäine",lyhyt,,Latter deriv.,KKSV,,,,,,,1,,
204-295-2,,204,295,"lyhyt, lyhykkäine ~ lytšykkäine",lyhykkäine ~ lytšykkäine,,Latter deriv.,KKSV,,,,,,,1,,
207-295-1,,207,295,lyhyd,lyhyd,,,VVS,,,,,,,1,,
208-295-1,,208,295,lühüᴅ,lühüᴅ,l y h y d̥,,InkmSk,,,,,lühüᴅ,lyhyd̥,1,,
209-295-1,,209,295,lühüᴅ,lühüᴅ,l y h y d̥,,VKJMS,,,,,lühüᴅ,lyhyd̥,1,,
210-295-1,,210,295,lühike,lühike,l y h i kː e,,SVSk,,,,,,lyhikːe,1,,
211-295-1,,211,295,"lüh(ü)kene, lühüq ~ lühüt",lühkene,,,VESr,,,,,,,1,,
211-295-2,,211,295,"lüh(ü)kene, lühüq ~ lühüt",lühüq ~ lühüt,,,VESr,,,,,,,1,,
212-295-1,,212,295,līt,līt,,,LivWb,,,,,,,1,,
101-295-1,,101,295,åenehks,åenehks,,,NSsNdb,,,,,,,2,,
102-295-1,,102,295,"å̀dˈnee, åånèhkis",å̀dˈnee,,Latter deriv.,WbWlap,,,,,,,2,,
102-295-2,,102,295,"å̀dˈnee, åånèhkis",åånèhkis,,Latter deriv.,WbWlap,,,,,,,2,,
104-295-1,,104,295,"ådne, ånegis",ådne,,Latter deriv.,EZ,,,,,,,2,,
104-295-2,,104,295,"ådne, ånegis",ånegis,,Latter deriv.,EZ,,,,,,,2,,
105-295-1,,105,295,oanehaš,oanehaš,,,SSSg,,,,,,,2,,
106-295-1,,106,295,"oanih ~ oanee, oa'nihaž",oanih ~ oanee,,,InsSSk,,,,,,,2,,
106-295-2,,106,295,"oanih ~ oanee, oa'nihaž",oa'nihaž,,,InsSSk,,,,,,,2,,
107-295-1,,107,295,vuäʹniǩ,vuäʹniǩ,,,SKosSk,,,,,,,2,,
108-295-1,,108,295,oan’xes’,oan’xes’,ɒː nʲ x e sʲ,,WOLD,,,,,,ɒːnʲxesʲ,2,,
807-295-1,,807,295,wäṇ,wäṇ,w æ ɳ,,DEWbOstj,,,,,wäṇ,wæɳ,2,,
301-295-1,,301,295,"nuŕka, nuŕkińe",nuŕka,n u rʲ k ɑ,,MordWb,,,,,"nuŕka, nuŕkińe",nurʲkɑ,3,,
301-295-2,,301,295,"nuŕka, nuŕkińe",nuŕkińe,n u rʲ k i ɲ e,,MordWb,,,,,"nuŕka, nuŕkińe",nurʲkiɲe,3,,
401-295-1,,401,295,küčə̑k,küčə̑k,k y tʃ ə k,,SMSk;TscherWb,,,,,küčə̑k,kytʃək,4,,
501-295-1,,501,295,ǯeńi̮d,ǯeńi̮d,dʒ e ɲ ɯ d,,SyrjWsch,,,,,ǯeńi̮d,dʒeɲɯd,5,,
503-295-1,,503,295,ǯeńi̮t,ǯeńi̮t,dʒ e ɲ ɯ t,,KoPRSl,,,,,ǯeńi̮t,dʒeɲɯt,5,,
504-295-1,,504,295,vakći,vakći,v ɑ k tɕ i,,WotjWsch,,,,,vakći,vɑktɕi,6,,
601-295-1,,601,295,rövid,rövid,r ø v i d,,FMSz,,,,,,røvid,7,,
701-295-1,,701,295,wātʹi,wātʹi,w ɑː tʲ i,,WogWb,,,,,wātʹi,wɑːtʲi,8,,
807-295-2,,807,295,ńaɣəlt,ńaɣəlt,ɲ ɑ ɣ ə l t,,DEWbOstj,,,,,ńaɣəlt,ɲɑɣəlt,9,,
901-295-1,,901,295,kə̄lʹukü ~ kə̄lʹükü,kə̄lʹukü ~ kə̄lʹükü,k əː ʎ u k y,Probably deriv. from PSd *kəjm- 'short',SlNgaRus,,,,,"kə̄lʹukü, kə̄lʹükü","kəːʎuky, kəːʎyky",10,,
902-295-1,,902,295,xæm,xæm,,,JurSWb,,,,,,,10,,
907-295-1,,907,295,qāmə,qāmə,q ɑː m ə,,SolkWb,,,,,qāmə,qɑːmə,10,,
208-295-2,,208,295,"maᴅalain, maᴅalaiskuin",maᴅalain,m ɑ d̥ ɑ l ɑ i n,,InkmSk,,,,,"maᴅalain, maᴅalaiskuin",mɑd̥ɑlɑin,11,,"'Short, low, small'"
208-295-3,,208,295,"maᴅalain, maᴅalaiskuin",maᴅalaiskuin,m ɑ d̥ ɑ l ɑ i s k u i n,,InkmSk,,,,,"maᴅalain, maᴅalaiskuin",mɑd̥ɑlɑiskuin,11,,"'Short, low, small'"
0-296-1,,0,296,[Not reconstructable],,,,UEW;Sam88,,,,,,,?,[Not reconstructable],
102-296-1,,102,296,[Form not found],,,,WbWlap,,,,,,,?,[Form not found],
203-296-1,,203,296,"uneksia, nähdä unta",uneksia,u n e̞ k s i ɑ n æ ç d æ u n t̪ ɑ,,JL,,,,,,"une̞ksiɑ, næçdæ unt̪ɑ",1,,Latter lit. 'see (a) dream'
203-296-2,,203,296,"uneksia, nähdä unta",nähdä unta,u n e̞ k s i ɑ n æ ç d æ u n t̪ ɑ,,JL,,,,,,"une̞ksiɑ, næçdæ unt̪ɑ",1,,Latter lit. 'see (a) dream'
204-296-1,,204,296,uneksie,uneksie,,,KKSV,,,,,,,1,,
207-296-1,,207,296,nähta unt,nähta unt,,,VVS,,,,,,,1,,"Lit. ""see (a) dream"""
208-296-1,,208,296,uneksia,uneksia,u n e k s i ɑ,,InkmSk,,,,,uneksia,uneksiɑ,1,,
210-296-1,,210,296,unes näha,unes näha,u n e s n æ h ɑ,,SVSk,,,,,,unes næhɑ,1,,"Lit. ""see (in) dreams"""
212-296-1,,212,296,"uʾnssə nǟʾdə, uʾńštə",uʾnssə nǟʾdə,,,LivWb,,,,,,,1,,Former expression lit. 'see (in) a dream'
212-296-2,,212,296,"uʾnssə nǟʾdə, uʾńštə",uʾńštə,,,LivWb,,,,,,,1,,Former expression lit. 'see (in) a dream'
301-296-1,,301,296,"ńejems onsto, ńejems on",ńejems onsto,ɲ e j e m s o n s t o,,MordWb,,,,,"ńejems_onsto, ńejems_on",ɲejems onsto,1,,Lit. 'see (a) dream'
301-296-2,,301,296,"ńejems onsto, ńejems on",ńejems on,ɲ e j e m s o n,,MordWb,,,,,"ńejems_onsto, ńejems_on",ɲejems on,1,,Lit. 'see (a) dream'
101-296-1,,101,296,nïekedidh,nïekedidh,,,NSsNdb,,,,,,,2,,
104-296-1,,104,296,niehko,niehko,,,EZ,,,,,,,2,,
105-296-1,,105,296,niegadit,niegadit,,,SSSg,,,,,,,2,,
106-296-1,,106,296,niev'dađ,niev'dađ,,,InsSSk,,,,,,,2,,
107-296-1,,107,296,niõǥǥeed,niõǥǥeed,,,SKosSk,,,,,,,2,,
108-296-1,,108,296,nager’,nager’,n a g e rʲ,,WOLD,,,,,,nagerʲ,2,,
401-296-1,,401,296,omə̑m užam,omə̑m užam,o m ə m u ʒ ɑ m,,SMSk;TscherWb,,,,,omə̑m_užam,oməm uʒɑm,3,,Lit. 'see (a) dream'
601-296-1,,601,296,álmodik,álmodik,aː l m o d i k,,FMSz,,,,,,aːlmodik,3,,
701-296-1,,701,296,ūləm,ūləm,uː l ə m,,WogWb,,,,,ūləm,uːləm,3,,"This 'dream (n.)', verbal form used for 'dream (v.)'"
807-296-1,,807,296,ulmi̮-,ulmi̮-,u l m ɯ,,DEWbOstj,,,,,ulmi̮-,ulmɯ-,3,,
501-296-1,,501,296,ve̮te̮n aʒ́ʒ́i̮vni̮,ve̮te̮n aʒ́ʒ́i̮vni̮,v ɤ t ɤ n ɑ dʑː ɯ v n ɯ,,SyrjWsch,,,,,ve̮te̮n_aʒ́ʒ́i̮vni̮,vɤtɤn ɑdʑːɯvnɯ,4,,Lit. 'see (in) dream'
503-296-1,,503,296,ve̮taśni̮,ve̮taśni̮,v ɤ t ɑ ɕ n ɯ,"Deriv. from ""ve̮t"" 'dream'",KoPRSl,,,,,ve̮taśni̮,vɤtɑɕnɯ,4,,
504-296-1,,504,296,ve̮t aʒ́ʒ́i̮ni̮,ve̮t aʒ́ʒ́i̮ni̮,v ɤ t ɑ dʑː ɯ n ɯ,,WotjWsch,,,,,ve̮t_aʒ́ʒ́i̮ni̮,vɤt ɑdʑːɯnɯ,4,,Lit. 'see dream(s)'
901-296-1,,901,296,"dʹudʹisi̮ ~ dʹučisi̮, dʹudʹəiminśi",dʹudʹisi̮ ~ dʹučisi̮,dʲ u dʲ i s ɯ,,SlNgaRus,,,,,"dʹudʹisi̮, dʹučisi̮, dʹudʹəiminśi","dʲudʲisɯ, dʲutʃisɯ, dʲudʲəiminɕi",5,,
901-296-2,,901,296,"dʹudʹisi̮ ~ dʹučisi̮, dʹudʹəiminśi",dʹudʹəiminśi,dʲ u dʲ ə i m i n ɕ i,,SlNgaRus,,,,,"dʹudʹisi̮, dʹučisi̮, dʹudʹəiminśi",dʲudʲəiminɕi,5,,
902-296-1,,902,296,yude-,yude-,,,JurSWb,,,,,,,5,,
907-296-1,,907,296,"kǖtäptə-, kǖtäptəmpi-",kǖtäptə-,k yː t æ p t ə,"Deriv. from ""kǖtə"" 'dream'",SolkWb,,,,,"kǖtäptə-, kǖtäptəmpi-",kyːtæptə-,5,,
907-296-2,,907,296,"kǖtäptə-, kǖtäptəmpi-",kǖtäptəmpi-,k yː t æ p t ə m p i,"Deriv. from ""kǖtə"" 'dream'",SolkWb,,,,,"kǖtäptə-, kǖtäptəmpi-",kyːtæptəmpi-,5,,
211-296-1,,211,296,hõl'ahõllõma ~ hõl'alõma,hõl'ahõllõma ~ hõl'alõma,,,VESr,,,,,,,6,,
209-296-1,,209,296,brēdimä,brēdimä,b r eː d i m æ,,VKJMS,,,,,brēdimä,breːdimæ,7,,
107-297-1,,107,297,iil,iil,,,SKosSk,,,,,,,1,,
108-297-1,,108,297,"ɨll, mūrr-ɨll",ɨll,ɨ lː m uː rː ɨ lː,,WOLD,,,,,,"ɨlː, muːrː-ɨlː",1,,
108-297-2,,108,297,"ɨll, mūrr-ɨll",mūrr-ɨll,ɨ lː m uː rː ɨ lː,,WOLD,,,,,,"ɨlː, muːrː-ɨlː",1,,
203-297-1,,203,297,"hiili, puuhiili",hiili,h iː l i p uː ɦ iː l i,,JL,,,,,,"hiːli, puːɦiːli ",1,,"""Hiili"" 'coal (in general)', ""puuhiili"" 'charcoal', lit. 'wood coal'"
203-297-2,,203,297,"hiili, puuhiili",puuhiili,h iː l i p uː ɦ iː l i,,JL,,,,,,"hiːli, puːɦiːli ",1,,"""Hiili"" 'coal (in general)', ""puuhiili"" 'charcoal', lit. 'wood coal'"
204-297-1,,204,297,hiili,hiili,,,KKSV,,,,,,,1,,
207-297-1,,207,297,hilʹ,hilʹ,,,VVS,,,,,,,1,,
208-297-1,,208,297,hīli,hīli,h iː l i,,InkmSk,,,,,hīli,hiːli,1,,
209-297-1,,209,297,īli,īli,iː l i,,VKJMS,,,,,īli,iːli,1,,
0-297-1,,0,297,*śüδʹi,*śüδʹi,,,UEW;Sam88,,,,,,,2,,
101-297-1,,101,297,tjïrre,tjïrre,,,NSsNdb,,,,,,,2,,
102-297-1,,102,297,tjadda,tjadda,,,WbWlap,,,,,,,2,,
104-297-1,,104,297,tjádda ~ tjarra,tjádda ~ tjarra,,,EZ,,,,,,,2,,
106-297-1,,106,297,čiđđa,čiđđa,,,InsSSk,,,,,,,2,,
209-297-2,,209,297,süsi,süsi,s y s i,,VKJMS,,,,,süsi,sysi,2,,
210-297-1,,210,297,süsi,süsi,s y s i,,SVSk,,,,,,sysi ,2,,
211-297-1,,211,297,hüdsi,hüdsi,,,VESr,,,,,,,2,Initial consonant dissimilated,
212-297-1,,212,297,siʾž ~ süʾž,siʾž ~ süʾž,,,LivWb,,,,,,,2,,
301-297-1,,301,297,śedʹ,śedʹ,ɕ e dʲ,,MordWb,,,,,śedʹ,ɕedʲ,2,,
401-297-1,,401,297,šüj,šüj,ʃ y j,,SMSk;TscherWb,,,,,šüj,ʃyj,2,,
807-297-1,,807,297,sö̆j,sö̆j,s ø ̆ j,,DEWbOstj,,,,,sö̆j,sø̆j,2,,
907-297-1,,907,297,ćūc,ćūc,tɕ uː c,"Assim. form, in other dialects ""ćūt""",SolkWb,,,,,ćūc,tɕuːc,2,,
105-297-1,,105,297,čitna,čitna,,,SSSg,,,,,,,3,,
601-297-1,,601,297,"szén, faszén",szén,s eː n f ɒ s eː n,,FMSz,,,,,,"seːn, fɒseːn",3,,"""szén"" 'coal (in general)', ""faszén"" 'charcoal', lit. 'wood coal'"
601-297-2,,601,297,"szén, faszén",faszén,s eː n f ɒ s eː n,,FMSz,,,,,,"seːn, fɒseːn",3,,"""szén"" 'coal (in general)', ""faszén"" 'charcoal', lit. 'wood coal'"
701-297-1,,701,297,lotaχ ~ lotəχ,lotaχ ~ lotəχ,l o t ɑ x,,WogWb,,,,,"lotaχ, lotəχ","lotɑx, lotəx",4,,"'Embers, coal'"
501-297-1,,501,297,šom,šom,ʃ o m,,SyrjWsch,,,,,šom,ʃom,5,,
503-297-1,,503,297,šom,šom,ʃ o m,,KoPRSl,,,,,šom,ʃom,5,,
504-297-1,,504,297,egi̮r,egi̮r,e ɡ ɯ r,,WotjWsch,,,,,egi̮r,eɡɯr,6,,'Coal'
902-297-1,,902,297,yataqma,yataqma,,,JurSWb,,,,,,,7,,
901-297-1,,901,297,torüküśa hualə,torüküśa hualə,t o r y k y ɕ ɑ h u ɑ l ə,,SlNgaRus,,,,,torüküśa_hualə,torykyɕɑ huɑlə,8,,Lit. 'fuel stone'
0-298-1,,0,298,*čečä,*čečä,,,UEW;Sam88,,,,,,,1,,
101-298-1,,101,298,tjietsie,tjietsie,,,NSsNdb,,,,,,,1,,'Father's younger brother'
102-298-1,,102,298,tjiehtsee,tjiehtsee,,,WbWlap,,,,,,,1,,'Father's brother'
104-298-1,,104,298,tjehtse,tjehtse,,,EZ,,,,,,,1,,
105-298-1,,105,298,čeahci,čeahci,,,SSSg,,,,,,,1,,'Younger brother or male cousin of father'
106-298-1,,106,298,čeeci,čeeci,,,InsSSk,,,,,,,1,,'Father's younger brother'
107-298-1,,107,298,čiẹʹcc,čiẹʹcc,,,SKosSk,,,,,,,1,,'Older brother of father'
108-298-1,,108,298,čieʒ’,čieʒ’,t ʃ i e d zʲ,,WOLD,,,,,,tʃiedzʲ,1,,'Older brother of father'
203-298-1,,203,298,setä,setä,s e t̪ æ,,JL,,,,,,set̪æ,1,,'Father's brother'
401-298-1,,401,298,čə̑čə̑,čə̑čə̑,tʃ ə tʃ ə,,SMSk;TscherWb,,,,,čə̑čə̑,tʃətʃə,1,,'Mother's brother'
501-298-1,,501,298,ćož,ćož,tɕ o ʒ,,SyrjWsch,,,,,ćož,tɕoʒ,1,,
701-298-1,,701,298,sāsiɣ,sāsiɣ,s ɑː s i ɣ,Deriv.,WogWb,,,,,sāsiɣ,sɑːsiɣ,1,,'Younger brother of mother'
901-298-1,,901,298,ti̮ti̮dʹa,ti̮ti̮dʹa,t ɯ t ɯ dʲ ɑ,Deriv. from PU *čečä 'uncle',SlNgaRus,,,,,ti̮ti̮dʹa,tɯtɯdʲɑ,1,,'Mother's younger brother'
902-298-1,,902,298,tyidya,tyidya,,,JurSWb,,,,,,,1,,
101-298-2,,101,298,jyöne,jyöne,,,NSsNdb,,,,,,,2,,'Mother's brother or male cousin'
102-298-2,,102,298,jyödˈna,jyödˈna,,,WbWlap,,,,,,,2,,'Mother's brother'
104-298-2,,104,298,eddnu,eddnu,,,EZ,,,,,,,2,,
105-298-2,,105,298,eanu,eanu,,,SSSg,,,,,,,2,,'Mother's brother or male cousin'
106-298-2,,106,298,eänui,eänui,,,InsSSk,,,,,,,2,,'Mother's brother'
107-298-2,,107,298,jään,jään,,,SKosSk,,,,,,,2,,'Mother's brother'
108-298-2,,108,298,īnn,īnn,iː nː,,WOLD,,,,,,iːnː,2,,'Mother's brother'
203-298-2,,203,298,eno,eno,e̞ n o̞,,JL,,,,,,e̞no̞,2,,'Mother's brother'
208-298-1,,208,298,eno,eno,e n o,,InkmSk,,,,,eno,eno,2,,
209-298-1,,209,298,eno,eno,e n o,,VKJMS,,,,,eno,eno,2,,
210-298-1,,210,298,onu,onu,o n u,,SVSk,,,,,,onu,2,,
211-298-1,,211,298,uno,uno,,,VESr,,,,,,,2,,'mother’s brother’
907-298-1,,907,298,ilća,ilća,i l tɕ ɑ,,SolkWb,,,,,ilća,iltɕɑ,3,,
211-298-2,,211,298,lell,lell,,,VESr,,,,,,,4,,'father’s brother’
301-298-1,,301,298,"lʹelʹa, tʹetʹań lʹelʹa",lʹelʹa,ʎ e ʎ ɑ,,MordWb,,,,,"lʹelʹa, tʹetʹań_lʹelʹa",ʎeʎɑ,4,,"""Lʹelʹa"" 'older brother, mother's brother'; ""tʹetʹanʹ lʹelʹa"" 'father's brother'"
301-298-2,,301,298,"lʹelʹa, tʹetʹań lʹelʹa",tʹetʹań lʹelʹa,tʲ e tʲ ɑ ɲ ʎ e ʎ ɑ,,MordWb,,,,,"lʹelʹa, tʹetʹań_lʹelʹa",tʲetʲɑɲ ʎeʎɑ,4,,"""Lʹelʹa"" 'older brother, mother's brother'; ""tʹetʹanʹ lʹelʹa"" 'father's brother'"
212-298-1,,212,298,sūr-veʾlʹkki,sūr-veʾlʹkki,,,LivWb,,,,,,,5,,Lit. 'great-brother'
0-298-2,,0,298,*ekä,*ekä,,,UEW;Sam88,,,,,,,6,,
101-298-3,,101,298,jiekie,jiekie,,,NSsNdb,,,,,,,6,,'Father's older brother'
102-298-3,,102,298,jiehkee,jiehkee,,,WbWlap,,,,,,,6,,'Father's oldest brother'
104-298-3,,104,298,iehke,iehke,,,EZ,,,,,,,6,,
105-298-3,,105,298,eahki,eahki,,,SSSg,,,,,,,6,,'Older brother or male cousin of father'
106-298-3,,106,298,eehi,eehi,,,InsSSk,,,,,,,6,,'Father's older brother'
107-298-3,,107,298,jiẹʹǩǩ,jiẹʹǩǩ,,,SKosSk,,,,,,,6,,'Younger brother of father'
108-298-3,,108,298,jēgk’,jēgk’,j eː gːʲ,,WOLD,,,,,,jeːgːʲ,6,,'Younger brother of father'
701-298-2,,701,298,aki,aki,ɑ k i,,WogWb,,,,,aki,ɑki,6,,"'Younger brother of father, older brother of mother'"
204-298-1,,204,298,"teätä, tätä",teätä,,,KKSV,,,,,,,7,,
204-298-2,,204,298,"teätä, tätä",tätä,,,KKSV,,,,,,,7,,
207-298-1,,207,298,dädʹ,dädʹ,,,VVS,,,,,,,7,,
208-298-2,,208,298,tǟᴅä,tǟᴅä,t æː d̥ æ,,InkmSk,,,,,tǟᴅä,tæːd̥æ,7,,
209-298-2,,209,298,dǟᴅ,dǟᴅ,d æː d̥,,VKJMS,,,,,dǟᴅ,dæːd̥,7,,
807-298-1,,807,298,jǝɣlǝŋ,jǝɣlǝŋ,j ə ɣ l ə ŋ,,DEWbOstj,,,,,jəɣləŋ,jəɣləŋ,8,,'Father's brother'
401-298-2,,401,298,iza,iza,i z ɑ,,SMSk;TscherWb,,,,,iza,izɑ,9,,'Father's brother'
601-298-1,,601,298,nagybácsi,nagybácsi,n ɒ ɟ b aː t ʃ i,,FMSz,,,,,,nɒɟbaːtʃi,10,,
504-298-1,,504,298,agai,agai,ɑ ɡ ɑ i,Dialectal?,WotjWsch,,,,,agai,ɑɡɑi,11,,
701-298-3,,701,298,kaŋk,kaŋk,k ɑ ŋ k,,WogWb,,,,,kaŋk,kɑŋk,12,,
209-298-3,,209,298,onu,onu,o n u,,VKJMS,,,,,onu,onu,2,,
301-298-3,,301,298,dʹadʹa,dʹadʹa,dʲ ɑ dʲ ɑ,,MordWb,,,,,dʹadʹa,dʲɑdʲɑ,7,,'Father's brother'
503-298-1,,503,298,dʹadʹ,dʹadʹ,dʲ ɑ dʲ,,KoPRSl,,,,,dʹadʹ,dʲɑdʲ,7,,
901-298-2,,901,298,əˀə,əˀə,ə ʔ ə,,SlNgaRus,,,,,əˀə,əʔə,13,,'Older brother; father's younger brother'
901-298-3,,901,298,iśi,iśi,i ɕ i,,SlNgaRus,,,,,iśi,iɕi,14,,'Father's or mother's older brother'
901-298-4,,901,298,ńini̮,ńini̮,ɲ i n ɯ,,SlNgaRus,,,,,ńini̮,ɲinɯ,15,,"'Older brother, older cousin; father's younger brother'"
102-299-1,,102,299,[Form not found],,,,WbWlap,,,,,,,?,[Form not found],
907-299-1,,907,299,[Form not found],,,,SolkWb,,,,,,,?,[Form not found],
101-299-1,,101,299,geahpoe,geahpoe,,,NSsNdb,,,,,,,1,,
104-299-1,,104,299,"giehpes, gähppa",giehpes,,,EZ,,,,,,,1,,
104-299-2,,104,299,"giehpes, gähppa",gähppa,,,EZ,,,,,,,1,,
105-299-1,,105,299,geahpis,geahpis,,,SSSg,,,,,,,1,,
106-299-1,,106,299,keepis,keepis,,,InsSSk,,,,,,,1,,
107-299-1,,107,299,ǩeäpˈpnõõzz,ǩeäpˈpnõõzz,,,SKosSk,,,,,,,1,,
108-299-1,,108,299,kiehp’ness,kiehp’ness,k i e h pʲ n e sː,,WOLD,,,,,,kiehpʲnesː,1,,
203-299-1,,203,299,keuhkot,keuhkot,k e̞ u x k o̞ t̪,,JL,,,,,,ke̞uxko̞t̪,1,,
204-299-1,,204,299,kouhko ~ kouhkoi,kouhko ~ kouhkoi,,,KKSV,,,,,,,1,,
208-299-1,,208,299,kouhkut,kouhkut,k o u h k u t,,InkmSk,,,,,kouhkut,kouhkut,1,,
0-299-1,,0,299,*täwiw,*täwiw,,,UEW;Sam88,,,,,,,2,,
207-299-1,,207,299,tävu,tävu,,,VVS,,,,,,,2,,
211-299-1,,211,299,tävv ~ täü,tävv ~ täü,,,VESr;SI,,,,,,,2,,
212-299-1,,212,299,"täʾu ~ täʾuv, täʾugəz",täʾu ~ täʾuv,,,LivWb,,,,,,,2,,
212-299-2,,212,299,"täʾu ~ täʾuv, täʾugəz",täʾugəz,,,LivWb,,,,,,,2,,
301-299-1,,301,299,tʹevelʹav,tʹevelʹav,tʲ e v e ʎ ɑ v,,MordWb,,,,,tʹevelʹav,tʲeveʎɑv,2,,
501-299-1,,501,299,ti̮,ti̮,t ɯ,,SyrjWsch,,,,,ti̮,tɯ,2,,
504-299-1,,504,299,ti̮,ti̮,t ɯ,,WotjWsch,,,,,ti̮,tɯ,2,,
601-299-1,,601,299,tüdő,tüdő,t y d øː,,FMSz,,,,,,tydøː,2,,
901-299-1,,901,299,čəińdʹə,čəińdʹə,tʃ ə i ɲ dʲ ə,Deriv. from PU *tä/ewiw,SlNgaRus,,,,,čəińdʹə,tʃəiɲdʲə,2,,
902-299-1,,902,299,tyiwak°,tyiwak°,,,JurSWb,,,,,,,2,,
209-299-1,,209,299,kopse̮ᴅ,kopse̮ᴅ,k o p s ɤ d̥,,VKJMS,,,,,kopse̮ᴅ,kopsɤd̥,3,,
210-299-1,,210,299,kopsud,kopsud,k o pː s u t,,SVSk,,,,,,kopːsut,3,,
211-299-2,,211,299,kops,kops,,,SI,,,,,,,3,,
701-299-1,,701,299,χōpsi,χōpsi,x oː p s i,,WogWb,,,,,χōpsi,xoːpsi,4,,
301-299-2,,301,299,melʹke,melʹke,m e ʎ k e,,MordWb,,,,,melʹke,meʎke,5,,
401-299-1,,401,299,šoδo,šoδo,ʃ o ð o,,SMSk;TscherWb,,,,,šoδo,ʃoðo,6,,
807-299-1,,807,299,tărɣǝt,tărɣǝt,t ɑ ̆ r ɣ ə t,,DEWbOstj,,,,,tărɣət,tɑ̆rɣət,7,,
503-299-1,,503,299,lʹogko,lʹogko,ʎ o ɡ k o,,KoPRSl,,,,,lʹogko,ʎoɡko,8,,
0-3-1,,0,3,*meni-,*meni-,,,UEW;Sam88,,,,,,,1,,
101-3-1,,101,3,mïnnedh,mïnnedh,,,NSsNdb,,,,,,,1,,
102-3-1,,102,3,mannat,mannat,,,WbWlap,,,,,,,1,,
104-3-1,,104,3,mannat,mannat,,,EZ,,,,,,,1,,
105-3-1,,105,3,mannat,mannat,,,SSSg,,,,,,,1,,
106-3-1,,106,3,moonnađ,moonnađ,,,InsSSk,,,,,,,1,,
107-3-1,,107,3,mõõnnâd,mõõnnâd,,,SKosSk,,,,,,,1,,
108-3-1,,108,3,mēnne,mēnne,m eː nː e,,WOLD,,,,,,meːnːe,1,,
203-3-1,,203,3,mennä,mennä,m e̞ nː æ,,JL,,,,,,me̞nːæ,1,,
204-3-1,,204,3,männä,männä,,"In Olonets Karelian (Livvi), ""mennä""",KKSV,,,,,,,1,,
207-3-1,,207,3,mändä,mändä,,,VVS,,,,,,,1,,
208-3-1,,208,3,männä,männä,m æ nː æ,,InkmSk,,,,,männä,mænːæ,1,,
209-3-1,,209,3,menemä,menemä,m e n e m æ,,VKJMS,,,,,menemä,menemæ,1,,
210-3-1,,210,3,minna,minna,m i nː ɑ,"Suppletive verb; stem ""lähe-"" also used in conjugation",SVSk,,,,,,minːɑ,1,,
211-3-1,,211,3,minemä,minemä,,"Suppletive verb; stem ""lätt-"" also used in conjugation",VESr,,,,,,,1,,
401-3-1,,401,3,mijem,mijem,m i j e m,,SMSk;TscherWb,,,,,mijem,mijem,1,,'Go to'; inherent allative meaning
501-3-1,,501,3,munni̮,munni̮,m u nː ɯ,,SyrjWsch,,,,,munni̮,munːɯ,1,,
503-3-1,,503,3,munni̮,munni̮,m u nː ɯ,,KoPRSl,,,,,munni̮,munːɯ,1,,
504-3-1,,504,3,mi̮ni̮ni̮,mi̮ni̮ni̮,m ɯ n ɯ n ɯ,,WotjWsch,,,,,mi̮ni̮ni̮,mɯnɯnɯ,1,,
601-3-1,,601,3,megy,megy,m ɛ ɟ,,FMSz,,,,,,mɛɟ,1,,
701-3-1,,701,3,mīni ~ mini,mīni ~ mini,m iː n i,,WogWb,,,,,"mīni, mini","miːni, mini",1,,
807-3-1,,807,3,mən-,mən-,m ə n,,DEWbOstj,,,,,mən-,mən-,1,,
901-3-1,,901,3,mi̮nsi̮,mi̮nsi̮,m ɯ n s ɯ,,SlNgaRus,,,,,mi̮nsi̮,mɯnsɯ,1,,
902-3-1,,902,3,myincy°,myincy°,,,JurSWb,,,,,,,1,,
209-3-2,,209,3,lähtemä,lähtemä,l æ h t e m æ,,VKJMS,,,,,lähtemä,læhtemæ,2,,
210-3-2,,210,3,lähe- ~ läi- ~ läk-,lähe- ~ läi- ~ läk-,l æ h e ~ l æ i ~ l æ k,"Stem used in conjugation of suppletive verb ""minna""; cogn. with Fin ""lähteä"" 'depart'",SVSk,,,,,,læhe- ~ læi- ~ læk-,2,,
211-3-2,,211,3,lätt,lätt,,"Stem used in conjugation of suppletive verb ""minemä""; cogn. with Fin ""lähteä"" 'depart'",VESr,,,,,,,2,,
212-3-1,,212,3,lǟʾdə,lǟʾdə,,,LivWb,,,,,,,2,"Cogn. with Fin ""lähteä"" 'depart'",
807-3-2,,807,3,jǝl-,jǝl-,j ə l,,DEWbOstj,,,,,jəl-,jəl-,3,,
301-3-1,,301,3,molʹems,molʹems,m o ʎ e m s,,MordWb,,,,,molʹems,moʎems,4,From PFU *mulɜ- 'go by',
401-3-2,,401,3,kajem,kajem,k ɑ j e m,"Possibe cognate relationship. with Fin ""käydä"" 'visit, roam, come about' also proposed",SMSk;TscherWb,,,,,kajem,kɑjem,5,,"'Go, move'"
701-3-2,,701,3,jōmi,jōmi,j oː m i,,WogWb,,,,,jōmi,joːmi,6,,
907-3-1,,907,3,quə̑n-,quə̑n-,q u ə n,,SolkWb,,,,,quə̑n-,quən-,7,,
101-3-2,,101,3,juhtedh,juhtedh,,,NSsNdb,,,,,,,8,,
203-30-1,,203,30,hammas,hammas,h ɑ mː ɑ s,,JL,,,,,,hɑmːɑs,1,,
204-30-1,,204,30,hammas,hammas,,,KKSV,,,,,,,1,,
207-30-1,,207,30,hambaz,hambaz,,,VVS,,,,,,,1,,
208-30-1,,208,30,hammaz,hammaz,h ɑ mː ɑ z,,InkmSk,,,,,hammaz,hɑmːɑz,1,,
209-30-1,,209,30,amme̮z,amme̮z,ɑ mː ɤ z,,VKJMS,,,,,amme̮z,ɑmːɤz,1,,
210-30-1,,210,30,hammas,hammas,h ɑ mː ɑ s,,SVSk,,,,,,hɑmːɑs,1,,
211-30-1,,211,30,hammas,hammas,,,VESr,,,,,,,1,,
212-30-1,,212,30,āmbaz,āmbaz,,,LivWb,,,,,,,1,,
0-30-1,,0,30,*piŋi,*piŋi,,PFU: *piŋi,UEW;Sam88,,,,,,,2,,
209-30-2,,209,30,pī,pī,p iː,,VKJMS,,,,,pī,piː,2,,
301-30-1,,301,30,pej,pej,p e j,,MordWb,,,,,pej,pej,2,,
401-30-1,,401,30,püj,püj,p y j,,SMSk;TscherWb,,,,,püj,pyj,2,,
501-30-1,,501,30,piń,piń,p i ɲ,,SyrjWsch,,,,,piń,piɲ,2,,
503-30-1,,503,30,piń,piń,p i ɲ,,KoPRSl,,,,,piń,piɲ,2,,
504-30-1,,504,30,piń,piń,p i ɲ,,WotjWsch,,,,,piń,piɲ,2,,
601-30-1,,601,30,fog,fog,f o ɡ,,FMSz,,,,,,foɡ,2,,
701-30-1,,701,30,puŋk,puŋk,p u ŋ k,,WogWb,,,,,puŋk,puŋk,2,,
807-30-1,,807,30,pöŋk,pöŋk,p ø ŋ k,,DEWbOstj,,,,,pöŋk,pøŋk,2,,
901-30-1,,901,30,čimi,čimi,tʃ i m i,,SlNgaRus,,,,,čimi,tʃimi,3,,
902-30-1,,902,30,tyibya,tyibya,,,JurSWb,,,,,,,3,,
907-30-1,,907,30,timə,timə,t i m ə,,SolkWb,,,,,timə,timə,3,,
101-30-1,,101,30,baenie,baenie,,,NSsNdb,,,,,,,4,,
102-30-1,,102,30,bàdˈnee,bàdˈnee,,,WbWlap,,,,,,,4,,
104-30-1,,104,30,bádne,bádne,,,EZ,,,,,,,4,,
105-30-1,,105,30,bátni,bátni,,,SSSg,,,,,,,4,,
106-30-1,,106,30,pääni,pääni,,,InsSSk,,,,,,,4,,
107-30-1,,107,30,pääʹnn,pääʹnn,,,SKosSk,,,,,,,4,,
108-30-1,,108,30,pānn’,pānn’,p aː nːʲ,,WOLD,,,,,,paːnːʲ,4,,
101-300-1,,101,300,[Form not found],,,,NSsNdb,,,,,,,?,[Form not found],
102-300-1,,102,300,[Form not found],,,,WbWlap,,,,,,,?,[Form not found],
104-300-1,,104,300,[Form not found],,,,EZ,,,,,,,?,[Form not found],
106-300-1,,106,300,[Form not found],,,,InsSSk,,,,,,,?,[Form not found],
107-300-1,,107,300,[Form not found],,,,SKosSk,,,,,,,?,[Form not found],
108-300-1,,108,300,[Form not found],,,,WOLD,,,,,,,?,[Form not found],
204-300-1,,204,300,[Form not found],,,,KKSV,,,,,,,?,[Form not found],
207-300-1,,207,300,[Form not found],,,,VVS,,,,,,,?,[Form not found],
208-300-1,,208,300,[Form not found],,,,InkmSk,,,,,,,?,[Form not found],
209-300-1,,209,300,[Form not found],,,,VKJMS,,,,,,,?,[Form not found],
212-300-1,,212,300,[Form not found],,,,LivWb,,,,,,,?,[Form not found],
301-300-1,,301,300,[Form not found],,,,MordWb,,,,,,,?,[Form not found],
401-300-1,,401,300,[Form not found],,,,SMSk;TscherWb,,,,,,,?,[Form not found],
501-300-1,,501,300,[Form not found],,,,SyrjWsch,,,,,,,?,[Form not found],
504-300-1,,504,300,[Form not found],,,,WotjWsch,,,,,,,?,[Form not found],
901-300-1,,901,300,[Form not found],,,,SlNgaRus,,,,,,,?,[Form not found],
902-300-1,,902,300,[Form not found],,,,JurSWb,,,,,,,?,[Form not found],
907-300-1,,907,300,[Form not found],,,,SolkWb,,,,,,,?,[Form not found],
203-300-1,,203,300,korppikotka,korppikotka,k o̞ r pː i k o̞ t̪ k ɑ,,JL,,,,,,ko̞rpːiko̞t̪kɑ,1,,
210-300-1,,210,300,raisakotkas,raisakotkas,r ɑ i s ɑ k o tː kː ɑ s,,SVSk,,,,,,rɑisɑkotːkːɑs,2,,"""Kotkas"" 'eagle'"
211-300-1,,211,300,rõipõkodas,rõipõkodas,,,SI,,,,,,,2,,
105-300-1,,105,300,ráhtọgoaskin,ráhtọgoaskin,,,SSSg,,,,,,,3,,
601-300-1,,601,300,keselyű,keselyű,k ɛ ʃ ɛ j yː,,FMSz,,,,,,kɛʃɛjyː,4,,
701-300-1,,701,300,kūrsən,kūrsən,k uː r s ə n,,WogWb,,,,,kūrsən,kuːrsən,5,,
807-300-1,,807,300,kul-po̭čǝk-ku ~ kul-po̭čǝʽ-ku,kul-po̭čǝk-ku ~ kul-po̭čǝʽ-ku,k u l p o̻ tʃ ə k k u,,DEWbOstj,,,,,"kul-po̭čək-ku, kul-po̭čə-ku","kul-po̻tʃək-ku, kul-po̻tʃə-ku",6,,Lit. 'fish-tailed-man'
503-300-1,,503,300,i̮ǯi̮t kuč,i̮ǯi̮t kuč,ɯ dʒ ɯ t k u tʃ,,KoPRSl,,,,,i̮ǯi̮t_kuč,ɯdʒɯt kutʃ,7,,Lit. 'big eagle'
901-301-1,,901,301,[Form not found],,,,SlNgaRus,,,,,,,?,[Form not found],
101-301-1,,101,301,gaampe,gaampe,,,NSsNdb,,,,,,,1,,
102-301-1,,102,301,gàmba,gàmba,,,WbWlap,,,,,,,1,,
104-301-1,,104,301,kammba,kammba,,,EZ,,,,,,,1,,
102-301-2,,102,301,tjuhkòma,tjuhkòma,,,WbWlap,,,,,,,2,,
104-301-2,,104,301,tjåhkom,tjåhkom,,,EZ,,,,,,,2,,
105-301-1,,105,301,"čohkun, čogu",čohkun,,,SSSg,,,,,,,2,,
105-301-2,,105,301,"čohkun, čogu",čogu,,,SSSg,,,,,,,2,,
106-301-1,,106,301,čohhoom,čohhoom,,,InsSSk,,,,,,,2,,
107-301-1,,107,301,čååǥǥam,čååǥǥam,,,SKosSk,,,,,,,2,,
108-301-1,,108,301,čoagk’,čoagk’,t ʃ ɒː gːʲ,,WOLD,,,,,,tʃɒːgːʲ,2,,
204-301-1,,204,301,suka,suka,,,KKSV,,,,,,,2,,
207-301-1,,207,301,suga,suga,,,VVS,,,,,,,2,,
208-301-1,,208,301,suɢa,suɢa,s u ɡ̥ ɑ,,InkmSk,,,,,suɢa,suɡ̥ɑ,2,,
301-301-1,,301,301,surśeme,surśeme,s u r ɕ e m e,,MordWb,,,,,surśeme,surɕeme,3,,
501-301-1,,501,301,si̮nan,si̮nan,s ɯ n ɑ n,Deriv.,SyrjWsch,,,,,si̮nan,sɯnɑn,3,,
503-301-1,,503,301,si̮nan,si̮nan,s ɯ n ɑ n,Deriv.,KoPRSl,,,,,si̮nan,sɯnɑn,3,,
504-301-1,,504,301,si̮n,si̮n,s ɯ n,,WotjWsch,,,,,si̮n,sɯn,3,,
902-301-1,,902,301,tyírcy°h,tyírcy°h,,"Deriv. from ""tyí-"" 'comb (v.)'",JurSWb,,,,,,,3,,
907-301-1,,907,301,tipsiń,tipsiń,t i p s i ɲ,,SolkWb,,,,,tipsiń,tipsiɲ,3,,
401-301-1,,401,301,šerɣe,šerɣe,ʃ e r ɣ e,,SMSk;TscherWb,,,,,šerɣe,ʃerɣe,4,,
601-301-1,,601,301,fésű,fésű,f eː ʃ yː,,FMSz,,,,,,feːʃyː,5,,
807-301-1,,807,301,kö̆ṇʽčiw,kö̆ṇʽčiw,k ø ̆ ɳ tʃ i w,"Deriv. from ""kö̆ṇč"" 'nail'",DEWbOstj,,,,,kö̆ṇčiw,kø̆ɳtʃiw,6,,
208-301-2,,208,301,kriepina,kriepina,k r i e p i n ɑ,,InkmSk,,,,,kriepina,kriepinɑ,7,,
209-301-1,,209,301,grēbeni,grēbeni,ɡ r eː b e n i,,VKJMS,,,,,grēbeni,ɡreːbeni,7,,
203-301-1,,203,301,kampa,kampa,k ɑ m p ɑ,,JL,,,,,,kɑmpɑ,1,,
210-301-1,,210,301,kamm,kamm,k ɑ mː,,SVSk,,,,,,kɑmː,1,,
211-301-1,,211,301,kamm',kamm',,,VESr,,,,,,,1,,
212-301-1,,212,301,kemm,kemm,,,LivWb,,,,,,,1,"Cf. Latv. ""kʹemme""",
701-301-1,,701,301,årrėp ~ å̄rip,årrėp ~ å̄rip,ɔ rː e p,,WogWb,,,,,"årrėp, å̄rip","ɔrːep, ɔːrip",8,,
107-302-1,,107,302,läʹdvv,läʹdvv,,,SKosSk,,,,,,,1,,
108-302-1,,108,302,ladd’v,ladd’v,l a dːʲ v,,WOLD,,,,,,ladːʲv,1,,
203-302-1,,203,302,latva,latva,l ɑ t̪ ʋ ɑ,,JL,,,,,,lɑt̪ʋɑ,1,,
204-302-1,,204,302,latva,latva,,,KKSV,,,,,,,1,,
207-302-1,,207,302,ladv,ladv,,,VVS,,,,,,,1,,
208-302-1,,208,302,ladva,ladva,l ɑ d v ɑ,,InkmSk,,,,,ladva,lɑdvɑ,1,,
209-302-1,,209,302,лadv,лadv,l ɑ d v,,VKJMS,,,,,ladv,lɑdv,1,,
210-302-1,,210,302,latv,latv,l ɑ t v,,SVSk,,,,,,lɑtv ,1,,'Top of tree'
212-302-1,,212,302,ladà,ladà,,,LivWb,,,,,,,1,,
204-302-2,,204,302,lakka,lakka,,,KKSV,,,,,,,2,,
207-302-2,,207,302,pä,pä,,,VVS,,,,,,,3,,"'Head, top, summit'"
401-302-1,,401,302,βuj,βuj,β u j,,SMSk;TscherWb,,,,,βuj,βuj,3,,"'Head, treetop'"
210-302-2,,210,302,tipp,tipp,t i pː,,SVSk,,,,,,tipː,4,,"Generally, 'top'"
211-302-1,,211,302,tipp,tipp,,,VESr,,,,,,,4,,
101-302-1,,101,302,"gïerege, gïerhgietjie",gïerege,,,NSsNdb,,,,,,,5,,"'Treetop, water surface'"
101-302-2,,101,302,"gïerege, gïerhgietjie",gïerhgietjie,,,NSsNdb,,,,,,,5,,"'Treetop, water surface'"
102-302-1,,102,302,giara,giara,,,WbWlap,,,,,,,5,,"'Treetop, water surface'"
105-302-1,,105,302,giera,giera,,,SSSg,,,,,,,5,,
106-302-1,,106,302,kiera,kiera,,,InsSSk,,,,,,,5,,
101-302-3,,101,302,tjahke,tjahke,,,NSsNdb,,,,,,,6,,"'Fjell, top of fjell'"
104-302-1,,104,302,tjåhkkå,tjåhkkå,,,EZ,,,,,,,6,,'Mountaintop'
105-302-2,,105,302,čohkka,čohkka,,,SSSg,,,,,,,6,,
106-302-2,,106,302,čokke ~ čukka,čokke ~ čukka,,,InsSSk,,,,,,,6,,
107-302-2,,107,302,čåʹǩǩ,čåʹǩǩ,,,SKosSk,,,,,,,6,,
102-302-2,,102,302,sjnjühtjee,sjnjühtjee,,,WbWlap,,,,,,,7,,
301-302-1,,301,302,"tʹokš, tʹokške",tʹokš,tʲ o k ʃ,,MordWb,,,,,"tʹokš, tʹokške",tʲokʃ,7,,
301-302-2,,301,302,"tʹokš, tʹokške",tʹokške,tʲ o k ʃ k e,,MordWb,,,,,"tʹokš, tʹokške",tʲokʃke,7,,
301-302-3,,301,302,pŕa,pŕa,p rʲ ɑ,,MordWb,,,,,pŕa,prʲɑ,8,,
401-302-2,,401,302,ukšer,ukšer,u k ʃ e r,,SMSk;TscherWb,,,,,ukšer,ukʃer,9,,
401-302-3,,401,302,čoŋga,čoŋga,tʃ o ŋ ɡ ɑ,,SMSk;TscherWb,,,,,čoŋga,tʃoŋɡɑ,10,,
501-302-1,,501,302,ji̮v,ji̮v,j ɯ v,,SyrjWsch,,,,,ji̮v,jɯv,11,,
503-302-1,,503,302,ji̮v,ji̮v,j ɯ v,,KoPRSl,,,,,ji̮v,jɯv,11,,
504-302-1,,504,302,ji̮l,ji̮l,j ɯ l,,WotjWsch,,,,,ji̮l,jɯl,11,,
601-302-1,,601,302,csúcs,csúcs,t͡ʃ uː t͡ʃ,,FMSz,,,,,,t͡ʃuːt͡ʃ,12,,
601-302-2,,601,302,tető,tető,t ɛ t øː,,FMSz,,,,,,tɛtøː,13,,
203-302-2,,203,302,huippu,huippu,h u i pː u,,JL,,,,,,huipːu,14,,
902-302-1,,902,302,mal°h,mal°h,,,JurSWb,,,,,,,14,,"'End, tip'"
907-302-1,,907,302,pāri,pāri,p ɑː r i,,SolkWb,,,,,pāri,pɑːri,15,,
907-302-2,,907,302,ūkə,ūkə,uː k ə,,SolkWb,,,,,ūkə,uːkə,16,,"'(Top) end, top'"
701-302-1,,701,302,talʹəχ,talʹəχ,t ɑ ʎ ə x,,WogWb,,,,,talʹəχ,tɑʎəx,17,,
807-302-1,,807,302,tö̆j,tö̆j,t ø ̆ j,,DEWbOstj,,,,,tö̆j,tø̆j,17,,
701-302-2,,701,302,ńol,ńol,ɲ o l,,WogWb,,,,,ńol,ɲol,18,,"'Nose, point, top'"
807-302-2,,807,302,tʹäk,tʹäk,tʲ æ k,,DEWbOstj,,,,,tʹäk,tʲæk,19,,
901-302-1,,901,302,nūm,nūm,n uː m,,SlNgaRus,,,,,nūm,nuːm,21,,"'Top, summit'"
901-302-2,,901,302,ŋojbuə,ŋojbuə,ŋ o j b u ə,"Deriv. from ""ŋojbu"" 'head'",SlNgaRus,,,,,ŋojbuə,ŋojbuə,22,,"'Head, top, summit'"
0-303-1,,0,303,[Not reconstructable],,,,UEW;Sam88,,,,,,,?,[Not reconstructable],
807-303-1,,807,303,[Form not found],,,,DEWbOstj,,,,,,,?,[Form not found],
101-303-1,,101,303,juekedh,juekedh,,,NSsNdb,,,,,,,1,,
102-303-1,,102,303,jüehkeet,jüehkeet,,,WbWlap,,,,,,,1,,
104-303-1,,104,303,juogadit,juogadit,,,EZ,,,,,,,1,,
105-303-1,,105,303,juohkit,juohkit,,,SSSg,,,,,,,1,,
106-303-1,,106,303,jyehiđ,jyehiđ,,,InsSSk,,,,,,,1,,
107-303-1,,107,303,jueʹǩǩed,jueʹǩǩed,,,SKosSk,,,,,,,1,,"'Divide, share'"
108-303-1,,108,303,jūgke,jūgke,j uː gː e,,WOLD,,,,,,juːgːe,1,,
203-303-1,,203,303,jakaa,jakaa,j ɑ k ɑː,,JL,,,,,,jɑkɑː,1,,
204-303-1,,204,303,jakoa,jakoa,,,KKSV,,,,,,,1,,
207-303-1,,207,303,jagada,jagada,,,VVS,,,,,,,1,,
208-303-1,,208,303,jak̆kā,jak̆kā,j ɑ k ̆ k ɑː,,InkmSk,,,,,jak̆kā,jɑk̆kɑː,1,,
209-303-1,,209,303,jakama,jakama,j ɑ k ɑ m ɑ,,VKJMS,,,,,jakama,jɑkɑmɑ,1,,
210-303-1,,210,303,"jagada, jaotada",jagada,j ɑ k ɑ t ɑ j ɑ o tː ɑ t ɑ,,SVSk,,,,,,"jɑkɑtɑ, jɑotːɑtɑ",1,,
210-303-2,,210,303,"jagada, jaotada",jaotada,j ɑ k ɑ t ɑ j ɑ o tː ɑ t ɑ,,SVSk,,,,,,"jɑkɑtɑ, jɑotːɑtɑ",1,,
211-303-1,,211,303,jagama,jagama,,,VESr,,,,,,,1,,
212-303-1,,212,303,jaʾggə,jaʾggə,,,LivWb,,,,,,,1,,
301-303-1,,301,303,"javoms, javšems",javoms,j ɑ v o m s,,MordWb,,,,,"javoms, javšems",jɑvoms,1,,
301-303-2,,301,303,"javoms, javšems",javšems,j ɑ v ʃ e m s,,MordWb,,,,,"javoms, javšems",jɑvʃems,1,,
501-303-1,,501,303,jukni̮,jukni̮,j u k n ɯ,,SyrjWsch,,,,,jukni̮,juknɯ,1,,
102-303-2,,102,303,tjüelldat,tjüelldat,,,WbWlap,,,,,,,2,,
301-303-3,,301,303,satstoms,satstoms,s ɑ t s t o m s,,MordWb,,,,,satstoms,sɑtstoms,3,,
401-303-1,,401,303,pajlem,pajlem,p ɑ j l e m,,SMSk;TscherWb,,,,,pajlem,pɑjlem,4,,
401-303-2,,401,303,užašlem,užašlem,u ʒ ɑ ʃ l e m,,SMSk;TscherWb,,,,,užašlem,uʒɑʃlem,5,,
601-303-1,,601,303,"eloszt, feloszt",eloszt,ɛ l o s t f ɛ l o s t,,FMSz,,,,,,"ɛlost, fɛlost",5,,
601-303-2,,601,303,"eloszt, feloszt",feloszt,ɛ l o s t f ɛ l o s t,,FMSz,,,,,,"ɛlost, fɛlost",5,,
503-303-1,,503,303,še̮rie̮tni̮,še̮rie̮tni̮,ʃ ɤ r i ɤ t n ɯ,,KoPRSl,,,,,še̮rie̮tni̮,ʃɤriɤtnɯ,6,,
504-303-1,,504,303,šori kari̮ni̮,šori kari̮ni̮,ʃ o r i k ɑ r ɯ n ɯ,,WotjWsch,,,,,šori_kari̮ni̮,ʃori kɑrɯnɯ,6,,"""Kari̮ni̮"" 'make'"
901-303-1,,901,303,tarsa,tarsa,t ɑ r s ɑ,,SlNgaRus,,,,,tarsa,tɑrsɑ,7,,"'Separate, divide'"
902-303-1,,902,303,tyar-,tyar-,,,JurSWb,,,,,,,7,,
907-303-1,,907,303,tār-,tār-,t ɑː r,,SolkWb,,,,,tār-,tɑːr-,7,,
209-303-2,,209,303,erittemä,erittemä,e r i tː e m æ,,VKJMS,,,,,erittemä,eritːemæ,8,,
701-303-1,,701,303,urti,urti,u r t i,,WogWb,,,,,urti,urti,9,,
901-303-2,,901,303,čǖbtüśa,čǖbtüśa,tʃ yː b t y ɕ ɑ,,SlNgaRus,,,,,čǖbtüśa,tʃyːbtyɕɑ,10,,
102-304-1,,102,304,[Form not found],,,,WbWlap,,,,,,,?,[Form not found],
208-304-1,,208,304,[Form not found],,,,InkmSk,,,,,,,?,[Form not found],
209-304-1,,209,304,[Form not found],,,,VKJMS,,,,,,,?,[Form not found],
203-304-1,,203,304,pitää,pitää,p i t̪ æː,,JL,,,,,,pit̪æː,1,,
204-304-1,,204,304,piteä,piteä,,,KKSV,,,,,,,1,,
207-304-1,,207,304,pidäda,pidäda,,,VVS,,,,,,,1,,
210-304-1,,210,304,pidada,pidada,p i t ɑ t ɑ,,SVSk,,,,,,pitɑtɑ,1,,
212-304-1,,212,304,piʾddə,piʾddə,,,LivWb,,,,,,,1,,
207-304-2,,207,304,kaita,kaita,,,VVS,,,,,,,2,"Cf. Fin ""kaitsea"" 'watch over (someone)'",
210-304-2,,210,304,hoida,hoida,h o i t ɑ,,SVSk,,,,,,hoitɑ,3,,
211-304-1,,211,304,hoitma,hoitma,,,VESr,,,,,,,3,,
105-304-1,,105,304,"doallat, doaladit",doallat,,,SSSg,,,,,,,4,,
105-304-2,,105,304,"doallat, doaladit",doaladit,,,SSSg,,,,,,,4,,
106-304-1,,106,304,toollađ,toollađ,,,InsSSk,,,,,,,4,,
101-304-1,,101,304,"utniedidh, utniehtidh",utniedidh,,,NSsNdb,,,,,,,5,,
101-304-2,,101,304,"utniedidh, utniehtidh",utniehtidh,,,NSsNdb,,,,,,,5,,
104-304-1,,104,304,adnet,adnet,,,EZ,,,,,,,5,,
105-304-3,,105,304,atnit,atnit,,,SSSg,,,,,,,5,,"'Use, need, hold, keep'"
106-304-2,,106,304,anneeđ,anneeđ,,,InsSSk,,,,,,,5,,
107-304-1,,107,304,ââʹnned,ââʹnned,,,SKosSk,,,,,,,5,,
301-304-1,,301,304,kirdʹems,kirdʹems,k i r dʲ e m s,,MordWb,,,,,kirdʹems,kirdʲems,6,,"'Hold, store, keep'"
401-304-1,,401,304,kučem,kučem,k u tʃ e m,,SMSk;TscherWb,,,,,kučem,kutʃem,7,,"'Hold, keep'"
501-304-1,,501,304,kutni̮,kutni̮,k u t n ɯ,,SyrjWsch,,,,,kutni̮,kutnɯ,7,,"'Hold, keep'"
601-304-1,,601,304,tart,tart,t ɒ r t,,FMSz,,,,,,tɒrt,8,,
504-304-1,,504,304,voźi̮ni̮,voźi̮ni̮,v o ʑ ɯ n ɯ,,WotjWsch,,,,,voźi̮ni̮,voʑɯnɯ,9,,"'Hold, keep'"
902-304-1,,902,304,mecy°,mecy°,,,JurSWb,,,,,,,10,,"'Use, keep'"
907-304-1,,907,304,oralpi-,oralpi-,o r ɑ l p i,"Deriv. from ""or-"" 'grab'",SolkWb,,,,,oralpi-,orɑlpi-,11,,
907-304-2,,907,304,uə̑rə-,uə̑rə-,u ə r ə,,SolkWb,,,,,uə̑rə-,uərə-,12,,
108-304-1,,108,304,rūkne,rūkne,r uː k n e,,WOLD,,,,,,ruːkne,13,,
807-304-1,,807,304,tăja-,tăja-,t ɑ ̆ j ɑ,,DEWbOstj,,,,,tăja-,tɑ̆jɑ-,14,,
503-304-1,,503,304,viʒ́ni̮,viʒ́ni̮,v i dʑ n ɯ,,KoPRSl,,,,,viʒ́ni̮,vidʑnɯ,15,,
701-304-1,,701,304,takti,takti,t ɑ k t i,,WogWb,,,,,takti,tɑkti,16,,"'Reach out, hold'"
901-304-1,,901,304,huanulusa,huanulusa,h u ɑ n u l u s ɑ,,SlNgaRus,,,,,huanulusa,huɑnulusɑ,17,,"'Keep, hold'"
901-304-2,,901,304,kəmüðüśa,kəmüðüśa,k ə m y ð y ɕ ɑ,,SlNgaRus,,,,,kəmüδüśa,kəmyðyɕɑ,18,,"'Catch; keep; get, receive'"
102-305-1,,102,305,[Form not found],,,,WbWlap,,,,,,,?,[Form not found],
807-305-1,,807,305,[Form not found],,,,DEWbOstj,,,,,,,?,[Form not found],
203-305-1,,203,305,viheltää,viheltää,ʋ i ɦ e̞ l t̪ æː,,JL,,,,,,ʋiɦe̞lt̪æː,1,,
204-305-1,,204,305,vihelteä,vihelteä,,,KKSV,,,,,,,1,,
207-305-1,,207,305,vihelta,vihelta,,,VVS,,,,,,,1,,
208-305-1,,208,305,vihelᴅǟ,vihelᴅǟ,v i h e l d̥ æː,,InkmSk,,,,,vihelᴅǟ,viheld̥æː,1,,
212-305-1,,212,305,svillppə,svillppə,,,LivWb,,,,,,,2,,
101-305-1,,101,305,njorkedidh,njorkedidh,,,NSsNdb,,,,,,,3,,
104-305-1,,104,305,njurrgot,njurrgot,,,EZ,,,,,,,3,,
105-305-1,,105,305,njurgut,njurgut,,,SSSg,,,,,,,3,,
106-305-1,,106,305,njurgođ,njurgođ,,,InsSSk,,,,,,,3,,
107-305-1,,107,305,njorggad ~ njõrggad,njorggad ~ njõrggad,,,SKosSk,,,,,,,3,,
108-305-1,,108,305,njurrke,njurrke,ɲ u rː k e,,WOLD,,,,,,ɲurːke,3,,
401-305-1,,401,305,šüškem,šüškem,ʃ y ʃ k e m,,SMSk;TscherWb,,,,,šüškem,ʃyʃkem,4,,
501-305-1,,501,305,šutʹlavni̮,šutʹlavni̮,ʃ u tʲ l ɑ v n ɯ,,SyrjWsch,,,,,šutʹlavni̮,ʃutʲlɑvnɯ,5,,
504-305-1,,504,305,šulani̮,šulani̮,ʃ u l ɑ n ɯ,,WotjWsch,,,,,šulani̮,ʃulɑnɯ,5,,
601-305-1,,601,305,fütyül,fütyül,f y c y l,,FMSz,,,,,,fycyl,6,,
901-305-1,,901,305,"śüčaˀsa, śüčarsa",śüčaˀsa,ɕ y tʃ ɑ ʔ s ɑ,,SlNgaRus,,,,,"śüčaˀsa, śüčarsa",ɕytʃɑʔsɑ,7,,
901-305-2,,901,305,"śüčaˀsa, śüčarsa",śüčarsa,ɕ y tʃ ɑ r s ɑ,,SlNgaRus,,,,,"śüčaˀsa, śüčarsa",ɕytʃɑrsɑ,7,,
902-305-1,,902,305,syudər-,syudər-,,,JurSWb,,,,,,,7,,
907-305-1,,907,305,kǖkəmpi-,kǖkəmpi-,k yː k ə m p i,,SolkWb,,,,,kǖkəmpi-,kyːkəmpi-,8,"Deriv. from ""kǖkə"" 'exclamation, whistling sound'",
209-305-1,,209,305,vilissēmä,vilissēmä,v i l i sː eː m æ,,VKJMS,,,,,vilissēmä,vilisːeːmæ,9,,
210-305-1,,210,305,vilistada,vilistada,v i l i s tː ɑ t ɑ,,SVSk,,,,,,vilistːɑtɑ,9,,
211-305-1,,211,305,vilistämä,vilistämä,,,VESr,,,,,,,9,,
301-305-1,,301,305,"veškems, veškstams",veškems,v e ʃ k e m s,,MordWb,,,,,"veškems, veškstams",veʃkems,10,,
301-305-2,,301,305,"veškems, veškstams",veškstams,v e ʃ k s t ɑ m s,,MordWb,,,,,"veškems, veškstams",veʃkstɑms,10,,
503-305-1,,503,305,piksi̮ni̮,piksi̮ni̮,p i k s ɯ n ɯ,,KoPRSl,,,,,piksi̮ni̮,piksɯnɯ,11,,
701-305-1,,701,305,kisi,kisi,k i s i,,WogWb,,,,,kisi,kisi,12,,
504-306-1,,504,306,[Form not found],,,,WotjWsch,,,,,,,?,[Form not found],
807-306-1,,807,306,[Form not found],,,,DEWbOstj,,,,,,,?,[Form not found],
901-306-1,,901,306,[Form not found],,,,SlNgaRus,,,,,,,?,[Form not found],
902-306-1,,902,306,[Form not found],,,,JurSWb,,,,,,,?,[Form not found],
907-306-1,,907,306,[Form not found],,,,SolkWb,,,,,,,?,[Form not found],
101-306-1,,101,306,juekedh,juekedh,,,NSsNdb,,,,,,,1,,
104-306-1,,104,306,juohket,juohket,,,EZ,,,,,,,1,,
105-306-1,,105,306,juogadit,juogadit,,,SSSg,,,,,,,1,,
106-306-1,,106,306,jyehiđ,jyehiđ,,,InsSSk,,,,,,,1,,
107-306-1,,107,306,jueʹǩǩed,jueʹǩǩed,,,SKosSk,,,,,,,1,,"'Divide, share'"
108-306-1,,108,306,jūgk’e,jūgk’e,j uː gːʲ e,,WOLD,,,,,,juːgːʲe,1,,
203-306-1,,203,306,jakaa,jakaa,j ɑ k ɑː,,JL,,,,,,jɑkɑː,1,,
204-306-1,,204,306,jakoa,jakoa,,,KKSV,,,,,,,1,,
207-306-1,,207,306,jagada,jagada,,,VVS,,,,,,,1,,
208-306-1,,208,306,jak̆kā,jak̆kā,j ɑ k ̆ k ɑː,,InkmSk,,,,,jak̆kā,jɑk̆kɑː,1,,
209-306-1,,209,306,jakama,jakama,j ɑ k ɑ m ɑ,,VKJMS,,,,,jakama,jɑkɑmɑ,1,,
210-306-1,,210,306,"jaotada, jagada",jaotada,j ɑ o tː ɑ t ɑ j ɑ k ɑ t ɑ,,SVSk,,,,,,"jɑotːɑtɑ, jɑkɑtɑ",1,,
210-306-2,,210,306,"jaotada, jagada",jagada,j ɑ o tː ɑ t ɑ j ɑ k ɑ t ɑ,,SVSk,,,,,,"jɑotːɑtɑ, jɑkɑtɑ",1,,
211-306-1,,211,306,jagama,jagama,,,VESr,,,,,,,1,,
212-306-1,,212,306,jaʾggə,jaʾggə,,,LivWb,,,,,,,1,,
301-306-1,,301,306,"javoms, javšems",javoms,j ɑ v o m s,,MordWb,,,,,"javoms, javšems",jɑvoms,1,,
301-306-2,,301,306,"javoms, javšems",javšems,j ɑ v ʃ e m s,,MordWb,,,,,"javoms, javšems",jɑvʃems,1,,
501-306-1,,501,306,"jukni̮, jukśi̮ni̮",jukni̮,j u k n ɯ,,SyrjWsch,,,,,"jukni̮, jukśi̮ni̮",juknɯ,1,,
501-306-2,,501,306,"jukni̮, jukśi̮ni̮",jukśi̮ni̮,j u k ɕ ɯ n ɯ,,SyrjWsch,,,,,"jukni̮, jukśi̮ni̮",jukɕɯnɯ,1,,
102-306-1,,102,306,tjüelldat,tjüelldat,,,WbWlap,,,,,,,2,,
301-306-3,,301,306,satstoms,satstoms,s ɑ t s t o m s,,MordWb,,,,,satstoms,sɑtstoms,3,,
401-306-1,,401,306,ojə̑rem,ojə̑rem,o j ə r e m,,SMSk;TscherWb,,,,,ojə̑rem,ojərem,4,,
601-306-1,,601,306,"szétoszt, kettéoszt",szétoszt,s ɛ t o s t k ɛ tː eː o s t,,FMSz,,,,,,"sɛtost, kɛtːeːost",5,,
601-306-2,,601,306,"szétoszt, kettéoszt",kettéoszt,s ɛ t o s t k ɛ tː eː o s t,,FMSz,,,,,,"sɛtost, kɛtːeːost",5,,
503-306-1,,503,306,janse̮tni̮,janse̮tni̮,j ɑ n s ɤ t n ɯ,,KoPRSl,,,,,janse̮tni̮,jɑnsɤtnɯ,6,,
503-306-2,,503,306,torje̮tni̮,torje̮tni̮,t o r j ɤ t n ɯ,,KoPRSl,,,,,torje̮tni̮,torjɤtnɯ,7,,
701-306-1,,701,306,urti ~ ūrti,urti ~ ūrti,u r t i,,WogWb,,,,,"urti, ūrti","urti, uːrti",8,,
101-307-1,,101,307,[Form not found],,,,NSsNdb,,,,,,,?,[Form not found],
207-307-1,,207,307,[Form not found],,,,VVS,,,,,,,?,[Form not found],
208-307-1,,208,307,[Form not found],,,,InkmSk,,,,,,,?,[Form not found],
901-307-1,,901,307,[Form not found],,,,SlNgaRus,,,,,,,?,[Form not found],
106-307-1,,106,307,paškeđ,paškeđ,,,InsSSk,,,,,,,1,,"'Defecate', 'shit'?"
107-307-1,,107,307,pâʹšǩǩed,pâʹšǩǩed,,,SKosSk,,,,,,,1,,"'Defecate', 'shit'?"
108-307-1,,108,307,pāšš’ke,pāšš’ke,p aː ʃːʲ k e,,WOLD,,,,,,paːʃːʲke,1,,
203-307-1,,203,307,paskantaa,paskantaa,p ɑ s k ɑ n̪ t̪ ɑː,,JL,,,,,,pɑskɑn̪t̪ɑː,1,,
204-307-1,,204,307,paskantoa,paskantoa,,,KKSV,,,,,,,1,,
210-307-1,,210,307,pasandada,pasandada,p ɑ s ɑ n t ɑ t ɑ,,SVSk,,,,,,pɑsɑntɑtɑ,1,,
211-307-1,,211,307,pasandama,pasandama,,,VESr,,,,,,,1,,
401-307-1,,401,307,puškeδam,puškeδam,p u ʃ k e ð ɑ m,,SMSk;TscherWb,,,,,puškeδam,puʃkeðɑm,1,,
204-307-2,,204,307,šittuo,šittuo,,,KKSV,,,,,,,2,,
209-307-1,,209,307,sittuma,sittuma,s i tː u m ɑ,,VKJMS,,,,,sittuma,sitːumɑ,2,,
210-307-2,,210,307,sittuda,sittuda,s i tː u t ɑ,,SVSk,,,,,,sitːutɑ,2,,
211-307-2,,211,307,sitma,sitma,,,VESr,,,,,,,2,,
212-307-1,,212,307,sittə,sittə,,,LivWb,,,,,,,2,,
501-307-1,,501,307,sitavni̮,sitavni̮,s i t ɑ v n ɯ,,SyrjWsch,,,,,sitavni̮,sitɑvnɯ,2,,"Deriv. from ""sit"" 'feces, shit'"
503-307-1,,503,307,sitaśni̮,sitaśni̮,s i t ɑ ɕ n ɯ,,KoPRSl,,,,,sitaśni̮,sitɑɕnɯ,2,,"Deriv. from ""sit"" 'feces, shit'"
504-307-1,,504,307,sitʹani̮,sitʹani̮,s i tʲ ɑ n ɯ,,WotjWsch,,,,,sitʹani̮,sitʲɑnɯ,2,,
102-307-1,,102,307,baìhkeet,baìhkeet,,,WbWlap,,,,,,,3,,
104-307-1,,104,307,bájjka,bájjka,,,EZ,,,,,,,3,,
105-307-1,,105,307,baigit,baigit,,,SSSg,,,,,,,3,,
301-307-1,,301,307,śerńems,śerńems,ɕ e r ɲ e m s,,MordWb,,,,,śerńems,ɕerɲems,4,,
601-307-1,,601,307,szarik,szarik,s ɒ r i k,,FMSz,,,,,,sɒrik,4,,
902-307-1,,902,307,pəlcyer-,pəlcyer-,,,JurSWb,,,,,,,5,,"Deriv. from ""pəlka"" 'shit'"
907-307-1,,907,307,tüt-,tüt-,t y t,,SolkWb,,,,,tüt-,tyt-,6,,
701-307-1,,701,307,poχti,poχti,p o x t i,,WogWb,,,,,poχti,poxti,7,,
807-307-1,,807,307,po̭ɣǝt-,po̭ɣǝt-,p o̻ ɣ ə t,,DEWbOstj,,,,,po̭ɣət-,po̻ɣət-,7,,
108-308-1,,108,308,vīssma,vīssma,v iː sː m a,,WOLD,,,,,,viːsːma,1,,
203-308-1,,203,308,väsynyt,väsynyt,ʋ æ s y n y t̪,,JL,,,,,,ʋæ synyt̪,1,,
204-308-1,,204,308,väsynyt,väsynyt,,,KKSV,,,,,,,1,,
207-308-1,,207,308,väzunu,väzunu,,,NRVS,,,,,,,1,,
208-308-1,,208,308,väs̆sǖnᴅ,väs̆sǖnᴅ,v æ s ̆ s yː n d̥,,InkmSk,,,,,väs̆sǖnᴅ,væs̆syːnd̥,1,,
209-308-1,,209,308,väsünnü,väsünnü,v æ s y nː y,,VKJMS,,,,,väsünnü,væsynːy,1,,
210-308-1,,210,308,väsinud,väsinud,v æ s i n u t,,SVSk,,,,,,væsinut,1,,
211-308-1,,211,308,väsünüq,väsünüq,,,VESr,,,,,,,1,,
207-308-2,,207,308,surdunu,surdunu,,,NRVS,,,,,,,2,,
212-308-1,,212,308,ne̮rrk,ne̮rrk,,,LivWb,,,,,,,3,"Cf. Est ""nõrkeda-""",
101-308-1,,101,308,nahkeren,nahkeren,,,NSsNdb,,,,,,,4,,
102-308-1,,102,308,vaaibs,vaaibs,,,WbWlap,,,,,,,4,,
104-308-1,,104,308,vájbas,vájbas,,,EZ,,,,,,,4,,
105-308-1,,105,308,váiban,váiban,,,SSSg,,,,,,,4,,
106-308-1,,106,308,vábadiđ,vábadiđ,,,InsSSk,,,,,,,4,,"Verb, 'be tired'"
101-308-2,,101,308,sæjloes,sæjloes,,,NSsNdb,,,,,,,5,,
102-308-2,,102,308,sìlloo,sìlloo,,,WbWlap,,,,,,,5,,
107-308-1,,107,308,levvjed,levvjed,,,SKosSk,,,,,,,6,,"Verb, 'get tired'"
301-308-1,,301,308,śiźeź,śiźeź,ɕ i ʑ e ʑ,,MordWb,,,,,śiźeź,ɕiʑeʑ,7,,
401-308-1,,401,308,jarnə̑še,jarnə̑še,j ɑ r n ə ʃ e,,SMSk;TscherWb,,,,,jarnə̑še,jɑrnəʃe,8,,
401-308-2,,401,308,nojə̑šo,nojə̑šo,n o j ə ʃ o,,SMSk;TscherWb,,,,,nojə̑šo,nojəʃo,9,,
501-308-1,,501,308,muʒ́ni̮,muʒ́ni̮,m u dʑ n ɯ,,SyrjWsch,,,,,muʒ́ni̮,mudʑnɯ,10,,"Verb, 'get tired'"
503-308-1,,503,308,mi̮ʒ́e̮m,mi̮ʒ́e̮m,m ɯ dʑ ɤ m,,KoPRSl,,,,,mi̮ʒ́e̮m,mɯdʑɤm,10,,
601-308-1,,601,308,fáradt,fáradt,f aː r ɒ tː,,FMSz,,,,,,faːrɒtː,11,,
601-308-2,,601,308,kimerült,kimerült,k i m ɛ r y l t,,FMSz,,,,,,kimɛrylt,12,,
504-308-1,,504,308,žadʹi̮ni̮,žadʹi̮ni̮,ʒ ɑ dʲ ɯ n ɯ,,WotjWsch,,,,,žadʹi̮ni̮,ʒɑdʲɯnɯ,13,,"Verb, 'get tired'"
902-308-1,,902,308,widarə°,widarə°,,,JurSWb,,,,,,,14,,"Verb, 'get tired'"
907-308-1,,907,308,nūnəćə-,nūnəćə-,n uː n ə tɕ ə,,SolkWb,,,,,nūnəćə-,nuːnətɕə-,15,,
807-308-1,,807,308,met-,met-,m e t,,DEWbOstj,,,,,met-,met-,16,,"Verb, 'get tired'"
701-308-1,,701,308,lå̄ŋχitaχti ~ lōŋɣitaχti,lå̄ŋχitaχti ~ lōŋɣitaχti,l ɔː ŋ x i t ɑ x t i,,WogWb,,,,,"lå̄ŋχitaχti, lōŋɣitaχti","lɔːŋxitɑxti, loːŋɣitɑxti",17,,"Verb, 'get tired'"
901-308-1,,901,308,bənuguə,bənuguə,b ə n u ɡ u ə,,SlNgaRus,,,,,bənuguə,bənuɡuə,18,,
0-309-1,,0,309,[Not reconstructable],,,,UEW;Sam88,,,,,,,?,[Not reconstructable],
203-309-1,,203,309,likainen,likainen,l i k ɑ i n e̞ n,,JL,,,,,,likɑine̞n,1,,
204-309-1,,204,309,likaine,likaine,,,KKSV,,,,,,,1,,
204-309-2,,204,309,revukas,revukas,,,KKSV,,,,,,,2,,
207-309-1,,207,309,redukaz,redukaz,,,VVS,,,,,,,2,,
208-309-1,,208,309,reuɢaz,reuɢaz,r e u ɡ̥ ɑ z,,InkmSk,,,,,reuɢaz,reuɡ̥ɑz,2,,
207-309-2,,207,309,pagan,pagan,,,VVS,,,,,,,3,,"Also 'filthy, unclean'"
504-309-1,,504,309,ki̮rś,ki̮rś,k ɯ r ɕ,,WotjWsch,,,,,ki̮rś,kɯrɕ,4,,
208-309-2,,208,309,musta,musta,m u s t ɑ,,InkmSk,,,,,musta,mustɑ,5,,
210-309-1,,210,309,must,must,m u s t,,SVSk,,,,,,must,5,,
211-309-1,,211,309,must,must,,,VESr,,,,,,,5,,
212-309-1,,212,309,muštà,muštà,,,LivWb,,,,,,,5,,
212-309-2,,212,309,reppi ~ räppi,reppi ~ räppi,,,LivWb,,,,,,,6,,
102-309-1,,102,309,dualˈva,dualˈva,,,WbWlap,,,,,,,7,,
104-309-1,,104,309,duolvas,duolvas,,,EZ,,,,,,,7,,
105-309-1,,105,309,duolvvas,duolvvas,,,SSSg,,,,,,,7,,
106-309-1,,106,309,tuol'vii,tuol'vii,,,InsSSk,,,,,,,7,,
105-309-2,,105,309,nuoski,nuoski,,,SSSg,,,,,,,8,,
107-309-1,,107,309,sähssai,sähssai,,,SKosSk,,,,,,,9,,
108-309-1,,108,309,sākk’s,sākk’s,s aː kːʲ s,,WOLD,,,,,,saːkːʲs,9,,
301-309-1,,301,309,kargoć,kargoć,k ɑ r ɡ o tɕ,,MordWb,,,,,kargoć,kɑrɡotɕ,10,,
301-309-2,,301,309,rudazov,rudazov,r u d ɑ z o v,,MordWb,,,,,rudazov,rudɑzov,11,,
401-309-1,,401,309,laβə̑ran,laβə̑ran,l ɑ β ə r ɑ n,,SMSk;TscherWb,,,,,laβə̑ran,lɑβərɑn,12,"Loan of Chuv form, if Chuv form not loan from this",
501-309-1,,501,309,śe̮d,śe̮d,ɕ ɤ d,,SyrjWsch,,,,,śe̮d,ɕɤd,13,,
504-309-2,,504,309,śe̮d,śe̮d,ɕ ɤ d,,WotjWsch,,,,,śe̮d,ɕɤd,13,,
501-309-2,,501,309,ńatʹ,ńatʹ,ɲ ɑ tʲ,,SyrjWsch,,,,,ńatʹ,ɲɑtʲ,14,,
503-309-1,,503,309,ńatʹe̮ś,ńatʹe̮ś,ɲ ɑ tʲ ɤ ɕ,,KoPRSl,,,,,ńatʹe̮ś,ɲɑtʲɤɕ,14,,
601-309-1,,601,309,koszos,koszos,k o s o ʃ,,FMSz,,,,,,kosoʃ,15,,
601-309-2,,601,309,piszkos,piszkos,p i s k o ʃ,,FMSz,,,,,,piskoʃ,16,,
601-309-3,,601,309,szennyes,szennyes,s ɛ ɲː ɛ ʃ,,FMSz,,,,,,sɛɲːɛʃ,17,,
701-309-1,,701,309,pāŋkən,pāŋkən,p ɑː ŋ k ə n,,WogWb,,,,,pāŋkən,pɑːŋkən,18,,
807-309-1,,807,309,kuli̮ŋ,kuli̮ŋ,k u l ɯ ŋ,,DEWbOstj,,,,,kuli̮ŋ,kulɯŋ,19,,
902-309-1,,902,309,wərcawey°,wərcawey°,,"Deriv. from ""wər"" 'dirt'",JurSWb,,,,,,,20,,
907-309-1,,907,309,čam,čam,tʃ ɑ m,,SolkWb,,,,,čam,tʃɑm,21,,"'Dirt, filth'; adjectival form used for 'dirty'"
807-309-2,,807,309,pǝɣtǝ,pǝɣtǝ,p ə ɣ t ə,,DEWbOstj,,,,,pəɣtə,pəɣtə,22,,"'Black, dirty'"
101-309-1,,101,309,sleagran,sleagran,,,NSsNdb,,,,,,,23,,
209-309-1,,209,309,rōje̮ttu,rōje̮ttu,r oː j ɤ tː u,,VKJMS,,,,,rōje̮ttu,roːjɤtːu,24,,
901-309-1,,901,309,ńegi̮ku,ńegi̮ku,ɲ e ɡ ɯ k u,,SlNgaRus,,,,,ńegi̮ku,ɲeɡɯku,25,,'Dirt; dirty'
203-31-1,,203,31,hius,hius,h i u s,,JL,,,,,,hius,1,Cf. Fin kalki 'hair','Hair on head'
204-31-1,,204,31,hivus,hivus,,,KKSV,,,,,,,1,,'Hair on head'
207-31-1,,207,31,hibus,hibus,,,VVS,,,,,,,1,,'Hair on head'
208-31-1,,208,31,hiuz,hiuz,h i u z,,InkmSk,,,,,hiuz,hiuz,1,,'Hair on head'
209-31-1,,209,31,ivuᴢ,ivuᴢ,i v u z̥,,VKJMS,,,,,ivuᴢ,ivuz̥,1,,
210-31-1,,210,31,juus,juus,j uː s,,SVSk,,,,,,juːs,1,,'Hair on head'
211-31-1,,211,31,hius,hius,,,VESr,,,,,,,1,,'Hair on head'
212-31-1,,212,31,ibùks,ibùks,,,LivWb,,,,,,,1,,'Hair'
0-31-1,,0,31,*i̮pti̮,*i̮pti̮,,,UEW;Sam88,,,,,,,2,,'Hair on head'?
101-31-1,,101,31,voepte,voepte,,,NSsNdb,,,,,,,2,,
102-31-1,,102,31,vuapˈta,vuapˈta,,,WbWlap,,,,,,,2,,'Hair on head'
104-31-1,,104,31,vuappta ~ vuoppta,vuappta ~ vuoppta,,,EZ,,,,,,,2,,
105-31-1,,105,31,vuokta,vuokta,,,SSSg,,,,,,,2,Cf. Fin hapsi 'hair','Hair on head'
106-31-1,,106,31,vuop'ta,vuop'ta,,,InsSSk,,,,,,,2,,
107-31-1,,107,31,vuõptt,vuõptt,,,SKosSk,,,,,,,2,,'Hair on head'
108-31-1,,108,31,vūppt,vūppt,v uː pː t,,WOLD,,,,,,vuːpːt,2,,
401-31-1,,401,31,üp,üp,y p,,SMSk;TscherWb,,,,,üp,yp,2,,'Hair on head'; collective
701-31-1,,701,31,āt,āt,ɑː t,,WogWb,,,,,āt,ɑːt,2,,
807-31-1,,807,31,awət,awət,ɑ w ə t,,DEWbOstj,,,,,awət,ɑwət,2,,'Hair on head'
901-31-1,,901,31,ŋabtə,ŋabtə,ŋ ɑ b t ə,,SlNgaRus,,,,,ŋabtə,ŋɑbtə,2,,
902-31-1,,902,31,ŋebt°,ŋebt°,,,JurSWb,,,,,,,2,,'Hair on head'
907-31-1,,907,31,ōptə,ōptə,oː p t ə,,SolkWb,,,,,ōptə,oːptə,2,,'Hair on head'
301-31-1,,301,31,čeŕ,čeŕ,tʃ e rʲ,,MordWb,,,,,čeŕ,tʃerʲ,3,,'Hair on head'
501-31-1,,501,31,śi,śi,ɕ i,,SyrjWsch,,,,,śi,ɕi,4,From PFU *śäŋi 'hair',
503-31-1,,503,31,jurśi,jurśi,j u r ɕ i,,KoPRSl,,,,,jurśi,jurɕi,4,Ending from PFU *śäŋi 'hair',Compound; 'hair on head'
504-31-1,,504,31,"śi, ji̮rśi",śi,ɕ i,,WotjWsch,,,,,"śi, ji̮rśi",ɕi,4,From PFU *śäŋi 'hair',Latter compound; 'hair on head'
504-31-2,,504,31,"śi, ji̮rśi",ji̮rśi,j ɯ r ɕ i,,WotjWsch,,,,,"śi, ji̮rśi",jɯrɕi,4,From PFU *śäŋi 'hair',Latter compound; 'hair on head'
501-31-2,,501,31,ge̮n,ge̮n,ɡ ɤ n,,SyrjWsch,,,,,ge̮n,ɡɤn,5,,
503-31-2,,503,31,ge̮n,ge̮n,ɡ ɤ n,,KoPRSl,,,,,ge̮n,ɡɤn,5,,'Hair on body'
504-31-3,,504,31,gon,gon,ɡ o n,,WotjWsch,,,,,gon,ɡon,5,,
601-31-1,,601,31,"haj, hajszál",haj,h ɒ j h ɒ j s aː l,,FMSz,,,,,,"hɒj, hɒjsaːl",6,,"""Haj"" 'hair on head' is collective term, ""hajszál"" 'single hair (on head)'"
601-31-2,,601,31,"haj, hajszál",hajszál,h ɒ j h ɒ j s aː l,,FMSz,,,,,,"hɒj, hɒjsaːl",6,,"""Haj"" 'hair on head' is collective term, ""hajszál"" 'single hair (on head)'"
301-31-2,,301,31,pona,pona,p o n ɑ,,MordWb,,,,,pona,ponɑ,7,,'Body hair'
401-31-2,,401,31,pun,pun,p u n,,SMSk;TscherWb,,,,,pun,pun,7,,"'Body hair, animal hair'"
701-31-2,,701,31,pun,pun,p u n,,WogWb,,,,,pun,pun,7,,
807-31-2,,807,31,pun,pun,p u n,,DEWbOstj,,,,,pun,pun,7,,"'Body hair, fur'"
902-31-2,,902,31,tər,tər,,,JurSWb,,,,,,,8,,"'Body hair, feather'"
907-31-2,,907,31,tar,tar,t ɑ r,,SolkWb,,,,,tar,tɑr,8,,"'Body hair, feather'"
601-31-3,,601,31,szőr,szőr,s øː r,,FMSz,,,,,,søːr,9,,'Body hair'
203-31-2,,203,31,karva,karva,k ɑ r ʋ ɑ,,JL,,,,,,kɑrʋɑ,10,,'Body hair'
204-31-2,,204,31,karva,karva,,,KKSV,,,,,,,10,,'Body hair'
207-31-2,,207,31,karv,karv,,,VVS,,,,,,,10,,'Body hair'
208-31-2,,208,31,karva,karva,k ɑ r v ɑ,,InkmSk,,,,,karva,kɑrvɑ,10,,'Body hair'
210-31-2,,210,31,karv,karv,k a r v,,SVSk,,,,,,karv,10,,'Body hair'
211-31-2,,211,31,karv,karv,,,VESr,,,,,,,10,,'Body hair'
101-31-2,,101,31,goelke,goelke,,,NSsNdb,,,,,,,11,"From PFV *kalki̮ 'hair, straw'",
102-31-2,,102,31,gualˈga,gualˈga,,,WbWlap,,,,,,,11,"From PFV *kalki̮ 'hair, straw'",'Animal hair'
105-31-2,,105,31,guolga,guolga,,,SSSg,,,,,,,11,"From PFV *kalki̮ 'hair, straw'",'Body hair'
106-31-2,,106,31,kuolga,kuolga,,,InsSSk,,,,,,,11,"From PFV *kalki̮ 'hair, straw'",
106-31-3,,106,31,soovsa,soovsa,,,InsSSk,,,,,,,12,"Cogn. with Fin ""höyhen"" 'feather'",
107-31-2,,107,31,sõõus,sõõus,,,SKosSk,,,,,,,12,"Cogn. with Fin ""höyhen"" 'feather'",'Animal hair'
108-31-2,,108,31,sefs,sefs,s e f s,,WOLD,,,,,,sefs,12,,
101-310-1,,101,310,[Form not found],,,,NSsNdb,,,,,,,?,[Form not found],
902-310-1,,902,310,[Form not found],,,,JurSWb,,,,,,,?,[Form not found],
907-310-1,,907,310,[Form not found],,,,SolkWb,,,,,,,?,[Form not found],
203-310-1,,203,310,sateenkaari,sateenkaari,s ɑ t̪ e̞ː n k ɑː r i,,JL,,,,,,sɑt̪e̞ːnkɑːri,1,,
204-310-1,,204,310,ukonkoari,ukonkoari,,,KKSV,,,,,,,2,,
207-310-1,,207,310,jumalanbembelʹ,jumalanbembelʹ,,,VVS,,,,,,,3,,Lit. 'god's-bow'
210-310-1,,210,310,vikerkaar,vikerkaar,v i kː e r k ɑː r,,SVSk,,,,,,vikːerkɑːr,4,,
211-310-1,,211,310,vikaht'kaar' ~ vikakaar',vikaht'kaar' ~ vikakaar',,,VESr,,,,,,,4,,
212-310-1,,212,310,pitʹtʹki-kɔ̄r ~ pikkìs-kɔ̄r,pitʹtʹki-kɔ̄r ~ pikkìs-kɔ̄r,,,LivWb,,,,,,,5,,Lit. 'thunder-bow'
105-310-1,,105,310,arvẹdávgi,arvẹdávgi,,,SSSg,,,,,,,6,,Lit. 'rain-bow'
105-310-2,,105,310,čáhcẹdávgi,čáhcẹdávgi,,,SSSg,,,,,,,7,,Lit. 'water-bow'
102-310-1,,102,310,aatjà-juaksa,aatjà-juaksa,,,WbWlap,,,,,,,8,,Lit. 'thunder-bow'
104-310-1,,104,310,átjajuaksa,átjajuaksa,,,EZ,,,,,,,8,,Lit. 'thunder-bow'
107-310-1,,107,310,teârmmazjohss,teârmmazjohss,,,SKosSk,,,,,,,9,,Lit. 'thunder-bow'
108-310-1,,108,310,tīr’mes’-jūkks,tīr’mes’-jūkks,t iː rʲ m e sʲ j uː kː s,,WOLD,,,,,,tiːrʲmesʲ-juːkːs,9,,Lit. 'thunder-bow'
301-310-1,,301,310,piźemečiŕke,piźemečiŕke,p i ʑ e m e tʃ i rʲ k e,,MordWb,,,,,piźemečiŕke,piʑemetʃirʲke,10,,Lit. 'rain-bow'
301-310-2,,301,310,puŕgińečiŕke,puŕgińečiŕke,p u rʲ ɡ i ɲ e tʃ i rʲ k e,,MordWb,,,,,puŕgińečiŕke,purʲɡiɲetʃirʲke,11,,Lit. 'thunder-bow'
401-310-1,,401,310,šonanpə̑l,šonanpə̑l,ʃ o n ɑ n p ə l,,SMSk;TscherWb,,,,,šonanpə̑l,ʃonɑnpəl,12,,
501-310-1,,501,310,e̮ška-me̮ška,e̮ška-me̮ška,ɤ ʃ k ɑ m ɤ ʃ k ɑ,,SyrjWsch,,,,,e̮ška-me̮ška,ɤʃkɑ-mɤʃkɑ,13,,Lit. 'ox-(and)-cow' (referring to both ends of the rainbow)
601-310-1,,601,310,szivárvány,szivárvány,s i v aː r v aː ɲ,,FMSz,,,,,,sivaːrvaːɲ,14,,
504-310-1,,504,310,vu-jui̮ś,vu-jui̮ś,v u j u ɯ ɕ,,WotjWsch,,,,,vu-jui̮ś,vu-juɯɕ,15,,Comp.; lit. 'water-drinker'
807-310-1,,807,310,čuɣi-jo̭ɣǝl,čuɣi-jo̭ɣǝl,tʃ u ɣ i j o̻ ɣ ə l,,DEWbOstj,,,,,čuɣi-jo̭ɣəl,tʃuɣi-jo̻ɣəl,16,,
106-310-1,,106,310,äijihtävgi,äijihtävgi,,,InsSSk,,,,,,,17,,Lit. 'thunder-bow'
208-310-1,,208,310,"vihmakārre, -kārᴅo",vihmakārre,v i h m ɑ k ɑː rː e,,InkmSk,,,,,"vihmakārre, -kārᴅo",vihmɑkɑːrːe,18,,
208-310-2,,208,310,"vihmakārre, -kārᴅo",-kārᴅo,k ɑː r d̥ o,,InkmSk,,,,,"vihmakārre, -kārᴅo",-kɑːrd̥o,18,,
209-310-1,,209,310,iko-лōk̄,iko-лōk̄,i k o l oː kː,,VKJMS,,,,,iko-lōk̄,iko-loːkː,19,,
503-310-1,,503,310,jene̮ška,jene̮ška,j e n ɤ ʃ k ɑ,,KoPRSl;RB,,,,,jene̮ška,jenɤʃkɑ,20,,
701-310-1,,701,310,ńuli-jiw,ńuli-jiw,ɲ u l i j i w,,WogWb,,,,,ńuli-jiw,ɲuli-jiw,20,,
102-310-2,,102,310,aatjà-juaksa,aatjà-juaksa,,,WbWlap,,,,,,,21,,Lit. 'thunder-bow'
104-310-2,,104,310,átjajuaksa,átjajuaksa,,,EZ,,,,,,,21,,Lit. 'thunder-bow'
107-310-2,,107,310,teârmmazjohss,teârmmazjohss,,,SKosSk,,,,,,,21,,Lit. 'thunder-bow'
108-310-2,,108,310,tīr’mes’-jūkks,tīr’mes’-jūkks,t iː rʲ m e sʲ j uː kː s,,WOLD,,,,,,tiːrʲmesʲ-juːkːs,21,,Lit. 'thunder-bow'
701-310-2,,701,310,ńuli-jiw,ńuli-jiw,ɲ u l i j i w,,WogWb,,,,,ńuli-jiw,ɲuli-jiw,21,,
807-310-2,,807,310,čuɣi-jo̭ɣǝl,čuɣi-jo̭ɣǝl,tʃ u ɣ i j o̻ ɣ ə l,,DEWbOstj,,,,,čuɣi-jo̭ɣəl,tʃuɣi-jo̻ɣəl,21,,
105-310-3,,105,310,"arvẹdávgi, čáhcẹdávgi",arvẹdávgi,,,SSSg,,,,,,,22,,Lit. 'rain-bow'
105-310-4,,105,310,"arvẹdávgi, čáhcẹdávgi",čáhcẹdávgi,,,SSSg,,,,,,,22,,Lit. 'rain-bow'
106-310-2,,106,310,äijihtävgi,äijihtävgi,,,InsSSk,,,,,,,22,,Lit. 'thunder-bow'
203-310-2,,203,310,sateenkaari,sateenkaari,s ɑ t̪ e̞ː n k ɑː r i,,JL,,,,,,sɑt̪e̞ːnkɑːri,23,,
204-310-2,,204,310,ukonkoari,ukonkoari,,,KKSV,,,,,,,23,,
208-310-3,,208,310,"vihmakārre, -kārᴅo",vihmakārre,v i h m ɑ k ɑː rː e,,InkmSk,,,,,"vihmakārre, -kārᴅo",vihmɑkɑːrːe,23,,
208-310-4,,208,310,"vihmakārre, -kārᴅo",-kārᴅo,k ɑː r d̥ o,,InkmSk,,,,,"vihmakārre, -kārᴅo",-kɑːrd̥o,23,,
210-310-2,,210,310,vikerkaar,vikerkaar,v i kː e r k ɑː r,,SVSk,,,,,,vikːerkɑːr,23,,
211-310-2,,211,310,vikaht'kaar' ~ vikakaar',vikaht'kaar' ~ vikakaar',,,VESr,,,,,,,23,,
212-310-2,,212,310,pitʹtʹki-kɔ̄r ~ pikkìs-kɔ̄r,pitʹtʹki-kɔ̄r ~ pikkìs-kɔ̄r,,,LivWb,,,,,,,23,,Lit. 'thunder-bow'
901-310-1,,901,310,ŋuə hontə,ŋuə hontə,ŋ u ə h o n t ə,,SlNgaRus,,,,,ŋuə_hontə,ŋuə hontə,24,,"""Ŋuə"" 'sky'"
101-311-1,,101,311,[Form not found],,,,NSsNdb,,,,,,,?,[Form not found],
102-311-1,,102,311,[Form not found],,,,WbWlap,,,,,,,?,[Form not found],
104-311-1,,104,311,[Form not found],,,,EZ,,,,,,,?,[Form not found],
106-311-1,,106,311,[Form not found],,,,InsSSk,,,,,,,?,[Form not found],
107-311-1,,107,311,[Form not found],,,,SKosSk,,,,,,,?,[Form not found],
108-311-1,,108,311,[Form not found],,,,WOLD,,,,,,,?,[Form not found],
204-311-1,,204,311,[Form not found],,,,KKSV,,,,,,,?,[Form not found],
207-311-1,,207,311,[Form not found],,,,VVS,,,,,,,?,[Form not found],
208-311-1,,208,311,[Form not found],,,,InkmSk,,,,,,,?,[Form not found],
209-311-1,,209,311,[Form not found],,,,VKJMS,,,,,,,?,[Form not found],
212-311-1,,212,311,[Form not found],,,,LivWb,,,,,,,?,[Form not found],
501-311-1,,501,311,[Form not found],,,,SyrjWsch,,,,,,,?,[Form not found],
504-311-1,,504,311,[Form not found],,,,WotjWsch,,,,,,,?,[Form not found],
701-311-1,,701,311,[Form not found],,,,WogWb,,,,,,,?,[Form not found],
807-311-1,,807,311,[Form not found],,,,DEWbOstj,,,,,,,?,[Form not found],
901-311-1,,901,311,[Form not found],,,,SlNgaRus,,,,,,,?,[Form not found],
902-311-1,,902,311,[Form not found],,,,JurSWb,,,,,,,?,[Form not found],
907-311-1,,907,311,[Form not found],,,,SolkWb,,,,,,,?,[Form not found],
203-311-1,,203,311,kilpikonna,kilpikonna,k i l p i k o̞ nː ɑ,,JL,,,,,,kilpiko̞nːɑ,1,,
210-311-1,,210,311,kilpkonn,kilpkonn,k i l p k o nː,,SVSk,,,,,,kilpkonː,1,,
211-311-1,,211,311,kilpkunn,kilpkunn,,,VESr,,,,,,,1,,
105-311-1,,105,311,galbarihcci,galbarihcci,,,SSSg,,,,,,,2,,
301-311-1,,301,311,čeŕepaxa,čeŕepaxa,tʃ e rʲ e p ɑ x ɑ,,MordWb,,,,,čeŕepaχa,tʃerʲepɑxɑ,3,,
601-311-1,,601,311,teknősbéka,teknősbéka,t ɛ k n øː ʒ b eː k ɒ,,FMSz,,,,,,tɛknøːʒbeːkɒ,4,,
401-311-1,,401,311,čerepaxe,čerepaxe,tʃ e r e p ɑ x e,,SMSk;TscherWb,,,,,čerepaχe,tʃerepɑxe,3,,
503-311-1,,503,311,čerepaxa,čerepaxa,tʃ e r e p ɑ x ɑ,,KoPRSl,,,,,čerepaχa,tʃerepɑxɑ,3,,
0-312-1,,0,312,[Not reconstructable],,,,UEW;Sam88,,,,,,,?,[Not reconstructable],
101-312-1,,101,312,mïele,mïele,,,NSsNdb,,,,,,,1,,
102-312-1,,102,312,miälla,miälla,,,WbWlap,,,,,,,1,,
104-312-1,,104,312,miella,miella,,,EZ,,,,,,,1,,
105-312-1,,105,312,miella,miella,,,SSSg,,,,,,,1,,
106-312-1,,106,312,miela,miela,,,InsSSk,,,,,,,1,,
107-312-1,,107,312,miõll,miõll,,,SKosSk,,,,,,,1,,
108-312-1,,108,312,mīll,mīll,m iː lː,,WOLD,,,,,,miːlː,1,,
203-312-1,,203,312,mieli,mieli,m i e̞ l i,,JL,,,,,,mie̞li,1,,
204-312-1,,204,312,mieli,mieli,,,KKSV,,,,,,,1,,
207-312-1,,207,312,melʹ,melʹ,,,VVS,,,,,,,1,,
208-312-1,,208,312,mēli,mēli,m eː l i,,InkmSk,,,,,mēli,meːli,1,,
209-312-1,,209,312,melʹ,melʹ,m e ʎ,,EESR,,,,,melʹ,meʎ,1,,
210-312-1,,210,312,meel,meel,m eː l,,SVSk,,,,,,meːl,1,,
211-312-1,,211,312,miil',miil',,,VESr,,,,,,,1,,
212-312-1,,212,312,mēlʹ,mēlʹ,,,LivWb,,,,,,,1,,
301-312-1,,301,312,melʹ,melʹ,m e ʎ,,MordWb,,,,,melʹ,meʎ,1,,
501-312-1,,501,312,mi̮l-ki̮d,mi̮l-ki̮d,m ɯ l k ɯ d,,SyrjWsch,,,,,mi̮l-ki̮d,mɯl-kɯd,1,,
504-312-1,,504,312,mi̮l-ki̮d,mi̮l-ki̮d,m ɯ l k ɯ d,,WotjWsch,,,,,mi̮l-ki̮d,mɯl-kɯd,1,,
210-312-2,,210,312,vaim,vaim,v ɑ i m,,SVSk,,,,,,vɑim,2,,
401-312-1,,401,312,uš,uš,u ʃ,,SMSk;TscherWb,,,,,uš,uʃ,3,,
601-312-1,,601,312,értelem,értelem,eː r t ɛ l ɛ m,,FMSz,,,,,,eːrtɛlɛm,4,,
901-312-1,,901,312,dʹia,dʹia,dʲ i ɑ,,SlNgaRus,,,,,dʹia,dʲiɑ,5,,"'Brain, mind'"
902-312-1,,902,312,yí,yí,,,JurSWb,,,,,,,5,,
907-312-1,,907,312,teni ~ teńi,teni ~ teńi,t e n i,,SolkWb,,,,,"teni, teńi","teni, teɲi",6,,
701-312-1,,701,312,nomt,nomt,n o m t,,WogWb,,,,,nomt,nomt,7,,
807-312-1,,807,312,nămǝs,nămǝs,n ɑ ̆ m ə s,,DEWbOstj,,,,,năməs,nɑ̆məs,7,,
209-312-2,,209,312,toлkku,toлkku,t o l kː u,,VKJMS,,,,,tolkku,tolkːu,8,,
503-312-1,,503,312,veže̮r,veže̮r,v e ʒ ɤ r,,KoPRSl,,,,,veže̮r,veʒɤr,9,,
901-312-2,,901,312,korsa,korsa,k o r s ɑ,,SlNgaRus,,,,,korsa,korsɑ,10,,"'Thought, mind, soul'"
601-312-2,,601,312,ész,ész,eː s,,FMSz,,,,,,eːs,3,,
901-312-3,,901,312,ŋonda,ŋonda,ŋ o n d ɑ,,SlNgaRus,,,,,ŋonda,ŋondɑ,11,,"'Mind, thought'"
701-312-2,,701,312,sājt,sājt,s ɑː j t,,WogWb,,,,,sājt,sɑːjt,12,,
901-313-1,,901,313,[Form not found],,,,SlNgaRus,,,,,,,?,[Form not found],
902-313-1,,902,313,[Form not found],,,,JurSWb,,,,,,,?,[Form not found],
0-313-1,,0,313,?*konV,?*konV,,Irregular sound correspondences,UEW;Sam88,,,,,,,1,,
101-313-1,,101,313,gaejnele ~ gaejnjele,gaejnele ~ gaejnjele,,,NSsNdb,,,,,,,1,,
102-313-1,,102,313,gàidˈŋjèla,gàidˈŋjèla,,,WbWlap,,,,,,,1,,
104-313-1,,104,313,gárgŋel,gárgŋel,,,EZ,,,,,,,1,,
106-313-1,,106,313,käŋŋir,käŋŋir,,,InsSSk,,,,,,,1,,
108-313-1,,108,313,kajnal,kajnal,k a j n a l,,WOLD,,,,,,kajnal,1,,
203-313-1,,203,313,kainalo,kainalo,k ɑ i n ɑ l o̞,,JL,,,,,,kɑinɑlo̞,1,,
204-313-1,,204,313,kainalo,kainalo,,,KKSV,,,,,,,1,,
207-313-1,,207,313,kaimol,kaimol,,,VVS,,,,,,,1,,
208-313-1,,208,313,kaila,kaila,k ɑ i l ɑ,,InkmSk,,,,,kaila,kɑilɑ,1,,
209-313-1,,209,313,kaine̮nnaлuᴢ,kaine̮nnaлuᴢ,k ɑ i n ɤ nː ɑ l u z̥,,VKJMS,,,,,kaine̮nnaluᴢ,kɑinɤnːɑluz̥,1,,
210-313-1,,210,313,kaenlaalune,kaenlaalune,k ɑ e n l ɑ ʔ ɑ l u n e,"""Kaenal"" 'armpit' seldom used alone",SVSk,,,,,,kɑenlɑʔɑlune,1,,
211-313-1,,211,313,"kangli, kanglialonõ",kangli,,,VESr,,,,,,,1,,
211-313-2,,211,313,"kangli, kanglialonõ",kanglialonõ,,,VESr,,,,,,,1,,
212-313-1,,212,313,kàinal,kàinal,,,LivWb,,,,,,,1,,
401-313-1,,401,313,koŋlajə̑mal,koŋlajə̑mal,k o ŋ l ɑ j ə m ɑ l,,SMSk;TscherWb,,,,,koŋlajə̑mal,koŋlɑjəmɑl,1,,
501-313-1,,501,313,ki̮ńa-uv,ki̮ńa-uv,k ɯ ɲ ɑ u v,,SyrjWsch,,,,,ki̮ńa-uv,kɯɲɑ-uv,1,,
503-313-1,,503,313,konuvt,konuvt,k o n u v t,,KoPRSl,,,,,konuvt,konuvt,1,,
504-313-1,,504,313,kun-ul,kun-ul,k u n u l,,WotjWsch,,,,,kun-ul,kun-ul,1,,
601-313-1,,601,313,hónalj,hónalj,h oː n ɒ j,,FMSz,,,,,,hoːnɒj,1,,
701-313-1,,701,313,"χanl, χanl-patta",χanl,x ɑ n l,,WogWb,,,,,"χanl, χanl-patta",xɑnl,1,,
701-313-2,,701,313,"χanl, χanl-patta",χanl-patta,x ɑ n l p ɑ tː ɑ,,WogWb,,,,,"χanl, χanl-patta",xɑnl-pɑtːɑ,1,,
807-313-1,,807,313,kunǝŋ-pǝtɜ ~ kunǝŋ-pǝtä,kunǝŋ-pǝtɜ ~ kunǝŋ-pǝtä,k u n ə ŋ p ə t ə,,DEWbOstj,,,,,"kunəŋ-pətə, kunəŋ-pətä","kunəŋ-pətə, kunəŋ-pətæ",1,,
907-313-1,,907,313,qāliń,qāliń,q ɑː l i ɲ,,SolkWb,,,,,qāliń,qɑːliɲ,1,,
105-313-1,,105,313,gieđavuolli,gieđavuolli,,,SSSg,,,,,,,2,,Lit. 'hand-under'
107-313-1,,107,313,kõnnjârvuâlaž,kõnnjârvuâlaž,,,SKosSk,,,,,,,3,,Lit. 'elbow-under'
301-313-1,,301,313,kavalalks,kavalalks,k ɑ v ɑ l ɑ l k s,,MordWb,,,,,kavalalks,kɑvɑlɑlks,4,,
701-313-3,,701,313,χanl-patta,χanl-patta,x ɑ n l p ɑ tː ɑ,,WogWb,,,,,χanl-patta,xɑnl-pɑtːɑ,6,,
807-313-2,,807,313,kunǝŋ-pǝtɜ ~ kunǝŋ-pǝtä,kunǝŋ-pǝtɜ ~ kunǝŋ-pǝtä,k u n ə ŋ p ə t ə,,DEWbOstj,,,,,"kunəŋ-pətə, kunəŋ-pətä","kunəŋ-pətə, kunəŋ-pətæ",6,,
203-32-1,,203,32,suuri,suuri,s uː r i,,JL,,,,,,suːri,1,,
204-32-1,,204,32,suuri,suuri,,,KKSV,,,,,,,1,,
207-32-1,,207,32,suŕ,suŕ,,,VVS,,,,,,,1,,
208-32-1,,208,32,sūr,sūr,s uː r,,InkmSk,,,,,sūr,suːr,1,,
209-32-1,,209,32,sūr,sūr,s uː r,,VKJMS,,,,,sūr,suːr,1,,
210-32-1,,210,32,suur,suur,s uː r,,SVSk,,,,,,suːr,1,,
211-32-1,,211,32,suur',suur',,,VESr,,,,,,,1,,
212-32-1,,212,32,sūr ~ sūŕ,sūr ~ sūŕ,,,LivWb,,,,,,,1,,
203-32-2,,203,32,iso,iso,i s o̞,,JL,,,,,,iso̞,2,Deriv. from isä 'father',
204-32-2,,204,32,topie,topie,,,KKSV,,,,,,,3,,
0-32-1,,0,32,*enä,*enä,,,UEW;Sam88,,,,,,,5,,
701-32-1,,701,32,janiɣ,janiɣ,j ɑ n i ɣ,,WogWb,,,,,janiɣ,jɑniɣ,5,,
807-32-1,,807,32,eṇɜ,eṇɜ,e ɳ ə,,DEWbOstj,,,,,eṇə,eɳə,5,,
401-32-1,,401,32,kuɣu,kuɣu,k u ɣ u,,SMSk;TscherWb,,,,,kuɣu,kuɣu,6,"Cogn. with Fin ""koko"" 'all, entire'",
501-32-1,,501,32,i̮ǯi̮d,i̮ǯi̮d,ɯ dʒ ɯ d,,SyrjWsch,,,,,i̮ǯi̮d,ɯdʒɯd,7,,
503-32-1,,503,32,i̮ǯi̮t,i̮ǯi̮t,ɯ dʒ ɯ t,,KoPRSl,,,,,i̮ǯi̮t,ɯdʒɯt,7,,
301-32-1,,301,32,pokš,pokš,p o k ʃ,,MordWb,,,,,pokš,pokʃ,8,,
601-32-1,,601,32,nagy,nagy,n ɒ ɟ,,FMSz,,,,,,nɒɟ,9,,
807-32-2,,807,32,lŏɣat,lŏɣat,l o ̆ ɣ ɑ t,,DEWbOstj,,,,,lŏɣat,lŏɣɑt,10,,
902-32-1,,902,32,ŋarka,ŋarka,,,JurSWb,,,,,,,11,,
907-32-1,,907,32,uə̑rqə,uə̑rqə,u ə r q ə,,SolkWb,,,,,uə̑rqə,uərqə,11,,
504-32-1,,504,32,baʒ́ʒ́i̮m,baʒ́ʒ́i̮m,b ɑ dʑː ɯ m,,WotjWsch,,,,,baʒ́ʒ́i̮m,bɑdʑːɯm,12,,
901-32-1,,901,32,"aniˀə, anikaˀa",aniˀə,ɑ n i ʔ ə,,SlNgaRus,,,,,"aniˀə, anikaˀa",ɑniʔə,13,"Not connected with E Khanty ""eṇə"" ~ Fin ""enä-""?",
901-32-2,,901,32,"aniˀə, anikaˀa",anikaˀa,ɑ n i k ɑ ʔ ɑ,,SlNgaRus,,,,,"aniˀə, anikaˀa",ɑnikɑʔɑ,13,"Not connected with E Khanty ""eṇə"" ~ Fin ""enä-""?",
107-32-1,,107,32,šurr,šurr,,,SKosSk,,,,,,,1,,
108-32-1,,108,32,šūrr,šūrr,ʃ uː rː,,WOLD,,,,,,ʃuːrː,1,,
101-32-1,,101,32,stoere,stoere,,,NSsNdb,,,,,,,1,,
102-32-1,,102,32,"stuarra, stüerès",stuarra,,,WbWlap,,,,,,,1,,
102-32-2,,102,32,"stuarra, stüerès",stüerès,,,WbWlap,,,,,,,1,,
104-32-1,,104,32,stuorra,stuorra,,,EZ,,,,,,,1,,
105-32-1,,105,32,stuoris,stuoris,,,SSSg,,,,,,,1,,
106-32-1,,106,32,stye'res,stye'res,,,InsSSk,,,,,,,1,,
0-33-1,,0,33,*ükti,*ükti,,PFU: *üki,UEW;Sam88,,,,,,,1,,
101-33-1,,101,33,akte,akte,,,NSsNdb,,,,,,,1,,
102-33-1,,102,33,akta,akta,,,WbWlap,,,,,,,1,,
104-33-1,,104,33,ákkta,ákkta,,,EZ,,,,,,,1,,
105-33-1,,105,33,okta,okta,,,SSSg,,,,,,,1,,
106-33-1,,106,33,ohta,ohta,,,InsSSk,,,,,,,1,,
107-33-1,,107,33,õhtt,õhtt,,,SKosSk,,,,,,,1,,
108-33-1,,108,33,ēxxt,ēxxt,eː xː t,,WOLD,,,,,,eːxːt,1,,
203-33-1,,203,33,yksi,yksi,y k s i,,JL,,,,,,yksi,1,,
204-33-1,,204,33,yksi,yksi,,,KKSV,,,,,,,1,,
207-33-1,,207,33,ükś,ükś,,,VVS,,,,,,,1,,
208-33-1,,208,33,üks,üks,y k s,,InkmSk,,,,,üks,yks,1,,
209-33-1,,209,33,ühs,ühs,y h s,,VKJMS,,,,,ühs,yhs,1,,
210-33-1,,210,33,üks,üks,y kː s,,SVSk,,,,,,ykːs,1,,
211-33-1,,211,33,üts',üts',,,VESr,,,,,,,1,,
212-33-1,,212,33,ikš ~ ükš,ikš ~ ükš,,,LivWb,,,,,,,1,,
301-33-1,,301,33,"vejke, ve",vejke,v e j k e,Latter attr.,MordWb,,,,,"vejke, ve",vejke,1,,
301-33-2,,301,33,"vejke, ve",ve,v e,Latter attr.,MordWb,,,,,"vejke, ve",ve,1,,
401-33-1,,401,33,"ikte, ik",ikte,i k t e,Latter attr.,SMSk;TscherWb,,,,,"ikte, ik",ikte,1,,
401-33-2,,401,33,"ikte, ik",ik,i k,Latter attr.,SMSk;TscherWb,,,,,"ikte, ik",ik,1,,
501-33-1,,501,33,e̮tʹi(k),e̮tʹi,ɤ tʲ i,,SyrjWsch,,,,,"e̮tʹi, e̮tʹik",ɤtʲi,1,,
503-33-1,,503,33,e̮tʹik,e̮tʹik,ɤ tʲ i k,,KoPRSl,,,,,e̮tʹik,ɤtʲik,1,,
504-33-1,,504,33,"odig, og",odig,o d i ɡ,,WotjWsch,,,,,"odig, og",odiɡ,1,,
504-33-2,,504,33,"odig, og",og,o ɡ,,WotjWsch,,,,,"odig, og",oɡ,1,,
701-33-1,,701,33,"akwa, akw",akwa,ɑ kʷ ɑ,Latter attr.,WogWb,,,,,"ak˳a, ak˳",ɑkʷɑ,1,,
701-33-2,,701,33,"akwa, akw",akw,ɑ kʷ ɑ,Latter attr.,WogWb,,,,,"ak˳a, ak˳",ɑkʷɑ,1,,
807-33-1,,807,33,"əjəl, əj",əjəl,ə j ə l,Latter attr.,DEWbOstj,,,,,"əjəl, əj",əjəl,1,,
807-33-2,,807,33,"əjəl, əj",əj,ə j,Latter attr.,DEWbOstj,,,,,"əjəl, əj",əj,1,,
601-33-1,,601,33,egy,egy,ɛ ɟː,,FMSz,,,,,,ɛɟː,2,,
901-33-1,,901,33,ŋuˀəiˀ,ŋuˀəiˀ,ŋ u ʔ ə i ʔ,,SlNgaRus,,,,,ŋuˀəiˀ,ŋuʔəiʔ,3,,
902-33-1,,902,33,ŋob,ŋob,,,JurSWb,,,,,,,3,,
907-33-1,,907,33,okkər,okkər,o kː ə r,Cognacy uncertain,SolkWb,,,,,okkər,okːər,3,,
0-34-1,,0,34,[Not reconstructable],,,PFU: *sV-,UEW;Sam88,,,,,,,?,[Not reconstructable],
101-34-1,,101,34,satne,satne,,,NSsNdb,,,,,,,1,,
102-34-1,,102,34,sådˈna,sådˈna,,,WbWlap,,,,,,,1,,
104-34-1,,104,34,sån,sån,,,EZ,,,,,,,1,,
105-34-1,,105,34,son,son,,,SSSg,,,,,,,1,,
106-34-1,,106,34,"sun, tot",sun,,,InsSSk,,,,,,,1,,
106-34-2,,106,34,"sun, tot",tot,,,InsSSk,,,,,,,1,,
107-34-1,,107,34,son,son,,,SKosSk,,,,,,,1,,
108-34-1,,108,34,sōnn,sōnn,s oː nː,,WOLD,,,,,,soːnː,1,,
203-34-1,,203,34,hän,hän,h æ n,,JL,,,,,,hæn,1,,
204-34-1,,204,34,heän,heän,,,KKSV,,,,,,,1,,
207-34-1,,207,34,hʹän,hʹän,,,VVS,,,,,,,1,,
208-34-1,,208,34,hǟ,hǟ,h æː,,InkmSk,,,,,hǟ,hæː,1,,
301-34-1,,301,34,son,son,s o n,,MordWb,,,,,son,son,1,,
501-34-1,,501,34,"si̮, sije̮",si̮,s ɯ,"Former only with postpositions etc., latter also as independent form",SyrjWsch,,,,,"si̮, sije̮",sɯ,1,,
501-34-2,,501,34,"si̮, sije̮",sije̮,s i j ɤ,"Former only with postpositions etc., latter also as independent form",SyrjWsch,,,,,"si̮, sije̮",sijɤ,1,,
503-34-1,,503,34,sija,sija,s i j ɑ,,KoPRSl,,,,,sija,sijɑ,1,,
504-34-1,,504,34,so,so,s o,,WotjWsch,,,,,so,so,1,,
601-34-1,,601,34,ő,ő,øː,,FMSz,,,,,,øː,1,,
701-34-1,,701,34,taw,taw,t ɑ w,,WogWb,,,,,taw,tɑw,1,,
807-34-1,,807,34,lö̆ɣ ~ jö̆ɣ,lö̆ɣ ~ jö̆ɣ,l ø ̆ ɣ,,DEWbOstj,,,,,"lö̆ɣ, jö̆ɣ","lø̆ɣ, jø̆ɣ",1,,
209-34-1,,209,34,tämä,tämä,t æ m æ,,VKJMS,,,,,tämä,tæmæ,2,,
210-34-1,,210,34,"tema, ta",tema,t e m ɑ t ɑ,,SVSk,,,,,,"temɑ, tɑ",2,,
210-34-2,,210,34,"tema, ta",ta,t e m ɑ t ɑ,,SVSk,,,,,,"temɑ, tɑ",2,,
211-34-1,,211,34,timä,timä,,,VESr,,,,,,,2,,
212-34-1,,212,34,"tämà, ta ~ tä",tämà,,,LivWb,,,,,,,2,,
212-34-2,,212,34,"tämà, ta ~ tä",ta ~ tä,,,LivWb,,,,,,,2,,
401-34-1,,401,34,tuδo,tuδo,t u ð o,,SMSk;TscherWb,,,,,tuδo,tuðo,3,,
902-34-1,,902,34,pida,pida,,,JurSWb,,,,,,,4,,
907-34-1,,907,34,tep ~ te̮p,tep ~ te̮p,t e p,,SolkWb,,,,,"tep, te̮p","tep, tɤp",5,,
101-34-2,,101,34,dïhte,dïhte,,,NSsNdb,,,,,,,6,,
105-34-2,,105,34,dat,dat,,,SSSg,,,,,,,6,,
208-34-2,,208,34,se,se,s e,,InkmSk,,,,,se,se,6,,
901-34-1,,901,34,si̮ti̮,si̮ti̮,s ɯ t ɯ,,SlNgaRus,,,,,si̮ti̮,sɯtɯ,7,,
0-35-1,,0,35,*ku,*ku,,,UEW;Sam88,,,,,,,1,,"'Who, (what ?)'"
203-35-1,,203,35,kuka,kuka,k u k ɑ,,JL,,,,,,kukɑ,1,,
204-35-1,,204,35,"ku, kuka",ku,,,KKSV,,,,,,,1,,
204-35-2,,204,35,"ku, kuka",kuka,,,KKSV,,,,,,,1,,
208-35-1,,208,35,kuɢa,kuɢa,k u ɡ̥ ɑ,,InkmSk,,,,,kuɢa,kuɡ̥ɑ,1,,
401-35-1,,401,35,kuδo,kuδo,k u ð o,,SMSk;TscherWb,,,,,kuδo,kuðo,1,,
501-35-1,,501,35,kod,kod,k o d,,SyrjWsch,,,,,kod,kod,1,,
701-35-1,,701,35,χōŋχa,χōŋχa,x oː ŋ x ɑ,,WogWb,,,,,χōŋχa,xoːŋxɑ,1,,
807-35-1,,807,35,koji̮,koji̮,k o j ɯ,,DEWbOstj,,,,,koji̮,kojɯ,1,,
907-35-1,,907,35,"kuti, kutika",kuti,k u t i,,SolkWb,,,,,"kuti, kutika",kuti,1,,
907-35-2,,907,35,"kuti, kutika",kutika,k u t i k ɑ,,SolkWb,,,,,"kuti, kutika",kutikɑ,1,,
0-35-2,,0,35,*ke,*ke,,,UEW;Sam88,,,,,,,2,,
101-35-1,,101,35,gie,gie,,,NSsNdb,,,,,,,2,,
102-35-1,,102,35,gìe,gìe,,,WbWlap,,,,,,,2,,
104-35-1,,104,35,ge,ge,,,EZ,,,,,,,2,,
105-35-1,,105,35,gii,gii,,,SSSg,,,,,,,2,,
106-35-1,,106,35,kii,kii,,,InsSSk,,,,,,,2,,
107-35-1,,107,35,ǩii,ǩii,,,SKosSk,,,,,,,2,,
108-35-1,,108,35,kē,kē,k eː,,WOLD,,,,,,keː,2,,
108-35-2,,108,35,kegk,kegk,k e gː,,WOLD,,,,,,kegː,2,,
203-35-2,,203,35,ken-,ken-,k e̞ n,Infl. stem,JL,,,,,,ke̞n,2,,
204-35-3,,204,35,ken,ken,,,KKSV,,,,,,,2,,
207-35-1,,207,35,ken,ken,,,VVS,,,,,,,2,,
208-35-2,,208,35,ken,ken,k e n,,InkmSk,,,,,ken,ken,2,,
209-35-1,,209,35,tšen,tšen,tʃ e n,,VKJMS,,,,,čen,tʃen,2,,
210-35-1,,210,35,kes,kes,k e s,,SVSk,,,,,,kes,2,,
211-35-1,,211,35,kiä,kiä,,,VESr,,,,,,,2,,
212-35-1,,212,35,kis,kis,,,LivWb,,,,,,,2,,
301-35-1,,301,35,kije ~ ki,kije ~ ki,k i j e,,MordWb,,,,,"kije, ki","kije, ki",2,,
401-35-2,,401,35,kö,kö,k ø,,SMSk;TscherWb,,,,,kö,kø,2,,
501-35-2,,501,35,kin,kin,k i n,,SyrjWsch,,,,,kin,kin,2,,
503-35-1,,503,35,kin,kin,k i n,,KoPRSl,,,,,kin,kin,2,,
504-35-1,,504,35,kin,kin,k i n,,WotjWsch,,,,,kin,kin,2,,
601-35-1,,601,35,ki,ki,k i,,FMSz,,,,,,ki,2,,
901-35-1,,901,35,si̮li̮,si̮li̮,s ɯ l ɯ,,SlNgaRus,,,,,si̮li̮,sɯlɯ,2,,
902-35-1,,902,35,xíbya,xíbya,,,JurSWb,,,,,,,2,Connection with other languages' forms uncertain,
203-36-1,,203,36,lyödä,lyödä,l y ø̞ d æ,,JL,,,,,,lyø̞dæ,1,,
204-36-1,,204,36,lyyvä,lyyvä,,,KKSV,,,,,,,1,,
207-36-1,,207,36,lʹödä,lʹödä,,,VVS,,,,,,,1,,
208-36-1,,208,36,lȫvvä,lȫvvä,l øː vː æ,,InkmSk,,,,,lȫvvä,løːvːæ,1,,
209-36-1,,209,36,lǖmä,lǖmä,l yː m æ,,VKJMS,,,,,lǖmä,lyːmæ,1,,
210-36-1,,210,36,lüüa,lüüa,l yː ɑ,,SVSk,,,,,,lyːɑ,1,,
211-36-1,,211,36,lüümä,lüümä,,,VESr,,,,,,,1,,
209-36-2,,209,36,ähkämä,ähkämä,æ h k æ m æ,,VKJMS,,,,,ähkämä,æhkæmæ,27,,
208-36-2,,208,36,lohmaᴅa,lohmaᴅa,l o h m ɑ d̥ ɑ,,InkmSk,,,,,lohmaᴅa,lohmɑd̥ɑ,28,,
901-36-1,,901,36,"hośüdʹi, hośitəsi̮",hośüdʹi,h o ɕ y dʲ i,,SlNgaRus,,,,,"hośüdʹi, hośitəsi̮",hoɕydʲi,29,,
901-36-2,,901,36,"hośüdʹi, hośitəsi̮",hośitəsi̮,h o ɕ i t ə s ɯ,,SlNgaRus,,,,,"hośüdʹi, hośitəsi̮",hoɕitəsɯ,29,,
204-36-2,,204,36,iskie,iskie,,,KKSV,,,,,,,2,,
208-36-3,,208,36,iskiä,iskiä,i s k i æ,,InkmSk,,,,,iskiä,iskiæ,2,,
212-36-1,,212,36,raʾbbə,raʾbbə,,,LivWb,,,,,,,3,,
101-36-1,,101,36,tsaepmedh,tsaepmedh,,,NSsNdb,,,,,,,4,,
102-36-1,,102,36,tsàbmeet,tsàbmeet,,,WbWlap,,,,,,,4,,
104-36-1,,104,36,tsábbmet,tsábbmet,,,EZ,,,,,,,4,,
105-36-1,,105,36,cábmit,cábmit,,,SSSg,,,,,,,4,,
105-36-2,,105,36,časkit,časkit,,,SSSg,,,,,,,5,,
106-36-1,,106,36,časkeđ,časkeđ,,,InsSSk,,,,,,,5,,
107-36-1,,107,36,čâʹcǩǩed,čâʹcǩǩed,,,SKosSk,,,,,,,5,,
102-36-2,,102,36,lå̀skat,lå̀skat,,,WbWlap,,,,,,,6,,
107-36-2,,107,36,västtled,västtled,,,SKosSk,,,,,,,7,,
108-36-1,,108,36,vasste,vasste,v a sː t e,,WOLD,,,,,,vasːte,7,,
301-36-1,,301,36,vačkodʹems,vačkodʹems,v ɑ tʃ k o dʲ e m s,,MordWb,,,,,vačkodʹems,vɑtʃkodʲems,8,"From PFV *wačka- 'slap, beat'",
301-36-2,,301,36,ŕištams,ŕištams,rʲ i ʃ t ɑ m s,,MordWb,,,,,ŕištams,rʲiʃtɑms,9,,
401-36-1,,401,36,soβem,soβem,s o β e m,,SMSk;TscherWb,,,,,soβem,soβem,10,,
501-36-1,,501,36,vaćki̮ni̮,vaćki̮ni̮,v ɑ tɕ k ɯ n ɯ,,SyrjWsch,,,,,vaćki̮ni̮,vɑtɕkɯnɯ,11,,
503-36-1,,503,36,vaćki̮ni̮,vaćki̮ni̮,v ɑ tɕ k ɯ n ɯ,,KoPRSl,,,,,vaćki̮ni̮,vɑtɕkɯnɯ,11,,
501-36-2,,501,36,kućki̮ni̮,kućki̮ni̮,k u tɕ k ɯ n ɯ,,SyrjWsch,,,,,kućki̮ni̮,kutɕkɯnɯ,12,,
504-36-1,,504,36,žugi̮ni̮,žugi̮ni̮,ʒ u ɡ ɯ n ɯ,,WotjWsch,,,,,žugi̮ni̮,ʒuɡɯnɯ,13,,
504-36-2,,504,36,šukki̮ni̮,šukki̮ni̮,ʃ u kː ɯ n ɯ,,WotjWsch,,,,,šukki̮ni̮,ʃukːɯnɯ,14,,
601-36-1,,601,36,ver,ver,,,FMSz,,,,,,,15,,
601-36-2,,601,36,üt,üt,,,FMSz,,,,,,,16,,
701-36-1,,701,36,jūniɣti,jūniɣti,j uː n i ɣ t i,,WogWb,,,,,jūniɣti,juːniɣti,17,,
701-36-2,,701,36,rāti,rāti,r ɑː t i,,WogWb,,,,,rāti,rɑːti,18,,
807-36-1,,807,36,söŋət-,söŋət-,s ø ŋ ə t,,DEWbOstj,,,,,söŋət-,søŋət-,19,,
807-36-2,,807,36,jɔɣi̮-,jɔɣi̮-,j ɔ ɣ ɯ,,DEWbOstj,,,,,jɔɣi̮-,jɔɣɯ-,20,,
902-36-1,,902,36,ladə°,ladə°,,,JurSWb,,,,,,,21,,
401-36-2,,401,36,perem,perem,p e r e m,,SMSk;TscherWb,,,,,perem,perem,22,,
0-36-1,,0,36,*peksä-,*peksä-,,,UEW;Sam88,,,,,,,23,,
907-36-1,,907,36,qǟttə-,qǟttə-,q æː tː ə,,SolkWb,,,,,qǟttə-,qæːtːə-,24,,
106-36-2,,106,36,šlooviđ,šlooviđ,,,InsSSk,,,,,,,25,,
209-36-3,,209,36,iskemä,iskemä,i s k e m æ,,VKJMS,,,,,iskemä,iskemæ,26,,
0-37-1,,0,37,*jalka,*jalka,,PFU: *ji̮lka,UEW;Sam88,,,,,,,1,,
101-37-1,,101,37,juelkie,juelkie,,,NSsNdb,,,,,,,1,,
102-37-1,,102,37,jüelˈgee,jüelˈgee,,,WbWlap,,,,,,,1,,
104-37-1,,104,37,juällge,juällge,,,EZ,,,,,,,1,,
105-37-1,,105,37,juolgi,juolgi,,,SSSg,,,,,,,1,,
106-37-1,,106,37,jyel'gi,jyel'gi,,,InsSSk,,,,,,,1,,
107-37-1,,107,37,jueʹlǧǧ,jueʹlǧǧ,,,SKosSk,,,,,,,1,,
108-37-1,,108,37,jūll’k,jūll’k,j uː lːʲ k,,WOLD,,,,,,juːlːʲk,1,,
203-37-1,,203,37,jalka,jalka,j ɑ l k ɑ,,JL,,,,,,jɑlkɑ,1,,
204-37-1,,204,37,jalka,jalka,,,KKSV,,,,,,,1,,
207-37-1,,207,37,jaug,jaug,,,VVS,,,,,,,1,,
208-37-1,,208,37,jalɢa,jalɢa,j ɑ l ɡ̥ ɑ,,InkmSk,,,,,jalɢa,jɑlɡ̥ɑ,1,,
209-37-1,,209,37,jaлk,jaлk,j ɑ l k,,VKJMS,,,,,jalk,jɑlk,1,,
210-37-1,,210,37,jalg,jalg,j ɑ l k,,SVSk,,,,,,jɑlk ,1,,
211-37-1,,211,37,jalg,jalg,,,VESr,,,,,,,1,,
212-37-1,,212,37,jālga,jālga,,,LivWb,,,,,,,1,,
401-37-1,,401,37,jol,jol,j o l,,SMSk;TscherWb,,,,,jol,jol,1,,
301-37-1,,301,37,pilʹge,pilʹge,p i ʎ ɡ e,,MordWb,,,,,pilʹge,piʎɡe,2,,
501-37-1,,501,37,kok,kok,k o k,,SyrjWsch,,,,,kok,kok,3,,
503-37-1,,503,37,kok (pi̮de̮s),kok,k o k,,KoPRSl,,,,,"kok, kok_pi̮de̮s",kok,3,,
504-37-1,,504,37,kuk,kuk,k u k,,WotjWsch,,,,,kuk,kuk,3,,
504-37-2,,504,37,pi̮d,pi̮d,p ɯ d,,WotjWsch,,,,,pi̮d,pɯd,4,,
601-37-1,,601,37,láb,láb,,,FMSz,,,,,,,5,"Old Hungarian jalog, cf. Fin jalka",
701-37-1,,701,37,lāɣəl,lāɣəl,l ɑː ɣ ə l,,WogWb,,,,,lāɣəl,lɑːɣəl,6,,
807-37-1,,807,37,kö̆r,kö̆r,k ø ̆ r,,DEWbOstj,,,,,kö̆r,kø̆r,7,,
901-37-1,,901,37,ŋoj,ŋoj,ŋ o j,,SlNgaRus,,,,,ŋoj,ŋoj,8,,
902-37-1,,902,37,ŋæ,ŋæ,,,JurSWb,,,,,,,8,,
907-37-1,,907,37,topə,topə,t o p ə,,SolkWb,,,,,topə,topə,9,,
0-38-1,,0,38,*jalka,*jalka,,"PFU: *ji̮lka 'foot, leg'",UEW;Sam88,,,,,,,1,,
101-38-1,,101,38,juelkie,juelkie,,,NSsNdb,,,,,,,1,,
102-38-1,,102,38,jüelˈgee,jüelˈgee,,,WbWlap,,,,,,,1,,
104-38-1,,104,38,juällge,juällge,,,EZ,,,,,,,1,,
105-38-1,,105,38,juolgi,juolgi,,,SSSg,,,,,,,1,,
106-38-1,,106,38,jyel'gi,jyel'gi,,,InsSSk,,,,,,,1,,
107-38-1,,107,38,jueʹlǧǧ,jueʹlǧǧ,,,SKosSk,,,,,,,1,,
108-38-1,,108,38,jūll’k,jūll’k,j uː lːʲ k,,WOLD,,,,,,juːlːʲk,1,,
203-38-1,,203,38,jalka,jalka,j ɑ l k ɑ,,JL,,,,,,jɑlkɑ,1,,
204-38-1,,204,38,jalka,jalka,,,KKSV,,,,,,,1,,
207-38-1,,207,38,jaug,jaug,,,VVS,,,,,,,1,,
208-38-1,,208,38,jalɢa,jalɢa,j ɑ l ɡ̥ ɑ,,InkmSk,,,,,jalɢa,jɑlɡ̥ɑ,1,,
209-38-1,,209,38,jalk,jalk,j ɑ l k,,VKJMS,,,,,jalk,jɑlk,1,,
210-38-1,,210,38,jalg,jalg,j ɑ l k,,SVSk,,,,,,jɑlk ,1,,
211-38-1,,211,38,jalg,jalg,,,VESr,,,,,,,1,,
212-38-1,,212,38,jālga,jālga,,,LivWb,,,,,,,1,,
401-38-1,,401,38,jol,jol,j o l,,SMSk;TscherWb,,,,,jol,jol,1,,
301-38-1,,301,38,pilʹge,pilʹge,p i ʎ ɡ e,,MordWb,,,,,pilʹge,piʎɡe,2,,
501-38-1,,501,38,kok,kok,k o k,,SyrjWsch,,,,,kok,kok,3,,
503-38-1,,503,38,kok,kok,k o k,,KoPRSl,,,,,kok,kok,3,,
504-38-1,,504,38,kuk,kuk,k u k,,WotjWsch,,,,,kuk,kuk,3,,
601-38-1,,601,38,"láb, lábszár",láb,,,FMSz,,,,,,,4,"Old Hungarian jalog, cf. Fin jalka","Latter 'leg, shin'"
601-38-2,,601,38,"láb, lábszár",lábszár,,,FMSz,,,,,,,4,"Old Hungarian jalog, cf. Fin jalka","Latter 'leg, shin'"
701-38-1,,701,38,lāɣəl,lāɣəl,l ɑː ɣ ə l,,WogWb,,,,,lāɣəl,lɑːɣəl,5,,
807-38-1,,807,38,kö̆r,kö̆r,k ø ̆ r,,DEWbOstj,,,,,kö̆r,kø̆r,6,,
901-38-1,,901,38,ŋoj,ŋoj,ŋ o j,,SlNgaRus,,,,,ŋoj,ŋoj,7,,
902-38-1,,902,38,ŋæ,ŋæ,,,JurSWb,,,,,,,7,,
907-38-1,,907,38,topə,topə,t o p ə,,SolkWb,,,,,topə,topə,8,,
504-38-2,,504,38,pi̮d,pi̮d,p ɯ d,,WotjWsch,,,,,pi̮d,pɯd,9,,
209-38-2,,209,38,koip,koip,k o i p,,VKJMS,,,,,koip,koip,10,,
0-39-1,,0,39,*kala,*kala,,,UEW;Sam88,,,,,,,1,,
101-39-1,,101,39,guelie,guelie,,,NSsNdb,,,,,,,1,,
102-39-1,,102,39,güellee,güellee,,,WbWlap,,,,,,,1,,
104-39-1,,104,39,guolle,guolle,,,EZ,,,,,,,1,,
105-39-1,,105,39,guolli,guolli,,,SSSg,,,,,,,1,,
106-39-1,,106,39,kyeli,kyeli,,,InsSSk,,,,,,,1,,
107-39-1,,107,39,kueʹll,kueʹll,,,SKosSk,,,,,,,1,,
108-39-1,,108,39,kūll’,kūll’,k uː lːʲ,,WOLD,,,,,,kuːlːʲ,1,,
203-39-1,,203,39,kala,kala,k ɑ l ɑ,,JL,,,,,,kɑlɑ,1,,
204-39-1,,204,39,kala,kala,,,KKSV,,,,,,,1,,
207-39-1,,207,39,kala,kala,,,VVS,,,,,,,1,,
208-39-1,,208,39,kala,kala,k ɑ l ɑ,,InkmSk,,,,,kala,kɑlɑ,1,,
209-39-1,,209,39,kaлa,kaлa,k ɑ l ɑ,,VKJMS,,,,,kala,kɑlɑ,1,,
210-39-1,,210,39,kala,kala,k ɑ l ɑ,,SVSk,,,,,,kɑlɑ ,1,,
211-39-1,,211,39,kala,kala,,,VESr,,,,,,,1,,
212-39-1,,212,39,kalà,kalà,,,LivWb,,,,,,,1,,
301-39-1,,301,39,kal,kal,k ɑ l,,MordWb,,,,,kal,kɑl,1,,
401-39-1,,401,39,kol,kol,k o l,,SMSk;TscherWb,,,,,kol,kol,1,,
601-39-1,,601,39,hal,hal,,,FMSz,,,,,,,1,,
701-39-1,,701,39,χūl,χūl,x uː l,,WogWb,,,,,χūl,xuːl,1,,
807-39-1,,807,39,kul,kul,k u l,,DEWbOstj,,,,,kul,kul,1,,
901-39-1,,901,39,koli̮,koli̮,k o l ɯ,,SlNgaRus,,,,,koli̮,kolɯ,1,,
902-39-1,,902,39,xalya,xalya,,,JurSWb,,,,,,,1,,
907-39-1,,907,39,quə̑lə,quə̑lə,q u ə l ə,,SolkWb,,,,,quə̑lə,quələ,1,,
501-39-1,,501,39,ćeri,ćeri,tɕ e r i,,SyrjWsch,,,,,ćeri,tɕeri,2,,
503-39-1,,503,39,ćeri,ćeri,tɕ e r i,,KoPRSl,,,,,ćeri,tɕeri,2,,
504-39-1,,504,39,ćori̮g,ćori̮g,tɕ o r ɯ ɡ,,WotjWsch,,,,,ćori̮g,tɕorɯɡ,2,,
0-4-1,,0,4,*weti,*weti,,,UEW;Sam88,,,,,,,1,,
203-4-1,,203,4,vesi,vesi,ʋ e̞ s i,,JL,,,,,,ʋe̞si,1,,
204-4-1,,204,4,vesi,vesi,,,KKSV,,,,,,,1,,
207-4-1,,207,4,vezi,vezi,,,VVS,,,,,,,1,,
208-4-1,,208,4,vezi,vezi,v e z i,,InkmSk,,,,,vezi,vezi,1,,
209-4-1,,209,4,vesi,vesi,v e s i,,VKJMS,,,,,vesi,vesi,1,,
210-4-1,,210,4,vesi,vesi,v e s i,,SVSk,,,,,,vesi,1,,
211-4-1,,211,4,vesi,vesi,,,VESr,,,,,,,1,,
212-4-1,,212,4,veiʾž ~ veʾžʹ,veiʾž ~ veʾžʹ,,,LivWb,,,,,,,1,,
301-4-1,,301,4,vedʹ,vedʹ,v e dʲ,,MordWb,,,,,vedʹ,vedʲ,1,,
401-4-1,,401,4,βüt,βüt,β y t,,SMSk;TscherWb,,,,,βüt,βyt,1,,
501-4-1,,501,4,va,va,v ɑ,,SyrjWsch,,,,,va,vɑ,1,,
503-4-1,,503,4,va,va,v ɑ,,KoPRSl,,,,,va,vɑ,1,,
504-4-1,,504,4,vu,vu,v u,,WotjWsch,,,,,vu,vu,1,,
601-4-1,,601,4,víz,víz,v iː z,,FMSz,,,,,,viːz,1,,
701-4-1,,701,4,wit,wit,w i t,,WogWb,,,,,wit,wit,1,,
901-4-1,,901,4,bi̮ˀ,bi̮ˀ,b ɯ ʔ,,SlNgaRus,,,,,bi̮ˀ,bɯʔ,1,,
902-4-1,,902,4,yiq,yiq,,,JurSWb,,,,,,,1,,
907-4-1,,907,4,üt,üt,y t,,SolkWb,,,,,üt,yt,1,,
101-4-1,,101,4,tjaetsie,tjaetsie,,,NSsNdb,,,,,,,2,,
102-4-1,,102,4,tjaahtsee,tjaahtsee,,,WbWlap,,,,,,,2,,
104-4-1,,104,4,tjáhtse,tjáhtse,,,EZ,,,,,,,2,,
105-4-1,,105,4,čáhci,čáhci,,,SSSg,,,,,,,2,,
106-4-1,,106,4,čääci,čääci,,,InsSSk,,,,,,,2,,
107-4-1,,107,4,čääʹcc,čääʹcc,,,SKosSk,,,,,,,2,,
108-4-1,,108,4,čāʒ’,čāʒ’,t ʃ aː d zʲ,,WOLD,,,,,,tʃaːdzʲ,2,,
807-4-1,,807,4,jəŋk,jəŋk,j ə ŋ k,,DEWbOstj,,,,,jəŋk,jəŋk,3,From PFU *jäŋi 'ice',
0-40-1,,0,40,*śarwi̮,*śarwi̮,,"UEW: PU *aŋtV; however, in Ug and Sd only",UEW;Sam88,,,,,,,1,,
101-40-1,,101,40,tjåervie,tjåervie,,,NSsNdb,,,,,,,1,,
102-40-1,,102,40,tjåårvee,tjåårvee,,,WbWlap,,,,,,,1,,Only of reindeer horns?
104-40-1,,104,40,tjårrve,tjårrve,,,EZ,,,,,,,1,,Only of reindeer?
105-40-1,,105,40,čoarvi,čoarvi,,,SSSg,,,,,,,1,,
106-40-1,,106,40,čoar'vi,čoar'vi,,,InsSSk,,,,,,,1,,
107-40-1,,107,40,čuäʹrvv,čuäʹrvv,,,SKosSk,,,,,,,1,,
108-40-1,,108,40,čuerr’v,čuerr’v,t ʃ u e rːʲ v,,WOLD,,,,,,tʃuerːʲv,1,,
203-40-1,,203,40,sarvi,sarvi,s ɑ r ʋ i,,JL,,,,,,sɑrʋi,1,,
204-40-1,,204,40,sarvi,sarvi,,,KKSV,,,,,,,1,,
207-40-1,,207,40,saŕv,saŕv,,,VVS,,,,,,,1,,
208-40-1,,208,40,sarvi,sarvi,s ɑ r v i,,InkmSk,,,,,sarvi,sɑrvi,1,,
209-40-1,,209,40,sarvi,sarvi,s ɑ r v i,,VKJMS,,,,,sarvi,sɑrvi,1,,
210-40-1,,210,40,sarv,sarv,s ɑ r v,,SVSk,,,,,,sɑrv,1,,
211-40-1,,211,40,sarv',sarv',,,VESr,,,,,,,1,,
212-40-1,,212,40,sɔ̄ra,sɔ̄ra,,,LivWb,,,,,,,1,,
301-40-1,,301,40,śuro,śuro,ɕ u r o,,MordWb,,,,,śuro,ɕuro,1,,
401-40-1,,401,40,šur,šur,ʃ u r,,SMSk;TscherWb,,,,,šur,ʃur,1,,
501-40-1,,501,40,śur,śur,ɕ u r,,SyrjWsch,,,,,śur,ɕur,1,,
503-40-1,,503,40,śur,śur,ɕ u r,,KoPRSl,,,,,śur,ɕur,1,,
504-40-1,,504,40,śur,śur,ɕ u r,,WotjWsch,,,,,śur,ɕur,1,,
601-40-1,,601,40,szarv,szarv,,,FMSz,,,,,,,1,,
701-40-1,,701,40,āńt,āńt,ɑː ɲ t,,WogWb,,,,,āńt,ɑːɲt,3,,
807-40-1,,807,40,ăŋət,ăŋət,ɑ ̆ ŋ ə t,,DEWbOstj,,,,,ăŋət,ɑ̆ŋət,3,,
901-40-1,,901,40,ŋamtə,ŋamtə,ŋ ɑ m t ə,,SlNgaRus,,,,,ŋamtə,ŋɑmtə,3,,
902-40-1,,902,40,nyamt°,nyamt°,,,JurSWb,,,,,,,3,,
907-40-1,,907,40,āmtə,āmtə,ɑː m t ə,,SolkWb,,,,,āmtə,ɑːmtə,3,,
401-40-2,,401,40,tükö,tükö,t y k ø,,SMSk;TscherWb,,,,,tükö,tykø,4,"Deriv. from ""tükem"" 'shove, push'; possibly loan from Chuv, or Chuvash word from this",
0-41-1,,0,41,*tä,*tä,,,UEW;Sam88,,,,,,,1,,
101-41-1,,101,41,"daam, daan",daam,,,NSsNdb,,,,,,,1,,
101-41-2,,101,41,"daam, daan",daan,,,NSsNdb,,,,,,,1,,
102-41-1,,102,41,daahta,daahta,,,WbWlap,,,,,,,1,,
104-41-1,,104,41,dát,dát,,,EZ,,,,,,,1,,
105-41-1,,105,41,dát,dát,,,SSSg,,,,,,,1,,
106-41-1,,106,41,taat,taat,,,InsSSk,,,,,,,1,,
107-41-1,,107,41,tät,tät,,,SKosSk,,,,,,,1,,
108-41-1,,108,41,tadt,tadt,t a dː,,WOLD,,,,,,tadː,1,,
203-41-1,,203,41,tämä,tämä,t̪ æ m æ,,JL,,,,,,t̪æmæ,1,,
204-41-1,,204,41,tämä,tämä,,,KKSV,,,,,,,1,,
208-41-1,,208,41,tämä,tämä,t æ m æ,,InkmSk,,,,,tämä,tæmæ,1,,
212-41-1,,212,41,täʾm,täʾm,,,LivWb,,,,,,,1,,
301-41-1,,301,41,tʹe,tʹe,tʲ e,,MordWb,,,,,tʹe,tʲe,1,,
401-41-1,,401,41,"tə̑, tiδe",tə̑,t ə,Former attr.; latter deriv.,SMSk;TscherWb,,,,,"tə̑, tiδe",tə,1,,
401-41-2,,401,41,"tə̑, tiδe",tiδe,t i ð e,Former attr.; latter deriv.,SMSk;TscherWb,,,,,"tə̑, tiδe",tiðe,1,,
501-41-1,,501,41,"ta, taje̮",ta,t ɑ,Latter deriv.,SyrjWsch,,,,,"ta, taje̮",tɑ,1,,
501-41-2,,501,41,"ta, taje̮",taje̮,t ɑ j ɤ,Latter deriv.,SyrjWsch,,,,,"ta, taje̮",tɑjɤ,1,,
504-41-1,,504,41,ta,ta,t ɑ,,WotjWsch,,,,,ta,tɑ,1,,
701-41-1,,701,41,ti,ti,t i,,WogWb,,,,,ti,ti,1,,
807-41-1,,807,41,"tim, timi ~ temi",tim,t i m,Former as attribute; latter freestanding,DEWbOstj,,,,,"tim, timi, temi",tim,1,,
807-41-2,,807,41,"tim, timi ~ temi",timi ~ temi,t i m,Former as attribute; latter freestanding,DEWbOstj,,,,,"tim, timi, temi","tim, timi, temi",1,,
907-41-1,,907,41,"tam, tamə",tam,t ɑ m,"Former attribute, latter also freestanding",SolkWb,,,,,"tam, tamə",tɑm,1,,
907-41-2,,907,41,"tam, tamə",tamə,t ɑ m ə,"Former attribute, latter also freestanding",SolkWb,,,,,"tam, tamə",tɑmə,1,,
501-41-3,,501,41,etaje̮,etaje̮,e t ɑ j ɤ,,SyrjWsch,,,,,etaje̮,etɑjɤ,2,,"Comp. with ""taje̮"", which also means 'this'"
503-41-1,,503,41,eta,eta,e t ɑ,,KoPRSl,,,,,eta,etɑ,2,,
601-41-1,,601,41,"e, ez",e,,Latter deriv.,FMSz,,,,,,,2,,
601-41-2,,601,41,"e, ez",ez,,Latter deriv.,FMSz,,,,,,,2,,
209-41-1,,209,41,sē,sē,s eː,,VKJMS,,,,,sē,seː,3,,
210-41-1,,210,41,see,see,s eː,,SVSk,,,,,,seː,3,,
211-41-1,,211,41,seo ~ sjoo,seo ~ sjoo,,,VESr,,,,,,,3,,
212-41-2,,212,41,se,se,,,LivWb,,,,,,,3,,
207-41-1,,207,41,ńetse,ńetse,,,VVS,,,,,,,4,,
902-41-1,,902,41,tyuku°,tyuku°,,,JurSWb,,,,,,,5,,
209-41-2,,209,41,tò,tò,t ò,,VKJMS,,,,,tò,tò,6,From *to-,
901-41-1,,901,41,əmə,əmə,ə m ə,,SlNgaRus,,,,,əmə,əmə,7,,
0-42-1,,0,42,[Not reconstructable],,,,UEW;Sam88,,,,,,,?,[Not reconstructable],
203-42-1,,203,42,eilen,eilen,e̞ j l e̞ n,,JL,,,,,,e̞jle̞n,1,,
204-42-1,,204,42,eklein,eklein,,,KKSV,,,,,,,1,,
207-42-1,,207,42,eglē,eglē,,,VVS,,,,,,,1,,
208-42-1,,208,42,eglen,eglen,e ɡ l e n,,InkmSk,,,,,eglen,eɡlen,1,,
209-42-1,,209,42,egle,egle,e ɡ l e,,VKJMS,,,,,egle,eɡle,1,,
210-42-1,,210,42,eile,eile,e i l e,,SVSk,,,,,,eile,1,,
211-42-1,,211,42,eeläq,eeläq,,,VESr,,,,,,,1,,
212-42-1,,212,42,eʾglə,eʾglə,,,LivWb,,,,,,,1,,
101-42-1,,101,42,jååktan,jååktan,,,NSsNdb,,,,,,,2,,
102-42-1,,102,42,jukˈta,jukˈta,,,WbWlap,,,,,,,2,,
104-42-1,,104,42,ukto ~ iktu,ukto ~ iktu,,,EZ,,,,,,,2,,
105-42-1,,105,42,ikte,ikte,,,SSSg,,,,,,,2,,
106-42-1,,106,42,jieh't,jieh't,,,InsSSk,,,,,,,2,,
107-42-1,,107,42,jåhtta,jåhtta,,,SKosSk,,,,,,,2,,
108-42-1,,108,42,jexxta,jexxta,j e xː t a,,WOLD,,,,,,jexːta,2,,
301-42-1,,301,42,iśak,iśak,i ɕ ɑ k,,MordWb,,,,,iśak,iɕɑk,3,,
401-42-1,,401,42,teŋgeče,teŋgeče,t e ŋ ɡ e tʃ e,,SMSk;TscherWb,,,,,teŋgeče,teŋɡetʃe,4,"Comp.; ""teŋ-"" from PU *tä-, ""keče"" 'day'",
501-42-1,,501,42,"te̮-ri̮t, te̮n-lun",te̮-ri̮t,t ɤ r ɯ t,,SyrjWsch,,,,,"te̮-ri̮t, te̮n-lun",tɤ-rɯt,4,,Compounds
501-42-2,,501,42,"te̮-ri̮t, te̮n-lun",te̮n-lun,t ɤ n l u n,,SyrjWsch,,,,,"te̮-ri̮t, te̮n-lun",tɤn-lun,4,,Compounds
503-42-1,,503,42,te̮n,te̮n,t ɤ n,,KoPRSl,,,,,te̮n,tɤn,4,,
504-42-1,,504,42,tolon,tolon,t o l o n,,WotjWsch,,,,,tolon,tolon,4,"From earlier compound; cf. Komi ""te̮-lun"" 'that day'",
601-42-1,,601,42,tegnap,tegnap,,,FMSz,,,,,,,4,,"Deriv. and comp. with ""nap"" 'day'"
901-42-1,,901,42,dʹali̮ takə̄,dʹali̮ takə̄,dʲ ɑ l ɯ t ɑ k əː,,SlNgaRus,,,,,dʹali̮_takə̄,dʲɑlɯ tɑkəː,4,"""Dʹali̮"" 'day' from PSmd *jälä",Lit. 'that (further away) day'
902-42-1,,902,42,tye-nyana,tye-nyana,,,JurSWb,,,,,,,4,,
907-42-1,,907,42,tǟlʹćēlə,tǟlʹćēlə,t æː ʎ tɕ eː l ə,,SolkWb,,,,,tǟlʹćēlə,tæːʎtɕeːlə,4,"""Ćēlə"" 'day' from PSmd *jälä",
701-42-1,,701,42,mōl-χōtal,mōl-χōtal,m oː l x oː t ɑ l,,WogWb,,,,,mōl-χōtal,moːl-xoːtɑl,5,,"Comp; ""mōl"" 'last', ""χōtal"" 'day'"
807-42-1,,807,42,"mălakotǝl, mălaɣəl kotǝl",mălakotǝl,m ɑ ̆ l ɑ k o t ə l,,DEWbOstj,,,,,"mălakotəl, mălaɣəl_kotəl",mɑ̆lɑkotəl,5,,"Comp; ""măla(ɣəl)"" 'last', ""kotǝl"" 'day'"
807-42-2,,807,42,"mălakotǝl, mălaɣəl kotǝl",mălaɣəl kotǝl,m ɑ ̆ l ɑ ɣ ə l k o t ə l,,DEWbOstj,,,,,"mălakotəl, mălaɣəl_kotəl",mɑ̆lɑɣəl kotəl,5,,"Comp; ""măla(ɣəl)"" 'last', ""kotǝl"" 'day'"
807-42-3,,807,42,munt,munt,m u n t,,DEWbOstj,,,,,munt,munt,6,,
0-43-1,,0,43,[Not reconstructable],,,,UEW;Sam88,,,,,,,?,[Not reconstructable],
203-43-1,,203,43,musta,musta,m u s t ɑ,,JL,,,,,,mustɑ,1,"Narrow distribution suggests loan origin. LÄGLOS: possibly Ger origin Balt proposed, but rejected",
204-43-1,,204,43,musta,musta,,,KKSV,,,,,,,1,"Narrow distribution suggests loan origin. LÄGLOS: possibly Ger origin Balt proposed, but rejected",
207-43-1,,207,43,must,must,,,VVS,,,,,,,1,"Narrow distribution suggests loan origin. LÄGLOS: possibly Ger origin Balt proposed, but rejected",
208-43-1,,208,43,musta,musta,m u s t ɑ,,InkmSk,,,,,musta,mustɑ,1,"Narrow distribution suggests loan origin. LÄGLOS: possibly Ger origin Balt proposed, but rejected",
209-43-1,,209,43,mus̄,mus̄,m u sː,,VKJMS,,,,,mus̄,musː,1,"Narrow distribution suggests loan origin. LÄGLOS: possibly Ger origin Balt proposed, but rejected",
210-43-1,,210,43,must,must,m u s t,,SVSk,,,,,,must,1,"Narrow distribution suggests loan origin. LÄGLOS: possibly Ger origin Balt proposed, but rejected",
211-43-1,,211,43,must,must,,,VESr,,,,,,,1,"Narrow distribution suggests loan origin. LÄGLOS: possibly Ger origin Balt proposed, but rejected",
212-43-1,,212,43,muštà ~ mustà,muštà ~ mustà,,,LivWb,,,,,,,1,"Narrow distribution suggests loan origin. LÄGLOS: possibly Ger origin Balt proposed, but rejected",
101-43-1,,101,43,tjeehpes,tjeehpes,,,NSsNdb,,,,,,,2,,
102-43-1,,102,43,tjååhpada ~ tjaahpada,tjååhpada ~ tjaahpada,,,WbWlap,,,,,,,2,,
104-43-1,,104,43,tjáhpat,tjáhpat,,,EZ,,,,,,,2,,
105-43-1,,105,43,čáhppat,čáhppat,,,SSSg,,,,,,,2,,
106-43-1,,106,43,čappad,čappad,,,InsSSk,,,,,,,2,,
107-43-1,,107,43,čappâd,čappâd,,,SKosSk,,,,,,,2,,
108-43-1,,108,43,čoahpe,čoahpe,t ʃ ɒː h p e,,WOLD,,,,,,tʃɒːhpe,2,,
301-43-1,,301,43,raužo,raužo,r ɑ u ʒ o,,MordWb,,,,,raužo,rɑuʒo,3,,
401-43-1,,401,43,"šeme, šem",šeme,ʃ e m e,Latter attr.; from PFP *simV 'rust',SMSk;TscherWb,,,,,"šeme, šem",ʃeme,4,,
401-43-2,,401,43,"šeme, šem",šem,ʃ e m,Latter attr.; from PFP *simV 'rust',SMSk;TscherWb,,,,,"šeme, šem",ʃem,4,,
701-43-1,,701,43,sēməl,sēməl,s eː m ə l,,WogWb,,,,,sēməl,seːməl,4,From PFP *simV 'rust',
501-43-1,,501,43,śe̮d,śe̮d,ɕ ɤ d,,SyrjWsch,,,,,śe̮d,ɕɤd,5,,
503-43-1,,503,43,śe̮d,śe̮d,ɕ ɤ d,,KoPRSl,,,,,śe̮d,ɕɤd,5,,
504-43-1,,504,43,śe̮d,śe̮d,ɕ ɤ d,,WotjWsch,,,,,śe̮d,ɕɤd,5,,
601-43-1,,601,43,fekete,fekete,,,FMSz,,,,,,,6,,
807-43-1,,807,43,pəɣtə,pəɣtə,p ə ɣ t ə,,DEWbOstj,,,,,pəɣtə,pəɣtə,6,,"'Black, dirty'"
902-43-1,,902,43,pəryidye°,pəryidye°,,,JurSWb,,,,,,,7,,'Be black (v.)'
907-43-1,,907,43,sǟqə,sǟqə,s æː q ə,,SolkWb,,,,,sǟqə,sæːqə,8,,
901-43-1,,901,43,tusajkaˀa,tusajkaˀa,t u s ɑ j k ɑ ʔ ɑ,,SlNgaRus,,,,,tusajkaˀa,tusɑjkɑʔɑ,9,,
0-44-1,,0,44,*juxi̮,*juxi̮,,,UEW;Sam88,,,,,,,1,Indo-Iranian loan etymology rejected in Holopainen2019,
101-44-1,,101,44,jovkedh,jovkedh,,,NSsNdb,,,,,,,1,,
102-44-1,,102,44,juuhkat,juuhkat,,,WbWlap,,,,,,,1,,
104-44-1,,104,44,juhkat,juhkat,,,EZ,,,,,,,1,,
105-44-1,,105,44,juhkat,juhkat,,,SSSg,,,,,,,1,,
106-44-1,,106,44,juuhađ,juuhađ,,,InsSSk,,,,,,,1,,
107-44-1,,107,44,juukkâd,juukkâd,,,SKosSk,,,,,,,1,,
108-44-1,,108,44,jugke,jugke,j u gː e,,WOLD,,,,,,jugːe,1,,
203-44-1,,203,44,juoda,juoda,j u o̯ d ɑ,,JL,,,,,,juo̯dɑ,1,,
204-44-1,,204,44,juuva,juuva,,,KKSV,,,,,,,1,,
207-44-1,,207,44,joda,joda,,,VVS,,,,,,,1,,
208-44-1,,208,44,jōvva,jōvva,j oː vː ɑ,,InkmSk,,,,,jōvva,joːvːɑ,1,,
209-44-1,,209,44,jūma,jūma,j uː m ɑ,,VKJMS,,,,,jūma,juːmɑ,1,,
210-44-1,,210,44,juua,juua,j uː ɑ,,SVSk,,,,,,juːɑ ,1,,
211-44-1,,211,44,juuma,juuma,,,VESr,,,,,,,1,,
212-44-1,,212,44,jùodə,jùodə,,,LivWb,,,,,,,1,,
401-44-1,,401,44,jüam,jüam,j y ɑ m,,SMSk;TscherWb,,,,,jüam,jyɑm,1,,
501-44-1,,501,44,juni̮,juni̮,j u n ɯ,,SyrjWsch,,,,,juni̮,junɯ,1,,
503-44-1,,503,44,juni̮,juni̮,j u n ɯ,,KoPRSl,,,,,juni̮,junɯ,1,,
504-44-1,,504,44,jui̮ni̮,jui̮ni̮,j u ɯ n ɯ,,WotjWsch,,,,,jui̮ni̮,juɯnɯ,1,,
601-44-1,,601,44,iszik,iszik,,,FMSz,,,,,,,1,,
701-44-1,,701,44,aji,aji,ɑ j i,,WogWb,,,,,aji,ɑji,1,,
807-44-1,,807,44,jäńtʹ-,jäńtʹ-,j æ ɲ tʲ,,DEWbOstj,,,,,jäńtʹ-,jæɲtʲ-,1,,
301-44-1,,301,44,śimems,śimems,ɕ i m e m s,,MordWb,,,,,śimems,ɕimems,2,"Cogn. with Fin ""siemaista"" 'gulp, swig'",
902-44-1,,902,44,ŋercy°,ŋercy°,,,JurSWb,,,,,,,3,,
901-44-1,,901,44,bi̮ti̮dʹi,bi̮ti̮dʹi,b ɯ t ɯ dʲ i,,SlNgaRus,,,,,bi̮ti̮dʹi,bɯtɯdʲi,4,Deriv. from PSd *wet 'water',
907-44-1,,907,44,ütə-,ütə-,y t ə,,SolkWb,,,,,ütə-,ytə-,4,Deriv. from PSd *wet 'water',
807-44-2,,807,44,li-,li-,l i,,DEWbOstj,,,,,li-,li-,5,,"'Eat, drink, burn (tr.)'"
0-45-1,,0,45,[Not reconstructable],,,,UEW;Sam88,,,,,,,?,[Not reconstructable],
203-45-1,,203,45,napa,napa,n ɑ p ɑ,,JL,,,,,,nɑpɑ,1,"Balt, cf. Latv ""naba"" 'navel, shaft pole'; or Ger, cf. ON ""nǫf"" 'nave'",
204-45-1,,204,45,napa,napa,,,KKSV,,,,,,,1,"Balt, cf. Latv ""naba"" 'navel, shaft pole'; or Ger, cf. ON ""nǫf"" 'nave'",
207-45-1,,207,45,naba,naba,,,VVS,,,,,,,1,"Balt, cf. Latv ""naba"" 'navel, shaft pole'; or Ger, cf. ON ""nǫf"" 'nave'",
208-45-1,,208,45,naʙa,naʙa,n ɑ b̥ ɑ,,InkmSk,,,,,naʙa,nɑb̥ɑ,1,"Balt, cf. Latv ""naba"" 'navel, shaft pole'; or Ger, cf. ON ""nǫf"" 'nave'",
209-45-1,,209,45,napa,napa,n ɑ p ɑ,,VKJMS,,,,,napa,nɑpɑ,1,"Balt, cf. Latv ""naba"" 'navel, shaft pole'; or Ger, cf. ON ""nǫf"" 'nave'",
210-45-1,,210,45,naba,naba,n ɑ p ɑ,,SVSk,,,,,,nɑpɑ ,1,"Balt, cf. Latv ""naba"" 'navel, shaft pole'; or Ger, cf. ON ""nǫf"" 'nave'",
211-45-1,,211,45,naba,naba,,,VESr,,,,,,,1,"Balt, cf. Latv ""naba"" 'navel, shaft pole'; or Ger, cf. ON ""nǫf"" 'nave'",
212-45-1,,212,45,nabà,nabà,,,LivWb,,,,,,,1,"Balt, cf. Latv ""naba"" 'navel, shaft pole'; or Ger, cf. ON ""nǫf"" 'nave'",
301-45-1,,301,45,počo,počo,p o tʃ o,,MordWb,,,,,počo,potʃo,2,,
401-45-1,,401,45,kə̑lə̑mde,kə̑lə̑mde,k ə l ə m d e,,SMSk;TscherWb,,,,,kə̑lə̑mde,kələmde,3,,
501-45-1,,501,45,ge̮g,ge̮g,ɡ ɤ ɡ,,SyrjWsch,,,,,ge̮g,ɡɤɡ,4,,
503-45-1,,503,45,ge̮g,ge̮g,ɡ ɤ ɡ,,KoPRSl,,,,,ge̮g,ɡɤɡ,4,,
504-45-1,,504,45,gogi̮,gogi̮,ɡ o ɡ ɯ,,WotjWsch,,,,,gogi̮,ɡoɡɯ,4,,
901-45-1,,901,45,kīŋ,kīŋ,k iː ŋ,,SlNgaRus,,,,,kīŋ,kiːŋ,5,,
902-45-1,,902,45,syúh,syúh,,,JurSWb,,,,,,,5,,
907-45-1,,907,45,śȫń,śȫń,ɕ øː ɲ,,SolkWb,,,,,śȫń,ɕøːɲ,5,,
701-45-1,,701,45,pukńi,pukńi,p u k ɲ i,,WogWb,,,,,pukńi,pukɲi,6,Deriv. from PFU *pükkV 'navel',
807-45-1,,807,45,pö̆ɣḷəŋ,pö̆ɣḷəŋ,p ø ̆ ɣ ɭ ə ŋ,,DEWbOstj,,,,,pö̆ɣḷəŋ,pø̆ɣɭəŋ,6,Deriv. from PFU *pükkV 'navel',
101-45-1,,101,45,naepie,naepie,,,NSsNdb,,,,,,,1,,
102-45-1,,102,45,naahpee,naahpee,,,WbWlap,,,,,,,1,,
104-45-1,,104,45,náhpe,náhpe,,,EZ,,,,,,,1,,
105-45-1,,105,45,náhpi,náhpi,,,SSSg,,,,,,,1,,
106-45-1,,106,45,nääpi,nääpi,,,InsSSk,,,,,,,1,,
107-45-1,,107,45,nääʹpp,nääʹpp,,,SKosSk,,,,,,,1,,
108-45-1,,108,45,nābp’,nābp’,n aː bːʲ,,WOLD,,,,,,naːbːʲ,1,,
601-45-1,,601,45,köldök,köldök,,,FMSz,,,,,,,5,Probably loan from Turkic *kin- (”kindik” etc.); earliest attested form ”keldek”,
0-46-1,,0,46,[Not reconstructable],,,,UEW;Sam88,,,,,,,?,"PFU: *salkV-, *saŋća-[Not reconstructable]",
101-46-1,,101,46,tjåadtjodh,tjåadtjodh,,,NSsNdb,,,,,,,1,,
102-46-1,,102,46,tjuadˈtjoot,tjuadˈtjoot,,,WbWlap,,,,,,,1,,
104-46-1,,104,46,tjuadtjut,tjuadtjut,,,EZ,,,,,,,1,,
105-46-1,,105,46,čuožžut,čuožžut,,,SSSg,,,,,,,1,,
106-46-1,,106,46,čuáž'žuđ,čuáž'žuđ,,,InsSSk,,,,,,,1,,
107-46-1,,107,46,čuẹǯ’ǯad,čuẹǯ’ǯad,,,SKosSk,,,,,,,1,,
108-46-1,,108,46,čuennče,čuennče,t ʃ u e nː t ʃ e,,WOLD,,,,,,tʃuenːtʃe,1,,
203-46-1,,203,46,seisoa ~ seistä,seisoa ~ seistä,s e̞ j s o̞ ɑ ~ s e̞ j s t̪ æ,,JL,,,,,,se̞jso̞ɑ ~ se̞jst̪æ,1,,
204-46-1,,204,46,seisuo,seisuo,,,KKSV,,,,,,,1,,
207-46-1,,207,46,seišta,seišta,,,VVS,,,,,,,1,,
208-46-1,,208,46,seissä,seissä,s e i sː æ,,InkmSk,,,,,seissä,seisːæ,1,,
209-46-1,,209,46,seisoma,seisoma,s e i s o m ɑ,,VKJMS,,,,,seisoma,seisomɑ,1,,
210-46-1,,210,46,seista,seista,s e i s t ɑ,,SVSk,,,,,,seistɑ ,1,,
211-46-1,,211,46,saisma,saisma,,,VESr,,,,,,,1,,
301-46-1,,301,46,aštʹems śtʹado,aštʹems śtʹado,ɑ ʃ tʲ e m s ɕ tʲ ɑ d o,,MordWb,,,,,aštʹems_śtʹado,ɑʃtʲems ɕtʲɑdo,1,,Lit. 'be standing'
212-46-1,,212,46,pīlə,pīlə,,,LivWb,,,,,,,2,,
401-46-1,,401,46,šoɣem,šoɣem,ʃ o ɣ e m,,SMSk;TscherWb,,,,,šoɣem,ʃoɣem,3,,
501-46-1,,501,46,sulavni̮,sulavni̮,s u l ɑ v n ɯ,,SyrjWsch,,,,,sulavni̮,sulɑvnɯ,3,,
503-46-1,,503,46,sulavni̮,sulavni̮,s u l ɑ v n ɯ,,KoPRSl,,,,,sulavni̮,sulɑvnɯ,3,,
504-46-1,,504,46,si̮li̮ni̮,si̮li̮ni̮,s ɯ l ɯ n ɯ,,WotjWsch,,,,,si̮li̮ni̮,sɯlɯnɯ,3,,
601-46-1,,601,46,áll,áll,,,FMSz,,,,,,,3,,
701-46-1,,701,46,lʹūlʹi,lʹūlʹi,ʎ uː ʎ i,,WogWb,,,,,lʹūlʹi,ʎuːʎi,4,,
807-46-1,,807,46,lalʹ-,lalʹ-,l ɑ ʎ,,DEWbOstj,,,,,lalʹ-,lɑʎ-,4,,
901-46-1,,901,46,nənsi̮dʹi,nənsi̮dʹi,n ə n s ɯ dʲ i,,SlNgaRus,,,,,nənsi̮dʹi,nənsɯdʲi,5,,
902-46-1,,902,46,núsy°,núsy°,,,JurSWb,,,,,,,5,,
907-46-1,,907,46,ni̮ŋki-,ni̮ŋki-,n ɯ ŋ k i,,SolkWb,,,,,ni̮ŋki-,nɯŋki-,5,,
105-47-1,,105,47,čielgi,čielgi,,,SSSg,,,,,,,1,,
107-47-1,,107,47,čiõʹlj,čiõʹlj,,,SKosSk,,,,,,,1,,
203-47-1,,203,47,selkä,selkä,s e̞ l k æ,,JL,,,,,,se̞lkæ,1,,
204-47-1,,204,47,selkä,selkä,,,KKSV,,,,,,,1,,
207-47-1,,207,47,śelʹg,śelʹg,,,VVS,,,,,,,1,,
208-47-1,,208,47,selɢä,selɢä,s e l ɡ̥ æ,,InkmSk,,,,,selɢä,selɡ̥æ,1,,
209-47-1,,209,47,seltš,seltš,s e l tʃ,,VKJMS,,,,,selč,seltʃ,1,,
210-47-1,,210,47,selg,selg,s e l k,,SVSk,,,,,,selk,1,,
211-47-1,,211,47,sälg,sälg,,,VESr,,,,,,,1,,
212-47-1,,212,47,sǟlga,sǟlga,,,LivWb,,,,,,,1,,
102-47-1,,102,47,tjyvvèlka,tjyvvèlka,,,WbWlap,,,,,,,2,,
301-47-1,,301,47,kopoŕ,kopoŕ,k o p o rʲ,,MordWb,,,,,kopoŕ,koporʲ,3,,
401-47-1,,401,47,tup,tup,t u p,,SMSk;TscherWb,,,,,tup,tup,4,"Possibly from a PFU *tuppV 'back, spine'",
501-47-1,,501,47,mi̮š,mi̮š,m ɯ ʃ,,SyrjWsch,,,,,mi̮š,mɯʃ,5,,
503-47-1,,503,47,mi̮šk,mi̮šk,m ɯ ʃ k,Stem “mi̮šk-”,KoPRSl;RB,,,,,mi̮šk,mɯʃk,5,,
601-47-1,,601,47,hát,hát,,,FMSz,,,,,,,6,,
701-47-1,,701,47,sis,sis,s i s,,WogWb,,,,,sis,sis,7,,
807-47-1,,807,47,č̣ö̆ṇč̣,č̣ö̆ṇč̣,tʃ ø ̆ ɳ tʃ,,DEWbOstj,,,,,čö̆ṇč,tʃø̆ɳtʃ,7,,
0-47-1,,0,47,*muka,*muka,,"UEW: PU *kuttV; however, only in Ug and Sd; original meaning not clear",UEW;Sam88,,,,,,,8,,
901-47-1,,901,47,məku,məku,m ə k u,,SlNgaRus,,,,,məku,məku,8,,
902-47-1,,902,47,məxa,məxa,,,JurSWb,,,,,,,8,,
907-47-1,,907,47,moqə,moqə,m o q ə,,SolkWb,,,,,moqə,moqə,8,,
301-47-2,,301,47,kutʹmeŕe,kutʹmeŕe,k u tʲ m e rʲ e,,MordWb,,,,,kutʹmeŕe,kutʲmerʲe,9,,
101-47-1,,101,47,rudtje,rudtje,,,NSsNdb,,,,,,,10,,
104-47-1,,104,47,ruptujt,ruptujt,,,EZ,,,,,,,10,,
105-47-2,,105,47,sealgi,sealgi,,,SSSg,,,,,,,1,"Borrowed from Fin selkä 'back, which is cogn. with čielgi",
106-47-1,,106,47,selgi,selgi,,,InsSSk,,,,,,,1,,
107-47-2,,107,47,seäʹlǧǧ,seäʹlǧǧ,,,SKosSk,,,,,,,1,,
108-47-1,,108,47,siell’k,siell’k,s i e lːʲ k,,WOLD,,,,,,sielːʲk,1,,
504-47-1,,504,47,ti̮bi̮r,ti̮bi̮r,t ɯ b ɯ r,,WotjWsch,,,,,ti̮bi̮r,tɯbɯr,4,"Possibly from a PFU *tuppV 'back, spine'",
0-48-1,,0,48,*puri̮-,*puri̮-,,,UEW;Sam88,,,,,,,1,,
203-48-1,,203,48,purra,purra,p u rː ɑ,,JL,,,,,,purːɑ,1,,
204-48-1,,204,48,purra,purra,,,KKSV,,,,,,,1,,
207-48-1,,207,48,purda,purda,,,VVS,,,,,,,1,,
208-48-1,,208,48,purra,purra,p u rː ɑ,,InkmSk,,,,,purra,purːɑ,1,,
209-48-1,,209,48,pure̮ma,pure̮ma,p u r ɤ m ɑ,,VKJMS,,,,,pure̮ma,purɤmɑ,1,,
211-48-1,,211,48,purõma,purõma,,,VESr,,,,,,,1,,
401-48-1,,401,48,puram,puram,p u r ɑ m,,SMSk;TscherWb,,,,,puram,purɑm,1,,
701-48-1,,701,48,puri,puri,p u r i,,WogWb,,,,,puri,puri,1,,
807-48-1,,807,48,pŏr-,pŏr-,p o ̆ r,,DEWbOstj,,,,,pŏr-,pŏr-,1,,
209-48-2,,209,48,amme̮sse̮ma,amme̮sse̮ma,ɑ mː ɤ sː ɤ m ɑ,,VKJMS,,,,,amme̮sse̮ma,ɑmːɤsːɤmɑ,2,,
210-48-1,,210,48,hammustada,hammustada,h ɑ mː u s t ɑ t ɑ,Deriv.,SVSk,,,,,,hɑmːustɑtɑ,2,,
212-48-1,,212,48,jammstə,jammstə,,,LivWb,,,,,,,2,,
101-48-1,,101,48,gaetskedh,gaetskedh,,,NSsNdb,,,,,,,3,,
102-48-1,,102,48,gaaskèstit,gaaskèstit,,,WbWlap,,,,,,,3,,
104-48-1,,104,48,gassket,gassket,,,EZ,,,,,,,3,,
105-48-1,,105,48,gáskit,gáskit,,,SSSg,,,,,,,3,,
106-48-1,,106,48,käskiđ,käskiđ,,,InsSSk,,,,,,,3,,
107-48-1,,107,48,käʹcǩǩed,käʹcǩǩed,,,SKosSk,,,,,,,3,,
108-48-1,,108,48,kācc’ke,kācc’ke,k aː cːʲ k e,,WOLD,,,,,,kaːcːʲke,3,,
102-48-2,,102,48,stǜllat,stǜllat,,,WbWlap,,,,,,,4,,
301-48-1,,301,48,rumštams,rumštams,r u m ʃ t ɑ m s,,MordWb,,,,,rumštams,rumʃtɑms,5,,
0-48-2,,0,48,*soski̮-,*soski̮-,,,UEW;Sam88,,,,,,,6,,"'Bite, chew'"
301-48-2,,301,48,suskoms,suskoms,s u s k o m s,,MordWb,,,,,suskoms,suskoms,6,,
501-48-1,,501,48,kurtʹći̮ni̮,kurtʹći̮ni̮,k u r tʲ tɕ ɯ n ɯ,,SyrjWsch,,,,,kurtʹći̮ni̮,kurtʲtɕɯnɯ,7,,
503-48-1,,503,48,kurććavni̮,kurććavni̮,k u r tɕː ɑ v n ɯ,,KoPRSl,,,,,kurććavni̮,kurtɕːɑvnɯ,7,,
504-48-1,,504,48,kurtći̮ni̮,kurtći̮ni̮,k u r t tɕ ɯ n ɯ,,WotjWsch,,,,,kurtći̮ni̮,kurttɕɯnɯ,7,,
601-48-1,,601,48,harap,harap,,,FMSz,,,,,,,7,,
901-48-1,,901,48,sakələsa,sakələsa,s ɑ k ə l ə s ɑ,,SlNgaRus,,,,,sakələsa,sɑkələsɑ,8,,
902-48-1,,902,48,syakəlcy°,syakəlcy°,,,JurSWb,,,,,,,8,,
907-48-1,,907,48,sāčə-,sāčə-,s ɑː tʃ ə,,SolkWb,,,,,sāčə-,sɑːtʃə-,8,,
0-49-1,,0,49,*tuwli̮,*tuwli̮,,,UEW;Sam88,,,,,,,1,,
203-49-1,,203,49,tuuli,tuuli,t̪ uː l i,,JL,,,,,,t̪uːli,1,,
204-49-1,,204,49,tuuli,tuuli,,,KKSV,,,,,,,1,,
208-49-1,,208,49,tūli,tūli,t uː l i,,InkmSk,,,,,tūli,tuːli,1,,
209-49-1,,209,49,tūli,tūli,t uː l i,,VKJMS,,,,,tūli,tuːli,1,,
210-49-1,,210,49,tuul,tuul,t uː l,,SVSk,,,,,,tuːl,1,,
211-49-1,,211,49,tuul',tuul',,,VESr,,,,,,,1,,
212-49-1,,212,49,tūlʹ,tūlʹ,,,LivWb,,,,,,,1,,
501-49-1,,501,49,te̮v,te̮v,t ɤ v,,SyrjWsch,,,,,te̮v,tɤv,1,,
503-49-1,,503,49,te̮v,te̮v,t ɤ v,,KoPRSl,,,,,te̮v,tɤv,1,,
504-49-1,,504,49,te̮l,te̮l,t ɤ l,,WotjWsch,,,,,te̮l,tɤl,1,,
207-49-1,,207,49,ahav,ahav,,,VVS,,,,,,,2,,
101-49-1,,101,49,bïegke,bïegke,,,NSsNdb,,,,,,,3,,
102-49-1,,102,49,beägˈga,beägˈga,,,WbWlap,,,,,,,3,,"'Storm'; cf. derivs. ""biäggas"" 'windy', ""beägˈgat"" 'blow (of wind)'"
104-49-1,,104,49,bägga ,bägga,,,EZ,,,,,,,3,,
105-49-1,,105,49,biegga,biegga,,,SSSg,,,,,,,3,,
106-49-1,,106,49,pieg'ga,pieg'ga,,,InsSSk,,,,,,,3,,
107-49-1,,107,49,piõgˈg,piõgˈg,,,SKosSk,,,,,,,3,,
108-49-1,,108,49,pīŋŋk,pīŋŋk,p iː ŋː k,,WOLD,,,,,,piːŋːk,3,,
301-49-1,,301,49,varma,varma,v ɑ r m ɑ,,MordWb,,,,,varma,vɑrmɑ,4,,
401-49-1,,401,49,marδež,marδež,m ɑ r ð e ʒ,,SMSk;TscherWb,,,,,marδež,mɑrðeʒ,5,,
601-49-1,,601,49,szél,szél,,,FMSz,,,,,,,6,,
701-49-1,,701,49,wōt,wōt,w oː t,,WogWb,,,,,wōt,woːt,7,,
807-49-1,,807,49,wat,wat,w ɑ t,,DEWbOstj,,,,,wat,wɑt,7,,
902-49-1,,902,49,myercya,myercya,,,JurSWb,,,,,,,8,,
907-49-1,,907,49,merkə,merkə,m e r k ə,,SolkWb,,,,,merkə,merkə,8,,
901-49-1,,901,49,biə,biə,b i ə,,SlNgaRus,,,,,biə,biə,10,,
203-5-1,,203,5,suu,suu,s uː,,JL,,,,,,suː,1,,
204-5-1,,204,5,suu,suu,,,KKSV,,,,,,,1,,
207-5-1,,207,5,su,su,,,VVS,,,,,,,1,,
208-5-1,,208,5,sū,sū,s uː,,InkmSk,,,,,sū,suː,1,,
209-5-1,,209,5,sū,sū,s uː,,VKJMS,,,,,sū,suː,1,,
210-5-1,,210,5,suu,suu,s uː,,SVSk,,,,,,suː,1,,
211-5-1,,211,5,suu,suu,,,VESr,,,,,,,1,,
212-5-1,,212,5,sū,sū,,,LivWb,,,,,,,1,,
601-5-1,,601,5,száj,száj,s aː j,,FMSz,,,,,,saːj,1,,
701-5-1,,701,5,sūp,sūp,s uː p,,WogWb,,,,,sūp,suːp,1,,
101-5-1,,101,5,njaelmie,njaelmie,,,NSsNdb,,,,,,,2,,
102-5-1,,102,5,njàlˈbmee,njàlˈbmee,,,WbWlap,,,,,,,2,,
104-5-1,,104,5,njálbme,njálbme,,,EZ,,,,,,,2,,
105-5-1,,105,5,njálbmi,njálbmi,,,SSSg,,,,,,,2,,
106-5-1,,106,5,njälmi,njälmi,,,InsSSk,,,,,,,2,,
107-5-1,,107,5,njäʹlmm,njäʹlmm,,,SKosSk,,,,,,,2,,
108-5-1,,108,5,njāll’m,njāll’m,ɲ aː lːʲ m,,WOLD,,,,,,ɲaːlːʲm,2,,
301-5-1,,301,5,kurgo,kurgo,k u r ɡ o,,MordWb,,,,,kurgo,kurɡo,3,,
401-5-1,,401,5,umša,umša,u m ʃ ɑ,,SMSk;TscherWb,,,,,umša,umʃɑ,4,,
0-5-1,,0,5,*aŋi̮,*aŋi̮,,,UEW;Sam88,,,,,,,5,,"'Opening, hollow'; 'mouth'"
501-5-1,,501,5,vom,vom,v o m,,SyrjWsch,,,,,vom,vom,5,,
503-5-1,,503,5,e̮m,e̮m,ɤ m,,KoPRSl,,,,,e̮m,ɤm,5,,
504-5-1,,504,5,i̮m,i̮m,ɯ m,,WotjWsch,,,,,i̮m,ɯm,5,,
901-5-1,,901,5,ŋaŋ,ŋaŋ,ŋ ɑ ŋ,,SlNgaRus,,,,,ŋaŋ,ŋɑŋ,5,,
902-5-1,,902,5,nyah,nyah,,,JurSWb,,,,,,,5,,
907-5-1,,907,5,āŋ,āŋ,ɑː ŋ,,SolkWb,,,,,āŋ,ɑːŋ,5,,
701-5-2,,701,5,tūs,tūs,t uː s,,WogWb,,,,,tūs,tuːs,6,,
807-5-1,,807,5,lul,lul,l u l,,DEWbOstj,,,,,lul,lul,7,,
0-50-1,,0,50,[Not reconstructable],,,"*küntV primarily 'fog, steam'?",UEW;Sam88,,,,,,,?,[Not reconstructable],
101-50-1,,101,50,soeve,soeve,,,NSsNdb,,,,,,,1,,
102-50-1,,102,50,suavva,suavva,,,WbWlap,,,,,,,1,,
104-50-1,,104,50,suovva,suovva,,,EZ,,,,,,,1,,
105-50-1,,105,50,suovva,suovva,,,SSSg,,,,,,,1,,
106-50-1,,106,50,suova,suova,,,InsSSk,,,,,,,1,,
107-50-1,,107,50,suõvv,suõvv,,,SKosSk,,,,,,,1,,
108-50-1,,108,50,sūvv,sūvv,s uː vː,,WOLD,,,,,,suːvː,1,,
203-50-1,,203,50,savu,savu,s ɑ ʋ u,,JL,,,,,,sɑʋu,1,,
204-50-1,,204,50,savu,savu,,,KKSV,,,,,,,1,,
207-50-1,,207,50,savu,savu,,,VVS,,,,,,,1,,
208-50-1,,208,50,savvu,savvu,s ɑ vː u,,InkmSk,,,,,savvu,sɑvːu,1,,
209-50-1,,209,50,savvu,savvu,s ɑ vː u,,VKJMS,,,,,savvu,sɑvːu,1,,
211-50-1,,211,50,"savv, sau",savv,,,VESr,,,,,,,1,,
211-50-2,,211,50,"savv, sau",sau,,,VESr,,,,,,,1,,
212-50-1,,212,50,soʾu,soʾu,,,LivWb,,,,,,,1,,
210-50-1,,210,50,suits,suits,s u i t s,,SVSk,,,,,,suits,2,,
301-50-1,,301,50,kačamo,kačamo,k ɑ tʃ ɑ m o,,MordWb,,,,,kačamo,kɑtʃɑmo,3,,
401-50-1,,401,50,šikš,šikš,ʃ i k ʃ,,SMSk;TscherWb,,,,,šikš,ʃikʃ,4,,
501-50-1,,501,50,č̣i̮n,č̣i̮n,tʃ ɯ n,,SyrjWsch,,,,,či̮n,tʃɯn,5,,
503-50-1,,503,50,či̮n,či̮n,tʃ ɯ n,,KoPRSl,,,,,či̮n,tʃɯn,5,,
504-50-1,,504,50,tši̮n,tši̮n,tʃ ɯ n,,WotjWsch,,,,,či̮n,tʃɯn,5,,
601-50-1,,601,50,füst,füst,,,FMSz,,,,,,,6,,
701-50-1,,701,50,posim,posim,p o s i m,,WogWb,,,,,posim,posim,6,,
807-50-1,,807,50,pŏrki̮,pŏrki̮,p o ̆ r k ɯ,,DEWbOstj,,,,,pŏrki̮,pŏrkɯ,7,"Connection with Sel ""purqə"" uncertain",'Smoke (eg. against mosquitoes)'
901-50-1,,901,50,dʹakagə,dʹakagə,dʲ ɑ k ɑ ɡ ə,,SlNgaRus,,,,,dʹakagə,dʲɑkɑɡə,8,,
902-50-1,,902,50,yake,yake,,,JurSWb,,,,,,,8,,
907-50-1,,907,50,purqə,purqə,p u r q ə,,SolkWb,,,,,purqə,purqə,7,"Connection with EKha ""pŏrki̮"" uncertain",
0-51-1,,0,51,*mV,*mV,,,UEW;Sam88,,,,,,,1,,
101-51-1,,101,51,"mij, maam",mij,,,NSsNdb,,,,,,,1,,
101-51-2,,101,51,"mij, maam",maam,,,NSsNdb,,,,,,,1,,
102-51-1,,102,51,mii,mii,,,WbWlap,,,,,,,1,,
104-51-1,,104,51,mij,mij,,,EZ,,,,,,,1,,
105-51-1,,105,51,mii,mii,,,SSSg,,,,,,,1,,
106-51-1,,106,51,mii,mii,,,InsSSk,,,,,,,1,,
107-51-1,,107,51,mii,mii,,,SKosSk,,,,,,,1,,
108-51-1,,108,51,megk,megk,m e gː,,WOLD,,,,,,megː,1,,
108-51-2,,108,51,mī,mī,m iː,,WOLD,,,,,,miː,1,,
203-51-1,,203,51,"mi-, mikä",mi-,m i m i k æ,Latter deriv.,JL,,,,,,"mi, mikæ",1,,
203-51-2,,203,51,"mi-, mikä",mikä,m i m i k æ,Latter deriv.,JL,,,,,,"mi, mikæ",1,,
204-51-1,,204,51,mi ~ mikä,mi ~ mikä,,Latter deriv.,KKSV,,,,,,,1,,
207-51-1,,207,51,mi,mi,,,VVS,,,,,,,1,,
208-51-1,,208,51,miɢä ~ mi,miɢä ~ mi,m i ɡ̥ æ,,InkmSk,,,,,"miɢä, mi","miɡ̥æ, mi",1,,
209-51-1,,209,51,mikä,mikä,m i k æ,,VKJMS,,,,,mikä,mikæ,1,,
210-51-1,,210,51,mis,mis,m i s,,SVSk,,,,,,mis,1,,
211-51-1,,211,51,miä,miä,,,VESr,,,,,,,1,,
212-51-1,,212,51,mis,mis,,,LivWb,,,,,,,1,,
301-51-1,,301,51,meźe,meźe,m e ʑ e,,MordWb,,,,,meźe,meʑe,1,,
401-51-1,,401,51,mo,mo,m o,,SMSk;TscherWb,,,,,mo,mo,1,,
501-51-1,,501,51,mi̮j,mi̮j,m ɯ j,,SyrjWsch,,,,,mi̮j,mɯj,1,,
503-51-1,,503,51,mi̮j,mi̮j,m ɯ j,,KoPRSl,,,,,mi̮j,mɯj,1,,
504-51-1,,504,51,"ma, mar",ma,m ɑ,Latter deriv.,WotjWsch,,,,,"ma, mar",mɑ,1,,
504-51-2,,504,51,"ma, mar",mar,m ɑ r,Latter deriv.,WotjWsch,,,,,"ma, mar",mɑr,1,,
601-51-1,,601,51,mi,mi,,,FMSz,,,,,,,1,,
701-51-1,,701,51,"man, manər",man,m ɑ n,Latter deriv.,WogWb,,,,,"man, manər",mɑn,1,,
701-51-2,,701,51,"man, manər",manər,m ɑ n ə r,Latter deriv.,WogWb,,,,,"man, manər",mɑnər,1,,
807-51-1,,807,51,"mö̆ɣi, mö̆ɣö̆lʹi",mö̆ɣi,m ø ̆ ɣ i,Latter deriv.,DEWbOstj,,,,,"mö̆ɣi, mö̆ɣö̆lʹi",mø̆ɣi,1,,
807-51-2,,807,51,"mö̆ɣi, mö̆ɣö̆lʹi",mö̆ɣö̆lʹi,m ø ̆ ɣ ø ̆ ʎ i,Latter deriv.,DEWbOstj,,,,,"mö̆ɣi, mö̆ɣö̆lʹi",mø̆ɣø̆ʎi,1,,
901-51-1,,901,51,mā,mā,m ɑː,,SlNgaRus,,,,,mā,mɑː,1,,
902-51-1,,902,51,ŋəmke,ŋəmke,,,JurSWb,,,,,,,2,,
907-51-1,,907,51,qaji,qaji,q ɑ j i,,SolkWb,,,,,qaji,qɑji,3,,
0-52-1,,0,52,[Not reconstructable],,,,UEW;Sam88,,,,,,,?,[Not reconstructable],
203-52-1,,203,52,lapsi,lapsi,l ɑ p s i,,JL,,,,,,lɑpsi,1,,
204-52-1,,204,52,lapsi,lapsi,,,KKSV,,,,,,,1,,
207-52-1,,207,52,lapś,lapś,,,VVS,,,,,,,1,,
208-52-1,,208,52,laps,laps,l ɑ p s,,InkmSk,,,,,laps,lɑps,1,,
209-52-1,,209,52,лahs,лahs,l ɑ h s,,VKJMS,,,,,lahs,lɑhs,1,,
210-52-1,,210,52,laps,laps,l ɑ pː s,,SVSk,,,,,,lɑpːs ,1,,
211-52-1,,211,52,lats',lats',,,VESr,,,,,,,1,,
212-52-1,,212,52,läpš,läpš,,,LivWb,,,,,,,1,,
101-52-1,,101,52,maana,maana,,,NSsNdb,,,,,,,2,,
102-52-1,,102,52,mànnaa,mànnaa,,,WbWlap,,,,,,,2,,
105-52-1,,105,52,mánná,mánná,,,SSSg,,,,,,,2,,
102-52-2,,102,52,jugˈloo,jugˈloo,,,WbWlap,,,,,,,3,,
104-52-1,,104,52,jugglo,jugglo,,,EZ,,,,,,,3,,
106-52-1,,106,52,"páárnáž, pärni",páárnáž,,,InsSSk,,,,,,,4,,
106-52-2,,106,52,"páárnáž, pärni",pärni,,,InsSSk,,,,,,,4,,
107-52-1,,107,52,"päʹrnn, päärnaž",päʹrnn,,,SKosSk,,,,,,,4,,
107-52-2,,107,52,"päʹrnn, päärnaž",päärnaž,,,SKosSk,,,,,,,4,,
108-52-1,,108,52,pārrne,pārrne,p aː rː n e,,WOLD,,,,,,paːrːne,4,,
301-52-1,,301,52,ejdʹe,ejdʹe,e j dʲ e,,MordWb,,,,,ejdʹe,ejdʲe,5,"Possibly connected with PUg *äjɜ 'small, young'",
301-52-2,,301,52,ejkakš,ejkakš,e j k ɑ k ʃ,,MordWb,,,,,ejkakš,ejkɑkʃ,6,,
401-52-1,,401,52,ikšə̑βə̑ ~ iɣešuβə̑,ikšə̑βə̑ ~ iɣešuβə̑,i k ʃ ə β ə,,SMSk;TscherWb,,,,,"ikšə̑βə̑, iɣešuβə̑","ikʃəβə, iɣeʃuβə",7,"First part ""iɣe"" possibly has cognates in Khanty, Sd",'Children'
301-52-3,,301,52,pakša,pakša,p ɑ k ʃ ɑ,,MordWb,,,,,pakša,pɑkʃɑ,8,,
504-52-1,,504,52,pinal,pinal,p i n ɑ l,,WotjWsch,,,,,pinal,pinɑl,9,,
601-52-1,,601,52,gyerek ~ gyermek,gyerek ~ gyermek,,,FMSz,,,,,,,10,,
701-52-1,,701,52,ńāwram,ńāwram,ɲ ɑː w r ɑ m,,WogWb,,,,,ńāwram,ɲɑːwrɑm,11,,
701-52-2,,701,52,āɣi-piɣ,āɣi-piɣ,ɑː ɣ i p i ɣ,,WogWb,,,,,āɣi-piɣ,ɑːɣi-piɣ,12,"Comp.; lit. ""daughter-son""; ""āɣi"" from PFP *äkɜ ~ äwɜ 'daughter, girl'; ""piɣ"" from PFU *pojka 'son, boy'",
807-52-1,,807,52,ńəŋi-ki̮ji̮,ńəŋi-ki̮ji̮,ɲ ə ŋ i k ɯ j ɯ,,DEWbOstj,,,,,ńəŋi-ki̮ji̮,ɲəŋi-kɯjɯ,13,"Comp.; ""ńəŋi"" 'younger sister, younger daughter of relative'",
901-52-1,,901,52,ńū,ńū,ɲ uː,,SlNgaRus,,,,,ńū,ɲuː,14,,
902-52-1,,902,52,nyú,nyú,,,JurSWb,,,,,,,14,,
907-52-1,,907,52,īŋa,īŋa,iː ŋ ɑ,,SolkWb,,,,,īŋa,iːŋɑ,15,"Deriv. from ""ī"" 'son'",
401-52-2,,401,52,joča,joča,j o tʃ ɑ,,SMSk;TscherWb,,,,,joča,jotʃɑ,16,,
501-52-1,,501,52,ćelʹadʹ,ćelʹadʹ,tɕ e ʎ ɑ dʲ,,SyrjWsch,,,,,ćelʹadʹ,tɕeʎɑdʲ,17,,'Children (coll.)'
503-52-1,,503,52,ćelʹadʹ,ćelʹadʹ,tɕ e ʎ ɑ dʲ,,KoPRSl,,,,,ćelʹadʹ,tɕeʎɑdʲ,17,,'Children (of someone)'
504-52-2,,504,52,ni̮lpi,ni̮lpi,n ɯ l p i,,WotjWsch,,,,,ni̮lpi,nɯlpi,18,"From comp., lit. ""daughter-son""; ""ni̮l"" from PU *nejδe 'daughter, girl', ""pi"" from PFU *pojka 'son, boy'",
503-52-2,,503,52,kaga,kaga,k ɑ ɡ ɑ,,KoPRSl,,,,,kaga,kɑɡɑ,19,,
104-52-2,,104,52,oŋŋga,oŋŋga,,,EZ,,,,,,,20,,
0-53-1,,0,53,*muna,*muna,,,UEW;Sam88,,,,,,,1,,
101-53-1,,101,53,munnie,munnie,,,NSsNdb,,,,,,,1,,
102-53-1,,102,53,münnee,münnee,,,WbWlap,,,,,,,1,,
104-53-1,,104,53,månne,månne,,,EZ,,,,,,,1,,
105-53-1,,105,53,manni ~ monni,manni ~ monni,,,SSSg,,,,,,,1,,
106-53-1,,106,53,mane,mane,,,InsSSk,,,,,,,1,,
107-53-1,,107,53,mââʹnn,mââʹnn,,,SKosSk,,,,,,,1,,
108-53-1,,108,53,mann’,mann’,m a nːʲ,,WOLD,,,,,,manːʲ,1,,
203-53-1,,203,53,muna,muna,m u n ɑ,,JL,,,,,,munɑ,1,,
204-53-1,,204,53,muna,muna,,,KKSV,,,,,,,1,,
207-53-1,,207,53,muna,muna,,,VVS,,,,,,,1,,
208-53-1,,208,53,muna,muna,m u n ɑ,,InkmSk,,,,,muna,munɑ,1,,
209-53-1,,209,53,muna,muna,m u n ɑ,,VKJMS,,,,,muna,munɑ,1,,
210-53-1,,210,53,muna,muna,m u n ɑ,,SVSk,,,,,,munɑ ,1,,
211-53-1,,211,53,muna,muna,,,VESr,,,,,,,1,,
212-53-1,,212,53,munà,munà,,,LivWb,,,,,,,1,,
401-53-1,,401,53,muno,muno,m u n o,,SMSk;TscherWb,,,,,muno,muno,1,,
701-53-1,,701,53,mūŋi,mūŋi,m uː ŋ i,,WogWb,,,,,mūŋi,muːŋi,1,,
901-53-1,,901,53,mənu,mənu,m ə n u,,SlNgaRus,,,,,mənu,mənu,1,,
301-53-1,,301,53,al,al,ɑ l,Conflicting views in Grünthal2012 (Baltic origin possible) andvanPareren2009 (Baltic origing not supported),MordWb,,,,,al,ɑl,2,,
501-53-1,,501,53,kolʹk,kolʹk,k o ʎ k,,SyrjWsch,,,,,kolʹk,koʎk,3,,
503-53-1,,503,53,kolʹtʹ,kolʹtʹ,k o ʎ tʲ,,KoPRSl,,,,,kolʹtʹ,koʎtʲ,3,,
504-53-1,,504,53,puz,puz,p u z,,WotjWsch,,,,,puz,puz,4,From PU *pesä 'nest',
601-53-1,,601,53,tojás,tojás,,"Also suggested, possibly from PU *toɣi̮- 'bring'  (through meaning change to 'lay eggs'). PU origin has semantic difficulties",FMSz,,,,,,,5,,
807-53-1,,807,53,məɣ,məɣ,m ə ɣ,,DEWbOstj,,,,,məɣ,məɣ,6,,
902-53-1,,902,53,sar°qnyu,sar°qnyu,,,JurSWb,,,,,,,7,,
907-53-1,,907,53,eŋ,eŋ,e ŋ,,SolkWb,,,,,eŋ,eŋ,8,,
0-54-1,,0,54,[Not reconstructable],,,,UEW;Sam88,,,,,,,?,[Not reconstructable],
901-54-1,,901,54,[Form not found],,,,SlNgaRus,,,,,,,?,[Form not found],
101-54-1,,101,54,bueledh,bueledh,,,NSsNdb,,,,,,,1,,
102-54-1,,102,54,büelleet,büelleet,,,WbWlap,,,,,,,1,,
104-54-1,,104,54,buälldet,buälldet,,,EZ,,,,,,,1,,
105-54-1,,105,54,buollit,buollit,,,SSSg,,,,,,,1,,
106-54-1,,106,54,pyelliđ,pyelliđ,,,InsSSk,,,,,,,1,,
107-54-1,,107,54,pueʹlled,pueʹlled,,,SKosSk,,,,,,,1,,
108-54-1,,108,54,pūll’e,pūll’e,p uː lːʲ e,,WOLD,,,,,,puːlːʲe,1,,
203-54-1,,203,54,palaa,palaa,p ɑ l ɑː,,JL,,,,,,pɑlɑː,1,,"'Be on fire' Cf. ""palella"" 'be cold (of persons)', deriv. from ""palaa"""
204-54-1,,204,54,paloa,paloa,,,KKSV,,,,,,,1,,
207-54-1,,207,54,palada,palada,,,VVS,,,,,,,1,,
208-54-1,,208,54,pal̆lā,pal̆lā,p ɑ l ̆ l ɑː,,InkmSk,,,,,pal̆lā,pɑl̆lɑː,1,,
209-54-1,,209,54,pe̮лe̮ma,pe̮лe̮ma,p ɤ l ɤ m ɑ,,VKJMS,,,,,pe̮le̮ma,pɤlɤmɑ,1,,
210-54-1,,210,54,põleda,põleda,p ɤ l e t ɑ,,SVSk,,,,,,pɤletɑ,1,,
211-54-1,,211,54,palama,palama,,,VESr,,,,,,,1,,
212-54-1,,212,54,paʾllə,paʾllə,,,LivWb,,,,,,,1,,
301-54-1,,301,54,paloms,paloms,p ɑ l o m s,,MordWb,,,,,paloms,pɑloms,1,,
401-54-1,,401,54,jülem,jülem,j y l e m,,SMSk;TscherWb,,,,,jülem,jylem,2,,
501-54-1,,501,54,lomavni̮,lomavni̮,l o m ɑ v n ɯ,,SyrjWsch,,,,,lomavni̮,lomɑvnɯ,3,,
501-54-2,,501,54,sotʹći̮ni̮,sotʹći̮ni̮,s o tʲ tɕ ɯ n ɯ,,SyrjWsch,,,,,sotʹći̮ni̮,sotʲtɕɯnɯ,4,,
503-54-1,,503,54,soćći̮ni̮,soćći̮ni̮,s o tɕː ɯ n ɯ,,KoPRSl,,,,,soćći̮ni̮,sotɕːɯnɯ,4,,
504-54-1,,504,54,ǯuani̮,ǯuani̮,dʒ u ɑ n ɯ,,WotjWsch,,,,,ǯuani̮,dʒuɑnɯ,5,,
601-54-1,,601,54,ég,ég,,,FMSz,,,,,,,6,From PFU *äŋV- 'burn',
701-54-1,,701,54,tēɣ,tēɣ,t eː ɣ,,WogWb,,,,,tēɣ,teːɣ,7,,
807-54-1,,807,54,li-,li-,l i,,DEWbOstj,,,,,li-,li-,8,,"'Eat, drink, burn'"
902-54-1,,902,54,pəra°,pəra°,,,JurSWb,,,,,,,9,Possibly from PU *pori̮- instead,
907-54-1,,907,54,am-,am-,ɑ m,,SolkWb,,,,,am-,ɑm-,10,,
101-55-1,,101,55,vedtedh,vedtedh,,,NSsNdb,,,,,,,1,,
102-55-1,,102,55,vadˈdeet,vadˈdeet,,,WbWlap,,,,,,,1,,
104-55-1,,104,55,vaddet,vaddet,,,EZ,,,,,,,1,,
105-55-1,,105,55,addit,addit,,,SSSg,,,,,,,1,,
106-55-1,,106,55,add(e)liđ,addliđ,,,InsSSk,,,,,,,1,,
107-55-1,,107,55,uʹvdded,uʹvdded,,,SKosSk,,,,,,,1,,
108-55-1,,108,55,ann’te,ann’te,a nːʲ t e,,WOLD,,,,,,anːʲte,1,,
203-55-1,,203,55,antaa,antaa,ɑ n t̪ ɑː,,JL,,,,,,ɑnt̪ɑː,1,,
204-55-1,,204,55,antoa,antoa,,,KKSV,,,,,,,1,,
207-55-1,,207,55,antta,antta,,,VVS,,,,,,,1,,
208-55-1,,208,55,antā,antā,ɑ n t ɑː,,InkmSk,,,,,antā,ɑntɑː,1,,
209-55-1,,209,55,ante̮ma,ante̮ma,ɑ n t ɤ m ɑ,,VKJMS,,,,,ante̮ma,ɑntɤmɑ,1,,
210-55-1,,210,55,anda,anda,ɑ n t ɑ,,SVSk,,,,,,ɑntɑ,1,,
211-55-1,,211,55,andma,andma,,,VESr,,,,,,,1,,
212-55-1,,212,55,anndə,anndə,,,LivWb,,,,,,,1,,
601-55-1,,601,55,ad,ad,,,FMSz,,,,,,,1,,
301-55-1,,301,55,maksoms,maksoms,m ɑ k s o m s,"Also proposed: From PFV *maksa- 'give, offer a price'",MordWb,,,,,maksoms,mɑksoms,2,,
401-55-1,,401,55,puem,puem,p u e m,,SMSk;TscherWb,,,,,puem,puem,3,,
501-55-1,,501,55,śetni̮,śetni̮,ɕ e t n ɯ,,SyrjWsch,,,,,śetni̮,ɕetnɯ,4,,
503-55-1,,503,55,śetni̮,śetni̮,ɕ e t n ɯ,,KoPRSl,,,,,śetni̮,ɕetnɯ,4,,
504-55-1,,504,55,śoti̮ni̮,śoti̮ni̮,ɕ o t ɯ n ɯ,,WotjWsch,,,,,śoti̮ni̮,ɕotɯnɯ,4,,
0-55-1,,0,55,*miɣi-,*miɣi-,,,UEW;Sam88,,,,,,,5,,
701-55-1,,701,55,miɣ,miɣ,m i ɣ,,WogWb,,,,,miɣ,miɣ,5,,
807-55-1,,807,55,mə-,mə-,m ə,,DEWbOstj,,,,,mə-,mə-,5,,
901-55-1,,901,55,miśi,miśi,m i ɕ i,,SlNgaRus,,,,,miśi,miɕi,5,,
902-55-1,,902,55,myicy°,myicy°,,,JurSWb,,,,,,,5,,
907-55-1,,907,55,mi-,mi-,m i,,SolkWb,,,,,mi-,mi-,5,,
0-56-1,,0,56,*wuði̮,*wuði̮,,PFU: *wudʹi̮?,UEW;Sam88,,,,,,,1,,
101-56-1,,101,56,orre,orre,,,NSsNdb,,,,,,,1,,
102-56-1,,102,56,uddas,uddas,,,WbWlap,,,,,,,1,,
104-56-1,,104,56,årrå,årrå,,,EZ,,,,,,,1,,
105-56-1,,105,56,ođas,ođas,,,SSSg,,,,,,,1,,
106-56-1,,106,56,uuđas,uuđas,,,InsSSk,,,,,,,1,,
107-56-1,,107,56,oođâs,oođâs,,,SKosSk,,,,,,,1,,
108-56-1,,108,56,ōdt,ōdt,oː dː,,WOLD,,,,,,oːdː,1,,
203-56-1,,203,56,uusi,uusi,uː s i,,JL,,,,,,uːsi,1,,
204-56-1,,204,56,uusi,uusi,,,KKSV,,,,,,,1,,
207-56-1,,207,56,uź,uź,,,VVS,,,,,,,1,,
208-56-1,,208,56,ūz,ūz,uː z,,InkmSk,,,,,ūz,uːz,1,,
209-56-1,,209,56,ūs(i),ūs,uː s,,VKJMS,,,,,"ūs, ūsi",uːs,1,,
210-56-1,,210,56,uus,uus,uː s,,SVSk,,,,,,uːs,1,,
212-56-1,,212,56,ūž,ūž,,,LivWb,,,,,,,1,,
301-56-1,,301,56,od,od,o d,,MordWb,,,,,od,od,1,,
401-56-1,,401,56,u,u,u,,SMSk;TscherWb,,,,,u,u,1,,
501-56-1,,501,56,vi̮lʹ,vi̮lʹ,v ɯ ʎ,,SyrjWsch,,,,,vi̮lʹ,vɯʎ,1,,
503-56-1,,503,56,vilʹ,vilʹ,v i ʎ,,KoPRSl,,,,,vilʹ,viʎ,1,,
504-56-1,,504,56,vi̮lʹ,vi̮lʹ,v ɯ ʎ,,WotjWsch,,,,,vi̮lʹ,vɯʎ,1,,
601-56-1,,601,56,új,új,uː j,,FMSz,,,,,,uːj,1,,
701-56-1,,701,56,lʹilʹpi ~ jilʹpi,lʹilʹpi ~ jilʹpi,ʎ i ʎ p i,,WogWb,,,,,"lʹilʹpi, jilʹpi","ʎiʎpi, jiʎpi",2,,
807-56-1,,807,56,jələw,jələw,j ə l ə w,,DEWbOstj,,,,,jələw,jələw,3,,
902-56-1,,902,56,yedey°,yedey°,,,JurSWb,,,,,,,4,,
211-56-1,,211,56,vahtsõnõ,vahtsõnõ,,,VESr,,,,,,,5,,
901-56-1,,901,56,meńdʹadʹe,meńdʹadʹe,m e ɲ dʲ ɑ dʲ e,,SlNgaRus,,,,,meńdʹadʹe,meɲdʲɑdʲe,6,,
907-56-1,,907,56,śentə,śentə,ɕ e n t ə,,SolkWb,,,,,śentə,ɕentə,7,,
0-57-1,,0,57,[Not reconstructable],,,,UEW;Sam88,,,,,,,?,[Not reconstructable],
203-57-1,,203,57,hyvä,hyvä,h y ʋ æ,,JL,,,,,,hyʋæ,1,,
204-57-1,,204,57,hyvä,hyvä,,,KKSV,,,,,,,1,,
207-57-1,,207,57,hüvä,hüvä,,,VVS,,,,,,,1,,
208-57-1,,208,57,hüvä,hüvä,h y v æ,,InkmSk,,,,,hüvä,hyvæ,1,,
209-57-1,,209,57,üvä,üvä,y v æ,,VKJMS,,,,,üvä,yvæ,1,,
210-57-1,,210,57,hea,hea,h e ɑ,,SVSk,,,,,,heɑ,1,,
211-57-1,,211,57,"hää, hüä",hää,,,VESr,,,,,,,1,,
211-57-2,,211,57,"hää, hüä",hüä,,,VESr,,,,,,,1,,
212-57-1,,212,57,je̮vā,je̮vā,,,LivWb,,,,,,,1,,
101-57-1,,101,57,buerie,buerie,,,NSsNdb,,,,,,,2,,
102-57-1,,102,57,"büerree, buarahka",büerree,,Latter deriv.,WbWlap,,,,,,,2,,
102-57-2,,102,57,"büerree, buarahka",buarahka,,Latter deriv.,WbWlap,,,,,,,2,,
104-57-1,,104,57,"buorak, buorre",buorak,,,EZ,,,,,,,2,,
104-57-2,,104,57,"buorak, buorre",buorre,,,EZ,,,,,,,2,,
105-57-1,,105,57,buorre,buorre,,,SSSg,,,,,,,2,,
106-57-1,,106,57,pyeri,pyeri,,,InsSSk,,,,,,,2,,
107-57-1,,107,57,pueʹrr,pueʹrr,,,SKosSk,,,,,,,2,,
108-57-1,,108,57,pūrr’,pūrr’,p uː rːʲ,,WOLD,,,,,,puːrːʲ,2,,
301-57-1,,301,57,paro,paro,p ɑ r o,,MordWb,,,,,paro,pɑro,2,,
401-57-1,,401,57,poro,poro,p o r o,,SMSk;TscherWb,,,,,poro,poro,2,,
501-57-1,,501,57,bur,bur,b u r,,SyrjWsch,,,,,bur,bur,2,,
503-57-1,,503,57,bur,bur,b u r,,KoPRSl,,,,,bur,bur,2,,
106-57-2,,106,57,šieu,šieu,,,InsSSk,,,,,,,3,,
107-57-2,,107,57,šiõǥǥ,šiõǥǥ,,,SKosSk,,,,,,,3,,
108-57-2,,108,57,šig,šig,ʃ i g,,WOLD,,,,,,ʃig,3,,
401-57-2,,401,57,saj,saj,s ɑ j,,SMSk;TscherWb,,,,,saj,sɑj,4,,
501-57-2,,501,57,šań,šań,ʃ ɑ ɲ,,SyrjWsch,,,,,šań,ʃɑɲ,5,,
504-57-1,,504,57,umoj,umoj,u m o j,,WotjWsch,,,,,umoj,umoj,6,,
504-57-2,,504,57,ʒ́eć,ʒ́eć,dʑ e tɕ,,WotjWsch,,,,,ʒ́eć,dʑetɕ,7,,
601-57-1,,601,57,jó,jó,j oː,,FMSz,,,,,,joː,8,,
701-57-1,,701,57,jomas,jomas,j o m ɑ s,,WogWb,,,,,jomas,jomɑs,8,,
807-57-1,,807,57,jəm,jəm,j ə m,,DEWbOstj,,,,,jəm,jəm,8,,
902-57-1,,902,57,səwa,səwa,,,JurSWb,,,,,,,9,,
907-57-1,,907,57,soma,soma,s o m ɑ,,SolkWb,,,,,soma,somɑ,9,,
209-57-2,,209,57,hēk̄,hēk̄,h eː kː,,VKJMS,,,,,hēkk,heːkː,10,,
901-57-1,,901,57,ńagə̄,ńagə̄,ɲ ɑ ɡ əː,,SlNgaRus,,,,,ńagə̄,ɲɑɡəː,11,,
105-58-1,,105,58,diehtit,diehtit,,,SSSg,,,,,,,1,,
106-58-1,,106,58,tiettiđ,tiettiđ,,,InsSSk,,,,,,,1,,
107-58-1,,107,58,tieʹtted,tieʹtted,,,SKosSk,,,,,,,1,,
108-58-1,,108,58,tīdte,tīdte,t iː dː e,,WOLD,,,,,,tiːdːe,1,,
203-58-1,,203,58,tietää,tietää,t i e̯ t æː,,JL,,,,,,tie̯tæː,1,,
204-58-1,,204,58,tieteä,tieteä,,,KKSV,,,,,,,1,,
207-58-1,,207,58,tʹeta,tʹeta,,,VVS,,,,,,,1,,
208-58-1,,208,58,tītǟ,tītǟ,t iː t æː,,InkmSk,,,,,tītǟ,tiːtæː,1,,
209-58-1,,209,58,tǟtemä,tǟtemä,t æː t e m æ,,VKJMS,,,,,tǟtemä,tæːtemæ,1,,
210-58-1,,210,58,teada,teada,t e ɑ t ɑ,,SVSk,,,,,,teɑtɑ ,1,,
211-58-1,,211,58,tiidmä,tiidmä,,,VESr,,,,,,,1,,
212-58-1,,212,58,tìedə,tìedə,,,LivWb,,,,,,,1,,
0-58-1,,0,58,*tumti̮-,*tumti̮-,,,UEW;Sam88,,,,,,,2,,
108-58-2,,108,58,tommte,tommte,t o mː t e,,WOLD,,,,,,tomːte,2,,
204-58-2,,204,58,tuntie ~ tuta,tuntie ~ tuta,,,KKSV,,,,,,,2,,
209-58-2,,209,58,tunte̮ma,tunte̮ma,t u n t ɤ m ɑ,,VKJMS,,,,,tunte̮ma,tuntɤmɑ,2,,
501-58-1,,501,58,te̮dni̮,te̮dni̮,t ɤ d n ɯ,,SyrjWsch,,,,,te̮dni̮,tɤdnɯ,2,,
503-58-1,,503,58,te̮dni̮,te̮dni̮,t ɤ d n ɯ,,KoPRSl,,,,,te̮dni̮,tɤdnɯ,2,,
504-58-1,,504,58,todi̮ni̮,todi̮ni̮,t o d ɯ n ɯ,,WotjWsch,,,,,todi̮ni̮,todɯnɯ,2,,
601-58-1,,601,58,tud,tud,t u d,,FMSz,,,,,,tud,2,,
101-58-1,,101,58,daejredh,daejredh,,,NSsNdb,,,,,,,3,,
102-58-1,,102,58,dàideet,dàideet,,,WbWlap,,,,,,,3,,
104-58-1,,104,58,diehtet,diehtet,,,EZ,,,,,,,3,,
301-58-1,,301,58,sodams,sodams,s o d ɑ m s,,MordWb,,,,,sodams,sodɑms,4,,
401-58-1,,401,58,šińčem,šińčem,ʃ i ɲ tʃ e m,,SMSk;TscherWb,,,,,šińčem,ʃiɲtʃem,5,,
501-58-2,,501,58,kužni̮,kužni̮,k u ʒ n ɯ,,SyrjWsch,,,,,kužni̮,kuʒnɯ,6,"From PFU *kačV- 'understand, know'",
701-58-1,,701,58,χāsi,χāsi,x ɑː s i,,WogWb,,,,,χāsi,xɑːsi,6,"From PFU *kačV- 'understand, know'",
701-58-2,,701,58,wāɣ,wāɣ,w ɑː ɣ,,WogWb,,,,,wāɣ,wɑːɣ,7,From PU *wȣjV- 'see',
807-58-1,,807,58,tŏŋəmt-,tŏŋəmt-,t o ̆ ŋ ə m t,,DEWbOstj,,,,,tŏŋəmt-,tŏŋəmt-,8,,"'Know, understand, be able'"
901-58-1,,901,58,čəni̮dʹi,čəni̮dʹi,tʃ ə n ɯ dʲ i,,SlNgaRus,,,,,čəni̮dʹi,tʃənɯdʲi,9,,
902-58-1,,902,58,tyenyewə°,tyenyewə°,,,JurSWb,,,,,,,9,,
907-58-1,,907,58,tenəmə- ~ tünəmə- etc.,tenəmə- ~ tünəmə- etc.,t e n ə m ə,,SolkWb,,,,,"tenəmə-, tünəmə-","tenəmə-, tynəmə-",9,"Deriv. from ""teni ~ teńi"" 'mind, intellect'",
807-58-2,,807,58,onǝl-,onǝl-,o n ə l,,DEWbOstj,,,,,onəl-,onəl-,10,,"'Know, remember, keep in mind'"
401-58-2,,401,58,palem,palem,p ɑ l e m,,SMSk;TscherWb,,,,,palem,pɑlem,11,,
0-59-1,,0,59,*e-,*e-,,Verbal auxiliary stem,UEW;Sam88,,,,,,,1,,
101-59-1,,101,59,ij,ij,,,NSsNdb,,,,,,,1,,
102-59-1,,102,59,ii,ii,,,WbWlap,,,,,,,1,,3sg pres.
104-59-1,,104,59,ij,ij,,,EZ,,,,,,,1,,3sg pres.
105-59-1,,105,59,ii,ii,,,SSSg,,,,,,,1,,3sg pres.
106-59-1,,106,59,ij,ij,,,InsSSk,,,,,,,1,,
107-59-1,,107,59,ij,ij,,,SKosSk,,,,,,,1,,3sg pres.
108-59-1,,108,59,e-,e-,e,,WOLD,,,,,,e-,1,,
203-59-1,,203,59,ei,ei,e̞ j,,JL,,,,,,e̞j,1,,3sg pres.
204-59-1,,204,59,ei,ei,,,KKSV,,,,,,,1,,3sg pres.
207-59-1,,207,59,"ī, e-",ī,,,VVS,,,,,,,1,,"3sg pres. and stem, respectively"
207-59-2,,207,59,"ī, e-",e-,,,VVS,,,,,,,1,,"3sg pres. and stem, respectively"
208-59-1,,208,59,ei,ei,e i,,InkmSk,,,,,ei,ei,1,,
209-59-1,,209,59,ei,ei,e i,,VKJMS,,,,,ei,ei,1,,
210-59-1,,210,59,ei,ei,e i,,SVSk,,,,,,ei,1,,Pres. (all persons)
211-59-1,,211,59,ei ~ eiq,ei ~ eiq,,,VESr,,,,,,,1,,
212-59-1,,212,59,äʾb,äʾb,,,LivWb,,,,,,,1,,"Form used for 1,3sg, 1,3pl pres.; from BF *e-pä (neg.3sg.pres)"
301-59-1,,301,59,a,a,ɑ,,MordWb,,,,,a,ɑ,1,,Nonpast particle
401-59-1,,401,59,ok ~ oɣə̑š,ok ~ oɣə̑š,o k,,SMSk;TscherWb,,,,,"ok, oɣə̑š","ok, oɣəʃ",1,,3sg.pres; derivs.
501-59-1,,501,59,oz,oz,o z,,SyrjWsch,,,,,oz,oz,1,,3sg pres.
503-59-1,,503,59,abu,abu,ɑ b u,,KoPRSl,,,,,abu,ɑbu,1,,Neg. aux.
504-59-1,,504,59,uz,uz,u z,,WotjWsch,,,,,uz,uz,1,,3sg pres.
701-59-1,,701,59,at,at,ɑ t,,WogWb,,,,,at,ɑt,1,,
807-59-1,,807,59,"ənt, əntɜ ~ əntə",ənt,ə n t,,DEWbOstj,,,,,"ənt, əntə, əntə",ənt,1,,
807-59-2,,807,59,"ənt, əntɜ ~ əntə",əntɜ ~ əntə,ə n t,,DEWbOstj,,,,,"ənt, əntə, əntə","ənt, əntə, əntə",1,,
901-59-1,,901,59,"ńisi̮, ńintū",ńisi̮,ɲ i s ɯ,"Negative auxiliary verb and particle, respectively",SlNgaRus,,,,,"ńisi̮, ńintū",ɲisɯ,1,,
901-59-2,,901,59,"ńisi̮, ńintū",ńintū,ɲ i n t uː,"Negative auxiliary verb and particle, respectively",SlNgaRus,,,,,"ńisi̮, ńintū",ɲintuː,1,,
902-59-1,,902,59,nyisy°,nyisy°,,,JurSWb,,,,,,,1,,Negative auxiliary verb
907-59-1,,907,59,aśa ~ asə etc.,aśa ~ asə etc.,ɑ ɕ ɑ,,SolkWb,,,,,"aśa, asə","ɑɕɑ, ɑsə",1,,
601-59-1,,601,59,nem,nem,n ɛ m,,FMSz,,,,,,nɛm,2,,
503-59-2,,503,59,ńe,ńe,ɲ e,,KoPRSl,,,,,ńe,ɲe,3,"Russian is likely, clear source uncertain",
0-6-1,,0,6,*käli,*käli,,,UEW;Sam88,,,,,,,1,,
203-6-1,,203,6,kieli,kieli,k i e̯ l i,,JL,,,,,,kie̯li,1,,
204-6-1,,204,6,kieli,kieli,,,KKSV,,,,,,,1,,
207-6-1,,207,6,kelʹ,kelʹ,,,VVS,,,,,,,1,,
208-6-1,,208,6,kēli,kēli,k eː l i,,InkmSk,,,,,kēli,keːli,1,,
209-6-1,,209,6,tšēli,tšēli,tʃ eː l i,,VKJMS,,,,,čēli,tʃeːli,1,,
210-6-1,,210,6,keel,keel,k eː l,,SVSk,,,,,,keːl,1,,
211-6-1,,211,6,kiil',kiil',,,VESr,,,,,,,1,,
212-6-1,,212,6,kēlʹ,kēlʹ,,,LivWb,,,,,,,1,,
301-6-1,,301,6,kelʹ,kelʹ,k e ʎ,,MordWb,,,,,kelʹ,keʎ,1,,
501-6-1,,501,6,ki̮v,ki̮v,k ɯ v,,SyrjWsch,,,,,ki̮v,kɯv,1,,
503-6-1,,503,6,ki̮v,ki̮v,k ɯ v,,KoPRSl,,,,,ki̮v,kɯv,1,,
504-6-1,,504,6,ki̮l,ki̮l,k ɯ l,,WotjWsch,,,,,ki̮l,kɯl,1,,
901-6-1,,901,6,śiədʹə,śiədʹə,ɕ i ə dʲ ə,,SlNgaRus,,,,,śiədʹə,ɕiədʲə,1,,
907-6-1,,907,6,śē,śē,ɕ eː,,SolkWb,,,,,śē,ɕeː,1,,
101-6-1,,101,6,njoektjeme,njoektjeme,,,NSsNdb,,,,,,,2,,
102-6-1,,102,6,"njuaktjoo, njuaktjama",njuaktjoo,,,WbWlap,,,,,,,2,,
102-6-2,,102,6,"njuaktjoo, njuaktjama",njuaktjama,,,WbWlap,,,,,,,2,,
104-6-1,,104,6,njuoktjam,njuoktjam,,,EZ,,,,,,,2,,
105-6-1,,105,6,njuovčča,njuovčča,,,SSSg,,,,,,,2,NB giella  'language',
106-6-1,,106,6,njuovča,njuovča,,,InsSSk,,,,,,,2,,
107-6-1,,107,6,njuhččâm,njuhččâm,,,SKosSk,,,,,,,2,,
108-6-1,,108,6,njuxčem’,njuxčem’,ɲ u x t ʃ e mʲ,,WOLD,,,,,,ɲuxtʃemʲ,2,,
401-6-1,,401,6,jə̑lme,jə̑lme,j ə l m e,,SMSk;TscherWb,,,,,jə̑lme,jəlme,3,,
601-6-1,,601,6,nyelv,nyelv,ɲ ɛ l v,,FMSz,,,,,,ɲɛlv,3,,
701-6-1,,701,6,ńēləm ~ ńēlm,ńēləm ~ ńēlm,ɲ eː l ə m,,WogWb,,,,,"ńēləm, ńēlm","ɲeːləm, ɲeːlm",3,,
807-6-1,,807,6,ńäləm,ńäləm,ɲ æ l ə m,,DEWbOstj,,,,,ńäləm,ɲæləm,3,,
902-6-1,,902,6,nya°myu,nya°myu,,,JurSWb,,,,,,,4,"From compound ""nyah"" 'mouth', ""myu"" 'inside'",
0-60-1,,0,60,*powi̮(-li̮) ?,*powi̮ ?,,,UEW;Sam88,,,,,,,1,,
101-60-1,,101,60,boelve,boelve,,,NSsNdb,,,,,,,1,,
102-60-1,,102,60,bualˈva,bualˈva,,,WbWlap,,,,,,,1,,
104-60-1,,104,60,buallva,buallva,,,EZ,,,,,,,1,,
107-60-1,,107,60,puõlvv,puõlvv,,,SKosSk,,,,,,,1,,
108-60-1,,108,60,pūvvl,pūvvl,p uː vː l,,WOLD,,,,,,puːvːl,1,,
203-60-1,,203,60,polvi,polvi,p o̞ l ʋ i,,JL,,,,,,po̞lʋi,1,,
204-60-1,,204,60,polvi,polvi,,,KKSV,,,,,,,1,,
207-60-1,,207,60,polʹv,polʹv,,,VVS,,,,,,,1,,
208-60-1,,208,60,polvi,polvi,p o l v i,,InkmSk,,,,,polvi,polvi,1,,
209-60-1,,209,60,pe̮lvi,pe̮lvi,p ɤ l v i,,VKJMS,,,,,pe̮lvi,pɤlvi,1,,
210-60-1,,210,60,põlv,põlv,p ɤ l v,,SVSk,,,,,,pɤlv,1,,
211-60-1,,211,60,põlv',põlv',,,VESr,,,,,,,1,,
212-60-1,,212,60,pùola,pùola,,,LivWb,,,,,,,1,,
301-60-1,,301,60,kumaža,kumaža,k u m ɑ ʒ ɑ,,MordWb,,,,,kumaža,kumɑʒɑ,1,"Dissim. from earlier *pu(l)manža, cf. Moksha ""pulmańžä""",
401-60-1,,401,60,pulβuj,pulβuj,p u l β u j,,SMSk;TscherWb,,,,,pulβuj,pulβuj,1,,"Compounded with ""βuj"" 'head'"
901-60-1,,901,60,həagaj,həagaj,h ə ɑ ɡ ɑ j,"Without an *-l- element, deriv.",SlNgaRus,,,,,həagaj,həɑɡɑj,1,,
902-60-1,,902,60,púli°,púli°,,,JurSWb,,,,,,,1,,
907-60-1,,907,60,pūlə,pūlə,p uː l ə,,SolkWb,,,,,pūlə,puːlə,1,,
105-60-1,,105,60,čibbi,čibbi,,,SSSg,,,,,,,2,,
501-60-1,,501,60,piʒ́e̮s,piʒ́e̮s,p i dʑ ɤ s,,SyrjWsch,,,,,piʒ́e̮s,pidʑɤs,3,,
503-60-1,,503,60,piʒ́e̮s,piʒ́e̮s,p i dʑ ɤ s,,KoPRSl,,,,,piʒ́e̮s,pidʑɤs,3,,
504-60-1,,504,60,pi̮dʹes,pi̮dʹes,p ɯ dʲ e s,,WotjWsch,,,,,pi̮dʹes,pɯdʲes,3,,
601-60-1,,601,60,térd,térd,t eː r d,,FMSz,,,,,,teːrd,4,,
701-60-1,,701,60,sāns,sāns,s ɑː n s,,WogWb,,,,,sāns,sɑːns,5,,
807-60-1,,807,60,čäṇč,čäṇč,tʃ æ ɳ tʃ,,DEWbOstj,,,,,čäṇč,tʃæɳtʃ,5,,
106-60-1,,106,60,iida,iida,,,InsSSk,,,,,,,6,,
0-61-1,,0,61,[Not reconstructable],,,,UEW;Sam88,,,,,,,?,[Not reconstructable],
203-61-1,,203,61,hiekka,hiekka,h i e̯ kː ɑ,,JL,,,,,,hie̯kːɑ,1,,
204-61-1,,204,61,hiekka,hiekka,,,KKSV,,,,,,,1,,
207-61-1,,207,61,lʹete,lʹete,,,VVS,,,,,,,2,,
208-61-1,,208,61,līva,līva,l iː v ɑ,,InkmSk,,,,,līva,liːvɑ,3,,
209-61-1,,209,61,līv,līv,l iː v,,VKJMS,,,,,līv,liːv,3,,
210-61-1,,210,61,liiv,liiv,l iː v,,SVSk,,,,,,liːv ,3,,
211-61-1,,211,61,liiv,liiv,,,VESr,,,,,,,3,,
212-61-1,,212,61,je̮ùgə,je̮ùgə,,,LivWb,,,,,,,4,,
101-61-1,,101,61,saedtie,saedtie,,,NSsNdb,,,,,,,5,,
102-61-1,,102,61,sàddee,sàddee,,,WbWlap,,,,,,,5,,
104-61-1,,104,61,sádde,sádde,,,EZ,,,,,,,5,,
105-61-1,,105,61,sáttu,sáttu,,,SSSg,,,,,,,5,,
107-61-1,,107,61,vuõddâs,vuõddâs,,,SKosSk,,,,,,,6,,
108-61-1,,108,61,vūntas,vūntas,v uː n t a s,,WOLD,,,,,,vuːntas,6,,
301-61-1,,301,61,pesok,pesok,p e s o k,,MordWb,,,,,pesok,pesok,7,,
401-61-1,,401,61,ošma,ošma,o ʃ m ɑ,,SMSk;TscherWb,,,,,ošma,oʃmɑ,8,,
601-61-1,,601,61,homok,homok,h o m o k,,FMSz,,,,,,homok,9,,
701-61-1,,701,61,sēj,sēj,s eː j,,WogWb,,,,,sēj,seːj,11,,
701-61-2,,701,61,χis,χis,x i s,,WogWb,,,,,χis,xis,12,,
807-61-1,,807,61,săŋki̮,săŋki̮,s ɑ ̆ ŋ k ɯ,,DEWbOstj,,,,,săŋki̮,sɑ̆ŋkɯ,13,,
902-61-1,,902,61,təb°,təb°,,,JurSWb,,,,,,,14,,
907-61-1,,907,61,kōra,kōra,k oː r ɑ,,SolkWb,,,,,kōra,koːrɑ,15,,
106-61-1,,106,61,čunoi,čunoi,,,InsSSk,,,,,,,16,,
503-61-1,,503,61,pese̮k,pese̮k,p e s ɤ k,,KoPRSl,,,,,pese̮k,pesɤk,7,,
901-61-1,,901,61,dʹū,dʹū,dʲ uː,,SlNgaRus,,,,,dʹū,dʲuː,17,"Cognacy with Ud ""luo"" etc. improbable",
501-61-1,,501,61,li̮a,li̮a,l ɯ ɑ,,SyrjWsch,,,,,li̮a,lɯɑ,19,Cognacy with Finnic *līva improbable,
504-61-1,,504,61,luo,luo,l u o,,WotjWsch,,,,,luo,luo,19,Cognacy with Finnic *līva improbable,
0-62-1,,0,62,[Not reconstructable],,,PFU: *kuli̮- (?*kVwli̮-),UEW;Sam88,,,,,,,1,[Not reconstructable],
101-62-1,,101,62,govledh,govledh,,,NSsNdb,,,,,,,1,,
102-62-1,,102,62,gùllat,gùllat,,,WbWlap,,,,,,,1,,
104-62-1,,104,62,gullat,gullat,,,EZ,,,,,,,1,,
105-62-1,,105,62,gullat,gullat,,,SSSg,,,,,,,1,,
106-62-1,,106,62,kuullađ,kuullađ,,,InsSSk,,,,,,,1,,
107-62-1,,107,62,kuullâd,kuullâd,,,SKosSk,,,,,,,1,,
108-62-1,,108,62,kulle,kulle,k u lː e,,WOLD,,,,,,kulːe,1,,
203-62-1,,203,62,kuulla,kuulla,k uː lː ɑ,,JL,,,,,,kuːlːɑ,1,,
204-62-1,,204,62,kuulla,kuulla,,,KKSV,,,,,,,1,,
207-62-1,,207,62,kulda ~ kūda,kulda ~ kūda,,,VVS,,,,,,,1,,
208-62-1,,208,62,kūlla,kūlla,k uː lː ɑ,,InkmSk,,,,,kūlla,kuːlːɑ,1,,
209-62-1,,209,62,kūлe̮ma,kūлe̮ma,k uː l ɤ m ɑ,,VKJMS,,,,,kūle̮ma,kuːlɤmɑ,1,,
210-62-1,,210,62,kuulda,kuulda,k uː l t ɑ,,SVSk,,,,,,kuːltɑ,1,,
211-62-1,,211,62,kuuldma,kuuldma,,,VESr,,,,,,,1,,
212-62-1,,212,62,kūlə,kūlə,,,LivWb,,,,,,,1,,
301-62-1,,301,62,kulʹems,kulʹems,k u ʎ e m s,,MordWb,,,,,kulʹems,kuʎems,1,,
401-62-1,,401,62,kolam,kolam,k o l ɑ m,,SMSk;TscherWb,,,,,kolam,kolɑm,1,,
501-62-1,,501,62,ki̮vni̮,ki̮vni̮,k ɯ v n ɯ,,SyrjWsch,,,,,ki̮vni̮,kɯvnɯ,1,,
503-62-1,,503,62,ki̮vni̮,ki̮vni̮,k ɯ v n ɯ,,KoPRSl,,,,,ki̮vni̮,kɯvnɯ,1,,
504-62-1,,504,62,ki̮li̮ni̮,ki̮li̮ni̮,k ɯ l ɯ n ɯ,,WotjWsch,,,,,ki̮li̮ni̮,kɯlɯnɯ,1,,
701-62-1,,701,62,χūli,χūli,x uː l i,,WogWb,,,,,χūli,xuːli,1,,
807-62-1,,807,62,kɔl,kɔl,k ɔ l,,DEWbOstj,,,,,kɔl,kɔl,1,,
902-62-1,,902,62,nəmtə°,nəmtə°,,,JurSWb,,,,,,,2,,
901-62-1,,901,62,dʹindiśi,dʹindiśi,dʲ i n d i ɕ i,,SlNgaRus,,,,,dʹindiśi,dʲindiɕi,3,,
907-62-1,,907,62,üntə-,üntə-,y n t ə,,SolkWb,,,,,üntə-,yntə-,3,,
301-62-2,,301,62,maŕams,maŕams,m ɑ rʲ ɑ m s,,MordWb,,,,,maŕams,mɑrʲɑms,4,,
601-62-1,,601,62,hall,hall,h ɒ lː,,FMSz,,,,,,hɒlː,5,"From PFU *kunti̮-li̮- 'listen' (through intermediate “hadl”, attested)",
0-63-1,,0,63,[Not reconstructable],,,,UEW;Sam88,,,,,,,?,[Not reconstructable],
203-63-1,,203,63,nauraa,nauraa,n ɑ w r ɑː,,JL,,,,,,nɑwrɑː,1,,
204-63-1,,204,63,nakroa,nakroa,,,KKSV,,,,,,,1,,
207-63-1,,207,63,nagrda,nagrda,,,VVS,,,,,,,1,,
208-63-1,,208,63,nagrā,nagrā,n ɑ ɡ r ɑː,,InkmSk,,,,,nagrā,nɑɡrɑː,1,,
209-63-1,,209,63,nagre̮ma,nagre̮ma,n ɑ ɡ r ɤ m ɑ,,VKJMS,,,,,nagre̮ma,nɑɡrɤmɑ,1,,
210-63-1,,210,63,naerda,naerda,n ɑ e r t ɑ,,SVSk,,,,,,nɑertɑ,1,,
211-63-1,,211,63,"naardma, naarma",naardma,,,VESr,,,,,,,1,,
211-63-2,,211,63,"naardma, naarma",naarma,,,VESr,,,,,,,1,,
212-63-1,,212,63,naʾgrə,naʾgrə,,,LivWb,,,,,,,1,,
105-63-1,,105,63,boagustit,boagustit,,,SSSg,,,,,,,2,,
106-63-1,,106,63,"poav'vustiđ, povustiđ, povvastiđ",poav'vustiđ,,,InsSSk,,,,,,,2,,
106-63-2,,106,63,"poav'vustiđ, povustiđ, povvastiđ",povustiđ,,,InsSSk,,,,,,,2,,
106-63-3,,106,63,"poav'vustiđ, povustiđ, povvastiđ",povvastiđ,,,InsSSk,,,,,,,2,,
107-63-1,,107,63,påǥsted ~ pååǥǥsted,påǥsted ~ pååǥǥsted,,,SKosSk,,,,,,,2,,
102-63-1,,102,63,tjaimadiht,tjaimadiht,,,WbWlap,,,,,,,3,,
104-63-1,,104,63,"tjájbmat, tjájmadit",tjájbmat,,,EZ,,,,,,,3,,"'Smile, laugh'"
104-63-2,,104,63,"tjájbmat, tjájmadit",tjájmadit,,,EZ,,,,,,,3,,"'Smile, laugh'"
105-63-2,,105,63,čaibmat,čaibmat,,,SSSg,,,,,,,3,,
301-63-1,,301,63,pejdʹems,pejdʹems,p e j dʲ e m s,,MordWb,,,,,pejdʹems,pejdʲems,4,,
401-63-1,,401,63,βoštə̑lam,βoštə̑lam,β o ʃ t ə l ɑ m,,SMSk;TscherWb,,,,,βoštə̑lam,βoʃtəlɑm,5,,
501-63-1,,501,63,śeravni̮,śeravni̮,ɕ e r ɑ v n ɯ,,SyrjWsch,,,,,śeravni̮,ɕerɑvnɯ,6,,
503-63-1,,503,63,seravni̮,seravni̮,s e r ɑ v n ɯ,,KoPRSl,,,,,seravni̮,serɑvnɯ,6,,
504-63-1,,504,63,śerekjani̮,śerekjani̮,ɕ e r e k j ɑ n ɯ,,WotjWsch,,,,,śerekjani̮,ɕerekjɑnɯ,6,,
601-63-1,,601,63,nevet,nevet,n ɛ v ɛ t,,FMSz,,,,,,nɛvɛt,7,In Medieval Hu with initial m-,
701-63-1,,701,63,muwali,muwali,m u w ɑ l i,,WogWb,,,,,muwali,muwɑli,7,,
807-63-1,,807,63,ḷi̮səɣ-,ḷi̮səɣ-,ɭ ɯ s ə ɣ,,DEWbOstj,,,,,ḷi̮səɣ-,ɭɯsəɣ-,8,,
901-63-1,,901,63,hidʹiśi,hidʹiśi,h i dʲ i ɕ i,,SlNgaRus,,,,,hidʹiśi,hidʲiɕi,9,,
902-63-1,,902,63,pyisyəncy°,pyisyəncy°,,,JurSWb,,,,,,,9,,
907-63-1,,907,63,pisəj-,pisəj-,p i s ə j,,SolkWb,,,,,pisəj-,pisəj-,9,,
101-63-1,,101,63,föörhkedidh,föörhkedidh,,,NSsNdb,,,,,,,10,,
301-63-2,,301,63,rakams,rakams,r ɑ k ɑ m s,,MordWb,,,,,rakams,rɑkɑms,11,,
108-63-1,,108,63,sījjne,sījjne,s iː jː n e,,WOLD,,,,,,siːjːne,13,,
0-64-1,,0,64,*maɣi̮,*maɣi̮,,,UEW;Sam88,,,,,,,1,,
203-64-1,,203,64,maa,maa,m ɑː,,JL,,,,,,mɑː,1,,
204-64-1,,204,64,moa,moa,,,KKSV,,,,,,,1,,
207-64-1,,207,64,ma,ma,,,VVS,,,,,,,1,,
208-64-1,,208,64,mā,mā,m ɑː,,InkmSk,,,,,mā,mɑː,1,,
209-64-1,,209,64,mā,mā,m ɑː,,VKJMS,,,,,mā,mɑː,1,,
210-64-1,,210,64,maa,maa,m ɑː,,SVSk,,,,,,mɑː,1,,
211-64-1,,211,64,maa,maa,,,VESr,,,,,,,1,,
212-64-1,,212,64,mɔ̄,mɔ̄,,,LivWb,,,,,,,1,,
401-64-1,,401,64,mlande,mlande,m l ɑ n d e,,SMSk;TscherWb,,,,,mlande,mlɑnde,1,"From ""mə̑-lande""; first part probably from PU *maɣi̮; latter part from PFP *li̮nti̮ 'pasture'",
501-64-1,,501,64,mu,mu,m u,,SyrjWsch,,,,,mu,mu,1,,
503-64-1,,503,64,mu,mu,m u,,KoPRSl,,,,,mu,mu,1,,
504-64-1,,504,64,"mu, muz",mu,m u,Latter deriv.,WotjWsch,,,,,"mu, muz",mu,1,,
504-64-2,,504,64,"mu, muz",muz,m u z,Latter deriv.,WotjWsch,,,,,"mu, muz",muz,1,,
701-64-1,,701,64,mā,mā,m ɑː,,WogWb,,,,,mā,mɑː,1,,
807-64-1,,807,64,məɣ,məɣ,m ə ɣ,,DEWbOstj,,,,,məɣ,məɣ,1,,
901-64-1,,901,64,mou,mou,m o u,,SlNgaRus,,,,,mou,mou,1,,
101-64-1,,101,64,eatneme,eatneme,,,NSsNdb,,,,,,,2,,
102-64-1,,102,64,eädˈnama,eädˈnama,,,WbWlap,,,,,,,2,,
104-64-1,,104,64,ednam,ednam,,,EZ,,,,,,,2,,
105-64-1,,105,64,eana,eana,,,SSSg,,,,,,,2,,
106-64-1,,106,64,eennam,eennam,,,InsSSk,,,,,,,2,,
107-64-1,,107,64,jânnam,jânnam,,,SKosSk,,,,,,,2,,
301-64-1,,301,64,moda,moda,m o d ɑ,"Also proposed From FV *muδa 'mud', cf. Fin ""muta"" 'id.'",MordWb,,,,,moda,modɑ,3,vanLinde2007: Most likely borrowed during PFV period,
601-64-1,,601,64,föld,föld,f ø l d,,FMSz,,,,,,føld,4,,
902-64-1,,902,64,ya,ya,,,JurSWb,,,,,,,5,,
907-64-1,,907,64,čuə̑ččə,čuə̑ččə,tʃ u ə tʃː ə,,SolkWb,,,,,čuə̑ččə,tʃuətʃːə,7,,
108-64-1,,108,64,lavv’n,lavv’n,l a vːʲ n,,WOLD,,,,,,lavːʲn,8,,
101-64-2,,101,64,jåarta,jåarta,,,NSsNdb,,,,,,,9,,
0-65-1,,0,65,*wasa ?,*wasa ?,,Only found in Finnic and Sd; connection uncertain,UEW;Sam88,,,,,,,1,,
203-65-1,,203,65,vasen,vasen,ʋ ɑ s e̞ n,,JL,,,,,,ʋɑse̞n,1,,
204-65-1,,204,65,vasen,vasen,,,KKSV,,,,,,,1,,
210-65-1,,210,65,vasak,vasak,v ɑ s ɑ k,,SVSk,,,,,,vɑsɑk,1,,
901-65-1,,901,65,bətiə,bətiə,b ə t i ə,,SlNgaRus,,,,,bətiə,bətiə,1,,
907-65-1,,907,65,"kuə̑ti, kuə̑tikä",kuə̑ti,k u ə t i,Latter deriv.,SolkWb,,,,,"kuə̑ti, kuə̑tikä",kuəti,1,,
907-65-2,,907,65,"kuə̑ti, kuə̑tikä",kuə̑tikä,k u ə t i k æ,Latter deriv.,SolkWb,,,,,"kuə̑ti, kuə̑tikä",kuətikæ,1,,
204-65-2,,204,65,hura,hura,,,KKSV,,,,,,,2,Not cognate with Finnic “kura”,
207-65-1,,207,65,hura,hura,,,VVS,,,,,,,2,Not cognate with Finnic “kura”,
208-65-1,,208,65,kura,kura,k u r ɑ,,InkmSk,,,,,kura,kurɑ,3,Not cognate with Finnic “hura”,
209-65-1,,209,65,kura,kura,k u r ɑ,,VKJMS,,,,,kura,kurɑ,3,Not cognate with Finnic “hura”,
211-65-1,,211,65,kura,kura,,,VESr,,,,,,,3,,
212-65-1,,212,65,kurà,kurà,,,LivWb,,,,,,,3,,
106-65-1,,106,65,čižet,čižet,,,InsSSk,,,,,,,4,,
107-65-1,,107,65,čiʹǯǯ- ~ čiʹǯs-,čiʹǯǯ- ~ čiʹǯs-,,,SKosSk,,,,,,,4,,
108-65-1,,108,65,činč,činč,t ʃ i n t ʃ,,WOLD,,,,,,tʃintʃ,4,,
301-65-1,,301,65,kerš,kerš,k e r ʃ,,MordWb,,,,,kerš,kerʃ,5,PreMr < *kerši < (proto) Baltic *kreišas,
401-65-1,,401,65,šola,šola,ʃ o l ɑ,,SMSk;TscherWb,,,,,šola,ʃolɑ,6,,
501-65-1,,501,65,šujga,šujga,ʃ u j ɡ ɑ,,SyrjWsch,,,,,šujga,ʃujɡɑ,7,,
503-65-1,,503,65,šulʹga,šulʹga,ʃ u ʎ ɡ ɑ,,KoPRSl,,,,,šulʹga,ʃuʎɡɑ,7,,
504-65-1,,504,65,palʹlʹan,palʹlʹan,p ɑ ʎː ɑ n,,WotjWsch,,,,,palʹlʹan,pɑʎːɑn,8,"Comp., earlier lit. 'left-side'; ending from Tatar ""jan"" 'side'",
601-65-1,,601,65,bal,bal,b ɒ l,,FMSz,,,,,,bɒl,9,,
701-65-1,,701,65,wōrti-pal,wōrti-pal,w oː r t i p ɑ l,,WogWb,,,,,wōrti-pal,woːrti-pɑl,10,"Comp; ""wōrti"" 'support', ""pal"" 'side' (cognacy according to modifier ""wōrti"")",
807-65-1,,807,65,pəɣi,pəɣi,p ə ɣ i,,DEWbOstj,,,,,pəɣi,pəɣi,11,,
902-65-1,,902,65,syata-nyaŋi°,syata-nyaŋi°,,,JurSWb,,,,,,,12,,Lit. 'on the side of one's face'
209-65-2,,209,65,pahe̮p,pahe̮p,p ɑ h ɤ p,,VKJMS,,,,,pahe̮p,pɑhɤp,13,,
101-65-1,,101,65,gårroeh,gårroeh,,,NSsNdb,,,,,,,3,,
102-65-1,,102,65,gårroo,gårroo,,,WbWlap,,,,,,,3,,
104-65-1,,104,65,gåro,gåro,,,EZ,,,,,,,3,,
105-65-1,,105,65,gurut,gurut,,,SSSg,,,,,,,3,,
0-66-1,,0,66,[Not reconstructable],,,,UEW;Sam88,,,,,,,?,[Not reconstructable],
203-66-1,,203,66,punainen,punainen,p u n ɑ i n e̞ n,,JL,,,,,,punɑine̞n,1,,
208-66-1,,208,66,pun̆nain,pun̆nain,p u ɳ n ɑ i n,,InkmSk,,,,,puňnain,puɳnɑin,1,,"'Brown, red'"
209-66-1,,209,66,puna,puna,p u n ɑ,,VKJMS,,,,,puna,punɑ,1,,"Noun, 'redness'"
210-66-1,,210,66,punane,punane,p u n ɑ n e,,SVSk,,,,,,punɑne,1,,
212-66-1,,212,66,puʾnni,puʾnni,,,LivWb,,,,,,,1,,
204-66-1,,204,66,ruskie,ruskie,,,KKSV,,,,,,,2,"Cf. Fin ""ruskea"" 'brown'",
207-66-1,,207,66,rusked,rusked,,,VVS,,,,,,,2,"Cf. Fin ""ruskea"" 'brown'",
101-66-1,,101,66,rööpses,rööpses,,,NSsNdb,,,,,,,3,,
102-66-1,,102,66,ruapˈsada,ruapˈsada,,,WbWlap,,,,,,,3,,
104-66-1,,104,66,ruappsat/ruäppsat,ruappsat,,,EZ,,,,,,,3,,
104-66-2,,104,66,ruappsat/ruäppsat,ruäppsat,,,EZ,,,,,,,3,,
105-66-1,,105,66,ruoksat,ruoksat,,,SSSg,,,,,,,3,,
106-66-1,,106,66,ruop'sad,ruop'sad,,,InsSSk,,,,,,,3,,
107-66-1,,107,66,ruõpssâd,ruõpssâd,,,SKosSk,,,,,,,3,,
108-66-1,,108,66,rūppse,rūppse,r uː pː s e,,WOLD,,,,,,ruːpːse,3,,
301-66-1,,301,66,jakstʹeŕe,jakstʹeŕe,j ɑ k s tʲ e rʲ e,,MordWb,,,,,jakstʹeŕe,jɑkstʲerʲe,5,,
401-66-1,,401,66,"joškar, joškarɣe",joškar,j o ʃ k ɑ r,Former attr.,SMSk;TscherWb,,,,,"joškar, joškarɣe",joʃkɑr,5,,
401-66-2,,401,66,"joškar, joškarɣe",joškarɣe,j o ʃ k ɑ r ɣ e,Former attr.,SMSk;TscherWb,,,,,"joškar, joškarɣe",joʃkɑrɣe,5,,
501-66-1,,501,66,ge̮rd,ge̮rd,ɡ ɤ r d,,SyrjWsch,,,,,ge̮rd,ɡɤrd,6,,
503-66-1,,503,66,ge̮rd,ge̮rd,ɡ ɤ r d,,KoPRSl,,,,,ge̮rd,ɡɤrd,6,,
504-66-1,,504,66,gord,gord,ɡ o r d,,WotjWsch,,,,,gord,ɡord,6,,
601-66-1,,601,66,piros,piros,p i r o ʃ,,FMSz,,,,,,piroʃ,7,,
211-66-1,,211,66,verrev,verrev,,,VESr,,,,,,,8,,
601-66-2,,601,66,vörös,vörös,v ø r ø ʃ,,FMSz,,,,,,vørøʃ,8,,
701-66-1,,701,66,wiɣər,wiɣər,w i ɣ ə r,,WogWb,,,,,wiɣər,wiɣər,8,,
807-66-1,,807,66,wertǝ,wertǝ,w e r t ə,,DEWbOstj,,,,,wertə,wertə,8,,
701-66-2,,701,66,nērp,nērp,n eː r p,,WogWb,,,,,nērp,neːrp,9,,
902-66-1,,902,66,nyar°ya°,nyar°ya°,,,JurSWb,,,,,,,10,,"Verb, 'be red'"
907-66-1,,907,66,ńārqə,ńārqə,ɲ ɑː r q ə,,SolkWb,,,,,ńārqə,ɲɑːrqə,10,,
209-66-2,,209,66,kauniz,kauniz,k ɑ u n i z,,VKJMS,,,,,kauniz,kɑuniz,11,From common Finnic *kaunis 'beautiful',
901-66-1,,901,66,dʹabakuo ~ dʹabaˀkuo,dʹabakuo ~ dʹabaˀkuo,dʲ ɑ b ɑ k u o,,SlNgaRus,,,,,"dʹabakuo, dʹabaˀkuo","dʲɑbɑkuo, dʲɑbɑʔkuo",12,,
0-67-1,,0,67,*maksa,*maksa,,,UEW;Sam88,,,,,,,1,,
101-67-1,,101,67,mueksie,mueksie,,,NSsNdb,,,,,,,1,,
102-67-1,,102,67,müeksee,müeksee,,,WbWlap,,,,,,,1,,
203-67-1,,203,67,maksa,maksa,m ɑ k s ɑ,,JL,,,,,,mɑksɑ,1,,
204-67-1,,204,67,maksa,maksa,,,KKSV,,,,,,,1,,
207-67-1,,207,67,maks,maks,,,VVS,,,,,,,1,,
208-67-1,,208,67,maksa,maksa,m ɑ k s ɑ,,InkmSk,,,,,maksa,mɑksɑ,1,,
209-67-1,,209,67,mahs,mahs,m ɑ h s,,VKJMS,,,,,mahs,mɑhs,1,,
210-67-1,,210,67,maks,maks,m ɑ k s,,SVSk,,,,,,mɑks,1,,
211-67-1,,211,67,mass,mass,,,VESr,,,,,,,1,,
212-67-1,,212,67,maksà,maksà,,,LivWb,,,,,,,1,,
301-67-1,,301,67,makso,makso,m ɑ k s o,,MordWb,,,,,makso,mɑkso,1,,
401-67-1,,401,67,mokš,mokš,m o k ʃ,,SMSk;TscherWb,,,,,mokš,mokʃ,1,,
501-67-1,,501,67,mus,mus,m u s,,SyrjWsch,,,,,mus,mus,1,,
503-67-1,,503,67,mus,mus,m u s,Stem “musk-”,KoPRSl,,,,,mus,mus,1,,
504-67-1,,504,67,mus,mus,m u s,,WotjWsch,,,,,mus,mus,1,,
601-67-1,,601,67,máj,máj,m aː j,,FMSz,,,,,,maːj,1,,
701-67-1,,701,67,mājt,mājt,m ɑː j t,,WogWb,,,,,mājt,mɑːjt,1,,
807-67-1,,807,67,muɣəl,muɣəl,m u ɣ ə l,,DEWbOstj,,,,,muɣəl,muɣəl,1,,
901-67-1,,901,67,mitə,mitə,m i t ə,,SlNgaRus,,,,,mitə,mitə,1,,
902-67-1,,902,67,mid°,mid°,,,JurSWb,,,,,,,1,,
907-67-1,,907,67,mī̮tə,mī̮tə,m ɯː t ə,,SolkWb,,,,,mī̮tə,mɯːtə,1,,
105-67-1,,105,67,vuoivvas,vuoivvas,,,SSSg,,,,,,,2,,
106-67-1,,106,67,vuoivas,vuoivas,,,InsSSk,,,,,,,2,,
107-67-1,,107,67,vuõivâs,vuõivâs,,,SKosSk,,,,,,,2,,
108-67-1,,108,67,vūjvas,vūjvas,v uː j v a s,,WOLD,,,,,,vuːjvas,2,,
101-67-2,,101,67,librie,librie,,,NSsNdb,,,,,,,3,,
102-67-2,,102,67,ribˈree,ribˈree,,,WbWlap,,,,,,,3,Assimil.: *l...r > “r...r”,
104-67-1,,104,67,ribbre,ribbre,,,EZ,,,,,,,3,Assimil.: *l...r > “r...r”,
209-67-2,,209,67,petšoŋk,petšoŋk,p e tʃ o ŋ k,,VKJMS,,,,,pečoŋk,petʃoŋk,4,,
0-68-1,,0,68,[Not reconstructable],,,"*sala- mainly 'steal' in PU? (UEW: 'hide, conceal, steal')",UEW;Sam88,,,,,,,?,[Not reconstructable],
203-68-1,,203,68,piilottaa,piilottaa,p iː l o t̪ː ɑː,,JL,,,,,,piːlot̪ːɑː,1,,
203-68-2,,203,68,kätkeä,kätkeä,k æ t̪ k e̞ æ,,JL,,,,,,kæt̪ke̞æ,2,,
204-68-1,,204,68,kätkie,kätkie,,,KKSV,,,,,,,2,,
301-68-1,,301,68,kekšems,kekšems,k e k ʃ e m s,,MordWb,,,,,kekšems,kekʃems,2,,
204-68-2,,204,68,peitteä,peitteä,,,KKSV,,,,,,,3,,
207-68-1,,207,68,pītta,pītta,,,VVS,,,,,,,3,,
208-68-1,,208,68,peittǟ,peittǟ,p e i tː æː,Form from Saarove village,InkmSk,,,,,peittǟ,peitːæː,3,,
210-68-1,,210,68,ära peita,ära peita,æ r ɑ p e i tː ɑ,,SVSk,,,,,,ærɑ peitːɑ,3,,"""Ära"" 'away', (perfective)"
212-68-1,,212,68,gläʾbbə,gläʾbbə,,,LivWb,,,,,,,4,"Cf. Latv ""glabāt""",
101-68-1,,101,68,tjïekedh,tjïekedh,,,NSsNdb,,,,,,,5,,
102-68-1,,102,68,tjiahkat,tjiahkat,,,WbWlap,,,,,,,5,,
104-68-1,,104,68,tjehkat,tjehkat,,,EZ,,,,,,,5,,
105-68-1,,105,68,čiehkat,čiehkat,,,SSSg,,,,,,,5,,
106-68-1,,106,68,čiehađ,čiehađ,,,InsSSk,,,,,,,5,,
107-68-1,,107,68,čiõkkâd,čiõkkâd,,,SKosSk,,,,,,,5,,
108-68-1,,108,68,čīgke,čīgke,t ʃ iː gː e,,WOLD,,,,,,tʃiːgːe,5,,
401-68-1,,401,68,šə̑ltem,šə̑ltem,ʃ ə l t e m,,SMSk;TscherWb,,,,,šə̑ltem,ʃəltem,6,,
501-68-1,,501,68,"saike̮dni̮, saimovtni̮",saike̮dni̮,s ɑ i k ɤ d n ɯ,,SyrjWsch,,,,,"saike̮dni̮, saimovtni̮",sɑikɤdnɯ,7,"Derivs. from ""sai"" 'backside, behind'; from PFP *saja 'shadow'",
501-68-2,,501,68,"saike̮dni̮, saimovtni̮",saimovtni̮,s ɑ i m o v t n ɯ,,SyrjWsch,,,,,"saike̮dni̮, saimovtni̮",sɑimovtnɯ,7,"Derivs. from ""sai"" 'backside, behind'; from PFP *saja 'shadow'",
501-68-3,,501,68,ʒ́ebni̮,ʒ́ebni̮,dʑ e b n ɯ,,SyrjWsch,,,,,ʒ́ebni̮,dʑebnɯ,8,,
503-68-1,,503,68,"ʒ́ebni̮, ʒ́ebavni̮",ʒ́ebni̮,dʑ e b n ɯ,,KoPRSl,,,,,"ʒ́ebni̮, ʒ́ebavni̮",dʑebnɯ,8,,
503-68-2,,503,68,"ʒ́ebni̮, ʒ́ebavni̮",ʒ́ebavni̮,dʑ e b ɑ v n ɯ,,KoPRSl,,,,,"ʒ́ebni̮, ʒ́ebavni̮",dʑebɑvnɯ,8,,
504-68-1,,504,68,vati̮ni̮,vati̮ni̮,v ɑ t ɯ n ɯ,,WotjWsch,,,,,vati̮ni̮,vɑtɯnɯ,9,,
601-68-1,,601,68,(el)rejt,rejt,ɛ r r ɛ j t,,FMSz,,,,,,(ɛr)rɛjt,10,,"""El"" is prefix, also used without"
701-68-1,,701,68,tūjti,tūjti,t uː j t i,,WogWb,,,,,tūjti,tuːjti,11,,
401-68-2,,401,68,tojem,tojem,t o j e m,,SMSk;TscherWb,,,,,tojem,tojem,12,,
902-68-1,,902,68,təkəlcy°,təkəlcy°,,,JurSWb,,,,,,,13,,
907-68-1,,907,68,oćəŋ-,oćəŋ-,o tɕ ə ŋ,,SolkWb,,,,,oćəŋ-,otɕəŋ-,14,,
601-68-2,,601,68,eldug,eldug,ɛ l d u ɡ,,FMSz,,,,,,ɛlduɡ,15,,"""El"" is prefix"
807-68-1,,807,68,kăńitǝ-,kăńitǝ-,k ɑ ̆ ɲ i t ə,,DEWbOstj,,,,,kăńitə-,kɑ̆ɲitə-,16,,
211-68-1,,211,68,paotama,paotama,,,VESr,,,,,,,17,,
209-68-1,,209,68,saлautte̮ma,saлautte̮ma,s ɑ l ɑ u tː ɤ m ɑ,,VKJMS,,,,,salautte̮ma,sɑlɑutːɤmɑ,18,From PU *sala- 'steal' > Finnic 'conceal' etc.,
209-68-2,,209,68,ke̮rjama,ke̮rjama,k ɤ r j ɑ m ɑ,,VKJMS,,,,,ke̮rjama,kɤrjɑmɑ,19,,
101-68-2,,101,68,vöörhkedh,vöörhkedh,,,NSsNdb,,,,,,,20,,
901-68-1,,901,68,čīdʹa,čīdʹa,tʃ iː dʲ ɑ,,SlNgaRus,,,,,čīdʹa,tʃiːdʲɑ,21,,
107-68-2,,107,68,peiʹtted,peiʹtted,,,SKosSk,,,,,,,3,"Loan from Finnic, cf. Est ""(ära) peita""",
102-69-1,,102,69,[Form not found],,,,WbWlap,,,,,,,?,[Form not found],
203-69-1,,203,69,iho,iho,i ɦ o̞,,JL,,,,,,iɦo̞,1,,
208-69-1,,208,69,iho,iho,i h o,,InkmSk,,,,,iho,iho,1,,
209-69-1,,209,69,iho,iho,i h o,,EESR,,,,,iho,iho,1,,
211-69-1,,211,69,iho,iho,,,VESr,,,,,,,1,,
204-69-1,,204,69,hipie,hipie,,,KKSV,,,,,,,2,,
207-69-1,,207,69,hibi,hibi,,,VVS,,,,,,,2,,
208-69-2,,208,69,hibjä,hibjä,h i b j æ,,InkmSk,,,,,hibjä,hibjæ,2,,
210-69-1,,210,69,nahk,nahk,n ɑ h k,,SVSk,,,,,,nɑhk,3,,
211-69-2,,211,69,nahk,nahk,,,VESr,,,,,,,3,,
212-69-1,,212,69,nɔ̄ʾgə(z),nɔ̄ʾgə,,,LivWb,,,,,,,3,,
105-69-1,,105,69,liiki,liiki,,,SSSg,,,,,,,4,"Cf. Fin ""liha"" 'flesh, meat'",
106-69-1,,106,69,liške,liške,,,InsSSk,,,,,,,4,"Cf. Fin ""liha"" 'flesh, meat'",
107-69-1,,107,69,leʹšǩǩ,leʹšǩǩ,,,SKosSk,,,,,,,4,"Cf. Fin ""liha"" 'flesh, meat'",
301-69-1,,301,69,kiśke,kiśke,k i ɕ k e,,MordWb,,,,,kiśke,kiɕke,5,,
401-69-1,,401,69,koβašte,koβašte,k o β ɑ ʃ t e,,SMSk;TscherWb,,,,,koβašte,koβɑʃte,6,,
0-69-1,,0,69,*kopa,*kopa,,,UEW;Sam88,,,,,,,7,,
501-69-1,,501,69,ku,ku,k u,,SyrjWsch,,,,,ku,ku,7,,
503-69-1,,503,69,kućik,kućik,k u tɕ i k,,KoPRSl,,,,,kućik,kutɕik,7,Deriv. from PU *kopa,
504-69-1,,504,69,ku,ku,k u,,WotjWsch,,,,,ku,ku,7,,
901-69-1,,901,69,kuhuo,kuhuo,k u h u o,,SlNgaRus,,,,,kuhuo,kuhuo,7,,
907-69-1,,907,69,qopə,qopə,q o p ə,,SolkWb,,,,,qopə,qopə,7,,
601-69-1,,601,69,bőr,bőr,b øː r,,FMSz,,,,,,bøːr,8,"From PU *perV 'skin, rind'?",
701-69-1,,701,69,sow,sow,s o w,,WogWb,,,,,sow,sow,9,"From PFU *śuka 'rind, skin, hide'",
807-69-1,,807,69,sŏɣ,sŏɣ,s o ̆ ɣ,,DEWbOstj,,,,,sŏɣ,sŏɣ,9,"From PFU *śuka 'rind, skin, hide'",
301-69-2,,301,69,kedʹ,kedʹ,k e dʲ,,MordWb,,,,,kedʹ,kedʲ,10,,
902-69-1,,902,69,ŋaya,ŋaya,,"'Skin, body'",JurSWb,,,,,,,11,,
108-69-1,,108,69,tūllj,tūllj,t uː ʎː,,WOLD,,,,,,tuːʎː,12,,
208-69-3,,208,69,tēla,tēla,t eː l ɑ,,InkmSk,,,,,tēla,teːlɑ,13,,
101-69-1,,101,69,njaltja ~ njaltje,njaltja ~ njaltje,,,NSsNdb,,,,,,,14,,
104-69-1,,104,69,náhkke,náhkke,,,EZ,,,,,,,3,,
0-7-1,,0,7,*weri,*weri,,PFU: *wiri,UEW;Sam88,,,,,,,1,,
101-7-1,,101,7,vïrre,vïrre,,,NSsNdb,,,,,,,1,,
102-7-1,,102,7,varra,varra,,,WbWlap,,,,,,,1,,
104-7-1,,104,7,varra,varra,,,EZ,,,,,,,1,,
105-7-1,,105,7,varra,varra,,,SSSg,,,,,,,1,,
106-7-1,,106,7,vorra,vorra,,,InsSSk,,,,,,,1,,
107-7-1,,107,7,võrr,võrr,,,SKosSk,,,,,,,1,,
108-7-1,,108,7,vērr,vērr,v eː rː,,WOLD,,,,,,veːrː,1,,
203-7-1,,203,7,veri,veri,ʋ e̞ r i,,JL,,,,,,ʋe̞ri,1,,
204-7-1,,204,7,veri,veri,,,KKSV,,,,,,,1,,
207-7-1,,207,7,veŕi,veŕi,,,VVS,,,,,,,1,,
208-7-1,,208,7,veri,veri,v e r i,,InkmSk,,,,,veri,veri,1,,
209-7-1,,209,7,veri,veri,v e r i,,VKJMS,,,,,veri,veri,1,,
210-7-1,,210,7,veri,veri,v e r i,,SVSk,,,,,,veri,1,,
211-7-1,,211,7,veri,veri,,,VESr,,,,,,,1,,
212-7-1,,212,7,veʾr,veʾr,,,LivWb,,,,,,,1,,
301-7-1,,301,7,veŕ,veŕ,v e rʲ,,MordWb,,,,,veŕ,verʲ,1,,
401-7-1,,401,7,βür,βür,β y r,,SMSk;TscherWb,,,,,βür,βyr,1,,
501-7-1,,501,7,vir,vir,v i r,,SyrjWsch,,,,,vir,vir,1,,
503-7-1,,503,7,vir,vir,v i r,,KoPRSl,,,,,vir,vir,1,,
504-7-1,,504,7,vir,vir,v i r,,WotjWsch,,,,,vir,vir,1,,
601-7-1,,601,7,vér,vér,v eː r,,FMSz,,,,,,veːr,1,,
701-7-1,,701,7,wiɣər,wiɣər,w i ɣ ə r,,WogWb,,,,,wiɣər,wiɣər,1,,
807-7-1,,807,7,wər,wər,w ə r,,DEWbOstj,,,,,wər,wər,1,,
701-7-2,,701,7,kēlp,kēlp,k eː l p,,WogWb,,,,,kēlp,keːlp,2,,
901-7-1,,901,7,kam,kam,k ɑ m,,SlNgaRus,,,,,kam,kɑm,3,,
907-7-1,,907,7,ke̮m,ke̮m,k ɤ m,,SolkWb,,,,,ke̮m,kɤm,3,,
902-7-1,,902,7,weya,weya,,,JurSWb,,,,,,,4,,
901-70-1,,901,70,[Form not found],,,,SlNgaRus,,,,,,,?,[Form not found],
0-70-1,,0,70,*imi- ~ *ńimi-,*imi- ~ *ńimi-,,,UEW;Sam88,,,,,,,1,,
101-70-1,,101,70,njammedh,njammedh,,,NSsNdb,,,,,,,1,,
102-70-1,,102,70,njammat,njammat,,,WbWlap,,,,,,,1,,
104-70-1,,104,70,njammat,njammat,,,EZ,,,,,,,1,,
105-70-1,,105,70,njammat,njammat,,,SSSg,,,,,,,1,,
106-70-1,,106,70,njoammađ,njoammađ,,,InsSSk,,,,,,,1,,
107-70-1,,107,70,njiimmâd,njiimmâd,,,SKosSk,,,,,,,1,,
108-70-1,,108,70,njumme,njumme,ɲ u mː e,,WOLD,,,,,,ɲumːe,1,,
203-70-1,,203,70,imeä,imeä,i m e̞ æ,,JL,,,,,,ime̞æ,1,,
204-70-1,,204,70,imie,imie,,,KKSV,,,,,,,1,,
207-70-1,,207,70,imda,imda,,,VVS,,,,,,,1,,
208-70-1,,208,70,im̆mīä,im̆mīä,i m ̆ m iː æ,,InkmSk,,,,,im̆mīä,im̆miːæ,1,,
209-70-1,,209,70,imemä,imemä,i m e m æ,,VKJMS,,,,,imemä,imemæ,1,,
210-70-1,,210,70,imeda,imeda,i m e t ɑ,,SVSk,,,,,,imetɑ,1,,
211-70-1,,211,70,imemä,imemä,,,VESr,,,,,,,1,,
212-70-1,,212,70,iʾmmə,iʾmmə,,,LivWb,,,,,,,1,,
503-70-1,,503,70,ńimavni̮,ńimavni̮,ɲ i m ɑ v n ɯ,,KoPRSl,,,,,ńimavni̮,ɲimɑvnɯ,1,,
807-70-1,,807,70,em-,em-,e m,,DEWbOstj,,,,,em-,em-,1,,
902-70-1,,902,70,nyimnye°,nyimnye°,,,JurSWb,,,,,,,1,,
907-70-1,,907,70,ńim-,ńim-,ɲ i m,,SolkWb,,,,,ńim-,ɲim-,1,,
301-70-1,,301,70,potʹams,potʹams,p o tʲ ɑ m s,,MordWb,,,,,potʹams,potʲɑms,2,,
401-70-1,,401,70,šupšam,šupšam,ʃ u p ʃ ɑ m,,SMSk;TscherWb,,,,,šupšam,ʃupʃɑm,3,,
501-70-1,,501,70,ńońavni̮,ńońavni̮,ɲ o ɲ ɑ v n ɯ,,SyrjWsch,,,,,ńońavni̮,ɲoɲɑvnɯ,4,,
504-70-1,,504,70,noni̮ni̮,noni̮ni̮,n o n ɯ n ɯ,,WotjWsch,,,,,noni̮ni̮,nonɯnɯ,4,,
601-70-1,,601,70,szopik,szopik,s o p i k,,FMSz,,,,,,sopik,5,,
601-70-2,,601,70,szív,szív,s iː v,,FMSz,,,,,,siːv,6,,
701-70-1,,701,70,sipɣi,sipɣi,s i p ɣ i,,WogWb,,,,,sipɣi,sipɣi,7,,
0-71-1,,0,71,*kanta-,*kanta-,,,UEW;Sam88,,,,,,,1,,
101-71-1,,101,71,guedtedh,guedtedh,,,NSsNdb,,,,,,,1,,
102-71-1,,102,71,güedˈdeet,güedˈdeet,,,WbWlap,,,,,,,1,,
104-71-1,,104,71,guäddet,guäddet,,,JL;EZ,,,,,,,1,,
105-71-1,,105,71,guoddit,guoddit,,,SSSg,,,,,,,1,,
106-71-1,,106,71,kyed'diđ,kyed'diđ,,,InsSSk,,,,,,,1,,
107-71-1,,107,71,kueʹdˈded,kueʹdˈded,,,SKosSk,,,,,,,1,,
108-71-1,,108,71,kūnn’te,kūnn’te,k uː nːʲ t e,,WOLD,,,,,,kuːnːʲte,1,,
203-71-1,,203,71,kantaa,kantaa,k ɑ n̪ t̪ ɑː,,JL,,,,,,kɑn̪t̪ɑː,1,,
204-71-1,,204,71,kantoa,kantoa,,,KKSV,,,,,,,1,,
207-71-1,,207,71,kanta ~ kantta,kanta ~ kantta,,,VVS,,,,,,,1,,
208-71-1,,208,71,kantā,kantā,k ɑ n t ɑː,,InkmSk,,,,,kantā,kɑntɑː,1,,
209-71-1,,209,71,kante̮ma,kante̮ma,k ɑ n t ɤ m ɑ,,VKJMS,,,,,kante̮ma,kɑntɤmɑ,1,,
210-71-1,,210,71,kanda,kanda,k ɑ n t ɑ,,SVSk,,,,,,kɑntɑ,1,,
211-71-1,,211,71,kandma,kandma,,,VESr,,,,,,,1,,
212-71-1,,212,71,kandə,kandə,,,LivWb,,,,,,,1,,
301-71-1,,301,71,kandoms,kandoms,k ɑ n d o m s,,MordWb,,,,,kandoms,kɑndoms,1,,
401-71-1,,401,71,kondem,kondem,k o n d e m,,SMSk;TscherWb,,,,,kondem,kondem,1,,'Carry here'
902-71-1,,902,71,xana°,xana°,,,JurSWb,,,,,,,1,,
907-71-1,,907,71,quə̑ntə-,quə̑ntə-,q u ə n t ə,,SolkWb,,,,,quə̑ntə-,quəntə-,1,,
501-71-1,,501,71,novli̮ni̮,novli̮ni̮,n o v l ɯ n ɯ,,SyrjWsch,,,,,novli̮ni̮,novlɯnɯ,2,,
503-71-1,,503,71,novje̮tni̮,novje̮tni̮,n o v j ɤ t n ɯ,,KoPRSl,,,,,novje̮tni̮,novjɤtnɯ,2,,
504-71-1,,504,71,nulli̮ni̮,nulli̮ni̮,n u lː ɯ n ɯ,,WotjWsch,,,,,nulli̮ni̮,nulːɯnɯ,2,,
601-71-1,,601,71,hord,hord,h o r d,,FMSz,,,,,,hord,3,,
701-71-1,,701,71,ālmi,ālmi,ɑː l m i,,WogWb,,,,,ālmi,ɑːlmi,4,From PU *älV- 'carry',
807-71-1,,807,71,ält-,ält-,æ l t,,DEWbOstj,,,,,ält-,ælt-,4,From PU *älV- 'carry',
701-71-2,,701,71,ōńśi,ōńśi,oː ɲ ɕ i,,WogWb,,,,,ōńśi,oːɲɕi,5,,
807-71-2,,807,71,täl-,täl-,t æ l,,DEWbOstj,,,,,täl-,tæl-,6,,
601-71-2,,601,71,cipel,cipel,t͡s i p ɛ l,,FMSz,,,,,,t͡sipɛl,7,,
901-71-1,,901,71,mi̮ndi̮si̮,mi̮ndi̮si̮,m ɯ n d ɯ s ɯ,,SlNgaRus,,,,,mi̮ndi̮si̮,mɯndɯsɯ,8,,
401-71-2,,401,71,numalam,numalam,n u m ɑ l ɑ m,,SMSk;TscherWb,,,,,numalam,numɑlɑm,9,,'Carry (objects)'
501-71-2,,501,71,ne̮bavni̮,ne̮bavni̮,n ɤ b ɑ v n ɯ,,SyrjWsch,,,,,ne̮bavni̮,nɤbɑvnɯ,10,"Deriv. from ""ne̮b"" 'load, burden'",
209-71-2,,209,71,ve̮mä,ve̮mä,v ɤ m æ,Should be “vēmä”?,VKJMS,,,,,ve̮mä,vɤmæ,11,,
0-72-1,,0,72,[Not reconstructable],,,UEW: PU *kučV only in Ug and Sd,UEW;Sam88,,,,,,,?,[Not reconstructable],
901-72-1,,901,72,[Form not found],,,,SlNgaRus,,,,,,,?,[Form not found],
203-72-1,,203,72,muurahainen,muurahainen,m uː r ɑ ɦ ɑ i n e n,,JL,,,,,,muːrɑɦɑinen,1,,
204-72-1,,204,72,muurahaine,muurahaine,,,KKSV,,,,,,,1,,
207-72-1,,207,72,murhāńe,murhāńe,,,VVS,,,,,,,1,,
208-72-1,,208,72,mūrahain,mūrahain,m uː r ɑ h ɑ i n,,InkmSk,,,,,mūrahain,muːrɑhɑin,1,,
209-72-1,,209,72,sipp(e)likas,sipplikas,s i pː l i k ɑ s,,VKJMS,,,,,"sipplikas, sippelikas",sipːlikɑs,2,,
210-72-1,,210,72,sipelgas,sipelgas,s i pː e l k ɑ s,,SVSk,,,,,,sipːelkɑs,2,Onomatopoetic origin suggested in EES,
211-72-1,,211,72,sipõrlanõ,sipõrlanõ,,,VESr,,,,,,,2,,
212-72-1,,212,72,siprikki,siprikki,,,LivWb,,,,,,,2,,
101-72-1,,101,72,garhke,garhke,,,NSsNdb,,,,,,,3,,
102-72-1,,102,72,gådhka,gådhka,,,WbWlap,,,,,,,3,,
104-72-1,,104,72,gåttkå,gåttkå,,,JL;EZ,,,,,,,3,,
105-72-1,,105,72,gotka,gotka,,,SSSg,,,,,,,3,,
106-72-1,,106,72,kutka,kutka,,,InsSSk,,,,,,,3,,
107-72-1,,107,72,kotkk,kotkk,,,SKosSk,,,,,,,3,,
108-72-1,,108,72,kōttk,kōttk,k oː tː k,,WOLD,,,,,,koːtːk,3,,
211-72-2,,211,72,kuklanõ,kuklanõ,,,VESr,,,,,,,3,,
301-72-1,,301,72,kotkudav,kotkudav,k o t k u d ɑ v,,MordWb,,,,,kotkudav,kotkudɑv,3,,
401-72-1,,401,72,kutko,kutko,k u t k o,,SMSk;TscherWb,,,,,kutko,kutko,3,,
501-72-1,,501,72,"koʒ́uv-kot, kot",koʒ́uv-kot,k o dʑ u v k o t,,SyrjWsch,,,,,"koʒ́uv-kot, kot",kodʑuv-kot,3,Comp. connected based on end part,
501-72-2,,501,72,"koʒ́uv-kot, kot",kot,k o t,,SyrjWsch,,,,,"koʒ́uv-kot, kot",kot,3,Comp. connected based on end part,
501-72-3,,501,72,koʒ́uv,koʒ́uv,k o dʑ u v,,SyrjWsch,,,,,koʒ́uv,kodʑuv,4,,
503-72-1,,503,72,ke̮ʒ́i̮v,ke̮ʒ́i̮v,k ɤ dʑ ɯ v,,KoPRSl,,,,,ke̮ʒ́i̮v,kɤdʑɯv,4,,
504-72-1,,504,72,kuźilʹi,kuźilʹi,k u ʑ i ʎ i,,WotjWsch,,,,,kuźilʹi,kuʑiʎi,4,,
601-72-1,,601,72,hangya,hangya,h ɒ ɲ ɟ ɒ,,FMSz,,,,,,hɒɲɟɒ,4,,
701-72-1,,701,72,χōswoj,χōswoj,x oː sʷ o j,,WogWb,,,,,χōswoj,xoːsʷoj,5,Deriv. of PU *kučV,
807-72-1,,807,72,kočŋi̮,kočŋi̮,k o tʃ ŋ ɯ,,DEWbOstj,,,,,kočŋi̮,kotʃŋɯ,5,Deriv. of PU *kučV,
902-72-1,,902,72,xudumka,xudumka,,,JurSWb,,,,,,,5,Deriv. of PU *kučV,
907-72-1,,907,72,qi̮ča,qi̮ča,q ɯ tʃ ɑ,,SolkWb,,,,,qi̮ča,qɯtʃɑ,5,,
211-72-3,,211,72,pintslanõ,pintslanõ,,,VESr,,,,,,,6,,
0-73-1,,0,73,[Not reconstructable],,,,UEW;Sam88,,,,,,,?,[Not reconstructable],
203-73-1,,203,73,raskas,raskas,r ɑ s k ɑ s,,JL,,,,,,rɑskɑs,1,,
204-73-1,,204,73,raskas,raskas,,,KKSV,,,,,,,1,,
208-73-1,,208,73,raskaz,raskaz,r ɑ s k ɑ z,,InkmSk,,,,,raskaz,rɑskɑz,1,,
209-73-1,,209,73,raskà,raskà,r ɑ s k à,,VKJMS,,,,,raskà,rɑskà,1,,
210-73-1,,210,73,raske,raske,r ɑ s k e,,SVSk,,,,,,rɑske,1,,
211-73-1,,211,73,rassõ,rassõ,,,VESr,,,,,,,1,,
203-73-2,,203,73,painava,painava,p ɑ i n ɑ ʋ ɑ,,JL,,,,,,pɑinɑʋɑ,2,,
209-73-2,,209,73,painuke̮ᴢ,painuke̮ᴢ,p ɑ i n u k ɤ z̥,,VKJMS,,,,,painuke̮ᴢ,pɑinukɤz̥,2,,
204-73-2,,204,73,jykie,jykie,,,KKSV,,,,,,,3,,
207-73-1,,207,73,jyged,jyged,,,VVS,,,,,,,3,,
101-73-1,,101,73,"leevles ~ löövles, lyövlehke",leevles ~ löövles,,,NSsNdb,,,,,,,4,,
101-73-2,,101,73,"leevles ~ löövles, lyövlehke",lyövlehke,,,NSsNdb,,,,,,,4,,
212-73-1,,212,73,lǟlam,lǟlam,,,LivWb,,,,,,,4,,
401-73-1,,401,73,nele ~ lele,nele ~ lele,n e l e,,SMSk;TscherWb,,,,,"nele, lele","nele, lele",4,,
102-73-1,,102,73,låssada,låssada,,,WbWlap,,,,,,,5,,
104-73-1,,104,73,"luossis, låssåt",luossis,,,JL;EZ,,,,,,,5,,
104-73-2,,104,73,"luossis, låssåt",låssåt,,,JL;EZ,,,,,,,5,,
105-73-1,,105,73,lossat,lossat,,,SSSg,,,,,,,5,,
106-73-1,,106,73,lussad,lussad,,,InsSSk,,,,,,,5,,
107-73-1,,107,73,lossâd,lossâd,,,SKosSk,,,,,,,5,,
108-73-1,,108,73,lōss’es’,lōss’es’,l oː sːʲ e sʲ,,WOLD,,,,,,loːsːʲesʲ,5,,
301-73-1,,301,73,staka,staka,s t ɑ k ɑ,,MordWb,,,,,staka,stɑkɑ,6,,
501-73-1,,501,73,śe̮ki̮d,śe̮ki̮d,ɕ ɤ k ɯ d,,SyrjWsch,,,,,śe̮ki̮d,ɕɤkɯd,7,,
503-73-1,,503,73,śe̮ki̮t,śe̮ki̮t,ɕ ɤ k ɯ t,,KoPRSl,,,,,śe̮ki̮t,ɕɤkɯt,7,,
504-73-1,,504,73,śeki̮t,śeki̮t,ɕ e k ɯ t,,WotjWsch,,,,,śeki̮t,ɕekɯt,7,,
601-73-1,,601,73,nehéz,nehéz,n ɛ ɦ eː z,,FMSz,,,,,,nɛɦeːz,8,,
601-73-2,,601,73,súlyos,súlyos,ʃ uː j o ʃ,,FMSz,,,,,,ʃuːjoʃ,9,,
701-73-1,,701,73,tārwitəŋ,tārwitəŋ,t ɑː rʷ i t ə ŋ,,WogWb,,,,,tārwitəŋ,tɑːrʷitəŋ,10,,
807-73-1,,807,73,läɣərt,läɣərt,l æ ɣ ə r t,,DEWbOstj,,,,,läɣərt,læɣərt,10,,
901-73-1,,901,73,səŋkutuo,səŋkutuo,s ə ŋ k u t u o,,SlNgaRus,,,,,səŋkutuo,səŋkutuo,11,,
902-73-1,,902,73,səŋkowocy°,səŋkowocy°,,,JurSWb,,,,,,,11,,'Be heavy (v.)'
907-73-1,,907,73,se̮ččəm,se̮ččəm,s ɤ tʃː ə m,,SolkWb,,,,,se̮ččəm,sɤtʃːəm,12,,
211-73-2,,211,73,kaalsa,kaalsa,,,VESr,,,,,,,13,,
208-73-2,,208,73,raŋkka,raŋkka,r ɑ ŋ kː ɑ,,InkmSk,,,,,raŋkka,rɑŋkːɑ,14,,
0-74-1,,0,74,[Not reconstructable],,,PFU: *wiɣi-,UEW;Sam88,,,,,,,?,[Not reconstructable],
203-74-1,,203,74,ottaa,ottaa,o t̪ː ɑː,,JL,,,,,,ot̪ːɑː,1,,
204-74-1,,204,74,ottoa,ottoa,,,KKSV,,,,,,,1,,
207-74-1,,207,74,otta,otta,,,VVS,,,,,,,1,,
208-74-1,,208,74,ottā,ottā,o tː ɑː,,InkmSk,,,,,ottā,otːɑː,1,,
209-74-1,,209,74,ve̮tte̮ma,ve̮tte̮ma,v ɤ tː ɤ m ɑ,,VKJMS,,,,,ve̮tte̮ma,vɤtːɤmɑ,1,,
210-74-1,,210,74,võtta,võtta,v ɤ tː ɑ,,SVSk,,,,,,vɤtːɑ,1,,
211-74-1,,211,74,võtma,võtma,,,VESr,,,,,,,1,,
212-74-1,,212,74,ve̮ttə,ve̮ttə,,,LivWb,,,,,,,1,,
101-74-1,,101,74,vaeltedh,vaeltedh,,,NSsNdb,,,,,,,2,Cf. North Ger *walđa-,
102-74-1,,102,74,vàlldeet,vàlldeet,,,WbWlap,,,,,,,2,Cf. North Ger *walđa-,
104-74-1,,104,74,válldet,válldet,,,EZ,,,,,,,2,,
105-74-1,,105,74,váldit,váldit,,,SSSg,,,,,,,2,Cf. North Ger *walđa-,
106-74-1,,106,74,väldiđ,väldiđ,,,InsSSk,,,,,,,2,Cf. North Ger *walđa-,
107-74-1,,107,74,väʹldded,väʹldded,,,SKosSk,,,,,,,2,Cf. North Ger *walđa-,
108-74-1,,108,74,vāll’te,vāll’te,v aː lːʲ t e,,WOLD,,,,,,vaːlːʲte,2,Cf. North Ger *walđa-,
301-74-1,,301,74,sajems,sajems,s ɑ j e m s,,MordWb,,,,,sajems,sɑjems,3,Borrowed probably into PU,
401-74-1,,401,74,nalam,nalam,n ɑ l ɑ m,,SMSk;TscherWb,,,,,nalam,nɑlɑm,4,,
501-74-1,,501,74,bośtni̮,bośtni̮,b o ɕ t n ɯ,,SyrjWsch,,,,,bośtni̮,boɕtnɯ,5,,
503-74-1,,503,74,bośtni̮,bośtni̮,b o ɕ t n ɯ,,KoPRSl,,,,,bośtni̮,boɕtnɯ,5,,Also 'buy'
504-74-1,,504,74,baśti̮ni̮,baśti̮ni̮,b ɑ ɕ t ɯ n ɯ,,WotjWsch,,,,,baśti̮ni̮,bɑɕtɯnɯ,5,,
601-74-1,,601,74,vesz,vesz,v ɛ s,,FMSz,,,,,,vɛs,6,,Also 'buy'
701-74-1,,701,74,wiɣ,wiɣ,w i ɣ,,WogWb,,,,,wiɣ,wiɣ,6,,
807-74-1,,807,74,wə-,wə-,w ə,,DEWbOstj,,,,,wə-,wə-,6,,
902-74-1,,902,74,mesy°,mesy°,,,JurSWb,,,,,,,7,,
907-74-1,,907,74,ī-,ī-,iː,,SolkWb,,,,,ī-,iː-,8,,
601-74-2,,601,74,fog,fog,f o ɡ,,FMSz,,,,,,foɡ,9,,"'Grasp, catch, take'"
901-74-1,,901,74,ŋohüləsa,ŋohüləsa,ŋ o h y l ə s ɑ,,SlNgaRus,,,,,ŋohüləsa,ŋohyləsɑ,9,,
0-75-1,,0,75,[Not reconstructable],,,Cf. PU *oma? 'former'?,UEW;Sam88,,,,,,,?,[Not reconstructable],
203-75-1,,203,75,vanha,vanha,ʋ ɑ n x ɑ,Proto-Germanic origin of the Finnic words rejected in LÄGLOS,JL,,,,,,ʋɑnxɑ,1,,
204-75-1,,204,75,vanha ~ vahna,vanha ~ vahna,,,KKSV,,,,,,,1,,
207-75-1,,207,75,vanh,vanh,,,VVS,,,,,,,1,,
208-75-1,,208,75,vanha,vanha,v ɑ n h ɑ,,InkmSk,,,,,vanha,vɑnhɑ,1,,
209-75-1,,209,75,vana,vana,v ɑ n ɑ,,VKJMS,,,,,vana,vɑnɑ,1,,
210-75-1,,210,75,vana,vana,v ɑ n ɑ,,SVSk,,,,,,vɑnɑ ,1,,
211-75-1,,211,75,vana,vana,,,VESr,,,,,,,1,,
212-75-1,,212,75,vanà,vanà,,,LivWb,,,,,,,1,,
101-75-1,,101,75,båeries,båeries,,,NSsNdb,,,,,,,2,Loan from Indo-Ir *para-,
102-75-1,,102,75,båårès,båårès,,,WbWlap,,,,,,,2,Loan from Indo-Ir *para-,
105-75-1,,105,75,boaris,boaris,,,SSSg,,,,,,,2,Loan from Indo-Ir *para-,
106-75-1,,106,75,poaris,poaris,,,InsSSk,,,,,,,2,Loan from Indo-Ir *para-,
107-75-1,,107,75,puäʹres,puäʹres,,,SKosSk,,,,,,,2,Loan from Indo-Ir *para-,
108-75-1,,108,75,puer’es’,puer’es’,p u e rʲ e sʲ,,WOLD,,,,,,puerʲesʲ,2,Loan from Indo-Ir *para-,
504-75-1,,504,75,pereś,pereś,p e r e ɕ,,WotjWsch,,,,,pereś,pereɕ,2,,
102-75-2,,102,75,å̀bmee,å̀bmee,,,WbWlap,,,,,,,3,,
104-75-1,,104,75,åbme,åbme,,,EZ,,,,,,,3,,
105-75-2,,105,75,oamis,oamis,,,SSSg,,,,,,,3,,
107-75-2,,107,75,vuäʹmes,vuäʹmes,,,SKosSk,,,,,,,3,,
101-75-2,,101,75,voeres,voeres,,,NSsNdb,,,,,,,4,Cf. Lith “võras”,
102-75-3,,102,75,vuaras,vuaras,,,WbWlap,,,,,,,4,Cf. Lith “võras”,
104-75-2,,104,75,vuoras,vuoras,,,EZ,,,,,,,4,,
108-75-2,,108,75,vūras,vūras,v uː r a s,,WOLD,,,,,,vuːras,4,Cf. Lith “võras”,
301-75-1,,301,75,siŕe,siŕe,s i rʲ e,,MordWb,,,,,siŕe,sirʲe,5,"Possibly connected to Hung ""öreg""",
301-75-2,,301,75,kezeŕeń,kezeŕeń,k e z e rʲ e ɲ,,MordWb,,,,,kezeŕeń,kezerʲeɲ,6,"Cf. Turkic: Khakas ""ker”",
401-75-1,,401,75,šoŋɣo,šoŋɣo,ʃ o ŋ ɣ o,,SMSk;TscherWb,,,,,šoŋɣo,ʃoŋɣo,7,"Cogn. with Hung ""agg"" 'aged man, very old'",'Old person'
601-75-1,,601,75,öreg,öreg,ø r ɛ ɡ,,FMSz,,,,,,ørɛɡ,8,"Possibly connected to Mord ""siŕe""",Of people
701-75-1,,701,75,jis,jis,j i s,,WogWb,,,,,jis,jis,9,,
701-75-2,,701,75,matəm,matəm,m ɑ t ə m,,WogWb,,,,,matəm,mɑtəm,10,,
401-75-2,,401,75,tošto,tošto,t o ʃ t o,,SMSk;TscherWb,,,,,tošto,toʃto,11,,
907-75-1,,907,75,mēntälʹ,mēntälʹ,m eː n t æ ʎ,,SolkWb,,,,,mēntälʹ,meːntæʎ,12,,
601-75-2,,601,75,régi,régi,r eː ɡ i,,FMSz,,,,,,reːɡi,13,,Of things
807-75-1,,807,75,ǝs,ǝs,ə s,,DEWbOstj,,,,,əs,əs,14,,
902-75-1,,902,75,nyew°xi°,nyew°xi°,,,JurSWb,,,,,,,15,,
901-75-1,,901,75,manuədʹə̄,manuədʹə̄,m ɑ n u ə dʲ əː,,SlNgaRus,,,,,manuədʹə̄,mɑnuədʲəː,16,,"Of things; deriv. from ”manu” 'before, earlier'"
807-75-2,,807,75,pi̮rəs,pi̮rəs,p ɯ r ə s,,DEWbOstj,,,,,pi̮rəs,pɯrəs,2,,
901-75-2,,901,75,bəjkua,bəjkua,b ə j k u ɑ,,SlNgaRus,,,,,bəjkua,bəjkuɑ,17,,Of people
501-75-1,,501,75,pe̮ri̮ś,pe̮ri̮ś,p ɤ r ɯ ɕ,,SyrjWsch;Holop18;LAGLOS,,,,,pe̮ri̮ś,pɤrɯɕ,2,"Not cognate with saamic, parallel borrowing? Needs to be assessed. *porɜ 'old' Khanty equivalent loan from Komi",
503-75-1,,503,75,pe̮riś,pe̮riś,p ɤ r i ɕ,,KoPRSl;Holop18;LAGLOS,,,,,pe̮riś,pɤriɕ,2,"Not cognate with saamic, parallel borrowing? Needs to be assessed. *porɜ 'old' Khanty equivalent loan from Komi",Of people
501-75-2,,501,75,važ,važ,v ɑ ʒ,,SyrjWsch;Saar18,,,,,važ,vɑʒ,1,"Likely borrowed from Finnic. *wanša < germanic *wanha- 'crooked, bent'",
503-75-2,,503,75,važ,važ,v ɑ ʒ,,KoPRSl;Saar18,,,,,važ,vɑʒ,1,"Likely borrowed from Finnic. *wanša < germanic *wanha- 'crooked, bent'",Of things
504-75-2,,504,75,vuž,vuž,v u ʒ,,WotjWsch;Saar18,,,,,vuž,vuʒ,1,"Likely borrowed from Finnic. *wanša < germanic *wanha- 'crooked, bent'",
0-76-1,,0,76,*sewi-,*sewi-,,PFU: *sewi-,UEW;Sam88,,,,,,,1,,
203-76-1,,203,76,syödä,syödä,s y ø̞ d æ,,JL,,,,,,syø̞dæ,1,,
204-76-1,,204,76,syyvä,syyvä,,,KKSV,,,,,,,1,,
207-76-1,,207,76,śödä,śödä,,,VVS,,,,,,,1,,
208-76-1,,208,76,sȫv̆vä,sȫv̆vä,s øː v ̆ v æ,,InkmSk,,,,,sȫv̆vä,søːv̆væ,1,,
209-76-1,,209,76,sǖmä,sǖmä,s yː m æ,,VKJMS,,,,,sǖmä,syːmæ,1,,
210-76-1,,210,76,süüa,süüa,s yː ɑ,,SVSk,,,,,,syːɑ,1,,
211-76-1,,211,76,süümä,süümä,,,VESr,,,,,,,1,,
212-76-1,,212,76,sìedə,sìedə,,,LivWb,,,,,,,1,,
301-76-1,,301,76,sevems,sevems,s e v e m s,,MordWb,,,,,sevems,sevems,1,,
501-76-1,,501,76,śojni̮,śojni̮,ɕ o j n ɯ,,SyrjWsch,,,,,śojni̮,ɕojnɯ,1,“Ś-” corresponds irregurarly with other FU forms,
503-76-1,,503,76,śojni̮,śojni̮,ɕ o j n ɯ,,KoPRSl,,,,,śojni̮,ɕojnɯ,1,“Ś-” corresponds irregurarly with other FU forms,
504-76-1,,504,76,śii̮ni̮,śii̮ni̮,ɕ i ɯ n ɯ,,WotjWsch,,,,,śii̮ni̮,ɕiɯnɯ,1,“Ś-” corresponds irregurarly with other FU forms,
601-76-1,,601,76,eszik,eszik,ɛ s i k,,FMSz,,,,,,ɛsik,1,,
701-76-1,,701,76,tēɣ,tēɣ,t eː ɣ,,WogWb,,,,,tēɣ,teːɣ,1,,
807-76-1,,807,76,li-,li-,l i,,DEWbOstj,,,,,li-,li-,1,,"'Eat, drink, burn'"
101-76-1,,101,76,bårredh,bårredh,,,NSsNdb,,,,,,,2,,
102-76-1,,102,76,bårrat,bårrat,,,WbWlap,,,,,,,2,,
104-76-1,,104,76,bårråt,bårråt,,,EZ,,,,,,,2,,
105-76-1,,105,76,borrat,borrat,,,SSSg,,,,,,,2,,
106-76-1,,106,76,purrađ,purrađ,,,InsSSk,,,,,,,2,,
107-76-1,,107,76,poorrâd,poorrâd,,,SKosSk,,,,,,,2,,
108-76-1,,108,76,pōrre,pōrre,p oː rː e,,WOLD,,,,,,poːrːe,2,,
301-76-2,,301,76,jarsams,jarsams,j ɑ r s ɑ m s,,MordWb,,,,,jarsams,jɑrsɑms,3,,
401-76-1,,401,76,kočkam,kočkam,k o tʃ k ɑ m,,SMSk;TscherWb,,,,,kočkam,kotʃkɑm,4,,
901-76-1,,901,76,ŋəmsa,ŋəmsa,ŋ ə m s ɑ,,SlNgaRus,,,,,ŋəmsa,ŋəmsɑ,5,,
902-76-1,,902,76,ŋəmcy°,ŋəmcy°,,,JurSWb,,,,,,,5,,
907-76-1,,907,76,am-,am-,ɑ m,,SolkWb,,,,,am-,ɑm-,5,,
0-77-1,,0,77,[Not reconstructable],,,PFU: *küsi,UEW;Sam88,,,,,,,?,[Not reconstructable],
901-77-1,,901,77,[Form not found],,,,SlNgaRus,,,,,,,?,[Form not found],
203-77-1,,203,77,paksu,paksu,p ɑ k s u,,JL,,,,,,pɑksu,1,,
204-77-1,,204,77,paksu,paksu,,,KKSV,,,,,,,1,,
208-77-1,,208,77,paksu,paksu,p ɑ k s u,,InkmSk,,,,,paksu,pɑksu,1,,
209-77-1,,209,77,paksu,paksu,p ɑ k s u,,VKJMS,,,,,paksu,pɑksu,1,,
210-77-1,,210,77,paks,paks,p ɑ k s,,SVSk,,,,,,pɑks,1,,
211-77-1,,211,77,paks,paks,,,VESr,,,,,,,1,,
207-77-1,,207,77,jared,jared,,,VVS,,,,,,,2,,
209-77-2,,209,77,jämiä,jämiä,j æ m i æ,,VKJMS,,,,,jämiä,jæmiæ,3,,
212-77-1,,212,77,jaʾmdə,jaʾmdə,,,LivWb,,,,,,,3,,
104-77-1,,104,77,assás ~ assas,assás ~ assas,,,EZ,,,,,,,4,,
105-77-1,,105,77,asˈsái,asˈsái,,,SSSg,,,,,,,4,,
106-77-1,,106,77,assaa,assaa,,,InsSSk,,,,,,,4,,
101-77-1,,101,77,gïsse,gïsse,,,NSsNdb,,,,,,,5,,Of round things and people
102-77-1,,102,77,gissaga,gissaga,,,WbWlap,,,,,,,5,,
104-77-2,,104,77,gassak,gassak,,,EZ,,,,,,,5,,
105-77-2,,105,77,gassat,gassat,,,SSSg,,,,,,,5,,
107-77-1,,107,77,kõss(âd),kõss,,Longer form deriv.,SKosSk,,,,,,,5,,
108-77-1,,108,77,kēss,kēss,k eː sː,,WOLD,,,,,,keːsː,5,,
401-77-1,,401,77,küžɣö,küžɣö,k y ʒ ɣ ø,,SMSk;TscherWb,,,,,küžɣö,kyʒɣø,5,,
501-77-1,,501,77,ki̮z,ki̮z,k ɯ z,,SyrjWsch,,,,,ki̮z,kɯz,5,,
503-77-1,,503,77,ki̮z,ki̮z,k ɯ z,,KoPRSl,,,,,ki̮z,kɯz,5,,
807-77-1,,807,77,kö̆l,kö̆l,k ø ̆ l,,DEWbOstj,,,,,kö̆l,kø̆l,5,,
101-77-2,,101,77,jassijes,jassijes,,,NSsNdb,,,,,,,6,,Of flat things
102-77-2,,102,77,jissaja,jissaja,,,WbWlap,,,,,,,6,,
301-77-1,,301,77,ečke,ečke,e tʃ k e,,MordWb,,,,,ečke,etʃke,7,"From PFP *ičV 'big, thick'",
209-77-3,,209,77,krūtoi,krūtoi,k r uː t o i,,VKJMS,,,,,krūtoi,kruːtoi,8,,
807-77-2,,807,77,eṇəki,eṇəki,e ɳ ə k i,,DEWbOstj,,,,,eṇəki,eɳəki,9,,
601-77-1,,601,77,vastag,vastag,v ɒ ʃ t ɒ ɡ,,FMSz,,,,,,vɒʃtɒɡ,10,,
701-77-1,,701,77,osəŋ,osəŋ,o s ə ŋ,,WogWb,,,,,osəŋ,osəŋ,11,,
504-77-1,,504,77,ze̮k,ze̮k,z ɤ k,,WotjWsch,,,,,ze̮k,zɤk,12,,
902-77-1,,902,77,nyaŋocy°,nyaŋocy°,,,JurSWb,,,,,,,13,,'Be thick (v.)'
907-77-1,,907,77,ńaŋtu,ńaŋtu,ɲ ɑ ŋ t u,,SolkWb,,,,,ńaŋtu,ɲɑŋtu,13,,
0-78-1,,0,78,[Not reconstructable],,,,UEW;Sam88,,,,,,,?,[Not reconstructable],
104-78-1,,104,78,[Form not found],,,,EZ,,,,,,,?,[Form not found],
701-78-1,,701,78,[Form not found],,,,WogWb,,,,,,,?,[Form not found],
901-78-1,,901,78,[Form not found],,,,SlNgaRus,,,,,,,?,[Form not found],
102-78-1,,102,78,ruaida,ruaida,,,WbWlap,,,,,,,1,,"Meaning of 'thigh' unclear ('shank, leg' instead?)"
107-78-1,,107,78,ruõidd,ruõidd,,,SKosSk,,,,,,,1,,
203-78-1,,203,78,reisi,reisi,r e̞ j s i,,JL,,,,,,re̞jsi,1,,
204-78-1,,204,78,reisi,reisi,,,KKSV,,,,,,,1,,
207-78-1,,207,78,reiž,reiž,,,VVS,,,,,,,1,,
208-78-1,,208,78,reiz,reiz,r e i z,,InkmSk,,,,,reiz,reiz,1,,
209-78-1,,209,78,reisi,reisi,r e i s i,,VKJMS,,,,,reisi,reisi,1,,
210-78-1,,210,78,reis,reis,r e i s,,SVSk,,,,,,reis,1,,
105-78-1,,105,78,badjeváhkká,badjeváhkká,,,SSSg,,,,,,,2,,
107-78-2,,107,78,čeʹbb,čeʹbb,,,SKosSk,,,,,,,3,,
301-78-1,,301,78,pukšo,pukšo,p u k ʃ o,,MordWb,,,,,pukšo,pukʃo,4,"Probably connected with Fin ""pohje"" 'calf'",
401-78-1,,401,78,erδe,erδe,e r ð e,,SMSk;TscherWb,,,,,erδe,erðe,5,,
601-78-1,,601,78,comb,comb,t͡s o m b,,FMSz,,,,,,t͡somb,6,,
807-78-1,,807,78,pitʹ,pitʹ,p i tʲ,,DEWbOstj,,,,,pitʹ,pitʲ,7,,
907-78-1,,907,78,pelu,pelu,p e l u,,SolkWb,,,,,pelu,pelu,8,,
211-78-1,,211,78,rag'a ~ ragja,rag'a ~ ragja,,,VESr,,,,,,,9,,
212-78-1,,212,78,raigà,raigà,,,LivWb,,,,,,,9,,
501-78-1,,501,78,bek,bek,b e k,,SyrjWsch,,,,,bek,bek,10,,
501-78-2,,501,78,lʹadʹvej,lʹadʹvej,ʎ ɑ dʲ v e j,,SyrjWsch,,,,,lʹadʹvej,ʎɑdʲvej,11,,
503-78-1,,503,78,lʹadʹbej,lʹadʹbej,ʎ ɑ dʲ b e j,,KoPRSl,,,,,lʹadʹbej,ʎɑdʲbej,11,,
504-78-1,,504,78,makes,makes,m ɑ k e s,,WotjWsch,,,,,makes,mɑkes,12,,
902-78-1,,902,78,sidi°,sidi°,,,JurSWb,,,,,,,13,,
106-78-1,,106,78,čoar'beeli,čoar'beeli,,,InsSSk,,,,,,,14,,
108-78-1,,108,78,čuarr-piell’,čuarr-piell’,t ʃ u a rː p i e lːʲ,,WOLD,,,,,,tʃuarː-pielːʲ,14,,
101-78-1,,101,78,ruaksja,ruaksja,,,NSsNdb,,,,,,,15,,
0-79-1,,0,79,[Not reconstructable],,,Cf. PFU *kaśi̮ and PSd *kuntə,UEW;Sam88,,,,,,,?,[Not reconstructable],
203-79-1,,203,79,pitkä,pitkä,p i t̪ k æ,,JL,,,,,,pit̪kæ,1,,
204-79-1,,204,79,pitkä,pitkä,,,KKSV,,,,,,,1,,
207-79-1,,207,79,pitʹk,pitʹk,,,VVS,,,,,,,1,,
208-79-1,,208,79,pitki,pitki,p i t k i,,InkmSk,,,,,pitki,pitki,1,,
209-79-1,,209,79,pittš,pittš,p i t tʃ,,VKJMS,,,,,pitč,pittʃ,1,,
210-79-1,,210,79,pikk,pikk,p i kː,,SVSk,,,,,,pikː,1,,
211-79-1,,211,79,pikk,pikk,,,VESr,,,,,,,1,,
212-79-1,,212,79,pitkà,pitkà,,,LivWb,,,,,,,1,,
101-79-1,,101,79,guhkies,guhkies,,,NSsNdb,,,,,,,2,,
102-79-1,,102,79,gühkee,gühkee,,,WbWlap,,,,,,,2,,
104-79-1,,104,79,guhkke,guhkke,,,EZ,,,,,,,2,,
105-79-1,,105,79,guhkki,guhkki,,,SSSg,,,,,,,2,,
106-79-1,,106,79,kukke,kukke,,,InsSSk,,,,,,,2,,
107-79-1,,107,79,kuʹǩǩ,kuʹǩǩ,,,SKosSk,,,,,,,2,,
108-79-1,,108,79,kuk’es’,kuk’es’,k u kʲ e sʲ,,WOLD,,,,,,kukʲesʲ,2,,
301-79-1,,301,79,kuvaka,kuvaka,k u v ɑ k ɑ,,MordWb,,,,,kuvaka,kuvɑkɑ,2,,
807-79-1,,807,79,koχ,koχ,k o x,,DEWbOstj,,,,,koχ,kox,2,,
401-79-1,,401,79,kužu,kužu,k u ʒ u,,SMSk;TscherWb,,,,,kužu,kuʒu,3,,
501-79-1,,501,79,kuź,kuź,k u ʑ,,SyrjWsch,,,,,kuź,kuʑ,3,,
503-79-1,,503,79,kuź,kuź,k u ʑ,,KoPRSl,,,,,kuź,kuʑ,3,,
504-79-1,,504,79,kuź,kuź,k u ʑ,,WotjWsch,,,,,kuź,kuʑ,3,,
601-79-1,,601,79,hosszú,hosszú,h o sː uː,,FMSz,,,,,,hosːuː,3,,
701-79-1,,701,79,χosa,χosa,x o s ɑ,,WogWb,,,,,χosa,xosɑ,3,,
902-79-1,,902,79,yamp°,yamp°,,,JurSWb,,,,,,,4,,
907-79-1,,907,79,ćumpu,ćumpu,tɕ u m p u,,SolkWb,,,,,ćumpu,tɕumpu,4,,
901-79-1,,901,79,kuntәguә,kuntәguә,k u n t ə ɡ u ə,,SlNgaRus,,,,,kuntәguә,kuntəɡuə,6,,
0-8-1,,0,8,*luwi̮,*luwi̮,,,UEW;Sam88,,,,,,,1,,
203-8-1,,203,8,luu,luu,l uː,,JL,,,,,,luː,1,,
204-8-1,,204,8,luu,luu,,,KKSV,,,,,,,1,,
207-8-1,,207,8,lu,lu,,,VVS,,,,,,,1,,
208-8-1,,208,8,lū,lū,l uː,,InkmSk,,,,,lū,luː,1,,
209-8-1,,209,8,лū,лū,l uː,,VKJMS,,,,,lū,luː,1,,
210-8-1,,210,8,luu,luu,l uː,,SVSk,,,,,,luː,1,,
211-8-1,,211,8,luu,luu,,,VESr,,,,,,,1,,
212-8-1,,212,8,lū,lū,,,LivWb,,,,,,,1,,
301-8-1,,301,8,lovaža,lovaža,l o v ɑ ʒ ɑ,,MordWb,,,,,lovaža,lovɑʒɑ,1,Deriv. of PU *luwi̮,
401-8-1,,401,8,lu,lu,l u,,SMSk;TscherWb,,,,,lu,lu,1,,
501-8-1,,501,8,li̮,li̮,l ɯ,,SyrjWsch,,,,,li̮,lɯ,1,,
503-8-1,,503,8,li̮,li̮,l ɯ,,KoPRSl,,,,,li̮,lɯ,1,,
504-8-1,,504,8,li̮,li̮,l ɯ,,WotjWsch,,,,,li̮,lɯ,1,,
701-8-1,,701,8,luw,luw,l u w,,WogWb,,,,,luw,luw,1,,
807-8-1,,807,8,lŏɣ- ~ lŏχ-,lŏɣ- ~ lŏχ-,l o ̆ ɣ,,DEWbOstj,,,,,"lŏɣ-, lŏχ-","lŏɣ-, lŏx-",1,,
901-8-1,,901,8,latə̄,latə̄,l ɑ t əː,,SlNgaRus,,,,,latə̄,lɑtəː,1,Deriv. of PU *luwi̮,
902-8-1,,902,8,li,li,,,JurSWb,,,,,,,1,,
907-8-1,,907,8,lī̮,lī̮,l ɯː,,SolkWb,,,,,lī̮,lɯː,1,,
210-8-2,,210,8,kont,kont,k o n t,,SVSk,,,,,,kont,2,,
102-8-1,,102,8,dàktee,dàktee,,,WbWlap,,,,,,,3,,
104-8-1,,104,8,dákkte,dákkte,,,EZ,,,,,,,3,,
105-8-1,,105,8,dákti,dákti,,,SSSg,,,,,,,3,,
106-8-1,,106,8,tähti,tähti,,,InsSSk,,,,,,,3,,
107-8-1,,107,8,täʹhtt,täʹhtt,,,SKosSk,,,,,,,3,,
108-8-1,,108,8,tāxx’t,tāxx’t,t aː xːʲ t,,WOLD,,,,,,taːxːʲt,3,,
301-8-2,,301,8,pakaŕ,pakaŕ,p ɑ k ɑ rʲ,,MordWb,,,,,pakaŕ,pɑkɑrʲ,4,,
601-8-1,,601,8,csont,csont,t͡ʃ o n t,,FMSz,,,,,,t͡ʃont,5,,
503-8-2,,503,8,koska,koska,k o s k ɑ,,KoPRSl,,,,,koska,koskɑ,6,,
101-8-1,,101,8,måaroe,måaroe,,,NSsNdb,,,,,,,7,,
101-80-1,,101,80,båssodh,båssodh,,,NSsNdb,,,,,,,1,,
102-80-1,,102,80,bùssoot,bùssoot,,,WbWlap,,,,,,,1,,
104-80-1,,104,80,busodit,busodit,,,EZ,,,,,,,1,,
105-80-1,,105,80,bossut,bossut,,,SSSg,,,,,,,1,,
106-80-1,,106,80,possoođ,possoođ,,,InsSSk,,,,,,,1,,
107-80-1,,107,80,pååssad,pååssad,,,SKosSk,,,,,,,1,,
108-80-1,,108,80,poasse,poasse,p ɒː sː e,,WOLD,,,,,,pɒːsːe,1,,
203-80-1,,203,80,puhaltaa,puhaltaa,p u ɦ ɑ l t ɑː,,JL,,,,,,puɦɑltɑː,1,,
204-80-1,,204,80,puhaltoa ~ puhuo,puhaltoa ~ puhuo,,,KKSV,,,,,,,1,,
207-80-1,,207,80,puhalta ~ puhuda,puhalta ~ puhuda,,,VVS,,,,,,,1,,
208-80-1,,208,80,"puhaᴅa, puh̆hūa",puhaᴅa,p u h ɑ d̥ ɑ,,InkmSk,,,,,"puhaᴅa, puh̆hūa",puhɑd̥ɑ,1,,
208-80-2,,208,80,"puhaᴅa, puh̆hūa",puh̆hūa,p u h ̆ h uː ɑ,,InkmSk,,,,,"puhaᴅa, puh̆hūa",puh̆huːɑ,1,,
209-80-1,,209,80,puhuma,puhuma,p u h u m ɑ,,VKJMS,,,,,puhuma,puhumɑ,1,,
210-80-1,,210,80,puhuda,puhuda,p u h u t ɑ,,SVSk,,,,,,puhutɑ,1,,
211-80-1,,211,80,puhkma,puhkma,,,VESr,,,,,,,1,,
212-80-1,,212,80,pūʾgə,pūʾgə,,,LivWb,,,,,,,1,,
0-80-1,,0,80,*puwV-,*puwV-,,,UEW;Sam88,,,,,,,2,,
301-80-1,,301,80,puvams,puvams,p u v ɑ m s,,MordWb,,,,,puvams,puvɑms,2,,
401-80-1,,401,80,"puem, pualem",puem,p u e m,Latter deriv.,SMSk;TscherWb,,,,,"puem, pualem",puem,2,,
401-80-2,,401,80,"puem, pualem",pualem,p u ɑ l e m,Latter deriv.,SMSk;TscherWb,,,,,"puem, pualem",puɑlem,2,,
601-80-1,,601,80,fúj,fúj,f uː j,,FMSz,,,,,,fuːj,2,,
701-80-1,,701,80,puwi,puwi,p u w i,,WogWb,,,,,puwi,puwi,2,,
807-80-1,,807,80,pŏɣ- ~ pŏχ-,pŏɣ- ~ pŏχ-,p o ̆ ɣ,,DEWbOstj,,,,,"pŏɣ-, pŏχ-","pŏɣ-, pŏx-",2,,
901-80-1,,901,80,"hüələsa, hüəməsa",hüələsa,h y ə l ə s ɑ,,SlNgaRus,,,,,"hüələsa, hüəməsa",hyələsɑ,2,,
901-80-2,,901,80,"hüələsa, hüəməsa",hüəməsa,h y ə m ə s ɑ,,SlNgaRus,,,,,"hüələsa, hüəməsa",hyəməsɑ,2,,
902-80-1,,902,80,púcy°,púcy°,,,JurSWb,,,,,,,2,,
907-80-1,,907,80,pū-,pū-,p uː,,SolkWb,,,,,pū-,puː-,2,,
501-80-1,,501,80,pe̮lʹalni̮,pe̮lʹalni̮,p ɤ ʎ ɑ l n ɯ,,SyrjWsch,,,,,pe̮lʹalni̮,pɤʎɑlnɯ,3,,
503-80-1,,503,80,pe̮lʹtni̮,pe̮lʹtni̮,p ɤ ʎ t n ɯ,,KoPRSl,,,,,pe̮lʹtni̮,pɤʎtnɯ,3,,
504-80-1,,504,80,pelʹti̮ni̮,pelʹti̮ni̮,p e ʎ t ɯ n ɯ,,WotjWsch,,,,,pelʹti̮ni̮,peʎtɯnɯ,3,,
504-80-2,,504,80,te̮lani̮,te̮lani̮,t ɤ l ɑ n ɯ,,WotjWsch,,,,,te̮lani̮,tɤlɑnɯ,4,,
902-80-2,,902,80,posə°,posə°,,,JurSWb,,,,,,,5,,
0-81-1,,0,81,*puwi̮,*puwi̮,,,UEW;Sam88,,,,,,,1,,
203-81-1,,203,81,puu,puu,p uː,,JL,,,,,,puː,1,,
204-81-1,,204,81,puu,puu,,,KKSV,,,,,,,1,,
207-81-1,,207,81,pu ,pu,,,VVS,,,,,,,1,,
208-81-1,,208,81,pū,pū,p uː,,InkmSk,,,,,pū,puː,1,,
209-81-1,,209,81,pū,pū,p uː,,VKJMS,,,,,pū,puː,1,,
210-81-1,,210,81,puu,puu,p uː,,SVSk,,,,,,puː,1,,
211-81-1,,211,81,puu,puu,,,VESr,,,,,,,1,,
212-81-1,,212,81,pū,pū,,,LivWb,,,,,,,1,,
401-81-1,,401,81,pušeŋge,pušeŋge,p u ʃ e ŋ ɡ e,,SMSk;TscherWb,,,,,pušeŋge,puʃeŋɡe,1,First part from *puwi̮,
501-81-1,,501,81,pu,pu,p u,,SyrjWsch,,,,,pu,pu,1,,
503-81-1,,503,81,pu,pu,p u,,KoPRSl,,,,,pu,pu,1,,
504-81-1,,504,81,pis-pu,pis-pu,p i s p u,,WotjWsch,,,,,pis-pu,pis-pu,1,,"Comp.; ""pis"" 'log of wood'"
601-81-1,,601,81,fa,fa,f ɒ,,FMSz,,,,,,fɒ,1,,
901-81-1,,901,81,huaa,huaa,h u ɑ ɑ,,SlNgaRus,,,,,huaa,huɑɑ,1,,
902-81-1,,902,81,pya,pya,,,JurSWb,,,,,,,1,,
907-81-1,,907,81,pō,pō,p oː,,SolkWb,,,,,pō,poː,1,,
101-81-1,,101,81,moere,moere,,,NSsNdb,,,,,,,2,,
102-81-1,,102,81,muarra,muarra,,,WbWlap,,,,,,,2,,
104-81-1,,104,81,muorra,muorra,,,EZ,,,,,,,2,,
105-81-1,,105,81,muorra,muorra,,,SSSg,,,,,,,2,,
106-81-1,,106,81,muora,muora,,,InsSSk,,,,,,,2,,
107-81-1,,107,81,muõrr,muõrr,,,SKosSk,,,,,,,2,,
108-81-1,,108,81,mūrr,mūrr,m uː rː,,WOLD,,,,,,muːrː,2,,
301-81-1,,301,81,čuvto,čuvto,tʃ u v t o,,MordWb,,,,,čuvto,tʃuvto,3,"Cogn. with Fin ""huhta"" 'coniferous forest used for slash-burning agriculture'",
701-81-1,,701,81,jiw,jiw,j i w,,WogWb,,,,,jiw,jiw,4,From PU *juwV 'pine',
807-81-1,,807,81,juɣ,juɣ,j u ɣ,,DEWbOstj,,,,,juɣ,juɣ,4,From PU *juwV 'pine',
203-82-1,,203,82,pudota,pudota,p u d o̞ t̪ ɑ,,JL,,,,,,pudo̞t̪ɑ,1,,
212-82-1,,212,82,puʾddə,puʾddə,,,LivWb,,,,,,,1,,
204-82-1,,204,82,pakkuo,pakkuo,,,KKSV,,,,,,,2,,
204-82-2,,204,82,lanketa,lanketa,,,KKSV,,,,,,,3,,
207-82-1,,207,82,langeta,langeta,,,VVS,,,,,,,3,,
209-82-1,,209,82,лaŋkē̮ma,лaŋkē̮ma,l ɑ ŋ k ɤː m ɑ,,VKJMS,,,,,laŋkē̮ma,lɑŋkɤːmɑ,3,,
212-82-2,,212,82,laŋŋgə,laŋŋgə,,,LivWb,,,,,,,3,,
207-82-2,,207,82,kirbota,kirbota,,,VVS,,,,,,,4,,
210-82-1,,210,82,kukkuda,kukkuda,k u kː u t ɑ,,SVSk,,,,,,kukːutɑ,5,,
211-82-1,,211,82,kukõrduma,kukõrduma,k u k ɤ r t u m ɑ,,VESr,,,,,,kukɤrtumɑ,5,,
212-82-3,,212,82,saʾddə,saʾddə,,,LivWb,,,,,,,6,,
101-82-1,,101,82,gahtjedh,gahtjedh,,,NSsNdb,,,,,,,7,"Cf. PIE *kidye/o-, Swedish hitta 'find'",
102-82-1,,102,82,gahtjat,gahtjat,,,WbWlap,,,,,,,7,"Cf. PIE *kidye/o-, Swedish hitta 'find'",
104-82-1,,104,82,gahtjat,gahtjat,,,EZ,,,,,,,7,"Cf. PIE *kidye/o-, Swedish hitta 'find'",
105-82-1,,105,82,gahččat,gahččat,,,SSSg,,,,,,,7,"Cf. PIE *kidye/o-, Swedish hitta 'find'",
106-82-1,,106,82,koččađ,koččađ,,,InsSSk,,,,,,,7,"Cf. PIE *kidye/o-, Swedish hitta 'find'",
107-82-1,,107,82,kõččâd,kõččâd,,,SKosSk,,,,,,,7,"Cf. PIE *kidye/o-, Swedish hitta 'find'",
108-82-1,,108,82,kēhče,kēhče,k eː h t ʃ e,,WOLD,,,,,,keːhtʃe,7,"Cf. PIE *kidye/o-, Swedish hitta 'find'",
301-82-1,,301,82,prams,prams,p r ɑ m s,,MordWb,,,,,prams,prɑms,8,,
401-82-1,,401,82,(βolem) βozam,βozam,β o z ɑ m,,SMSk;TscherWb,,,,,"βolem_βozam, βozam",βozɑm,9,,
0-82-1,,0,82,*ećV-,*ećV-,,,UEW;Sam88,,,,,,,10,,
501-82-1,,501,82,uśni̮,uśni̮,u ɕ n ɯ,,SyrjWsch,,,,,uśni̮,uɕnɯ,10,,
503-82-1,,503,82,uśni̮,uśni̮,u ɕ n ɯ,,KoPRSl,,,,,uśni̮,uɕnɯ,10,,
504-82-1,,504,82,uśi̮ni̮,uśi̮ni̮,u ɕ ɯ n ɯ,,WotjWsch,,,,,uśi̮ni̮,uɕɯnɯ,10,,
601-82-1,,601,82,esik,esik,ɛ ʃ i k,,FMSz,,,,,,ɛʃik,10,,
701-82-1,,701,82,raɣi,raɣi,r ɑ ɣ i,,WogWb,,,,,raɣi,rɑɣi,11,,
807-82-1,,807,82,körəɣ-,körəɣ-,k ø r ə ɣ,,DEWbOstj,,,,,körəɣ-,kørəɣ-,12,,
902-82-1,,902,82,xaqmə°,xaqmə°,,,JurSWb,,,,,,,13,,"'Fall, descend'"
901-82-1,,901,82,čəlhәdʹi,čəlhәdʹi,tʃ ə l h ə dʲ i,,SlNgaRus,,,,,čəlhәdʹi,tʃəlhədʲi,14,,
907-82-1,,907,82,ālćə-,ālćə-,ɑː l tɕ ə,,SolkWb,,,,,ālćə-,ɑːltɕə-,15,,
208-82-1,,208,82,tokkua,tokkua,t o kː u ɑ,,InkmSk,,,,,tokkua,tokːuɑ,16,,
901-82-2,,901,82,sohədʹa,sohədʹa,s o h ə dʲ ɑ,,SlNgaRus,,,,,sohədʹa,sohədʲɑ,17,,
203-83-1,,203,83,juosta,juosta,j u o̞ s t ɑ,,JL,,,,,,juo̞stɑ,1,Deriv. From PFin *juxi̮-ksi-tak,
204-83-1,,204,83,juossa,juossa,,,KKSV,,,,,,,1,,
207-83-1,,207,83,josta,josta,,,VVS,,,,,,,1,,
208-83-1,,208,83,jōssa,jōssa,j oː sː ɑ,,InkmSk,,,,,jōssa,joːsːɑ,1,,
209-83-1,,209,83,johse̮ma,johse̮ma,j o h s ɤ m ɑ,,VKJMS,,,,,johse̮ma,johsɤmɑ,1,,
210-83-1,,210,83,joosta,joosta,j oː s t ɑ,,SVSk,,,,,,joːstɑ,1,,
211-83-1,,211,83,juuskma,juuskma,,,VESr,,,,,,,1,,
212-83-1,,212,83,jùokšə,jùokšə,,,LivWb,,,,,,,1,,
212-83-2,,212,83,aʾilə,aʾilə,,,LivWb,,,,,,,2,"Deriv. from PU *aja- 'drive, pursue'",
102-83-1,,102,83,viahkat,viahkat,,,WbWlap,,,,,,,3,,
104-83-1,,104,83,viehkat,viehkat,,,EZ,,,,,,,3,,
105-83-1,,105,83,viehkat,viehkat,,,SSSg,,,,,,,3,,
107-83-1,,107,83,urččâd ~ uʹrččâd,urččâd ~ uʹrččâd,,,SKosSk,,,,,,,4,,
301-83-1,,301,83,čijems,čijems,tʃ i j e m s,,MordWb,,,,,čijems,tʃijems,5,"Cogn. with Hu ""siet"" 'hurry'?",
401-83-1,,401,83,kuržam,kuržam,k u r ʒ ɑ m,,SMSk;TscherWb,,,,,kuržam,kurʒɑm,6,,Used of people and other two-legged creatures
504-83-1,,504,83,bi̮źi̮ni̮,bi̮źi̮ni̮,b ɯ ʑ ɯ n ɯ,,WotjWsch,,,,,bi̮źi̮ni̮,bɯʑɯnɯ,7,,
0-83-1,,0,83,*pukta-,*pukta-,,,UEW;Sam88,,,,,,,8,,"'Jump, run'"
601-83-1,,601,83,fut,fut,f u t,,FMSz,,,,,,fut,8,,
601-83-2,,601,83,szalad,szalad,s ɒ l ɒ d,,FMSz,,,,,,sɒlɒd,9,"From PFU (PU?) *ćaδa ~ śaδa 'running, heat (oestrus)'",
701-83-1,,701,83,χājti,χājti,x ɑː j t i,,WogWb,,,,,χājti,xɑːjti,10,,
807-83-1,,807,83,kɔɣəl-,kɔɣəl-,k ɔ ɣ ə l,,DEWbOstj,,,,,kɔɣəl-,kɔɣəl-,11,"From PU *kulki̮- 'move, go'",
902-83-1,,902,83,syur°mpə°,syur°mpə°,,,JurSWb,,,,,,,12,From PSd *kür(ə)-,
907-83-1,,907,83,kural-,kural-,k u r ɑ l,,SolkWb,,,,,kural-,kurɑl-,13,,
501-83-1,,501,83,kote̮rtni̮,kote̮rtni̮,k o t ɤ r t n ɯ,,SyrjWsch,,,,,kote̮rtni̮,kotɤrtnɯ,15,,
503-83-1,,503,83,kotraśni̮,kotraśni̮,k o t r ɑ ɕ n ɯ,,KoPRSl,,,,,kotraśni̮,kotrɑɕnɯ,15,,
807-83-2,,807,83,nö̆rǝɣtǝ-,nö̆rǝɣtǝ-,n ø ̆ r ə ɣ t ə,,DEWbOstj,,,,,nö̆rəɣtə-,nø̆rəɣtə-,16,,
807-83-3,,807,83,kǝs-,kǝs-,k ə s,,DEWbOstj,,,,,kəs-,kəs-,17,,
108-83-1,,108,83,vīǯe,vīǯe,v iː d ʒ e,,WOLD,,,,,,viːdʒe,18,,
106-83-1,,106,83,kaččađ,kaččađ,,,InsSSk,,,,,,,19,,
209-83-2,,209,83,siukama,siukama,s i u k ɑ m ɑ,,VKJMS,,,,,siukama,siukɑmɑ,20,,
101-83-1,,101,83,hajkedh,hajkedh,,,NSsNdb,,,,,,,21,,Of animals
101-83-2,,101,83,vaarredh,vaarredh,,,NSsNdb,,,,,,,22,,Of people
104-83-2,,104,83,vánjjgat,vánjjgat,,,EZ,,,,,,,23,,Of animals
901-83-1,,901,83,hojkirśa,hojkirśa,h o j k i r ɕ ɑ,,SlNgaRus,,,,,hojkirśa,hojkirɕɑ,24,,
0-84-1,,0,84,*śilmä,*śilmä,,,UEW;Sam88,,,,,,,1,,
101-84-1,,101,84,tjelmie,tjelmie,,,NSsNdb,,,,,,,1,,
102-84-1,,102,84,tjalˈbmee,tjalˈbmee,,,WbWlap,,,,,,,1,,
104-84-1,,104,84,tjálbme,tjálbme,,,EZ,,,,,,,1,,
105-84-1,,105,84,čalbmi,čalbmi,,,SSSg,,,,,,,1,,
106-84-1,,106,84,čalme,čalme,,,InsSSk,,,,,,,1,,
107-84-1,,107,84,čâʹlmm,čâʹlmm,,,SKosSk,,,,,,,1,,
108-84-1,,108,84,čall’m,čall’m,t ʃ a lːʲ m,,WOLD,,,,,,tʃalːʲm,1,,
203-84-1,,203,84,silmä,silmä,s i l m æ,,JL,,,,,,silmæ,1,,
204-84-1,,204,84,silmä,silmä,,,KKSV,,,,,,,1,,
207-84-1,,207,84,silʹm,silʹm,,,VVS,,,,,,,1,,
208-84-1,,208,84,silmä,silmä,s i l m æ,,InkmSk,,,,,silmä,silmæ,1,,
209-84-1,,209,84,silḿ,silḿ,s i l mʲ,,VKJMS,,,,,silḿ,silmʲ,1,,
210-84-1,,210,84,silm,silm,s i l m,,SVSk,,,,,,silm,1,,
211-84-1,,211,84,silm,silm,,,VESr,,,,,,,1,,
212-84-1,,212,84,sīlma,sīlma,,,LivWb,,,,,,,1,,
301-84-1,,301,84,śelʹme,śelʹme,ɕ e ʎ m e,,MordWb,,,,,śelʹme,ɕeʎme,1,,
401-84-1,,401,84,šińča,šińča,ʃ i ɲ tʃ ɑ,,SMSk;TscherWb,,,,,šińča,ʃiɲtʃɑ,1,,
501-84-1,,501,84,śin,śin,ɕ i n,,SyrjWsch,,,,,śin,ɕin,1,,
503-84-1,,503,84,śin,śin,ɕ i n,,KoPRSl,,,,,śin,ɕin,1,,
504-84-1,,504,84,śin,śin,ɕ i n,,WotjWsch,,,,,śin,ɕin,1,,
601-84-1,,601,84,szem,szem,s ɛ m,,FMSz,,,,,,sɛm,1,,
701-84-1,,701,84,sam,sam,s ɑ m,,WogWb,,,,,sam,sɑm,1,,
807-84-1,,807,84,sem,sem,s e m,,DEWbOstj,,,,,sem,sem,1,,
901-84-1,,901,84,śejmi̮,śejmi̮,ɕ e j m ɯ,,SlNgaRus,,,,,śejmi̮,ɕejmɯ,1,,
902-84-1,,902,84,sæw°,sæw°,,,JurSWb,,,,,,,1,,
907-84-1,,907,84,saji,saji,s ɑ j i,,SolkWb,,,,,saji,sɑji,1,,
0-85-1,,0,85,[Not reconstructable],,,PFU ?*kuδʹmV,UEW;Sam88,,,,,,,?,[Not reconstructable],
203-85-1,,203,85,tuhka,tuhka,t̪ u x k ɑ,,JL,,,,,,t̪uxkɑ,1,Cf. OHG “zuscen” 'burn to ashes',
204-85-1,,204,85,tuhka,tuhka,,,KKSV,,,,,,,1,Cf. OHG “zuscen” 'burn to ashes',
207-85-1,,207,85,tuhk,tuhk,,,VVS,,,,,,,1,Cf. OHG “zuscen” 'burn to ashes',
209-85-1,,209,85,tuhk,tuhk,t u h k,,VKJMS,,,,,tuhk,tuhk,1,Cf. OHG “zuscen” 'burn to ashes',
210-85-1,,210,85,tuhk,tuhk,t u h k,,SVSk,,,,,,tuhk,1,Cf. OHG “zuscen” 'burn to ashes',
211-85-1,,211,85,tuhk,tuhk,,,VESr,,,,,,,1,Cf. OHG “zuscen” 'burn to ashes',
212-85-1,,212,85,tūʾgəd,tūʾgəd,,,LivWb,,,,,,,1,Cf. OHG “zuscen” 'burn to ashes',
204-85-2,,204,85,poro,poro,,,KKSV,,,,,,,2,,
208-85-1,,208,85,poro,poro,p o r o,,InkmSk,,,,,poro,poro,2,,
101-85-1,,101,85,govne,govne,,,NSsNdb,,,,,,,3,,
102-85-1,,102,85,gùdna,gùdna,,,WbWlap,,,,,,,3,,
104-85-1,,104,85,gudna,gudna,,,EZ,,,,,,,3,,
105-85-1,,105,85,gutna,gutna,,,SSSg,,,,,,,3,,
106-85-1,,106,85,kunna,kunna,,,InsSSk,,,,,,,3,,
107-85-1,,107,85,kunn,kunn,,,SKosSk,,,,,,,3,,
108-85-1,,108,85,kunn,kunn,k u nː,,WOLD,,,,,,kunː,3,,
601-85-1,,601,85,hamu,hamu,h ɒ m u,,FMSz,,,,,,hɒmu,4,,
701-85-1,,701,85,χūlʹəm,χūlʹəm,x uː ʎ ə m,,WogWb,,,,,χūlʹəm,xuːʎəm,4,Aikio2015: Ugric items for ’ashes’ of PU origin,
807-85-1,,807,85,kajəm,kajəm,k ɑ j ə m,,DEWbOstj,,,,,kajəm,kɑjəm,4,Aikio2015: Ugric items for ’ashes’ of PU origin,
401-85-1,,401,85,lomə̑ž,lomə̑ž,l o m ə ʒ,,SMSk;TscherWb,,,,,lomə̑ž,loməʒ,5,"Possibly from PFU *lomV 'warmth, flame'",
501-85-1,,501,85,pe̮jim,pe̮jim,p ɤ j i m,,SyrjWsch,,,,,pe̮jim,pɤjim,6,,
503-85-1,,503,85,pe̮jim,pe̮jim,p ɤ j i m,,KoPRSl,,,,,pe̮jim,pɤjim,6,,
504-85-1,,504,85,peń,peń,p e ɲ,,WotjWsch,,,,,peń,peɲ,6,,
807-85-2,,807,85,pär,pär,p æ r,,DEWbOstj,,,,,pär,pær,7,,
902-85-1,,902,85,tuh syibya,tuh syibya,,,JurSWb,,,,,,,8,,Lit. 'fire's dust'
907-85-1,,907,85,śīmə,śīmə,ɕ iː m ə,,SolkWb,,,,,śīmə,ɕiːmə,8,,
301-85-1,,301,85,kulov,kulov,k u l o v,,MordWb,,,,,kulov,kulov,9,"cf. Ugric, e.g. Hun “hamu”; separate Turkic borrowings?",
901-85-1,,901,85,"tū dʹoəˀ, tū dʹoədʹə̄",tū dʹoəˀ,t uː dʲ o ə ʔ,,SlNgaRus,,,,,"tū_dʹoəˀ, tū_dʹoədʹə̄",tuː dʲoəʔ,9,,
901-85-2,,901,85,"tū dʹoəˀ, tū dʹoədʹə̄",tū dʹoədʹə̄,t uː dʲ o ə dʲ əː,,SlNgaRus,,,,,"tū_dʹoəˀ, tū_dʹoədʹə̄",tuː dʲoədʲəː,9,,
203-86-1,,203,86,koira,koira,k o̞ j r ɑ,,JL,,,,,,ko̞jrɑ,1,Deriv. from PFin *kojera,
204-86-1,,204,86,koira,koira,,,KKSV,,,,,,,1,,
207-86-1,,207,86,koir,koir,,,VVS,,,,,,,1,,
208-86-1,,208,86,koira,koira,k o i r ɑ,,InkmSk,,,,,koira,koirɑ,1,,
209-86-1,,209,86,koir,koir,k o i r,,VKJMS,,,,,koir,koir,1,,
210-86-1,,210,86,koer,koer,k o e r,,SVSk,,,,,,koer,1,,
0-86-1,,0,86,*penä,*penä,,,UEW;Sam88,,,,,,,2,,
101-86-1,,101,86,bïenje,bïenje,,,NSsNdb,,,,,,,2,,
102-86-1,,102,86,biegˈŋja,biegˈŋja,,,WbWlap,,,,,,,2,,
104-86-1,,104,86,bena,bena,,,EZ,,,,,,,2,,
105-86-1,,105,86,beana,beana,,,SSSg,,,,,,,2,,
106-86-1,,106,86,peenuv,peenuv,,,InsSSk,,,,,,,2,,
107-86-1,,107,86,piânnai,piânnai,,,SKosSk,,,,,,,2,,
108-86-1,,108,86,pienne,pienne,p i e nː e,,WOLD,,,,,,pienːe,2,,
211-86-1,,211,86,pini,pini,,,VESr,,,,,,,2,,
212-86-1,,212,86,piʾń,piʾń,,,LivWb,,,,,,,2,,
301-86-1,,301,86,pińe,pińe,p i ɲ e,,MordWb,,,,,pińe,piɲe,2,,
401-86-1,,401,86,pij,pij,p i j,,SMSk;TscherWb,,,,,pij,pij,2,,
501-86-1,,501,86,pon,pon,p o n,,SyrjWsch,,,,,pon,pon,2,,
503-86-1,,503,86,pon,pon,p o n,,KoPRSl,,,,,pon,pon,2,,
504-86-1,,504,86,puni̮,puni̮,p u n ɯ,,WotjWsch,,,,,puni̮,punɯ,2,,
102-86-2,,102,86,dä̀rra,dä̀rra,,,WbWlap,,,,,,,3,,
301-86-2,,301,86,kiska,kiska,k i s k ɑ,,MordWb,,,,,kiska,kiskɑ,4,,
601-86-1,,601,86,kutya,kutya,k u c ɒ,,FMSz,,,,,,kucɒ,5,,
701-86-1,,701,86,āmp,āmp,ɑː m p,,WogWb,,,,,āmp,ɑːmp,6,,
807-86-1,,807,86,ämp,ämp,æ m p,,DEWbOstj,,,,,ämp,æmp,6,,
901-86-1,,901,86,baŋ,baŋ,b ɑ ŋ,,SlNgaRus,,,,,baŋ,bɑŋ,7,"Possible, but there are no other likely borrowings from pre-tocharian",
902-86-1,,902,86,wenyeko ~ wenyako,wenyeko ~ wenyako,,,JurSWb,,,,,,,7,"Possible, but there are no other likely borrowings from pre-tocharian",
907-86-1,,907,86,ke̮naŋ,ke̮naŋ,k ɤ n ɑ ŋ,,SolkWb,,,,,ke̮naŋ,kɤnɑŋ,7,"Possible, but there are no other likely borrowings from pre-tocharian",
203-87-1,,203,87,häntä,häntä,h æ n̪ t̪ æ,,JL,,,,,,hæn̪t̪æ,1,,
204-87-1,,204,87,häntä,häntä,,,KKSV,,,,,,,1,,
207-87-1,,207,87,händ,händ,,,VVS,,,,,,,1,,
208-87-1,,208,87,hänᴅä,hänᴅä,h æ n d̥ æ,,InkmSk,,,,,hänᴅä,hænd̥æ,1,,
211-87-1,,211,87,hand,hand,,,VESr,,,,,,,1,Irregular “a” corresponding to Northern Finnic “ä”,
209-87-1,,209,87,sapa,sapa,s ɑ p ɑ,,VKJMS,,,,,sapa,sɑpɑ,2,,
210-87-1,,210,87,saba,saba,s ɑ p ɑ,,SVSk,,,,,,sɑpɑ,2,,
212-87-1,,212,87,tabàr,tabàr,,,LivWb,,,,,,,2,"Cogn. with Fin ""saparo"" 'tail of a pig'; sporadic t- for *s-",
0-87-1,,0,87,*sejpä,*sejpä,,,UEW;Sam88,,,,,,,3,,
101-87-1,,101,87,siejpie,siejpie,,,NSsNdb,,,,,,,3,,
102-87-1,,102,87,säìbee,säìbee,,,WbWlap,,,,,,,3,,
104-87-1,,104,87,säjjbe,säjjbe,,,EZ,,,,,,,3,,
105-87-1,,105,87,seaibi,seaibi,,,SSSg,,,,,,,3,,
106-87-1,,106,87,seibi,seibi,,,InsSSk,,,,,,,3,,
107-87-1,,107,87,seiʹbb,seiʹbb,,,SKosSk,,,,,,,3,,
108-87-1,,108,87,siejjp,siejjp,s i e jː p,,WOLD,,,,,,siejːp,3,,
901-87-1,,901,87,təjbu,təjbu,t ə j b u,,SlNgaRus,,,,,təjbu,təjbu,3,,
902-87-1,,902,87,tæwa,tæwa,,,JurSWb,,,,,,,3,,
301-87-1,,301,87,pulo,pulo,p u l o,,MordWb,,,,,pulo,pulo,4,,
401-87-1,,401,87,poč,poč,p o tʃ,,SMSk;TscherWb,,,,,poč,potʃ,5,,
501-87-1,,501,87,be̮ž,be̮ž,b ɤ ʒ,,SyrjWsch,,,,,be̮ž,bɤʒ,5,,
503-87-1,,503,87,be̮ž,be̮ž,b ɤ ʒ,,KoPRSl,,,,,be̮ž,bɤʒ,5,,
504-87-1,,504,87,bi̮ž,bi̮ž,b ɯ ʒ,,WotjWsch,,,,,bi̮ž,bɯʒ,5,,
601-87-1,,601,87,farok,farok,f ɒ r o k,,FMSz,,,,,,fɒrok,6,,
701-87-1,,701,87,lēɣ,lēɣ,l eː ɣ,,WogWb,,,,,lēɣ,leːɣ,7,,
807-87-1,,807,87,ləɣ,ləɣ,l ə ɣ,,DEWbOstj,,,,,ləɣ,ləɣ,7,,
907-87-1,,907,87,talću,talću,t ɑ l tɕ u,,SolkWb,,,,,talću,tɑltɕu,8,,
907-87-2,,907,87,meća,meća,m e tɕ ɑ,,SolkWb,,,,,meća,metɕɑ,9,,
0-88-1,,0,88,[Not reconstructable],,,,UEW;Sam88,,,,,,,?,[Not reconstructable],
203-88-1,,203,88,itkeä,itkeä,i t̪ k e æ,,JL,,,,,,it̪keæ,1,,
204-88-1,,204,88,itkie,itkie,,,KKSV,,,,,,,1,,
207-88-1,,207,88,itkta,itkta,,,VVS,,,,,,,1,,
208-88-1,,208,88,itkiä,itkiä,i t k i æ,,InkmSk,,,,,itkiä,itkiæ,1,,
209-88-1,,209,88,itke̮ma,itke̮ma,i t k ɤ m ɑ,,VKJMS,,,,,itke̮ma,itkɤmɑ,1,,
211-88-1,,211,88,ikma,ikma,,,VESr,,,,,,,1,,
212-88-1,,212,88,itkə,itkə,,,LivWb,,,,,,,1,,
210-88-1,,210,88,nutta,nutta,n u tː ɑ,,SVSk,,,,,,nutːɑ,2,,
101-88-1,,101,88,tjearodh,tjearodh,,,NSsNdb,,,,,,,3,,
102-88-1,,102,88,tjeärroot,tjeärroot,,,WbWlap,,,,,,,3,,
104-88-1,,104,88,tjerrot,tjerrot,,,EZ,,,,,,,3,,
105-88-1,,105,88,čierrut,čierrut,,,SSSg,,,,,,,3,,
106-88-1,,106,88,čiärruđ,čiärruđ,,,InsSSk,,,,,,,3,,
102-88-2,,102,88,vàlloot,vàlloot,,,WbWlap,,,,,,,4,,
104-88-2,,104,88,"vállut, väludit",vállut,,,EZ,,,,,,,4,,
104-88-3,,104,88,"vállut, väludit",väludit,,,EZ,,,,,,,4,,
107-88-1,,107,88,reäkkad,reäkkad,,,SKosSk,,,,,,,5,"Cf. Fin ""rääkyä"" 'shriek, bray'",
301-88-1,,301,88,avaŕdʹems,avaŕdʹems,ɑ v ɑ rʲ dʲ e m s,,MordWb,,,,,avaŕdʹems,ɑvɑrʲdʲems,6,,
401-88-1,,401,88,šortam,šortam,ʃ o r t ɑ m,,SMSk;TscherWb,,,,,šortam,ʃortɑm,7,,
501-88-1,,501,88,be̮rdni̮,be̮rdni̮,b ɤ r d n ɯ,,SyrjWsch,,,,,be̮rdni̮,bɤrdnɯ,8,,
503-88-1,,503,88,be̮rdni̮,be̮rdni̮,b ɤ r d n ɯ,,KoPRSl,,,,,be̮rdni̮,bɤrdnɯ,8,,
504-88-1,,504,88,be̮rdi̮ni̮,be̮rdi̮ni̮,b ɤ r d ɯ n ɯ,,WotjWsch,,,,,be̮rdi̮ni̮,bɤrdɯnɯ,8,,
601-88-1,,601,88,sír,sír,ʃ iː r,,FMSz,,,,,,ʃiːr,9,,
701-88-1,,701,88,lʹūńśi,lʹūńśi,ʎ uː ɲ ɕ i,,WogWb,,,,,lʹūńśi,ʎuːɲɕi,10,,
807-88-1,,807,88,jis-,jis-,j i s,,DEWbOstj,,,,,jis-,jis-,11,,
901-88-1,,901,88,dʹorədʹa,dʹorədʹa,dʲ o r ə dʲ ɑ,,SlNgaRus,,,,,dʹorədʹa,dʲorədʲɑ,12,,
902-88-1,,902,88,yaərcy° ~ yarcy°,yaərcy° ~ yarcy°,,,JurSWb,,,,,,,12,,
907-88-1,,907,88,ćūrə-,ćūrə-,tɕ uː r ə,,SolkWb,,,,,ćūrə-,tɕuːrə-,12,,
108-88-1,,108,88,lūjjh’ke,lūjjh’ke,l uː j̊ːʲ k e,,WOLD,,,,,,luːj̊ːʲke,13,,
503-88-2,,503,88,gorzi̮ni̮,gorzi̮ni̮,ɡ o r z ɯ n ɯ,,KoPRSl,,,,,gorzi̮ni̮,ɡorzɯnɯ,14,,
0-89-1,,0,89,[Not reconstructable],,,,UEW;Sam88,,,,,,,?,[Not reconstructable],
203-89-1,,203,89,sitoa,sitoa,s i t̪ o ɑ,,JL,,,,,,sit̪oɑ,1,,
204-89-1,,204,89,situo,situo,,,KKSV,,,,,,,1,,
207-89-1,,207,89,sidoda,sidoda,,,VVS,,,,,,,1,,
208-89-1,,208,89,sit̆tōa,sit̆tōa,s i t ̆ t oː ɑ,,InkmSk,,,,,sit̆tōa,sit̆toːɑ,1,,
209-89-1,,209,89,sitoma,sitoma,s i t o m ɑ,,VKJMS,,,,,sitoma,sitomɑ,1,,
210-89-1,,210,89,siduda,siduda,s i t u t ɑ,,SVSk,,,,,,situtɑ,1,,
212-89-1,,212,89,siʾddə,siʾddə,,,LivWb,,,,,,,1,Holopainen2019: other IE source than Indo-iranian also possible; Koivulehto1999: Indo-Iranian,
301-89-1,,301,89,sodoms,sodoms,s o d o m s,,MordWb,,,,,sodoms,sodoms,1,Connection to Finnic cognates unclear.,
102-89-1,,102,89,tjadˈnat,tjadˈnat,,,WbWlap,,,,,,,2,Holopainen2019: other IE source than Indo-iranian also possible; Koivulehto1999: Indo-Iranian,
104-89-1,,104,89,tjadnat,tjadnat,,,EZ,,,,,,,2,Holopainen2019: other IE source than Indo-iranian also possible; Koivulehto1999: Indo-Iranian,
105-89-1,,105,89,čatnat,čatnat,,,SSSg,,,,,,,2,Holopainen2019: other IE source than Indo-iranian also possible; Koivulehto1999: Indo-Iranian,
106-89-1,,106,89,čoonnađ,čoonnađ,,,InsSSk,,,,,,,2,Holopainen2019: other IE source than Indo-iranian also possible; Koivulehto1999: Indo-Iranian,
107-89-1,,107,89,čõõnnâd,čõõnnâd,,,SKosSk,,,,,,,2,Holopainen2019: other IE source than Indo-iranian also possible; Koivulehto1999: Indo-Iranian,
401-89-1,,401,89,piδam,piδam,p i ð ɑ m,,SMSk;TscherWb,,,,,piδam,piðɑm,3,,
501-89-1,,501,89,ke̮rtavni̮,ke̮rtavni̮,k ɤ r t ɑ v n ɯ,,SyrjWsch,,,,,ke̮rtavni̮,kɤrtɑvnɯ,4,From PFU *kärV- 'tie',
503-89-1,,503,89,ke̮rtavni̮,ke̮rtavni̮,k ɤ r t ɑ v n ɯ,,KoPRSl,,,,,ke̮rtavni̮,kɤrtɑvnɯ,4,From PFU *kärV- 'tie',
504-89-1,,504,89,kertti̮ni̮,kertti̮ni̮,k e r tː ɯ n ɯ,,WotjWsch,,,,,kertti̮ni̮,kertːɯnɯ,4,From PFU *kärV- 'tie',
504-89-2,,504,89,dumi̮ni̮,dumi̮ni̮,d u m ɯ n ɯ,"Holopainen2019, Joki1973, Rédei1986, Csúcs2005, KESK",WotjWsch,,,,,dumi̮ni̮,dumɯnɯ,5,,
601-89-1,,601,89,köt,köt,k ø t,,FMSz,,,,,,køt,6,From PFU *kütki- 'tie',
701-89-1,,701,89,nēɣi,nēɣi,n eː ɣ i,,WogWb,,,,,nēɣi,neːɣi,7,,
807-89-1,,807,89,jö̆r-,jö̆r-,j ø ̆ r,,DEWbOstj,,,,,jö̆r-,jø̆r-,8,,
901-89-1,,901,89,sarədʹa,sarədʹa,s ɑ r ə dʲ ɑ,,SlNgaRus,,,,,sarədʹa,sɑrədʲɑ,9,,
902-89-1,,902,89,syarə°,syarə°,,,JurSWb,,,,,,,9,,
907-89-1,,907,89,sārə-,sārə-,s ɑː r ə,,SolkWb,,,,,sārə-,sɑːrə-,9,,
807-89-2,,807,89,pŏń-,pŏń-,p o ̆ ɲ,,DEWbOstj,,,,,pŏń-,pŏɲ-,10,"From PFU *puńa- 'wind (v.), wrap'",
211-89-1,,211,89,köütmä,köütmä,,,VESr,,,,,,,11,"Deriv. from ""köüdsʹ"" 'rope'",
101-89-1,,101,89,gårredidh,gårredidh,,,NSsNdb,,,,,,,12,From PFS *kura-,
104-89-2,,104,89,gárrat,gárrat,,,EZ,,,,,,,12,From PFS *kura-,
108-89-1,,108,89,kōrre,kōrre,k oː rː e,,WOLD,,,,,,koːrːe,12,From PFS *kura-,
203-9-1,,203,9,juuri,juuri,j uː r i,,JL,,,,,,juːri,1,,
204-9-1,,204,9,juuri,juuri,,,KKSV,,,,,,,1,,
207-9-1,,207,9,juŕ,juŕ,,,VVS,,,,,,,1,,
208-9-1,,208,9,jūri,jūri,j uː r i,,InkmSk,,,,,jūri,juːri,1,,
209-9-1,,209,9,jūri,jūri,j uː r i,,VKJMS,,,,,jūri,juːri,1,,
210-9-1,,210,9,juur,juur,j uː r,,SVSk,,,,,,juːr,1,,
211-9-1,,211,9,juur',juur',,,VESr,,,,,,,1,,
212-9-1,,212,9,jūŕ,jūŕ,,,LivWb,,,,,,,1,,
301-9-1,,301,9,jur,jur,j u r,,MordWb,,,,,jur,jur,1,,
101-9-1,,101,9,roehtse,roehtse,,,NSsNdb,,,,,,,2,Scand *gaitiz ,
102-9-1,,102,9,ruahdas,ruahdas,,,WbWlap,,,,,,,2,Scand *gaitiz ,
104-9-1,,104,9,ruohtas,ruohtas,,,EZ,,,,,,,2,Scand *gaitiz ,
105-9-1,,105,9,ruohtas,ruohtas,,,SSSg,,,,,,,2,Scand *gaitiz ,
106-9-1,,106,9,ruotas,ruotas,,,InsSSk,,,,,,,2,Scand *gaitiz ,
107-9-1,,107,9,"vuẹʹddes, vuäʹdˈd",vuẹʹddes,,,SKosSk,,,,,,,3,Borrowed to PU,
107-9-2,,107,9,"vuẹʹddes, vuäʹdˈd",vuäʹdˈd,,,SKosSk,,,,,,,3,Borrowed to PU,
108-9-1,,108,9,vuen’tes’,vuen’tes’,v u e nʲ t e sʲ,,WOLD,,,,,,vuenʲtesʲ,3,Borrowed to PU,
301-9-2,,301,9,undoks,undoks,u n d o k s,,MordWb,,,,,undoks,undoks,3,Borrowed to PU,
901-9-1,,901,9,"bəntu, bəntuə, bəndüaiˀ",bəntu,b ə n t u,,SlNgaRus,,,,,"bəntu, bəntuə, bəndüaiˀ",bəntu,3,,
901-9-2,,901,9,"bəntu, bəntuə, bəndüaiˀ",bəntuə,b ə n t u ə,,SlNgaRus,,,,,"bəntu, bəntuə, bəndüaiˀ",bəntuə,3,,
901-9-3,,901,9,"bəntu, bəntuə, bəndüaiˀ",bəndüaiˀ,b ə n d y ɑ i ʔ,,SlNgaRus,,,,,"bəntu, bəntuə, bəndüaiˀ",bəndyɑiʔ,3,,
0-9-1,,0,9,*wanča,*wanča,,,UEW;Sam88,,,,,,,4,,
401-9-1,,401,9,βož,βož,β o ʒ,,SMSk;TscherWb,,,,,βož,βoʒ,4,,
501-9-1,,501,9,vuž,vuž,v u ʒ,,SyrjWsch,,,,,vuž,vuʒ,4,,
503-9-1,,503,9,vuž,vuž,v u ʒ,"Stem ""vužj-""",KoPRSl,,,,,vuž,vuʒ,4,,
504-9-1,,504,9,vi̮ži̮,vi̮ži̮,v ɯ ʒ ɯ,,WotjWsch,,,,,vi̮ži̮,vɯʒɯ,4,,
902-9-1,,902,9,wano,wano,,,JurSWb,,,,,,,4,,
907-9-1,,907,9,končə,končə,k o n tʃ ə,,SolkWb,,,,,končə,kontʃə,4,,
601-9-1,,601,9,gyökér,gyökér,ɟ ø k eː r,,FMSz,,,,,,ɟøkeːr,5,,
701-9-1,,701,9,tār,tār,t ɑː r,,WogWb,,,,,tār,tɑːr,6,"From PFU *särɜ 'vein, sinew'",
807-9-1,,807,9,ler,ler,l e r,,DEWbOstj,,,,,ler,ler,6,"From PFU *särɜ 'vein, sinew'",
301-9-3,,301,9,koŕon,koŕon,k o rʲ o n,,MordWb,,,,,koŕon,korʲon,7,,
0-90-1,,0,90,[Not reconstructable],,,"UEW: PU *wȣjV- ?; however, in Ug and Sd only",UEW;Sam88,,,,,,,?,[Not reconstructable],
203-90-1,,203,90,nähdä,nähdä,n æ ç d æ,,JL,,,,,,næçdæ,1,,
204-90-1,,204,90,nähä,nähä,,,KKSV,,,,,,,1,,
207-90-1,,207,90,ńähta,ńähta,,,VVS,,,,,,,1,,
208-90-1,,208,90,nähhä,nähhä,n æ hː æ,,InkmSk,,,,,nähhä,næhːæ,1,,
209-90-1,,209,90,nätšemä,nätšemä,n æ tʃ e m æ,,VKJMS,,,,,näčemä,nætʃemæ,1,,
210-90-1,,210,90,näha,näha,n æ h ɑ,,SVSk,,,,,,næhɑ,1,,
211-90-1,,211,90,nägemä,nägemä,,,VESr,,,,,,,1,,
212-90-1,,212,90,nǣʾdə,nǣʾdə,,,LivWb,,,,,,,1,,
301-90-1,,301,90,ńejems,ńejems,ɲ e j e m s,,MordWb,,,,,ńejems,ɲejems,1,,
101-90-1,,101,90,vuejnedh,vuejnedh,,,NSsNdb,,,,,,,2,,
102-90-1,,102,90,vüeidˈneet,vüeidˈneet,,,WbWlap,,,,,,,2,,
104-90-1,,104,90,vuäjdnet,vuäjdnet,,,EZ,,,,,,,2,,
105-90-1,,105,90,oaidnit,oaidnit,,,SSSg,,,,,,,2,,
106-90-1,,106,90,oai'niđ,oai'niđ,,,InsSSk,,,,,,,2,,
107-90-1,,107,90,vueiʹnned,vueiʹnned,,,SKosSk,,,,,,,2,,
108-90-1,,108,90,ujjne,ujjne,u jː n e,,WOLD,,,,,,ujːne,2,,
401-90-1,,401,90,užam,užam,u ʒ ɑ m,,SMSk;TscherWb,,,,,užam,uʒɑm,3,From PFV *wača- 'see' ?,
501-90-1,,501,90,aʒ́ʒ́i̮ni̮,aʒ́ʒ́i̮ni̮,ɑ dʑː ɯ n ɯ,,SyrjWsch,,,,,aʒ́ʒ́i̮ni̮,ɑdʑːɯnɯ,5,,
503-90-1,,503,90,aʒ́ʒ́i̮ni̮,aʒ́ʒ́i̮ni̮,ɑ dʑː ɯ n ɯ,,KoPRSl,,,,,aʒ́ʒ́i̮ni̮,ɑdʑːɯnɯ,5,,
504-90-1,,504,90,aʒ́ʒ́i̮ni̮,aʒ́ʒ́i̮ni̮,ɑ dʑː ɯ n ɯ,,WotjWsch,,,,,aʒ́ʒ́i̮ni̮,ɑdʑːɯnɯ,5,,
601-90-1,,601,90,lát,lát,l aː t,,FMSz,,,,,,laːt,6,Has possible cognates in Sd,
701-90-1,,701,90,wāɣ,wāɣ,w ɑː ɣ,,WogWb,,,,,wāɣ,wɑːɣ,7,,
807-90-1,,807,90,wu-,wu-,w u,,DEWbOstj,,,,,wu-,wu-,7,,
902-90-1,,902,90,mənecy°,mənecy°,,,JurSWb,,,,,,,8,,
907-90-1,,907,90,mančə-,mančə-,m ɑ n tʃ ə,,SolkWb,,,,,mančə-,mɑntʃə-,8,,
503-90-2,,503,90,viʒ́e̮tni̮,viʒ́e̮tni̮,v i dʑ ɤ t n ɯ,,KoPRSl,,,,,viʒ́e̮tni̮,vidʑɤtnɯ,9,,
901-90-1,,901,90,ŋəδüśa,ŋəδüśa,ŋ ə ð y ɕ ɑ,,SlNgaRus,,,,,ŋəδüśa,ŋəðyɕɑ,10,,"'See, notice'; deriv. from ""ŋəδu"" 'colour, appearance'"
901-90-2,,901,90,śejmi̮ˀsi̮,śejmi̮ˀsi̮,ɕ e j m ɯ ʔ s ɯ,,SlNgaRus,,,,,śejmi̮ˀsi̮,ɕejmɯʔsɯ,11,Deriv. from PU *śilmä 'eye',"'See, notice'"
902-91-1,,902,91,[No equivalent],,,"No simple word in common use; ""yibcyə°, yibcyika"" 'strong taste' usually used for sweet things",JurSWb,,,,,,,0,[No equivalent],
0-91-1,,0,91,[Not reconstructable],,,,UEW;Sam88,,,,,,,?,[Not reconstructable],
203-91-1,,203,91,makea,makea,m ɑ k e̞ ɑ,,JL,,,,,,mɑke̞ɑ,1,"Ger *smakja-, cf. Sw ""smaka"" 'taste'",
204-91-1,,204,91,makie,makie,,,KKSV,,,,,,,1,"Ger *smakja-, cf. Sw ""smaka"" 'taste'",
207-91-1,,207,91,maged,maged,,,VVS,,,,,,,1,"Ger *smakja-, cf. Sw ""smaka"" 'taste'",
208-91-1,,208,91,mak̆kīa,mak̆kīa,m ɑ k ̆ k iː ɑ,,InkmSk,,,,,mak̆kīa,mɑk̆kiːɑ,1,"Ger *smakja-, cf. Sw ""smaka"" 'taste'",
209-91-1,,209,91,"makka, makuz",makka,m ɑ kː ɑ,,VKJMS,,,,,"makka, makuz",mɑkːɑ,1,"Ger *smakja-, cf. Sw ""smaka"" 'taste'",
209-91-2,,209,91,"makka, makuz",makuz,m ɑ k u z,,VKJMS,,,,,"makka, makuz",mɑkuz,1,"Ger *smakja-, cf. Sw ""smaka"" 'taste'",
210-91-1,,210,91,magus,magus,m ɑ k u s,,SVSk,,,,,,mɑkus,1,"Ger *smakja-, cf. Sw ""smaka"" 'taste'",
211-91-1,,211,91,makõ,makõ,,,VESr,,,,,,,1,"Ger *smakja-, cf. Sw ""smaka"" 'taste'",
212-91-1,,212,91,maʾgdi,maʾgdi,,,LivWb,,,,,,,1,"Ger *smakja-, cf. Sw ""smaka"" 'taste'",
102-91-1,,102,91,"njaalgee, njaalgès",njaalgee,,Derivs.,WbWlap,,,,,,,2,,"'Tasty', also 'sweet'?"
102-91-2,,102,91,"njaalgee, njaalgès",njaalgès,,Derivs.,WbWlap,,,,,,,2,,"'Tasty', also 'sweet'?"
104-91-1,,104,91,njálga,njálga,,,EZ,,,,,,,2,,
105-91-1,,105,91,njálggis,njálggis,,,SSSg,,,,,,,2,,
106-91-1,,106,91,njäälgis,njäälgis,,,InsSSk,,,,,,,2,,
107-91-1,,107,91,njääʹljes,njääʹljes,,,SKosSk,,,,,,,2,,
108-91-1,,108,91,njāl’kes’,njāl’kes’,ɲ aː lʲ k e sʲ,,WOLD,,,,,,ɲaːlʲkesʲ,2,,
301-91-1,,301,91,lambamo,lambamo,l ɑ m b ɑ m o,,MordWb,,,,,lambamo,lɑmbɑmo,3,,
401-91-1,,401,91,tamle,tamle,t ɑ m l e,,SMSk;TscherWb,,,,,tamle,tɑmle,5,,
501-91-1,,501,91,jumov,jumov,j u m o v,,SyrjWsch,,,,,jumov,jumov,6,"Deriv. from ""jum"" 'a type of sweet batter'; cogn. with Fin (dial.) ""imelä"" 'sweet'",
503-91-1,,503,91,će̮ski̮t,će̮ski̮t,tɕ ɤ s k ɯ t,,KoPRSl,,,,,će̮ski̮t,tɕɤskɯt,7,,
504-91-1,,504,91,ćeski̮t,ćeski̮t,tɕ e s k ɯ t,,WotjWsch,,,,,ćeski̮t,tɕeskɯt,7,,
601-91-1,,601,91,édes,édes,eː d ɛ ʃ,,FMSz,,,,,,eːdɛʃ,8,,
701-91-1,,701,91,atəŋ,atəŋ,ɑ t ə ŋ,,WogWb,,,,,atəŋ,ɑtəŋ,9,,
807-91-1,,807,91,"ewəstɜ, ewǝstǝki",ewəstɜ,e w ə s t ə,,DEWbOstj,,,,,"ewəstə, ewəstəki",ewəstə,10,,
807-91-2,,807,91,"ewəstɜ, ewǝstǝki",ewǝstǝki,e w ə s t ə k i,,DEWbOstj,,,,,"ewəstə, ewəstəki",ewəstəki,10,,
907-91-1,,907,91,ńūńi,ńūńi,ɲ uː ɲ i,,SolkWb,,,,,ńūńi,ɲuːɲi,11,,
101-91-1,,101,91,sieties,sieties,,,NSsNdb,,,,,,,12,,
901-91-1,,901,91,saki̮rńeəgə,saki̮rńeəgə,s ɑ k ɯ r ɲ e ə ɡ ə,"""Saki̮r"" from Rus ""saxar"" 'sugar'",SlNgaRus,,,,,saki̮rńeəgə,sɑkɯrɲeəɡə,13,,Lit. 'sugar-tasting'
901-91-2,,901,91,ńeluagə,ńeluagə,ɲ e l u ɑ ɡ ə,,SlNgaRus,,,,,ńeluagə,ɲeluɑɡə,14,,"'Delicious, sweet'"
0-92-1,,0,92,[Not reconstructable],,,PFU: *lunta?,UEW;Sam88,,,,,,,?,[Not reconstructable],
101-92-1,,101,92,ledtie,ledtie,,,NSsNdb,,,,,,,1,,
102-92-1,,102,92,lådˈdee,lådˈdee,,,WbWlap,,,,,,,1,,
104-92-1,,104,92,lådde,lådde,,,EZ,,,,,,,1,,
105-92-1,,105,92,loddi,loddi,,,SSSg,,,,,,,1,,
106-92-1,,106,92,lodde,lodde,,,InsSSk,,,,,,,1,,
107-92-1,,107,92,låʹdd,låʹdd,,,SKosSk,,,,,,,1,,
108-92-1,,108,92,loann’t,loann’t,l ɒː nːʲ t,,WOLD,,,,,,lɒːnːʲt,1,,
203-92-1,,203,92,lintu,lintu,l i n̪ t̪ u,,JL,,,,,,lin̪t̪u,1,Finnic forms exhibit unexpected vocalism,
204-92-1,,204,92,lintu,lintu,,,KKSV,,,,,,,1,Finnic forms exhibit unexpected vocalism,
207-92-1,,207,92,lind,lind,,,VVS,,,,,,,1,Finnic forms exhibit unexpected vocalism,
208-92-1,,208,92,linᴅu,linᴅu,l i n d̥ u,,InkmSk,,,,,linᴅu,lind̥u,1,Finnic forms exhibit unexpected vocalism,
209-92-1,,209,92,lintu,lintu,l i n t u,,VKJMS,,,,,lintu,lintu,1,Finnic forms exhibit unexpected vocalism,
210-92-1,,210,92,lind,lind,l i n t,,SVSk,,,,,,lint,1,Finnic forms exhibit unexpected vocalism,
212-92-1,,212,92,lind,lind,,,LivWb,,,,,,,1,Finnic forms exhibit unexpected vocalism,
301-92-1,,301,92,narmuń,narmuń,n ɑ r m u ɲ,,MordWb,,,,,narmuń,nɑrmuɲ,2,,
401-92-1,,401,92,kajə̑k,kajə̑k,k ɑ j ə k,,SMSk;TscherWb,,,,,kajə̑k,kɑjək,3,,"Also 'wild animal, wild (a.)'"
501-92-1,,501,92,kitsa,kitsa,k i t s ɑ,,SyrjWsch,,,,,kitsa,kitsɑ,4,"From Rus ""ptica""",
501-92-2,,501,92,lebać,lebać,l e b ɑ tɕ,"Deriv. from ""lebalni̮""",SyrjWsch,,,,,lebać,lebɑtɕ,5,,
601-92-1,,601,92,madár,madár,m ɒ d aː r,,FMSz,,,,,,mɒdaːr,6,,
701-92-1,,701,92,towəl-ūj,towəl-ūj,t o w ə l uː j,,WogWb,,,,,towəl-ūj,towəl-uːj,7,"""Ūj"" from PFU *wajV 'wild, shy'","Comp.; lit. ""feather-animal"""
807-92-1,,807,92,wajəɣ,wajəɣ,w ɑ j ə ɣ,,DEWbOstj,,,,,wajəɣ,wɑjəɣ,7,"From PFU *wajV 'wild, shy'","'Animal, elk, bear, bird'; no other general word for bird?"
902-92-1,,902,92,"(tyírtya) sarmyik°, (nuw°h sarmyik°)",sarmyik°,,,JurSWb,,,,,,,8,"""Sarmyik°"" from PU *śurmi̮ 'wild animal'","Lit. ""(flying) animal, (sky animal)"""
907-92-1,,907,92,(tilčəti) sūrəm,sūrəm,s uː r ə m,,SolkWb,,,,,sūrəm,suːrəm,8,"""Sūrəm"" from PU *śurmi̮ 'wild animal'","Lit. ""(flying) animal"""
504-92-1,,504,92,ti̮loburdo,ti̮loburdo,t ɯ l o b u r d o,,WotjWsch,,,,,ti̮loburdo,tɯloburdo,9,"First part from ""ti̮li̮"" 'feather'",
211-92-1,,211,92,tsirk,tsirk,,,VESr,,,,,,,10,,
901-92-1,,901,92,təibə̄,təibə̄,t ə i b əː,,SlNgaRus,,,,,təibə̄,təibəː,11,,"'Flying, bird', also ""təibəə dʹaməδə"" 'flying animal'"
902-92-2,,902,92,tyírtya sarmyik°,tyírtya sarmyik°,,,JurSWb,,,,,,,11,,Lit. 'flying animal'
907-92-2,,907,92,tilčəti sūrəm,tilčəti sūrəm,t i l tʃ ə t i s uː r ə m,,SolkWb,,,,,tilčəti_sūrəm,tiltʃəti suːrəm,11,,Lit. 'flying animal'
503-92-1,,503,92,kaj,kaj,k ɑ j,,KoPRSl,,,,,kaj,kɑj,3,,
104-93-1,,104,93,*kewδi,*kewδi,,,EZ,,,,,,,1,,
106-93-1,,106,93,kiev'đa,kiev'đa,,,InsSSk,,,,,,,1,,
203-93-1,,203,93,köysi,köysi,k ø y s i,,JL,,,,,,køysi,1,,
208-93-1,,208,93,köüz,köüz,k ø y z,,InkmSk,,,,,köüz,køyz,1,,
209-93-1,,209,93,tšöüsi,tšöüsi,tʃ ø y s i,,VKJMS,,,,,čöüsi,tʃøysi,1,,
210-93-1,,210,93,köis,köis,k ø i s,,SVSk,,,,,,køis,1,,
211-93-1,,211,93,köüds',köüds',,,VESr,,,,,,,1,,
212-93-1,,212,93,ki̯eùž,ki̯eùž,,,LivWb,,,,,,,1,,
701-93-1,,701,93,kwāliɣ,kwāliɣ,kʷ ɑː l i ɣ,,WogWb,,,,,k˳āliɣ,kʷɑːliɣ,1,,
108-93-1,,108,93,nurr’,nurr’,n u rːʲ,,WOLD,,,,,,nurːʲ,2,Cf. North Ger “snœri”,
207-93-1,,207,93,konat,konat,,,VVS,,,,,,,3,"Cf. Rus ""kanat""; form from village of Kaleg",
212-93-2,,212,93,līn,līn,,,LivWb,,,,,,,4,,
105-93-1,,105,93,báddi,báddi,,,SSSg,,,,,,,5,"Cf. Sw ""band""",
102-93-1,,102,93,gadhgas,gadhgas,,,WbWlap,,,,,,,6,,'Rope made of sinew'
107-93-1,,107,93,trooss,trooss,,,SKosSk,,,,,,,7,,
0-93-1,,0,93,*piksV,*piksV,,,UEW;Sam88,,,,,,,8,,
301-93-1,,301,93,piks,piks,p i k s,,MordWb,,,,,piks,piks,8,,
401-93-1,,401,93,kerem,kerem,k e r e m,,SMSk;TscherWb,,,,,kerem,kerem,9,,
501-93-1,,501,93,gez,gez,ɡ e z,,SyrjWsch,,,,,gez,ɡez,10,,
503-93-1,,503,93,gez,gez,ɡ e z,"Stem ""gezj-""",KoPRSl,,,,,gez,ɡez,10,,
504-93-1,,504,93,gozi̮,gozi̮,ɡ o z ɯ,,WotjWsch,,,,,gozi̮,ɡozɯ,10,,
601-93-1,,601,93,kötél,kötél,k ø t eː l,,FMSz,,,,,,køteːl,11,,
807-93-1,,807,93,čoṇčəɣ,čoṇčəɣ,tʃ o ɳ tʃ ə ɣ,,DEWbOstj,,,,,čoṇčəɣ,tʃoɳtʃəɣ,12,,
907-93-1,,907,93,čēmčə,čēmčə,tʃ eː m tʃ ə,,SolkWb,,,,,čēmčə,tʃeːmtʃə,13,,
807-93-2,,807,93,irkän,irkän,i r k æ n,,DEWbOstj,,,,,irkän,irkæn,14,,
902-93-1,,902,93,xurko,xurko,,,JurSWb,,,,,,,15,"From PU *kuri̮- 'bind, rope (v.)'","'Rope, string'"
101-93-1,,101,93,rïejhpe,rïejhpe,,,NSsNdb,,,,,,,16,,
209-93-2,,209,93,trossi,trossi,t r o sː i,,VKJMS,,,,,trossi,trosːi,7,,
204-93-1,,204,93,nuora,nuora,,,KKSV,,,,,,,2,,
901-93-1,,901,93,bi̮ni̮,bi̮ni̮,b ɯ n ɯ,,SlNgaRus,,,,,bi̮ni̮,bɯnɯ,17,,
0-94-1,,0,94,[Not reconstructable],,,,UEW;Sam88,,,,,,,?,[Not reconstructable],
101-94-1,,101,94,saelhtie,saelhtie,,,NSsNdb,,,,,,,1,,
102-94-1,,102,94,sàlltee,sàlltee,,,WbWlap,,,,,,,1,,
104-94-1,,104,94,sállte,sállte,,,EZ,,,,,,,1,,
105-94-1,,105,94,sálti,sálti,,,SSSg,,,,,,,1,,
106-94-1,,106,94,sältti,sältti,,,InsSSk,,,,,,,1,,
107-94-1,,107,94,säʹltt,säʹltt,,,SKosSk,,,,,,,1,,
601-94-1,,601,94,só,só,ʃ oː,,FMSz,,,,,,ʃoː,2,,
901-94-1,,901,94,si̮r,si̮r,s ɯ r,,SlNgaRus,,,,,si̮r,sɯr,3,,
902-94-1,,902,94,ser,ser,,,JurSWb,,,,,,,3,,"'Salt, grainy ice, white'"
907-94-1,,907,94,śāq,śāq,ɕ ɑː q,,SolkWb,,,,,śāq,ɕɑːq,4,,
108-94-1,,108,94,sūll’,sūll’,s uː lːʲ,,WOLD,,,,,,suːlːʲ,1,Cf. Rus “sol’”,
203-94-1,,203,94,suola,suola,s u o̞ l ɑ,,JL,,,,,,suo̞lɑ,1,,
204-94-1,,204,94,suola,suola,,,KKSV,,,,,,,1,,
207-94-1,,207,94,sol,sol,,,VVS,,,,,,,1,,
208-94-1,,208,94,sōla,sōla,s oː l ɑ,,InkmSk,,,,,sōla,soːlɑ,1,,
209-94-1,,209,94,sōл,sōл,s oː l,,VKJMS,,,,,sōl,soːl,1,,
210-94-1,,210,94,sool,sool,s oː l,,SVSk,,,,,,soːl ,1,,
211-94-1,,211,94,suul,suul,,,VESr,,,,,,,1,,
212-94-1,,212,94,sùol,sùol,,,LivWb,,,,,,,1,,
301-94-1,,301,94,sal,sal,s ɑ l,,MordWb,,,,,sal,sɑl,1,,
401-94-1,,401,94,šińčal,šińčal,ʃ i ɲ tʃ ɑ l,,SMSk;TscherWb,,,,,šińčal,ʃiɲtʃɑl,1,"Possibly an old compound, the latter part of which (*sal) cognate with forms in related languages?",
501-94-1,,501,94,sov,sov,s o v,,SyrjWsch,,,,,sov,sov,1,,
503-94-1,,503,94,sov,sov,s o v,,KoPRSl,,,,,sov,sov,1,,
504-94-1,,504,94,si̮lal,si̮lal,s ɯ l ɑ l,,WotjWsch,,,,,si̮lal,sɯlɑl,1,,
401-94-2,,401,94,šińčal,šińčal,ʃ i ɲ tʃ ɑ l,,SMSk;TscherWb,,,,,šińčal,ʃiɲtʃɑl,5,"Poss. old compound, the first part probably loan from Iranic?",
701-94-1,,701,94,solwal,solwal,s o lʷ ɑ l,,WogWb,,,,,solwal,solʷɑl,1,"Possibly loan from Udmurt; cf. Udm ""si̮lal"" (< ?*solwal)",
807-94-1,,807,94,sălnɜ ~ sălna,sălnɜ ~ sălna,s ɑ ̆ l n ə,"Possibly loan from Komi “sol” (cf. KoZ, KoP “sov”)",DEWbOstj,,,,,"sălnə, sălna","sɑ̆lnə, sɑ̆lnɑ",1,,
0-95-1,,0,95,[Not reconstructable],,,"PFU: *ići 'shadow, shadow soul'",UEW;Sam88,,,,,,,?,[Not reconstructable],
203-95-1,,203,95,varjo,varjo,ʋ ɑ r j o̞,,JL,,,,,,ʋɑrjo̞,1,"Cf. ON ""verja"" 'defence, protection'",
209-95-1,,209,95,varjo,varjo,v ɑ r j o,,VKJMS,,,,,varjo,vɑrjo,1,"Cf. ON ""verja"" 'defence, protection'",
210-95-1,,210,95,vari,vari,v ɑ r i,,SVSk,,,,,,vɑri,1,"Cf. ON ""verja"" 'defence, protection'",
211-95-1,,211,95,vari,vari,,,VESr,,,,,,,1,"Cf. ON ""verja"" 'defence, protection'",
212-95-1,,212,95,vɔ̄ŕ,vɔ̄ŕ,,,LivWb,,,,,,,1,"Cf. ON ""verja"" 'defence, protection'",
204-95-1,,204,95,kuvahaine,kuvahaine,,,KKSV,,,,,,,2,,
208-95-1,,208,95,kup̆pāhuz,kup̆pāhuz,k u p ̆ p ɑː h u z,,InkmSk,,,,,kup̆pāhuz,kup̆pɑːhuz,2,,
204-95-2,,204,95,pilves,pilves,,,KKSV,,,,,,,3,,
207-95-1,,207,95,pilʹvez,pilʹvez,,,VVS,,,,,,,3,,
101-95-1,,101,95,soejvene,soejvene,,,NSsNdb,,,,,,,4,,
102-95-1,,102,95,suaiˈvana,suaiˈvana,,,WbWlap,,,,,,,4,,
104-95-1,,104,95,suojvanis ,suojvanis,,,EZ,,,,,,,4,,
105-95-1,,105,95,suoivva,suoivva,,,SSSg,,,,,,,4,,
106-95-1,,106,95,suoiva,suoiva,,,InsSSk,,,,,,,4,,
107-95-1,,107,95,ǩeeuʹniǩ,ǩeeuʹniǩ,,,SKosSk,,,,,,,5,,
108-95-1,,108,95,kɨvv’n,kɨvv’n,k ɨ vːʲ n,,WOLD,,,,,,kɨvːʲn,5,,
301-95-1,,301,95,sulʹej,sulʹej,s u ʎ e j,,MordWb,,,,,sulʹej,suʎej,6,,
401-95-1,,401,95,ümə̑l,ümə̑l,y m ə l,,SMSk;TscherWb,,,,,ümə̑l,yməl,7,,
501-95-1,,501,95,vuǯe̮r,vuǯe̮r,v u dʒ ɤ r,,SyrjWsch,,,,,vuǯe̮r,vudʒɤr,8,,
503-95-1,,503,95,vuǯe̮r,vuǯe̮r,v u dʒ ɤ r,,KoPRSl,,,,,vuǯe̮r,vudʒɤr,8,,
504-95-1,,504,95,vužer,vužer,v u ʒ e r,,WotjWsch,,,,,vužer,vuʒer,8,,
601-95-1,,601,95,árny(ék),árny,aː r ɲ eː k,"""Árnyék"" is deriv.",FMSz,,,,,,aːrɲ(eːk),9,,
701-95-1,,701,95,is,is,i s,,WogWb,,,,,is,is,10,"From PFU *ići 'shadow, shadow soul'",
807-95-1,,807,95,iləs,iləs,i l ə s,,DEWbOstj,,,,,iləs,iləs,11,,
901-95-1,,901,95,čiəbə,čiəbə,tʃ i ə b ə,,SlNgaRus,,,,,čiəbə,tʃiəbə,12,Deriv. from PSd *tiə 'cloud',
902-95-1,,902,95,tyíd°,tyíd°,,,JurSWb,,,,,,,12,Deriv. from PSd *tiə 'cloud',
907-95-1,,907,95,tīkka,tīkka,t iː kː ɑ,,SolkWb,,,,,tīkka,tiːkːɑ,12,Deriv. from PSd *tiə 'cloud',
0-96-1,,0,96,[Not reconstructable],,,,UEW;Sam88,,,,,,,?,[Not reconstructable],
203-96-1,,203,96,pieni,pieni,p i e̞ n i,,JL,,,,,,pie̞ni,1,Early proto-germanic *spēni- ,
204-96-1,,204,96,pieni,pieni,,,KKSV,,,,,,,1,Early proto-germanic *spēni- ,
207-96-1,,207,96,peń,peń,,,VVS,,,,,,,1,Early proto-germanic *spēni- ,
208-96-1,,208,96,pēn,pēn,p eː n,,InkmSk,,,,,pēn,peːn,1,Early proto-germanic *spēni- ,
209-96-1,,209,96,pēn,pēn,p eː n,,VKJMS,,,,,pēn,peːn,1,Early proto-germanic *spēni- ,
204-96-2,,204,96,vähä,vähä,,,KKSV,,,,,,,2,,
210-96-1,,210,96,väike,väike,v æ i kː e,,SVSk,,,,,,væikːe,2,,
211-96-1,,211,96,"väiku, väikene",väiku,,,VESr,,,,,,,2,,
211-96-2,,211,96,"väiku, väikene",väikene,,,VESr,,,,,,,2,,
212-96-1,,212,96,vǟʾkki,vǟʾkki,,,LivWb,,,,,,,2,,
301-96-1,,301,96,"viška, viškińe",viška,v i ʃ k ɑ,,MordWb,,,,,"viška, viškińe",viʃkɑ,2,,
301-96-2,,301,96,"viška, viškińe",viškińe,v i ʃ k i ɲ e,,MordWb,,,,,"viška, viškińe",viʃkiɲe,2,,
102-96-1,,102,96,ühtjee,ühtjee,,,WbWlap,,,,,,,3,,
105-96-1,,105,96,uhcci,uhcci,,,SSSg,,,,,,,3,,
106-96-1,,106,96,ucce,ucce,,,InsSSk,,,,,,,3,,
107-96-1,,107,96,uʹcc,uʹcc,,,SKosSk,,,,,,,3,,
108-96-1,,108,96,udc’,udc’,u d cʲ,,WOLD,,,,,,udcʲ,3,,
101-96-1,,101,96,smaave,smaave,,,NSsNdb,,,,,,,4,,
102-96-2,,102,96,smàiˈvee,smàiˈvee,,,WbWlap,,,,,,,4,,
104-96-1,,104,96,smáva,smáva,,,EZ,,,,,,,4,,
105-96-2,,105,96,smávis,smávis,,,SSSg,,,,,,,4,,
101-96-2,,101,96,onne,onne,,,NSsNdb,,,,,,,5,,
102-96-3,,102,96,ünˈnee,ünˈnee,,,WbWlap,,,,,,,5,,
104-96-2,,104,96,unna,unna,,,EZ,,,,,,,5,,
105-96-3,,105,96,unˈni,unˈni,,,SSSg,,,,,,,5,,
212-96-2,,212,96,pišški,pišški,,,LivWb,,,,,,,6,,
401-96-1,,401,96,tə̑ɣə̑δe,tə̑ɣə̑δe,t ə ɣ ə ð e,,SMSk;TscherWb,,,,,tə̑ɣə̑δe,təɣəðe,7,,
401-96-2,,401,96,izi,izi,i z i,,SMSk;TscherWb,,,,,izi,izi,8,"From PFP *üćä 'small, a little' ?",
501-96-1,,501,96,iće̮t,iće̮t,i tɕ ɤ t,,SyrjWsch,,,,,iće̮t,itɕɤt,8,"From PFP *üćä 'small, a little' ?",
503-96-1,,503,96,uće̮t,uće̮t,u tɕ ɤ t,,KoPRSl,,,,,uće̮t,utɕɤt,8,"From PFP *üćä 'small, a little' ?",
501-96-2,,501,96,posńi̮d,posńi̮d,p o s ɲ ɯ d,,SyrjWsch,,,,,posńi̮d,posɲɯd,9,,
504-96-1,,504,96,pići,pići,p i tɕ i,,WotjWsch,,,,,pići,pitɕi,9,,
701-96-1,,701,96,aj,aj,ɑ j,,WogWb,,,,,aj,ɑj,13,,
601-96-1,,601,96,"kis, kicsi",kis,k i ʃ k i t͡ʃ i,,FMSz,,,,,,"kiʃ, kit͡ʃi",11,,
601-96-2,,601,96,"kis, kicsi",kicsi,k i ʃ k i t͡ʃ i,,FMSz,,,,,,"kiʃ, kit͡ʃi",11,,
701-96-2,,701,96,māń,māń,m ɑː ɲ,,WogWb,,,,,māń,mɑːɲ,12,,
807-96-1,,807,96,äj,äj,æ j,,DEWbOstj,,,,,äj,æj,13,,
902-96-1,,902,96,nyudya,nyudya,,,JurSWb,,,,,,,14,,
807-96-2,,807,96,ökǝm,ökǝm,ø k ə m,,DEWbOstj,,,,,ökəm,økəm,15,,
907-96-1,,907,96,ki̮pa,ki̮pa,k ɯ p ɑ,,SolkWb,,,,,ki̮pa,kɯpɑ,16,,
901-96-1,,901,96,hińiə,hińiə,h i ɲ i ə,,SlNgaRus,,,,,hińiə,hiɲiə,17,,
901-96-2,,901,96,śiəˀlaku ~ śeəlaku,śiəˀlaku ~ śeəlaku,ɕ i ə ʔ l ɑ k u,,SlNgaRus,,,,,"śiəˀlaku, śeəlaku","ɕiəʔlɑku, ɕeəlɑku",18,,
0-97-1,,0,97,[Not reconstructable],,,PFU: *kumti̮,UEW;Sam88,,,,,,,?,[Not reconstructable],
203-97-1,,203,97,leveä,leveä,l e̞ ʋ e̞ æ,,JL,,,,,,le̞ʋe̞æ,1,,
204-97-1,,204,97,levie,levie,,,KKSV,,,,,,,1,,
207-97-1,,207,97,leved,leved,,,VVS,,,,,,,1,,
209-97-1,,209,97,лad̄ʹ,лad̄ʹ,l ɑ dʲː,,VKJMS,,,,,ladʹdʹ,lɑdʲː,2,,
210-97-1,,210,97,lai,lai,l ɑ i,,SVSk,,,,,,lɑi,2,,
211-97-1,,211,97,lag'a ~ lagja,lag'a ~ lagja,,,VESr,,,,,,,2,,
212-97-1,,212,97,laigà,laigà,,,LivWb,,,,,,,2,,
101-97-1,,101,97,gamte,gamte,,,NSsNdb,,,,,,,3,,
102-97-1,,102,97,gåbˈdaga,gåbˈdaga,,,WbWlap,,,,,,,3,,
104-97-1,,104,97,gåbdåk,gåbdåk,,,EZ,,,,,,,3,,
105-97-1,,105,97,govdat,govdat,,,SSSg,,,,,,,3,,
106-97-1,,106,97,kubduv,kubduv,,,InsSSk,,,,,,,3,,
107-97-1,,107,97,kobddi,kobddi,,,SKosSk,,,,,,,3,,
108-97-1,,108,97,kōmm’tes’,kōmm’tes’,k oː mːʲ t e sʲ,,WOLD,,,,,,koːmːʲtesʲ,3,,
401-97-1,,401,97,kumδa,kumδa,k u m ð ɑ,,SMSk;TscherWb,,,,,kumδa,kumðɑ,3,,
807-97-1,,807,97,"komət, komtǝki",komət,k o m ə t,Latter deriv.,DEWbOstj,,,,,"komət, komtəki",komət,3,,
807-97-2,,807,97,"komət, komtǝki",komtǝki,k o m t ə k i,Latter deriv.,DEWbOstj,,,,,"komət, komtəki",komtəki,3,,
301-97-1,,301,97,kelʹej,kelʹej,k e ʎ e j,,MordWb,,,,,kelʹej,keʎej,4,"Cogn. with North Sa ""gâl'lje"" 'wide, roomy'",
501-97-1,,501,97,paśki̮d,paśki̮d,p ɑ ɕ k ɯ d,,SyrjWsch,,,,,paśki̮d,pɑɕkɯd,5,"From PU *paśkV 'notch, opening'",
503-97-1,,503,97,paśki̮t,paśki̮t,p ɑ ɕ k ɯ t,,KoPRSl,,,,,paśki̮t,pɑɕkɯt,5,"From PU *paśkV 'notch, opening'",
504-97-1,,504,97,paśki̮t,paśki̮t,p ɑ ɕ k ɯ t,,WotjWsch,,,,,paśki̮t,pɑɕkɯt,5,"From PU *paśkV 'notch, opening'",
501-97-2,,501,97,ota,ota,o t ɑ,,SyrjWsch,,,,,ota,otɑ,6,,
601-97-1,,601,97,széles,széles,s eː l ɛ ʃ,,FMSz,,,,,,seːlɛʃ,7,,
701-97-1,,701,97,pāχwəŋ ~ pāŋχəŋ etc.,pāχwəŋ ~ pāŋχəŋ etc.,p ɑː xʷ ə ŋ,,WogWb,,,,,"pāχwəŋ, pāŋχəŋ","pɑːxʷəŋ, pɑːŋxəŋ",8,,
902-97-1,,902,97,lata,lata,,,JurSWb,,,,,,,9,,
901-97-1,,901,97,tantəgə̄,tantəgə̄,t ɑ n t ə ɡ əː,,SlNgaRus,,,,,tantəgə̄,tɑntəɡəː,10,,
907-97-1,,907,97,čānčə,čānčə,tʃ ɑː n tʃ ə,,SolkWb,,,,,čānčə,tʃɑːntʃə,10,,
208-97-1,,208,97,lev̆vīä,lev̆vīä,l e v ̆ v iː æ,,InkmSk,,,,,lev̆vīä,lev̆viːæ,1,,
807-98-1,,807,98,[No equivalent],,,No freestanding word in general use,DEWbOstj,,,,,,,0,[No equivalent],
101-98-1,,101,98,sisnie,sisnie,,,NSsNdb,,,,,,,1,,
102-98-1,,102,98,sissnee,sissnee,,,WbWlap,,,,,,,1,,
104-98-1,,104,98,sinne,sinne,,,EZ,,,,,,,1,,
105-98-1,,105,98,siste,siste,,,SSSg,,,,,,,1,,
106-98-1,,106,98,siste,siste,,,InsSSk,,,,,,,1,,
107-98-1,,107,98,seʹst,seʹst,,,SKosSk,,,,,,,1,,
108-98-1,,108,98,sɨz’n,sɨz’n,s ɨ zʲ n,,WOLD,,,,,,sɨzʲn,1,,
204-98-1,,204,98,seämessä,seämessä,,,KKSV,,,,,,,2,,
207-98-1,,207,98,südäimes,südäimes,,,VVS,,,,,,,2,,
209-98-1,,209,98,süämeᴢ,süämeᴢ,s y æ m e z̥,,VKJMS,,,,,süämeᴢ,syæmez̥,2,,
301-98-1,,301,98,potso,potso,p o t s o,,MordWb,,,,,potso,potso,3,"From ""potmo"" 'inside (n.), belly'",
401-98-1,,401,98,körɣə̑štö,körɣə̑štö,k ø r ɣ ə ʃ t ø,,SMSk;TscherWb,,,,,körɣə̑štö,kørɣəʃtø,4,,
701-98-1,,701,98,kiwərt,kiwərt,k i w ə r t,,WogWb,,,,,kiwərt,kiwərt,4,,
0-98-1,,0,98,*pučkV ?,*pučkV ?,,,UEW;Sam88,,,,,,,5,,"'Inside, interior'"
501-98-1,,501,98,pi̮č̣ki̮n,pi̮č̣ki̮n,p ɯ tʃ k ɯ n,,SyrjWsch,,,,,pi̮čki̮n,pɯtʃkɯn,5,,
503-98-1,,503,98,pi̮čki̮n,pi̮čki̮n,p ɯ tʃ k ɯ n,,KoPRSl,,,,,pi̮čki̮n,pɯtʃkɯn,5,,
504-98-1,,504,98,puški̮n,puški̮n,p u ʃ k ɯ n,,WotjWsch,,,,,puški̮n,puʃkɯn,5,,
907-98-1,,907,98,pūčə,pūčə,p uː tʃ ə,,SolkWb,,,,,pūčə,puːtʃə,5,,
601-98-1,,601,98,"benn, bent, (-ban/ben)",benn,b ɛ nː b ɛ n t b ɒ n b ɛ n,,FMSz,,,,,,"bɛnː, bɛnt, (-bɒn/bɛn)",6,From PFU *pälɜ 'inside' ?,
601-98-2,,601,98,"benn, bent, (-ban/ben)",bent,b ɛ nː b ɛ n t b ɒ n b ɛ n,,FMSz,,,,,,"bɛnː, bɛnt, (-bɒn/bɛn)",6,From PFU *pälɜ 'inside' ?,
902-98-1,,902,98,myunya,myunya,,,JurSWb,,,,,,,7,,
301-98-2,,301,98,ejse,ejse,e j s e,,MordWb,,,,,ejse,ejse,8,,
907-98-2,,907,98,śünćə,śünćə,ɕ y n tɕ ə,,SolkWb,,,,,śünćə,ɕyntɕə,9,,
203-98-1,,203,98,"sisällä, sisässä",sisällä,s i s æ lː æ s i s æ sː æ,,JL,,,,,,"sisælːæ, sisæsːæ",1,,
203-98-2,,203,98,"sisällä, sisässä",sisässä,s i s æ lː æ s i s æ sː æ,,JL,,,,,,"sisælːæ, sisæsːæ",1,,
204-98-2,,204,98,"sisällä, sisässä",sisällä,,,KKSV,,,,,,,1,,
204-98-3,,204,98,"sisällä, sisässä",sisässä,,,KKSV,,,,,,,1,,
208-98-1,,208,98,sizez,sizez,s i z e z,,InkmSk,,,,,sizez,sizez,1,,
210-98-1,,210,98,sees,sees,s eː s,,SVSk,,,,,,seːs,1,,
211-98-1,,211,98,seen ~ seeh ~ seehn ~ sisen etc.,seen ~ seeh ~ seehn ~ sisen etc.,,,VESr,,,,,,,1,,
212-98-1,,212,98,sizàl,sizàl,,,LivWb,,,,,,,1,,
901-98-1,,901,98,kunsi̮,kunsi̮,k u n s ɯ,,SlNgaRus,,,,,kunsi̮,kunsɯ,10,,
101-99-1,,101,99,"daasta, naestie",daasta,,,NSsNdb,,,,,,,1,Different variants from PSaa *tāstē ~ *nāstē ~ *tāsnē,
101-99-2,,101,99,"daasta, naestie",naestie,,,NSsNdb,,,,,,,1,Different variants from PSaa *tāstē ~ *nāstē ~ *tāsnē,
102-99-1,,102,99,nàsstee,nàsstee,,,WbWlap,,,,,,,1,Different variants from PSaa *tāstē ~ *nāstē ~ *tāsnē,
104-99-1,,104,99,násste,násste,,,EZ,,,,,,,1,Different variants from PSaa *tāstē ~ *nāstē ~ *tāsnē,
105-99-1,,105,99,násti,násti,,,SSSg,,,,,,,1,Different variants from PSaa *tāstē ~ *nāstē ~ *tāsnē,
106-99-1,,106,99,täsni,täsni,,,InsSSk,,,,,,,1,Different variants from PSaa *tāstē ~ *nāstē ~ *tāsnē,
107-99-1,,107,99,täʹstt ~ täʹsnn,täʹstt ~ täʹsnn,,,SKosSk,,,,,,,1,Different variants from PSaa *tāstē ~ *nāstē ~ *tāsnē,
108-99-1,,108,99,tāss’t,tāss’t,t aː sːʲ t,,WOLD,,,,,,taːsːʲt,1,,
203-99-1,,203,99,tähti,tähti,t̪ æ ç t̪ i,,JL,,,,,,t̪æçt̪i,1,,
204-99-1,,204,99,teähti ~ tähti,teähti ~ tähti,,,KKSV,,,,,,,1,,
207-99-1,,207,99,tʹäht,tʹäht,,,VVS,,,,,,,1,,
208-99-1,,208,99,tähti,tähti,t æ h t i,,InkmSk,,,,,tähti,tæhti,1,,
209-99-1,,209,99,tähti,tähti,t æ h t i,,VKJMS,,,,,tähti,tæhti,1,,
210-99-1,,210,99,täht,täht,t æ h t,,SVSk,,,,,,tæht,1,,
211-99-1,,211,99,täht',täht',,,VESr,,,,,,,1,,
212-99-1,,212,99,tēʾdʹ,tēʾdʹ,,,LivWb,,,,,,,1,,
301-99-1,,301,99,tʹeštʹe,tʹeštʹe,tʲ e ʃ tʲ e,,MordWb,,,,,tʹeštʹe,tʲeʃtʲe,1,,
401-99-1,,401,99,šüδə̑r,šüδə̑r,ʃ y ð ə r,,SMSk;TscherWb,,,,,šüδə̑r,ʃyðər,2,,
0-99-1,,0,99,*kuńśa,*kuńśa,,,UEW;Sam88,,,,,,,3,,
501-99-1,,501,99,koʒ́uv,koʒ́uv,k o dʑ u v,,SyrjWsch,,,,,koʒ́uv,kodʑuv,3,,
503-99-1,,503,99,ke̮ʒ́i̮v,ke̮ʒ́i̮v,k ɤ dʑ ɯ v,,KoPRSl;RB,,,,,ke̮ʒ́i̮v,kɤdʑɯv,3,,
504-99-1,,504,99,kiźilʹi,kiźilʹi,k i ʑ i ʎ i,,WotjWsch,,,,,kiźilʹi,kiʑiʎi,3,,
807-99-1,,807,99,kɔs,kɔs,k ɔ s,,DEWbOstj,,,,,kɔs,kɔs,3,,
907-99-1,,907,99,qi̮śəŋqa,qi̮śəŋqa,q ɯ ɕ ə ŋ q ɑ,,SolkWb,,,,,qi̮śəŋqa,qɯɕəŋqɑ,3,,
601-99-1,,601,99,csillag,csillag,t͡ʃ i lː ɒ ɡ,,FMSz,,,,,,t͡ʃilːɒɡ,4,,
701-99-1,,701,99,sow,sow,s o w,,WogWb,,,,,sow,sow,5,,
902-99-1,,902,99,numki°,numki°,,,JurSWb,,,,,,,6,"Deriv. from ""num"" 'sky etc.'",
901-99-1,,901,99,hotədʹiə,hotədʹiə,h o t ə dʲ i ə,,SlNgaRus,,,,,hotədʹiə,hotədʲiə,7,,
